dataset,case_label,step_index,window,side,axis,hist_type,bin_label,count,bar,mean_joint_amplitude_rad,mean_amplitude_gain,mean_tracking_err_rms_rad
real,25/0.4 all_ankles,1,swing,left,pitch,frequency,"[0.00,1.00)",0,,nan,nan,nan
real,25/0.4 all_ankles,1,swing,left,pitch,frequency,"[1.00,2.50)",0,,nan,nan,nan
real,25/0.4 all_ankles,1,swing,left,pitch,frequency,"[2.50,5.00)",1,########,0.037573999999999996,0.2372410483713118,0.09739928343985065
real,25/0.4 all_ankles,1,swing,left,pitch,frequency,"[5.00,8.00)",0,,nan,nan,nan
real,25/0.4 all_ankles,1,swing,left,pitch,frequency,"[8.00,12.00)",1,########,0.03205898,0.3099882034422742,0.2970954787215917
real,25/0.4 all_ankles,1,swing,left,pitch,frequency,"[12.00,20.00)",1,########,0.004149999999999987,nan,0.009642181871858668
real,25/0.4 all_ankles,1,swing,left,pitch,frequency,"[20.00,1000.00)",3,########################,0.04471594,1.4944132893929865,0.21147971638460702
real,25/0.4 all_ankles,1,swing,left,pitch,amplitude,"[0.000,0.005)",1,############,0.004149999999999987,nan,0.009642181871858668
real,25/0.4 all_ankles,1,swing,left,pitch,amplitude,"[0.005,0.010)",0,,nan,nan,nan
real,25/0.4 all_ankles,1,swing,left,pitch,amplitude,"[0.010,0.020)",0,,nan,nan,nan
real,25/0.4 all_ankles,1,swing,left,pitch,amplitude,"[0.020,0.040)",2,########################,0.054193649999999996,1.9331328792670714,0.2619815135081357
real,25/0.4 all_ankles,1,swing,left,pitch,amplitude,"[0.040,0.080)",1,############,0.025760520000000002,0.6169741096448158,0.1104761221375497
real,25/0.4 all_ankles,1,swing,left,pitch,amplitude,"[0.080,1.000)",2,########################,0.03481649,0.273614625906793,0.19724738108072118
real,25/0.4 all_ankles,1,swing,left,roll,frequency,"[0.00,1.00)",0,,nan,nan,nan
real,25/0.4 all_ankles,1,swing,left,roll,frequency,"[1.00,2.50)",0,,nan,nan,nan
real,25/0.4 all_ankles,1,swing,left,roll,frequency,"[2.50,5.00)",0,,nan,nan,nan
real,25/0.4 all_ankles,1,swing,left,roll,frequency,"[5.00,8.00)",2,########################,0.043712669999999995,1.0120027921292272,0.1669235932513333
real,25/0.4 all_ankles,1,swing,left,roll,frequency,"[8.00,12.00)",0,,nan,nan,nan
real,25/0.4 all_ankles,1,swing,left,roll,frequency,"[12.00,20.00)",2,########################,0.007646184999999998,0.07032854984894263,0.25060097278136356
real,25/0.4 all_ankles,1,swing,left,roll,frequency,"[20.00,1000.00)",1,############,0.006545200000000001,0.0922573824793854,0.5662541691544855
real,25/0.4 all_ankles,1,swing,left,roll,amplitude,"[0.000,0.005)",0,,nan,nan,nan
real,25/0.4 all_ankles,1,swing,left,roll,amplitude,"[0.005,0.010)",1,############,0.013430069999999999,nan,0.02337726660247556
real,25/0.4 all_ankles,1,swing,left,roll,amplitude,"[0.010,0.020)",0,,nan,nan,nan
real,25/0.4 all_ankles,1,swing,left,roll,amplitude,"[0.020,0.040)",2,########################,0.025806669999999997,1.0109350687047733,0.244477207061419
real,25/0.4 all_ankles,1,swing,left,roll,amplitude,"[0.040,0.080)",1,############,0.006545200000000001,0.0922573824793854,0.5662541691544855
real,25/0.4 all_ankles,1,swing,left,roll,amplitude,"[0.080,1.000)",1,############,0.037674299999999994,0.07246399669785,0.3227174513400802
real,25/0.4 all_ankles,1,swing,right,pitch,frequency,"[0.00,1.00)",0,,nan,nan,nan
real,25/0.4 all_ankles,1,swing,right,pitch,frequency,"[1.00,2.50)",0,,nan,nan,nan
real,25/0.4 all_ankles,1,swing,right,pitch,frequency,"[2.50,5.00)",1,########################,0.010444999999999982,0.017245393110758487,0.35013437797141544
real,25/0.4 all_ankles,1,swing,right,pitch,frequency,"[5.00,8.00)",0,,nan,nan,nan
real,25/0.4 all_ankles,1,swing,right,pitch,frequency,"[8.00,12.00)",0,,nan,nan,nan
real,25/0.4 all_ankles,1,swing,right,pitch,frequency,"[12.00,20.00)",1,########################,0.016419000000000017,0.0346477196951153,0.2584916960054036
real,25/0.4 all_ankles,1,swing,right,pitch,frequency,"[20.00,1000.00)",1,########################,0.014465999999999979,0.2592473118279568,0.07173518791360343
real,25/0.4 all_ankles,1,swing,right,pitch,amplitude,"[0.000,0.005)",0,,nan,nan,nan
real,25/0.4 all_ankles,1,swing,right,pitch,amplitude,"[0.005,0.010)",0,,nan,nan,nan
real,25/0.4 all_ankles,1,swing,right,pitch,amplitude,"[0.010,0.020)",0,,nan,nan,nan
real,25/0.4 all_ankles,1,swing,right,pitch,amplitude,"[0.020,0.040)",0,,nan,nan,nan
real,25/0.4 all_ankles,1,swing,right,pitch,amplitude,"[0.040,0.080)",1,############,0.014465999999999979,0.2592473118279568,0.07173518791360343
real,25/0.4 all_ankles,1,swing,right,pitch,amplitude,"[0.080,1.000)",2,########################,0.013432,0.025946556402936895,0.3043130369884095
real,25/0.4 all_ankles,1,swing,right,roll,frequency,"[0.00,1.00)",0,,nan,nan,nan
real,25/0.4 all_ankles,1,swing,right,roll,frequency,"[1.00,2.50)",0,,nan,nan,nan
real,25/0.4 all_ankles,1,swing,right,roll,frequency,"[2.50,5.00)",0,,nan,nan,nan
real,25/0.4 all_ankles,1,swing,right,roll,frequency,"[5.00,8.00)",0,,nan,nan,nan
real,25/0.4 all_ankles,1,swing,right,roll,frequency,"[8.00,12.00)",1,########################,0.0059816,0.029756243159884593,0.2477383337432836
real,25/0.4 all_ankles,1,swing,right,roll,frequency,"[12.00,20.00)",1,########################,0.0035312,nan,0.3375117783969213
real,25/0.4 all_ankles,1,swing,right,roll,frequency,"[20.00,1000.00)",1,########################,0.0037503,nan,0.3325005421712121
real,25/0.4 all_ankles,1,swing,right,roll,amplitude,"[0.000,0.005)",2,########################,0.00364075,nan,0.3350061602840667
real,25/0.4 all_ankles,1,swing,right,roll,amplitude,"[0.005,0.010)",0,,nan,nan,nan
real,25/0.4 all_ankles,1,swing,right,roll,amplitude,"[0.010,0.020)",0,,nan,nan,nan
real,25/0.4 all_ankles,1,swing,right,roll,amplitude,"[0.020,0.040)",0,,nan,nan,nan
real,25/0.4 all_ankles,1,swing,right,roll,amplitude,"[0.040,0.080)",0,,nan,nan,nan
real,25/0.4 all_ankles,1,swing,right,roll,amplitude,"[0.080,1.000)",1,############,0.0059816,0.029756243159884593,0.2477383337432836
real,25/0.4 all_ankles,1,touchdown,left,pitch,frequency,"[0.00,1.00)",0,,nan,nan,nan
real,25/0.4 all_ankles,1,touchdown,left,pitch,frequency,"[1.00,2.50)",0,,nan,nan,nan
real,25/0.4 all_ankles,1,touchdown,left,pitch,frequency,"[2.50,5.00)",0,,nan,nan,nan
real,25/0.4 all_ankles,1,touchdown,left,pitch,frequency,"[5.00,8.00)",0,,nan,nan,nan
real,25/0.4 all_ankles,1,touchdown,left,pitch,frequency,"[8.00,12.00)",1,########################,0.128981,0.2519942716585815,0.185547469457006
real,25/0.4 all_ankles,1,touchdown,left,pitch,frequency,"[12.00,20.00)",0,,nan,nan,nan
real,25/0.4 all_ankles,1,touchdown,left,pitch,frequency,"[20.00,1000.00)",1,########################,0.036176000000000014,0.6595225680834543,0.13122321435900738
real,25/0.4 all_ankles,1,touchdown,left,pitch,amplitude,"[0.000,0.005)",0,,nan,nan,nan
real,25/0.4 all_ankles,1,touchdown,left,pitch,amplitude,"[0.005,0.010)",0,,nan,nan,nan
real,25/0.4 all_ankles,1,touchdown,left,pitch,amplitude,"[0.010,0.020)",0,,nan,nan,nan
real,25/0.4 all_ankles,1,touchdown,left,pitch,amplitude,"[0.020,0.040)",0,,nan,nan,nan
real,25/0.4 all_ankles,1,touchdown,left,pitch,amplitude,"[0.040,0.080)",1,########################,0.036176000000000014,0.6595225680834543,0.13122321435900738
real,25/0.4 all_ankles,1,touchdown,left,pitch,amplitude,"[0.080,1.000)",1,########################,0.128981,0.2519942716585815,0.185547469457006
real,25/0.4 all_ankles,1,touchdown,left,roll,frequency,"[0.00,1.00)",0,,nan,nan,nan
real,25/0.4 all_ankles,1,touchdown,left,roll,frequency,"[1.00,2.50)",0,,nan,nan,nan
real,25/0.4 all_ankles,1,touchdown,left,roll,frequency,"[2.50,5.00)",0,,nan,nan,nan
real,25/0.4 all_ankles,1,touchdown,left,roll,frequency,"[5.00,8.00)",1,########################,0.111066,0.6051719628612529,0.47541621027946956
real,25/0.4 all_ankles,1,touchdown,left,roll,frequency,"[8.00,12.00)",0,,nan,nan,nan
real,25/0.4 all_ankles,1,touchdown,left,roll,frequency,"[12.00,20.00)",1,########################,0.0450946,0.6027239434360715,0.22768495764343438
real,25/0.4 all_ankles,1,touchdown,left,roll,frequency,"[20.00,1000.00)",0,,nan,nan,nan
real,25/0.4 all_ankles,1,touchdown,left,roll,amplitude,"[0.000,0.005)",0,,nan,nan,nan
real,25/0.4 all_ankles,1,touchdown,left,roll,amplitude,"[0.005,0.010)",0,,nan,nan,nan
real,25/0.4 all_ankles,1,touchdown,left,roll,amplitude,"[0.010,0.020)",0,,nan,nan,nan
real,25/0.4 all_ankles,1,touchdown,left,roll,amplitude,"[0.020,0.040)",0,,nan,nan,nan
real,25/0.4 all_ankles,1,touchdown,left,roll,amplitude,"[0.040,0.080)",1,########################,0.0450946,0.6027239434360715,0.22768495764343438
real,25/0.4 all_ankles,1,touchdown,left,roll,amplitude,"[0.080,1.000)",1,########################,0.111066,0.6051719628612529,0.47541621027946956
real,25/0.4 all_ankles,1,touchdown,right,pitch,frequency,"[0.00,1.00)",0,,nan,nan,nan
real,25/0.4 all_ankles,1,touchdown,right,pitch,frequency,"[1.00,2.50)",0,,nan,nan,nan
real,25/0.4 all_ankles,1,touchdown,right,pitch,frequency,"[2.50,5.00)",0,,nan,nan,nan
real,25/0.4 all_ankles,1,touchdown,right,pitch,frequency,"[5.00,8.00)",1,########################,0.019098999999999977,0.09476718799618918,0.10888611729979629
real,25/0.4 all_ankles,1,touchdown,right,pitch,frequency,"[8.00,12.00)",0,,nan,nan,nan
real,25/0.4 all_ankles,1,touchdown,right,pitch,frequency,"[12.00,20.00)",0,,nan,nan,nan
real,25/0.4 all_ankles,1,touchdown,right,pitch,frequency,"[20.00,1000.00)",1,########################,0.027119000000000004,1.8944463849109336,0.14421709800621194
real,25/0.4 all_ankles,1,touchdown,right,pitch,amplitude,"[0.000,0.005)",0,,nan,nan,nan
real,25/0.4 all_ankles,1,touchdown,right,pitch,amplitude,"[0.005,0.010)",0,,nan,nan,nan
real,25/0.4 all_ankles,1,touchdown,right,pitch,amplitude,"[0.010,0.020)",1,########################,0.027119000000000004,1.8944463849109336,0.14421709800621194
real,25/0.4 all_ankles,1,touchdown,right,pitch,amplitude,"[0.020,0.040)",0,,nan,nan,nan
real,25/0.4 all_ankles,1,touchdown,right,pitch,amplitude,"[0.040,0.080)",0,,nan,nan,nan
real,25/0.4 all_ankles,1,touchdown,right,pitch,amplitude,"[0.080,1.000)",1,########################,0.019098999999999977,0.09476718799618918,0.10888611729979629
real,25/0.4 all_ankles,1,touchdown,right,roll,frequency,"[0.00,1.00)",0,,nan,nan,nan
real,25/0.4 all_ankles,1,touchdown,right,roll,frequency,"[1.00,2.50)",0,,nan,nan,nan
real,25/0.4 all_ankles,1,touchdown,right,roll,frequency,"[2.50,5.00)",0,,nan,nan,nan
real,25/0.4 all_ankles,1,touchdown,right,roll,frequency,"[5.00,8.00)",1,########################,0.0846547,2.345323880526719,0.03083462386908384
real,25/0.4 all_ankles,1,touchdown,right,roll,frequency,"[8.00,12.00)",0,,nan,nan,nan
real,25/0.4 all_ankles,1,touchdown,right,roll,frequency,"[12.00,20.00)",1,########################,0.039758699999999994,1.1515048830500816,0.01240639420766566
real,25/0.4 all_ankles,1,touchdown,right,roll,frequency,"[20.00,1000.00)",0,,nan,nan,nan
real,25/0.4 all_ankles,1,touchdown,right,roll,amplitude,"[0.000,0.005)",0,,nan,nan,nan
real,25/0.4 all_ankles,1,touchdown,right,roll,amplitude,"[0.005,0.010)",0,,nan,nan,nan
real,25/0.4 all_ankles,1,touchdown,right,roll,amplitude,"[0.010,0.020)",0,,nan,nan,nan
real,25/0.4 all_ankles,1,touchdown,right,roll,amplitude,"[0.020,0.040)",2,########################,0.0622067,1.7484143817884004,0.02162050903837475
real,25/0.4 all_ankles,1,touchdown,right,roll,amplitude,"[0.040,0.080)",0,,nan,nan,nan
real,25/0.4 all_ankles,1,touchdown,right,roll,amplitude,"[0.080,1.000)",0,,nan,nan,nan
real,25/0.4 all_ankles,2,swing,left,pitch,frequency,"[0.00,1.00)",0,,nan,nan,nan
real,25/0.4 all_ankles,2,swing,left,pitch,frequency,"[1.00,2.50)",0,,nan,nan,nan
real,25/0.4 all_ankles,2,swing,left,pitch,frequency,"[2.50,5.00)",0,,nan,nan,nan
real,25/0.4 all_ankles,2,swing,left,pitch,frequency,"[5.00,8.00)",1,############,0.028100999999999987,0.37449474993036763,0.23600478905489186
real,25/0.4 all_ankles,2,swing,left,pitch,frequency,"[8.00,12.00)",2,########################,0.08694094999999999,0.38351357617651666,0.22327714649563427
real,25/0.4 all_ankles,2,swing,left,pitch,frequency,"[12.00,20.00)",1,############,0.0140393,0.14033967092504845,0.17109881954447406
real,25/0.4 all_ankles,2,swing,left,pitch,frequency,"[20.00,1000.00)",0,,nan,nan,nan
real,25/0.4 all_ankles,2,swing,left,pitch,amplitude,"[0.000,0.005)",0,,nan,nan,nan
real,25/0.4 all_ankles,2,swing,left,pitch,amplitude,"[0.005,0.010)",0,,nan,nan,nan
real,25/0.4 all_ankles,2,swing,left,pitch,amplitude,"[0.010,0.020)",0,,nan,nan,nan
real,25/0.4 all_ankles,2,swing,left,pitch,amplitude,"[0.020,0.040)",0,,nan,nan,nan
real,25/0.4 all_ankles,2,swing,left,pitch,amplitude,"[0.040,0.080)",1,########,0.028100999999999987,0.37449474993036763,0.23600478905489186
real,25/0.4 all_ankles,2,swing,left,pitch,amplitude,"[0.080,1.000)",3,########################,0.0626404,0.3024556077593606,0.2058843708452475
real,25/0.4 all_ankles,2,swing,left,roll,frequency,"[0.00,1.00)",0,,nan,nan,nan
real,25/0.4 all_ankles,2,swing,left,roll,frequency,"[1.00,2.50)",0,,nan,nan,nan
real,25/0.4 all_ankles,2,swing,left,roll,frequency,"[2.50,5.00)",0,,nan,nan,nan
real,25/0.4 all_ankles,2,swing,left,roll,frequency,"[5.00,8.00)",1,############,0.0605632,0.3591654706977737,0.3487692905673119
real,25/0.4 all_ankles,2,swing,left,roll,frequency,"[8.00,12.00)",0,,nan,nan,nan
real,25/0.4 all_ankles,2,swing,left,roll,frequency,"[12.00,20.00)",2,########################,0.05942045000000001,0.7640188438892161,0.4629118791737711
real,25/0.4 all_ankles,2,swing,left,roll,frequency,"[20.00,1000.00)",0,,nan,nan,nan
real,25/0.4 all_ankles,2,swing,left,roll,amplitude,"[0.000,0.005)",0,,nan,nan,nan
real,25/0.4 all_ankles,2,swing,left,roll,amplitude,"[0.005,0.010)",0,,nan,nan,nan
real,25/0.4 all_ankles,2,swing,left,roll,amplitude,"[0.010,0.020)",0,,nan,nan,nan
real,25/0.4 all_ankles,2,swing,left,roll,amplitude,"[0.020,0.040)",0,,nan,nan,nan
real,25/0.4 all_ankles,2,swing,left,roll,amplitude,"[0.040,0.080)",1,############,0.055101300000000006,0.8517482841773331,0.4628316241331776
real,25/0.4 all_ankles,2,swing,left,roll,amplitude,"[0.080,1.000)",2,########################,0.0621514,0.5177274371494365,0.4058807123908382
real,25/0.4 all_ankles,2,swing,right,pitch,frequency,"[0.00,1.00)",0,,nan,nan,nan
real,25/0.4 all_ankles,2,swing,right,pitch,frequency,"[1.00,2.50)",0,,nan,nan,nan
real,25/0.4 all_ankles,2,swing,right,pitch,frequency,"[2.50,5.00)",1,########,0.057759000000000005,1.3085410058903502,0.07712049517004363
real,25/0.4 all_ankles,2,swing,right,pitch,frequency,"[5.00,8.00)",1,########,0.236526,2.7773002677187546,0.1151108755890984
real,25/0.4 all_ankles,2,swing,right,pitch,frequency,"[8.00,12.00)",1,########,0.034356,0.22519812007157888,0.11589228245875563
real,25/0.4 all_ankles,2,swing,right,pitch,frequency,"[12.00,20.00)",0,,nan,nan,nan
real,25/0.4 all_ankles,2,swing,right,pitch,frequency,"[20.00,1000.00)",3,########################,0.030872766666666666,0.41329755043924643,0.20025768374440425
real,25/0.4 all_ankles,2,swing,right,pitch,amplitude,"[0.000,0.005)",0,,nan,nan,nan
real,25/0.4 all_ankles,2,swing,right,pitch,amplitude,"[0.005,0.010)",0,,nan,nan,nan
real,25/0.4 all_ankles,2,swing,right,pitch,amplitude,"[0.010,0.020)",1,######,0.00875300000000001,0.6114565141460017,0.17006469226444387
real,25/0.4 all_ankles,2,swing,right,pitch,amplitude,"[0.020,0.040)",0,,nan,nan,nan
real,25/0.4 all_ankles,2,swing,right,pitch,amplitude,"[0.040,0.080)",1,######,0.057759000000000005,1.3085410058903502,0.07712049517004363
real,25/0.4 all_ankles,2,swing,right,pitch,amplitude,"[0.080,1.000)",4,########################,0.08868682499999998,0.9077336312405178,0.16542787925415575
real,25/0.4 all_ankles,2,swing,right,roll,frequency,"[0.00,1.00)",0,,nan,nan,nan
real,25/0.4 all_ankles,2,swing,right,roll,frequency,"[1.00,2.50)",0,,nan,nan,nan
real,25/0.4 all_ankles,2,swing,right,roll,frequency,"[2.50,5.00)",0,,nan,nan,nan
real,25/0.4 all_ankles,2,swing,right,roll,frequency,"[5.00,8.00)",0,,nan,nan,nan
real,25/0.4 all_ankles,2,swing,right,roll,frequency,"[8.00,12.00)",2,##########,0.04259305,1.76453792491339,0.03897422988853698
real,25/0.4 all_ankles,2,swing,right,roll,frequency,"[12.00,20.00)",2,##########,0.083317285,1.0011158966244929,0.044567822394007695
real,25/0.4 all_ankles,2,swing,right,roll,frequency,"[20.00,1000.00)",5,########################,0.023668086,0.4375579879978962,0.09711498509656302
real,25/0.4 all_ankles,2,swing,right,roll,amplitude,"[0.000,0.005)",1,######,0.0010087999999999972,nan,0.04924061619371418
real,25/0.4 all_ankles,2,swing,right,roll,amplitude,"[0.005,0.010)",0,,nan,nan,nan
real,25/0.4 all_ankles,2,swing,right,roll,amplitude,"[0.010,0.020)",1,######,0.013252400000000001,0.8305069875289842,0.046044432023933865
real,25/0.4 all_ankles,2,swing,right,roll,amplitude,"[0.020,0.040)",3,##################,0.04042426666666667,1.6356486592116217,0.019778508590882125
real,25/0.4 all_ankles,2,swing,right,roll,amplitude,"[0.040,0.080)",0,,nan,nan,nan
real,25/0.4 all_ankles,2,swing,right,roll,amplitude,"[0.080,1.000)",4,########################,0.05865677500000001,0.3860216574758754,0.1245096140144025
real,25/0.4 all_ankles,2,touchdown,left,pitch,frequency,"[0.00,1.00)",0,,nan,nan,nan
real,25/0.4 all_ankles,2,touchdown,left,pitch,frequency,"[1.00,2.50)",0,,nan,nan,nan
real,25/0.4 all_ankles,2,touchdown,left,pitch,frequency,"[2.50,5.00)",0,,nan,nan,nan
real,25/0.4 all_ankles,2,touchdown,left,pitch,frequency,"[5.00,8.00)",0,,nan,nan,nan
real,25/0.4 all_ankles,2,touchdown,left,pitch,frequency,"[8.00,12.00)",0,,nan,nan,nan
real,25/0.4 all_ankles,2,touchdown,left,pitch,frequency,"[12.00,20.00)",1,############,0.014842000000000022,0.4322325120857361,0.16435148647411132
real,25/0.4 all_ankles,2,touchdown,left,pitch,frequency,"[20.00,1000.00)",2,########################,0.017518000000000006,0.2970604038696009,0.12429890454496248
real,25/0.4 all_ankles,2,touchdown,left,pitch,amplitude,"[0.000,0.005)",0,,nan,nan,nan
real,25/0.4 all_ankles,2,touchdown,left,pitch,amplitude,"[0.005,0.010)",0,,nan,nan,nan
real,25/0.4 all_ankles,2,touchdown,left,pitch,amplitude,"[0.010,0.020)",1,########################,0.004042000000000018,0.21617285271152098,0.1545652242819624
real,25/0.4 all_ankles,2,touchdown,left,pitch,amplitude,"[0.020,0.040)",1,########################,0.014842000000000022,0.4322325120857361,0.16435148647411132
real,25/0.4 all_ankles,2,touchdown,left,pitch,amplitude,"[0.040,0.080)",0,,nan,nan,nan
real,25/0.4 all_ankles,2,touchdown,left,pitch,amplitude,"[0.080,1.000)",1,########################,0.030993999999999994,0.37794795502768086,0.09403258480796255
real,25/0.4 all_ankles,2,touchdown,left,roll,frequency,"[0.00,1.00)",0,,nan,nan,nan
real,25/0.4 all_ankles,2,touchdown,left,roll,frequency,"[1.00,2.50)",0,,nan,nan,nan
real,25/0.4 all_ankles,2,touchdown,left,roll,frequency,"[2.50,5.00)",0,,nan,nan,nan
real,25/0.4 all_ankles,2,touchdown,left,roll,frequency,"[5.00,8.00)",0,,nan,nan,nan
real,25/0.4 all_ankles,2,touchdown,left,roll,frequency,"[8.00,12.00)",0,,nan,nan,nan
real,25/0.4 all_ankles,2,touchdown,left,roll,frequency,"[12.00,20.00)",2,########################,0.02265875000000001,1.4940925301011236,0.09200511833713285
real,25/0.4 all_ankles,2,touchdown,left,roll,frequency,"[20.00,1000.00)",1,############,0.04185219,2.512997551982102,0.030593155145784923
real,25/0.4 all_ankles,2,touchdown,left,roll,amplitude,"[0.000,0.005)",0,,nan,nan,nan
real,25/0.4 all_ankles,2,touchdown,left,roll,amplitude,"[0.005,0.010)",1,########################,0.002914900000000012,nan,0.10278736210657843
real,25/0.4 all_ankles,2,touchdown,left,roll,amplitude,"[0.010,0.020)",1,########################,0.04185219,2.512997551982102,0.030593155145784923
real,25/0.4 all_ankles,2,touchdown,left,roll,amplitude,"[0.020,0.040)",1,########################,0.042402600000000006,1.4940925301011236,0.08122287456768724
real,25/0.4 all_ankles,2,touchdown,left,roll,amplitude,"[0.040,0.080)",0,,nan,nan,nan
real,25/0.4 all_ankles,2,touchdown,left,roll,amplitude,"[0.080,1.000)",0,,nan,nan,nan
real,25/0.4 all_ankles,2,touchdown,right,pitch,frequency,"[0.00,1.00)",0,,nan,nan,nan
real,25/0.4 all_ankles,2,touchdown,right,pitch,frequency,"[1.00,2.50)",0,,nan,nan,nan
real,25/0.4 all_ankles,2,touchdown,right,pitch,frequency,"[2.50,5.00)",0,,nan,nan,nan
real,25/0.4 all_ankles,2,touchdown,right,pitch,frequency,"[5.00,8.00)",0,,nan,nan,nan
real,25/0.4 all_ankles,2,touchdown,right,pitch,frequency,"[8.00,12.00)",0,,nan,nan,nan
real,25/0.4 all_ankles,2,touchdown,right,pitch,frequency,"[12.00,20.00)",1,############,5.6199999999999306e-05,0.0006648212553528673,0.13362488067683168
real,25/0.4 all_ankles,2,touchdown,right,pitch,frequency,"[20.00,1000.00)",2,########################,0.011164849999999997,0.2504592070716501,0.2378958757104433
real,25/0.4 all_ankles,2,touchdown,right,pitch,amplitude,"[0.000,0.005)",0,,nan,nan,nan
real,25/0.4 all_ankles,2,touchdown,right,pitch,amplitude,"[0.005,0.010)",0,,nan,nan,nan
real,25/0.4 all_ankles,2,touchdown,right,pitch,amplitude,"[0.010,0.020)",0,,nan,nan,nan
real,25/0.4 all_ankles,2,touchdown,right,pitch,amplitude,"[0.020,0.040)",1,############,0.018247299999999994,0.4606159283099833,0.19451355879884916
real,25/0.4 all_ankles,2,touchdown,right,pitch,amplitude,"[0.040,0.080)",0,,nan,nan,nan
real,25/0.4 all_ankles,2,touchdown,right,pitch,amplitude,"[0.080,1.000)",2,########################,0.0020692999999999996,0.020483653544334873,0.20745153664943455
real,25/0.4 all_ankles,2,touchdown,right,roll,frequency,"[0.00,1.00)",0,,nan,nan,nan
real,25/0.4 all_ankles,2,touchdown,right,roll,frequency,"[1.00,2.50)",0,,nan,nan,nan
real,25/0.4 all_ankles,2,touchdown,right,roll,frequency,"[2.50,5.00)",0,,nan,nan,nan
real,25/0.4 all_ankles,2,touchdown,right,roll,frequency,"[5.00,8.00)",0,,nan,nan,nan
real,25/0.4 all_ankles,2,touchdown,right,roll,frequency,"[8.00,12.00)",0,,nan,nan,nan
real,25/0.4 all_ankles,2,touchdown,right,roll,frequency,"[12.00,20.00)",1,#####,0.0024924999999999947,0.09045545273090165,0.2917220123660666
real,25/0.4 all_ankles,2,touchdown,right,roll,frequency,"[20.00,1000.00)",5,########################,0.008594460000000007,0.14675497921786404,0.28073834383431195
real,25/0.4 all_ankles,2,touchdown,right,roll,amplitude,"[0.000,0.005)",0,,nan,nan,nan
real,25/0.4 all_ankles,2,touchdown,right,roll,amplitude,"[0.005,0.010)",1,############,0.0006114000000000119,nan,0.2992451354308816
real,25/0.4 all_ankles,2,touchdown,right,roll,amplitude,"[0.010,0.020)",1,############,0.0036680000000000046,0.2587106785160116,0.33374600132968885
real,25/0.4 all_ankles,2,touchdown,right,roll,amplitude,"[0.020,0.040)",2,########################,0.002569450000000001,0.10353388658401083,0.30666396573105437
real,25/0.4 all_ankles,2,touchdown,right,roll,amplitude,"[0.040,0.080)",0,,nan,nan,nan
real,25/0.4 all_ankles,2,touchdown,right,roll,amplitude,"[0.080,1.000)",2,########################,0.018023250000000005,0.1058484589591623,0.22454733165747356
real,25/0.4 all_ankles,3,swing,left,pitch,frequency,"[0.00,1.00)",0,,nan,nan,nan
real,25/0.4 all_ankles,3,swing,left,pitch,frequency,"[1.00,2.50)",0,,nan,nan,nan
real,25/0.4 all_ankles,3,swing,left,pitch,frequency,"[2.50,5.00)",0,,nan,nan,nan
real,25/0.4 all_ankles,3,swing,left,pitch,frequency,"[5.00,8.00)",0,,nan,nan,nan
real,25/0.4 all_ankles,3,swing,left,pitch,frequency,"[8.00,12.00)",0,,nan,nan,nan
real,25/0.4 all_ankles,3,swing,left,pitch,frequency,"[12.00,20.00)",2,########################,0.11784074000000001,2.5117359541113338,0.09857889095542002
real,25/0.4 all_ankles,3,swing,left,pitch,frequency,"[20.00,1000.00)",2,########################,0.042512499999999995,0.1473419617071349,0.032668420349755006
real,25/0.4 all_ankles,3,swing,left,pitch,amplitude,"[0.000,0.005)",1,########################,0.08226999999999998,nan,0.05092847972402082
real,25/0.4 all_ankles,3,swing,left,pitch,amplitude,"[0.005,0.010)",0,,nan,nan,nan
real,25/0.4 all_ankles,3,swing,left,pitch,amplitude,"[0.010,0.020)",1,########################,0.0027550000000000074,0.1473419617071349,0.014408360975489198
real,25/0.4 all_ankles,3,swing,left,pitch,amplitude,"[0.020,0.040)",1,########################,0.02842800000000001,0.8278874716058006,0.03388303191495708
real,25/0.4 all_ankles,3,swing,left,pitch,amplitude,"[0.040,0.080)",1,########################,0.20725348000000002,4.195584436616867,0.16327474999588296
real,25/0.4 all_ankles,3,swing,left,pitch,amplitude,"[0.080,1.000)",0,,nan,nan,nan
real,25/0.4 all_ankles,3,swing,left,roll,frequency,"[0.00,1.00)",0,,nan,nan,nan
real,25/0.4 all_ankles,3,swing,left,roll,frequency,"[1.00,2.50)",0,,nan,nan,nan
real,25/0.4 all_ankles,3,swing,left,roll,frequency,"[2.50,5.00)",0,,nan,nan,nan
real,25/0.4 all_ankles,3,swing,left,roll,frequency,"[5.00,8.00)",0,,nan,nan,nan
real,25/0.4 all_ankles,3,swing,left,roll,frequency,"[8.00,12.00)",0,,nan,nan,nan
real,25/0.4 all_ankles,3,swing,left,roll,frequency,"[12.00,20.00)",2,########################,0.0302926,0.35298942888643714,0.08561743379276808
real,25/0.4 all_ankles,3,swing,left,roll,frequency,"[20.00,1000.00)",2,########################,0.10598455000000001,nan,0.1367074486802192
real,25/0.4 all_ankles,3,swing,left,roll,amplitude,"[0.000,0.005)",0,,nan,nan,nan
real,25/0.4 all_ankles,3,swing,left,roll,amplitude,"[0.005,0.010)",3,########################,0.08751213333333334,nan,0.11618166777168158
real,25/0.4 all_ankles,3,swing,left,roll,amplitude,"[0.010,0.020)",0,,nan,nan,nan
real,25/0.4 all_ankles,3,swing,left,roll,amplitude,"[0.020,0.040)",1,########,0.010017899999999996,0.35298942888643714,0.09610476163092982
real,25/0.4 all_ankles,3,swing,left,roll,amplitude,"[0.040,0.080)",0,,nan,nan,nan
real,25/0.4 all_ankles,3,swing,left,roll,amplitude,"[0.080,1.000)",0,,nan,nan,nan
real,25/0.4 all_ankles,3,swing,right,pitch,frequency,"[0.00,1.00)",0,,nan,nan,nan
real,25/0.4 all_ankles,3,swing,right,pitch,frequency,"[1.00,2.50)",0,,nan,nan,nan
real,25/0.4 all_ankles,3,swing,right,pitch,frequency,"[2.50,5.00)",1,############,0.0909513,8.145378828586814,0.26902630706949354
real,25/0.4 all_ankles,3,swing,right,pitch,frequency,"[5.00,8.00)",0,,nan,nan,nan
real,25/0.4 all_ankles,3,swing,right,pitch,frequency,"[8.00,12.00)",0,,nan,nan,nan
real,25/0.4 all_ankles,3,swing,right,pitch,frequency,"[12.00,20.00)",1,############,0.008039999999999992,0.04205394831130378,0.13500040466161575
real,25/0.4 all_ankles,3,swing,right,pitch,frequency,"[20.00,1000.00)",2,########################,0.004071350000000001,0.040113925800146034,0.23172022963591132
real,25/0.4 all_ankles,3,swing,right,pitch,amplitude,"[0.000,0.005)",1,############,0.004079400000000011,nan,0.18415539946190373
real,25/0.4 all_ankles,3,swing,right,pitch,amplitude,"[0.005,0.010)",0,,nan,nan,nan
real,25/0.4 all_ankles,3,swing,right,pitch,amplitude,"[0.010,0.020)",1,############,0.0909513,8.145378828586814,0.26902630706949354
real,25/0.4 all_ankles,3,swing,right,pitch,amplitude,"[0.020,0.040)",0,,nan,nan,nan
real,25/0.4 all_ankles,3,swing,right,pitch,amplitude,"[0.040,0.080)",0,,nan,nan,nan
real,25/0.4 all_ankles,3,swing,right,pitch,amplitude,"[0.080,1.000)",2,########################,0.006051649999999992,0.04108393705572491,0.20714273223576735
real,25/0.4 all_ankles,3,swing,right,roll,frequency,"[0.00,1.00)",0,,nan,nan,nan
real,25/0.4 all_ankles,3,swing,right,roll,frequency,"[1.00,2.50)",0,,nan,nan,nan
real,25/0.4 all_ankles,3,swing,right,roll,frequency,"[2.50,5.00)",0,,nan,nan,nan
real,25/0.4 all_ankles,3,swing,right,roll,frequency,"[5.00,8.00)",1,######,0.011834400000000002,0.07863911223337103,0.28641651183059924
real,25/0.4 all_ankles,3,swing,right,roll,frequency,"[8.00,12.00)",0,,nan,nan,nan
real,25/0.4 all_ankles,3,swing,right,roll,frequency,"[12.00,20.00)",4,########################,0.008559575000000003,0.24087595122720137,0.28297923219247156
real,25/0.4 all_ankles,3,swing,right,roll,frequency,"[20.00,1000.00)",2,############,0.007016699999999994,0.47608971646212495,0.3240640772870437
real,25/0.4 all_ankles,3,swing,right,roll,amplitude,"[0.000,0.005)",0,,nan,nan,nan
real,25/0.4 all_ankles,3,swing,right,roll,amplitude,"[0.005,0.010)",2,################,0.010803299999999998,nan,0.3393229000103251
real,25/0.4 all_ankles,3,swing,right,roll,amplitude,"[0.010,0.020)",3,########################,0.005792333333333334,0.3874395522565674,0.326750561350003
real,25/0.4 all_ankles,3,swing,right,roll,amplitude,"[0.020,0.040)",0,,nan,nan,nan
real,25/0.4 all_ankles,3,swing,right,roll,amplitude,"[0.040,0.080)",0,,nan,nan,nan
real,25/0.4 all_ankles,3,swing,right,roll,amplitude,"[0.080,1.000)",2,################,0.010561250000000001,0.05751901280369899,0.2037820555519567
real,25/0.4 all_ankles,3,touchdown,left,pitch,frequency,"[0.00,1.00)",0,,nan,nan,nan
real,25/0.4 all_ankles,3,touchdown,left,pitch,frequency,"[1.00,2.50)",0,,nan,nan,nan
real,25/0.4 all_ankles,3,touchdown,left,pitch,frequency,"[2.50,5.00)",0,,nan,nan,nan
real,25/0.4 all_ankles,3,touchdown,left,pitch,frequency,"[5.00,8.00)",0,,nan,nan,nan
real,25/0.4 all_ankles,3,touchdown,left,pitch,frequency,"[8.00,12.00)",0,,nan,nan,nan
real,25/0.4 all_ankles,3,touchdown,left,pitch,frequency,"[12.00,20.00)",3,########################,0.08849256666666666,4.053506777073112,0.5080426919221043
real,25/0.4 all_ankles,3,touchdown,left,pitch,frequency,"[20.00,1000.00)",0,,nan,nan,nan
real,25/0.4 all_ankles,3,touchdown,left,pitch,amplitude,"[0.000,0.005)",1,############,0.055448,nan,0.578289836796394
real,25/0.4 all_ankles,3,touchdown,left,pitch,amplitude,"[0.005,0.010)",0,,nan,nan,nan
real,25/0.4 all_ankles,3,touchdown,left,pitch,amplitude,"[0.010,0.020)",0,,nan,nan,nan
real,25/0.4 all_ankles,3,touchdown,left,pitch,amplitude,"[0.020,0.040)",2,########################,0.10501484999999999,4.053506777073112,0.47291911948495935
real,25/0.4 all_ankles,3,touchdown,left,pitch,amplitude,"[0.040,0.080)",0,,nan,nan,nan
real,25/0.4 all_ankles,3,touchdown,left,pitch,amplitude,"[0.080,1.000)",0,,nan,nan,nan
real,25/0.4 all_ankles,3,touchdown,left,roll,frequency,"[0.00,1.00)",0,,nan,nan,nan
real,25/0.4 all_ankles,3,touchdown,left,roll,frequency,"[1.00,2.50)",0,,nan,nan,nan
real,25/0.4 all_ankles,3,touchdown,left,roll,frequency,"[2.50,5.00)",0,,nan,nan,nan
real,25/0.4 all_ankles,3,touchdown,left,roll,frequency,"[5.00,8.00)",0,,nan,nan,nan
real,25/0.4 all_ankles,3,touchdown,left,roll,frequency,"[8.00,12.00)",0,,nan,nan,nan
real,25/0.4 all_ankles,3,touchdown,left,roll,frequency,"[12.00,20.00)",2,########################,0.1261477,0.6155297623048914,0.5173389905699747
real,25/0.4 all_ankles,3,touchdown,left,roll,frequency,"[20.00,1000.00)",1,############,0.06961599999999998,0.4061515483886023,0.5659403089466827
real,25/0.4 all_ankles,3,touchdown,left,roll,amplitude,"[0.000,0.005)",0,,nan,nan,nan
real,25/0.4 all_ankles,3,touchdown,left,roll,amplitude,"[0.005,0.010)",0,,nan,nan,nan
real,25/0.4 all_ankles,3,touchdown,left,roll,amplitude,"[0.010,0.020)",0,,nan,nan,nan
real,25/0.4 all_ankles,3,touchdown,left,roll,amplitude,"[0.020,0.040)",0,,nan,nan,nan
real,25/0.4 all_ankles,3,touchdown,left,roll,amplitude,"[0.040,0.080)",0,,nan,nan,nan
real,25/0.4 all_ankles,3,touchdown,left,roll,amplitude,"[0.080,1.000)",3,########################,0.10730379999999999,0.5457370243327949,0.5335394300288773
real,25/0.4 all_ankles,3,touchdown,right,pitch,frequency,"[0.00,1.00)",0,,nan,nan,nan
real,25/0.4 all_ankles,3,touchdown,right,pitch,frequency,"[1.00,2.50)",0,,nan,nan,nan
real,25/0.4 all_ankles,3,touchdown,right,pitch,frequency,"[2.50,5.00)",0,,nan,nan,nan
real,25/0.4 all_ankles,3,touchdown,right,pitch,frequency,"[5.00,8.00)",0,,nan,nan,nan
real,25/0.4 all_ankles,3,touchdown,right,pitch,frequency,"[8.00,12.00)",2,########################,0.0528445,0.5793750881643586,0.22750613157351832
real,25/0.4 all_ankles,3,touchdown,right,pitch,frequency,"[12.00,20.00)",0,,nan,nan,nan
real,25/0.4 all_ankles,3,touchdown,right,pitch,frequency,"[20.00,1000.00)",1,############,0.041989,nan,0.0582591064984694
real,25/0.4 all_ankles,3,touchdown,right,pitch,amplitude,"[0.000,0.005)",1,########################,0.041989,nan,0.0582591064984694
real,25/0.4 all_ankles,3,touchdown,right,pitch,amplitude,"[0.005,0.010)",0,,nan,nan,nan
real,25/0.4 all_ankles,3,touchdown,right,pitch,amplitude,"[0.010,0.020)",0,,nan,nan,nan
real,25/0.4 all_ankles,3,touchdown,right,pitch,amplitude,"[0.020,0.040)",0,,nan,nan,nan
real,25/0.4 all_ankles,3,touchdown,right,pitch,amplitude,"[0.040,0.080)",1,########################,0.070462,1.1072663272361551,0.14266869103041963
real,25/0.4 all_ankles,3,touchdown,right,pitch,amplitude,"[0.080,1.000)",1,########################,0.03522700000000001,0.051483849092561915,0.312343572116617
real,25/0.4 all_ankles,3,touchdown,right,roll,frequency,"[0.00,1.00)",0,,nan,nan,nan
real,25/0.4 all_ankles,3,touchdown,right,roll,frequency,"[1.00,2.50)",0,,nan,nan,nan
real,25/0.4 all_ankles,3,touchdown,right,roll,frequency,"[2.50,5.00)",0,,nan,nan,nan
real,25/0.4 all_ankles,3,touchdown,right,roll,frequency,"[5.00,8.00)",0,,nan,nan,nan
real,25/0.4 all_ankles,3,touchdown,right,roll,frequency,"[8.00,12.00)",0,,nan,nan,nan
real,25/0.4 all_ankles,3,touchdown,right,roll,frequency,"[12.00,20.00)",2,########################,0.022987800000000003,nan,0.05161810948143586
real,25/0.4 all_ankles,3,touchdown,right,roll,frequency,"[20.00,1000.00)",2,########################,0.03315105,0.6249185177652999,0.07024337894223955
real,25/0.4 all_ankles,3,touchdown,right,roll,amplitude,"[0.000,0.005)",2,########################,0.022987800000000003,nan,0.05161810948143586
real,25/0.4 all_ankles,3,touchdown,right,roll,amplitude,"[0.005,0.010)",0,,nan,nan,nan
real,25/0.4 all_ankles,3,touchdown,right,roll,amplitude,"[0.010,0.020)",0,,nan,nan,nan
real,25/0.4 all_ankles,3,touchdown,right,roll,amplitude,"[0.020,0.040)",1,############,0.013825500000000004,0.34879496643364066,0.0701977173235448
real,25/0.4 all_ankles,3,touchdown,right,roll,amplitude,"[0.040,0.080)",1,############,0.0524766,0.9010420690969593,0.0702890405609343
real,25/0.4 all_ankles,3,touchdown,right,roll,amplitude,"[0.080,1.000)",0,,nan,nan,nan
real,25/0.4 all_ankles,4,swing,left,pitch,frequency,"[0.00,1.00)",0,,nan,nan,nan
real,25/0.4 all_ankles,4,swing,left,pitch,frequency,"[1.00,2.50)",1,############,0.2107039,2.561718398560505,0.33635990879811284
real,25/0.4 all_ankles,4,swing,left,pitch,frequency,"[2.50,5.00)",0,,nan,nan,nan
real,25/0.4 all_ankles,4,swing,left,pitch,frequency,"[5.00,8.00)",0,,nan,nan,nan
real,25/0.4 all_ankles,4,swing,left,pitch,frequency,"[8.00,12.00)",0,,nan,nan,nan
real,25/0.4 all_ankles,4,swing,left,pitch,frequency,"[12.00,20.00)",0,,nan,nan,nan
real,25/0.4 all_ankles,4,swing,left,pitch,frequency,"[20.00,1000.00)",2,########################,0.0330777,0.655141645903384,0.33713373553201664
real,25/0.4 all_ankles,4,swing,left,pitch,amplitude,"[0.000,0.005)",0,,nan,nan,nan
real,25/0.4 all_ankles,4,swing,left,pitch,amplitude,"[0.005,0.010)",0,,nan,nan,nan
real,25/0.4 all_ankles,4,swing,left,pitch,amplitude,"[0.010,0.020)",0,,nan,nan,nan
real,25/0.4 all_ankles,4,swing,left,pitch,amplitude,"[0.020,0.040)",0,,nan,nan,nan
real,25/0.4 all_ankles,4,swing,left,pitch,amplitude,"[0.040,0.080)",1,############,0.049422999999999995,1.1963062474281705,0.5174121396214691
real,25/0.4 all_ankles,4,swing,left,pitch,amplitude,"[0.080,1.000)",2,########################,0.11371815,1.3378477214695512,0.24660762012033852
real,25/0.4 all_ankles,4,swing,left,roll,frequency,"[0.00,1.00)",0,,nan,nan,nan
real,25/0.4 all_ankles,4,swing,left,roll,frequency,"[1.00,2.50)",0,,nan,nan,nan
real,25/0.4 all_ankles,4,swing,left,roll,frequency,"[2.50,5.00)",1,########################,0.32208400000000004,0.6532147631841959,0.25863653141041965
real,25/0.4 all_ankles,4,swing,left,roll,frequency,"[5.00,8.00)",0,,nan,nan,nan
real,25/0.4 all_ankles,4,swing,left,roll,frequency,"[8.00,12.00)",1,########################,0.0206364,0.15098884214377173,0.49059490926978355
real,25/0.4 all_ankles,4,swing,left,roll,frequency,"[12.00,20.00)",0,,nan,nan,nan
real,25/0.4 all_ankles,4,swing,left,roll,frequency,"[20.00,1000.00)",1,########################,0.0383777,3.6494579688094437,0.424263231666792
real,25/0.4 all_ankles,4,swing,left,roll,amplitude,"[0.000,0.005)",0,,nan,nan,nan
real,25/0.4 all_ankles,4,swing,left,roll,amplitude,"[0.005,0.010)",0,,nan,nan,nan
real,25/0.4 all_ankles,4,swing,left,roll,amplitude,"[0.010,0.020)",1,############,0.0383777,3.6494579688094437,0.424263231666792
real,25/0.4 all_ankles,4,swing,left,roll,amplitude,"[0.020,0.040)",0,,nan,nan,nan
real,25/0.4 all_ankles,4,swing,left,roll,amplitude,"[0.040,0.080)",0,,nan,nan,nan
real,25/0.4 all_ankles,4,swing,left,roll,amplitude,"[0.080,1.000)",2,########################,0.17136020000000002,0.4021018026639838,0.3746157203401016
real,25/0.4 all_ankles,4,swing,right,pitch,frequency,"[0.00,1.00)",0,,nan,nan,nan
real,25/0.4 all_ankles,4,swing,right,pitch,frequency,"[1.00,2.50)",0,,nan,nan,nan
real,25/0.4 all_ankles,4,swing,right,pitch,frequency,"[2.50,5.00)",0,,nan,nan,nan
real,25/0.4 all_ankles,4,swing,right,pitch,frequency,"[5.00,8.00)",0,,nan,nan,nan
real,25/0.4 all_ankles,4,swing,right,pitch,frequency,"[8.00,12.00)",1,########################,0.0023380000000000067,0.03674020994405691,0.09836656222856763
real,25/0.4 all_ankles,4,swing,right,pitch,frequency,"[12.00,20.00)",1,########################,0.169516,9.041335537895373,0.07586907880190717
real,25/0.4 all_ankles,4,swing,right,pitch,frequency,"[20.00,1000.00)",1,########################,0.0016420000000000323,0.06271963330786975,0.05453087694753007
real,25/0.4 all_ankles,4,swing,right,pitch,amplitude,"[0.000,0.005)",0,,nan,nan,nan
real,25/0.4 all_ankles,4,swing,right,pitch,amplitude,"[0.005,0.010)",0,,nan,nan,nan
real,25/0.4 all_ankles,4,swing,right,pitch,amplitude,"[0.010,0.020)",1,########################,0.169516,9.041335537895373,0.07586907880190717
real,25/0.4 all_ankles,4,swing,right,pitch,amplitude,"[0.020,0.040)",1,########################,0.0016420000000000323,0.06271963330786975,0.05453087694753007
real,25/0.4 all_ankles,4,swing,right,pitch,amplitude,"[0.040,0.080)",1,########################,0.0023380000000000067,0.03674020994405691,0.09836656222856763
real,25/0.4 all_ankles,4,swing,right,pitch,amplitude,"[0.080,1.000)",0,,nan,nan,nan
real,25/0.4 all_ankles,4,swing,right,roll,frequency,"[0.00,1.00)",0,,nan,nan,nan
real,25/0.4 all_ankles,4,swing,right,roll,frequency,"[1.00,2.50)",0,,nan,nan,nan
real,25/0.4 all_ankles,4,swing,right,roll,frequency,"[2.50,5.00)",0,,nan,nan,nan
real,25/0.4 all_ankles,4,swing,right,roll,frequency,"[5.00,8.00)",0,,nan,nan,nan
real,25/0.4 all_ankles,4,swing,right,roll,frequency,"[8.00,12.00)",2,############,0.016056355,0.24856798020911725,0.0432771587039764
real,25/0.4 all_ankles,4,swing,right,roll,frequency,"[12.00,20.00)",2,############,0.016054250000000006,1.4596697188690442,0.051726406489235696
real,25/0.4 all_ankles,4,swing,right,roll,frequency,"[20.00,1000.00)",4,########################,0.022706487499999997,nan,0.05822241753435253
real,25/0.4 all_ankles,4,swing,right,roll,amplitude,"[0.000,0.005)",4,########################,0.015489612500000001,nan,0.06724355936965054
real,25/0.4 all_ankles,4,swing,right,roll,amplitude,"[0.005,0.010)",1,######,0.0319312,nan,0.030423630266565277
real,25/0.4 all_ankles,4,swing,right,roll,amplitude,"[0.010,0.020)",1,######,0.02904480000000001,1.4596697188690442,0.036944615370714036
real,25/0.4 all_ankles,4,swing,right,roll,amplitude,"[0.020,0.040)",0,,nan,nan,nan
real,25/0.4 all_ankles,4,swing,right,roll,amplitude,"[0.040,0.080)",2,############,0.016056355,0.24856798020911725,0.0432771587039764
real,25/0.4 all_ankles,4,swing,right,roll,amplitude,"[0.080,1.000)",0,,nan,nan,nan
real,25/0.4 all_ankles,4,touchdown,left,pitch,frequency,"[0.00,1.00)",0,,nan,nan,nan
real,25/0.4 all_ankles,4,touchdown,left,pitch,frequency,"[1.00,2.50)",0,,nan,nan,nan
real,25/0.4 all_ankles,4,touchdown,left,pitch,frequency,"[2.50,5.00)",0,,nan,nan,nan
real,25/0.4 all_ankles,4,touchdown,left,pitch,frequency,"[5.00,8.00)",0,,nan,nan,nan
real,25/0.4 all_ankles,4,touchdown,left,pitch,frequency,"[8.00,12.00)",1,########################,0.13247199999999998,1.3791839751798523,0.09739911193725878
real,25/0.4 all_ankles,4,touchdown,left,pitch,frequency,"[12.00,20.00)",1,########################,0.0285513,0.7395368715517917,0.19049426719228324
real,25/0.4 all_ankles,4,touchdown,left,pitch,frequency,"[20.00,1000.00)",0,,nan,nan,nan
real,25/0.4 all_ankles,4,touchdown,left,pitch,amplitude,"[0.000,0.005)",0,,nan,nan,nan
real,25/0.4 all_ankles,4,touchdown,left,pitch,amplitude,"[0.005,0.010)",0,,nan,nan,nan
real,25/0.4 all_ankles,4,touchdown,left,pitch,amplitude,"[0.010,0.020)",0,,nan,nan,nan
real,25/0.4 all_ankles,4,touchdown,left,pitch,amplitude,"[0.020,0.040)",1,########################,0.0285513,0.7395368715517917,0.19049426719228324
real,25/0.4 all_ankles,4,touchdown,left,pitch,amplitude,"[0.040,0.080)",0,,nan,nan,nan
real,25/0.4 all_ankles,4,touchdown,left,pitch,amplitude,"[0.080,1.000)",1,########################,0.13247199999999998,1.3791839751798523,0.09739911193725878
real,25/0.4 all_ankles,4,touchdown,left,roll,frequency,"[0.00,1.00)",0,,nan,nan,nan
real,25/0.4 all_ankles,4,touchdown,left,roll,frequency,"[1.00,2.50)",0,,nan,nan,nan
real,25/0.4 all_ankles,4,touchdown,left,roll,frequency,"[2.50,5.00)",0,,nan,nan,nan
real,25/0.4 all_ankles,4,touchdown,left,roll,frequency,"[5.00,8.00)",0,,nan,nan,nan
real,25/0.4 all_ankles,4,touchdown,left,roll,frequency,"[8.00,12.00)",1,############,0.2321898,2.8953115589356457,0.10529734472957204
real,25/0.4 all_ankles,4,touchdown,left,roll,frequency,"[12.00,20.00)",1,############,0.056156999999999985,nan,0.23251939592797372
real,25/0.4 all_ankles,4,touchdown,left,roll,frequency,"[20.00,1000.00)",2,########################,0.05973609999999999,2.7377118831543257,0.1897521617550928
real,25/0.4 all_ankles,4,touchdown,left,roll,amplitude,"[0.000,0.005)",0,,nan,nan,nan
real,25/0.4 all_ankles,4,touchdown,left,roll,amplitude,"[0.005,0.010)",1,########################,0.056156999999999985,nan,0.23251939592797372
real,25/0.4 all_ankles,4,touchdown,left,roll,amplitude,"[0.010,0.020)",1,########################,0.0900442,4.702931099318932,0.1626572459445321
real,25/0.4 all_ankles,4,touchdown,left,roll,amplitude,"[0.020,0.040)",1,########################,0.029427999999999982,0.7724926669897194,0.2168470775656535
real,25/0.4 all_ankles,4,touchdown,left,roll,amplitude,"[0.040,0.080)",0,,nan,nan,nan
real,25/0.4 all_ankles,4,touchdown,left,roll,amplitude,"[0.080,1.000)",1,########################,0.2321898,2.8953115589356457,0.10529734472957204
real,25/0.4 all_ankles,4,touchdown,right,pitch,frequency,"[0.00,1.00)",0,,nan,nan,nan
real,25/0.4 all_ankles,4,touchdown,right,pitch,frequency,"[1.00,2.50)",0,,nan,nan,nan
real,25/0.4 all_ankles,4,touchdown,right,pitch,frequency,"[2.50,5.00)",1,########################,0.29163700000000004,nan,0.4769853500393189
real,25/0.4 all_ankles,4,touchdown,right,pitch,frequency,"[5.00,8.00)",0,,nan,nan,nan
real,25/0.4 all_ankles,4,touchdown,right,pitch,frequency,"[8.00,12.00)",0,,nan,nan,nan
real,25/0.4 all_ankles,4,touchdown,right,pitch,frequency,"[12.00,20.00)",0,,nan,nan,nan
real,25/0.4 all_ankles,4,touchdown,right,pitch,frequency,"[20.00,1000.00)",0,,nan,nan,nan
real,25/0.4 all_ankles,4,touchdown,right,pitch,amplitude,"[0.000,0.005)",1,########################,0.29163700000000004,nan,0.4769853500393189
real,25/0.4 all_ankles,4,touchdown,right,pitch,amplitude,"[0.005,0.010)",0,,nan,nan,nan
real,25/0.4 all_ankles,4,touchdown,right,pitch,amplitude,"[0.010,0.020)",0,,nan,nan,nan
real,25/0.4 all_ankles,4,touchdown,right,pitch,amplitude,"[0.020,0.040)",0,,nan,nan,nan
real,25/0.4 all_ankles,4,touchdown,right,pitch,amplitude,"[0.040,0.080)",0,,nan,nan,nan
real,25/0.4 all_ankles,4,touchdown,right,pitch,amplitude,"[0.080,1.000)",0,,nan,nan,nan
real,25/0.4 all_ankles,4,touchdown,right,roll,frequency,"[0.00,1.00)",0,,nan,nan,nan
real,25/0.4 all_ankles,4,touchdown,right,roll,frequency,"[1.00,2.50)",0,,nan,nan,nan
real,25/0.4 all_ankles,4,touchdown,right,roll,frequency,"[2.50,5.00)",0,,nan,nan,nan
real,25/0.4 all_ankles,4,touchdown,right,roll,frequency,"[5.00,8.00)",0,,nan,nan,nan
real,25/0.4 all_ankles,4,touchdown,right,roll,frequency,"[8.00,12.00)",1,######,0.0243978,0.10777294081009271,0.25416256147545724
real,25/0.4 all_ankles,4,touchdown,right,roll,frequency,"[12.00,20.00)",0,,nan,nan,nan
real,25/0.4 all_ankles,4,touchdown,right,roll,frequency,"[20.00,1000.00)",4,########################,0.010670849999999999,0.36925169828681514,0.19139213638531508
real,25/0.4 all_ankles,4,touchdown,right,roll,amplitude,"[0.000,0.005)",0,,nan,nan,nan
real,25/0.4 all_ankles,4,touchdown,right,roll,amplitude,"[0.005,0.010)",0,,nan,nan,nan
real,25/0.4 all_ankles,4,touchdown,right,roll,amplitude,"[0.010,0.020)",2,########################,0.007542914999999999,0.4606967863082131,0.17457933119298086
real,25/0.4 all_ankles,4,touchdown,right,roll,amplitude,"[0.020,0.040)",1,############,0.01678955,0.445759989380061,0.26989114529846564
real,25/0.4 all_ankles,4,touchdown,right,roll,amplitude,"[0.040,0.080)",0,,nan,nan,nan
real,25/0.4 all_ankles,4,touchdown,right,roll,amplitude,"[0.080,1.000)",2,########################,0.01760291,0.1088130859804331,0.20034064966614504
real,25/0.4 all_ankles,5,swing,left,pitch,frequency,"[0.00,1.00)",0,,nan,nan,nan
real,25/0.4 all_ankles,5,swing,left,pitch,frequency,"[1.00,2.50)",0,,nan,nan,nan
real,25/0.4 all_ankles,5,swing,left,pitch,frequency,"[2.50,5.00)",0,,nan,nan,nan
real,25/0.4 all_ankles,5,swing,left,pitch,frequency,"[5.00,8.00)",0,,nan,nan,nan
real,25/0.4 all_ankles,5,swing,left,pitch,frequency,"[8.00,12.00)",1,#####,0.14237,1.71853121529622,0.04562728710666771
real,25/0.4 all_ankles,5,swing,left,pitch,frequency,"[12.00,20.00)",1,#####,0.011786999999999992,0.8263460459899041,0.0938922819650263
real,25/0.4 all_ankles,5,swing,left,pitch,frequency,"[20.00,1000.00)",5,########################,0.034471039999999994,1.5324336730912147,0.09798676527114057
real,25/0.4 all_ankles,5,swing,left,pitch,amplitude,"[0.000,0.005)",0,,nan,nan,nan
real,25/0.4 all_ankles,5,swing,left,pitch,amplitude,"[0.005,0.010)",2,########################,0.02336959999999999,nan,0.0918435484219695
real,25/0.4 all_ankles,5,swing,left,pitch,amplitude,"[0.010,0.020)",2,########################,0.02189450000000001,1.6944830806503024,0.09376708111528566
real,25/0.4 all_ankles,5,swing,left,pitch,amplitude,"[0.020,0.040)",1,############,0.04955599999999999,1.5887407027442946,0.08641955288012082
real,25/0.4 all_ankles,5,swing,left,pitch,amplitude,"[0.040,0.080)",0,,nan,nan,nan
real,25/0.4 all_ankles,5,swing,left,pitch,amplitude,"[0.080,1.000)",2,########################,0.09321399999999999,1.082235708257434,0.08590629173638288
real,25/0.4 all_ankles,5,swing,left,roll,frequency,"[0.00,1.00)",0,,nan,nan,nan
real,25/0.4 all_ankles,5,swing,left,roll,frequency,"[1.00,2.50)",0,,nan,nan,nan
real,25/0.4 all_ankles,5,swing,left,roll,frequency,"[2.50,5.00)",0,,nan,nan,nan
real,25/0.4 all_ankles,5,swing,left,roll,frequency,"[5.00,8.00)",0,,nan,nan,nan
real,25/0.4 all_ankles,5,swing,left,roll,frequency,"[8.00,12.00)",0,,nan,nan,nan
real,25/0.4 all_ankles,5,swing,left,roll,frequency,"[12.00,20.00)",2,########################,0.11324024999999999,1.7132748117864876,0.10544151591348586
real,25/0.4 all_ankles,5,swing,left,roll,frequency,"[20.00,1000.00)",2,########################,0.0454515,2.096529558055864,0.17151979904411324
real,25/0.4 all_ankles,5,swing,left,roll,amplitude,"[0.000,0.005)",2,########################,0.04829099999999999,nan,0.20512531547648705
real,25/0.4 all_ankles,5,swing,left,roll,amplitude,"[0.005,0.010)",0,,nan,nan,nan
real,25/0.4 all_ankles,5,swing,left,roll,amplitude,"[0.010,0.020)",0,,nan,nan,nan
real,25/0.4 all_ankles,5,swing,left,roll,amplitude,"[0.020,0.040)",1,############,0.07986700000000001,2.096529558055864,0.11173891311428263
real,25/0.4 all_ankles,5,swing,left,roll,amplitude,"[0.040,0.080)",0,,nan,nan,nan
real,25/0.4 all_ankles,5,swing,left,roll,amplitude,"[0.080,1.000)",1,############,0.1409345,1.7132748117864876,0.03193308584794147
real,25/0.4 all_ankles,5,swing,right,pitch,frequency,"[0.00,1.00)",0,,nan,nan,nan
real,25/0.4 all_ankles,5,swing,right,pitch,frequency,"[1.00,2.50)",1,########################,0.531635,nan,0.49743449200792517
real,25/0.4 all_ankles,5,swing,right,pitch,frequency,"[2.50,5.00)",0,,nan,nan,nan
real,25/0.4 all_ankles,5,swing,right,pitch,frequency,"[5.00,8.00)",0,,nan,nan,nan
real,25/0.4 all_ankles,5,swing,right,pitch,frequency,"[8.00,12.00)",0,,nan,nan,nan
real,25/0.4 all_ankles,5,swing,right,pitch,frequency,"[12.00,20.00)",0,,nan,nan,nan
real,25/0.4 all_ankles,5,swing,right,pitch,frequency,"[20.00,1000.00)",0,,nan,nan,nan
real,25/0.4 all_ankles,5,swing,right,pitch,amplitude,"[0.000,0.005)",1,########################,0.531635,nan,0.49743449200792517
real,25/0.4 all_ankles,5,swing,right,pitch,amplitude,"[0.005,0.010)",0,,nan,nan,nan
real,25/0.4 all_ankles,5,swing,right,pitch,amplitude,"[0.010,0.020)",0,,nan,nan,nan
real,25/0.4 all_ankles,5,swing,right,pitch,amplitude,"[0.020,0.040)",0,,nan,nan,nan
real,25/0.4 all_ankles,5,swing,right,pitch,amplitude,"[0.040,0.080)",0,,nan,nan,nan
real,25/0.4 all_ankles,5,swing,right,pitch,amplitude,"[0.080,1.000)",0,,nan,nan,nan
real,25/0.4 all_ankles,5,swing,right,roll,frequency,"[0.00,1.00)",0,,nan,nan,nan
real,25/0.4 all_ankles,5,swing,right,roll,frequency,"[1.00,2.50)",0,,nan,nan,nan
real,25/0.4 all_ankles,5,swing,right,roll,frequency,"[2.50,5.00)",0,,nan,nan,nan
real,25/0.4 all_ankles,5,swing,right,roll,frequency,"[5.00,8.00)",0,,nan,nan,nan
real,25/0.4 all_ankles,5,swing,right,roll,frequency,"[8.00,12.00)",0,,nan,nan,nan
real,25/0.4 all_ankles,5,swing,right,roll,frequency,"[12.00,20.00)",3,##############,0.010646554666666667,0.06788456008048312,0.20729539744686168
real,25/0.4 all_ankles,5,swing,right,roll,frequency,"[20.00,1000.00)",5,########################,0.0095371272,0.3789589537277109,0.18110012976368825
real,25/0.4 all_ankles,5,swing,right,roll,amplitude,"[0.000,0.005)",0,,nan,nan,nan
real,25/0.4 all_ankles,5,swing,right,roll,amplitude,"[0.005,0.010)",0,,nan,nan,nan
real,25/0.4 all_ankles,5,swing,right,roll,amplitude,"[0.010,0.020)",2,############,0.012918268,0.8111808725043923,0.1789507660620643
real,25/0.4 all_ankles,5,swing,right,roll,amplitude,"[0.020,0.040)",2,############,0.0014909700000000012,0.040333154426638596,0.20106399137702036
real,25/0.4 all_ankles,5,swing,right,roll,amplitude,"[0.040,0.080)",0,,nan,nan,nan
real,25/0.4 all_ankles,5,swing,right,roll,amplitude,"[0.080,1.000)",4,########################,0.012701706,0.09885509875448549,0.19183933157021427
real,25/0.4 all_ankles,5,touchdown,left,pitch,frequency,"[0.00,1.00)",0,,nan,nan,nan
real,25/0.4 all_ankles,5,touchdown,left,pitch,frequency,"[1.00,2.50)",0,,nan,nan,nan
real,25/0.4 all_ankles,5,touchdown,left,pitch,frequency,"[2.50,5.00)",0,,nan,nan,nan
real,25/0.4 all_ankles,5,touchdown,left,pitch,frequency,"[5.00,8.00)",1,########################,0.2271863,11.723324216935872,0.395892918096863
real,25/0.4 all_ankles,5,touchdown,left,pitch,frequency,"[8.00,12.00)",1,########################,0.189252,3.0327388106341022,0.0552612718185168
real,25/0.4 all_ankles,5,touchdown,left,pitch,frequency,"[12.00,20.00)",0,,nan,nan,nan
real,25/0.4 all_ankles,5,touchdown,left,pitch,frequency,"[20.00,1000.00)",0,,nan,nan,nan
real,25/0.4 all_ankles,5,touchdown,left,pitch,amplitude,"[0.000,0.005)",0,,nan,nan,nan
real,25/0.4 all_ankles,5,touchdown,left,pitch,amplitude,"[0.005,0.010)",0,,nan,nan,nan
real,25/0.4 all_ankles,5,touchdown,left,pitch,amplitude,"[0.010,0.020)",1,########################,0.2271863,11.723324216935872,0.395892918096863
real,25/0.4 all_ankles,5,touchdown,left,pitch,amplitude,"[0.020,0.040)",0,,nan,nan,nan
real,25/0.4 all_ankles,5,touchdown,left,pitch,amplitude,"[0.040,0.080)",1,########################,0.189252,3.0327388106341022,0.0552612718185168
real,25/0.4 all_ankles,5,touchdown,left,pitch,amplitude,"[0.080,1.000)",0,,nan,nan,nan
real,25/0.4 all_ankles,5,touchdown,left,roll,frequency,"[0.00,1.00)",0,,nan,nan,nan
real,25/0.4 all_ankles,5,touchdown,left,roll,frequency,"[1.00,2.50)",0,,nan,nan,nan
real,25/0.4 all_ankles,5,touchdown,left,roll,frequency,"[2.50,5.00)",0,,nan,nan,nan
real,25/0.4 all_ankles,5,touchdown,left,roll,frequency,"[5.00,8.00)",0,,nan,nan,nan
real,25/0.4 all_ankles,5,touchdown,left,roll,frequency,"[8.00,12.00)",2,########################,0.027435150000000002,0.08208114222352808,0.2914393231580521
real,25/0.4 all_ankles,5,touchdown,left,roll,frequency,"[12.00,20.00)",0,,nan,nan,nan
real,25/0.4 all_ankles,5,touchdown,left,roll,frequency,"[20.00,1000.00)",1,############,0.0055739,0.1831230698469021,0.5830369329543741
real,25/0.4 all_ankles,5,touchdown,left,roll,amplitude,"[0.000,0.005)",0,,nan,nan,nan
real,25/0.4 all_ankles,5,touchdown,left,roll,amplitude,"[0.005,0.010)",0,,nan,nan,nan
real,25/0.4 all_ankles,5,touchdown,left,roll,amplitude,"[0.010,0.020)",0,,nan,nan,nan
real,25/0.4 all_ankles,5,touchdown,left,roll,amplitude,"[0.020,0.040)",1,############,0.0055739,0.1831230698469021,0.5830369329543741
real,25/0.4 all_ankles,5,touchdown,left,roll,amplitude,"[0.040,0.080)",0,,nan,nan,nan
real,25/0.4 all_ankles,5,touchdown,left,roll,amplitude,"[0.080,1.000)",2,########################,0.027435150000000002,0.08208114222352808,0.2914393231580521
real,25/0.4 all_ankles,5,touchdown,right,pitch,frequency,"[0.00,1.00)",0,,nan,nan,nan
real,25/0.4 all_ankles,5,touchdown,right,pitch,frequency,"[1.00,2.50)",0,,nan,nan,nan
real,25/0.4 all_ankles,5,touchdown,right,pitch,frequency,"[2.50,5.00)",0,,nan,nan,nan
real,25/0.4 all_ankles,5,touchdown,right,pitch,frequency,"[5.00,8.00)",1,############,0.061849299999999996,0.7045864139164512,0.5056492946573248
real,25/0.4 all_ankles,5,touchdown,right,pitch,frequency,"[8.00,12.00)",0,,nan,nan,nan
real,25/0.4 all_ankles,5,touchdown,right,pitch,frequency,"[12.00,20.00)",1,############,0.0816692,2.5847137386460703,0.2943543537192036
real,25/0.4 all_ankles,5,touchdown,right,pitch,frequency,"[20.00,1000.00)",2,########################,0.06472825,3.988310346608809,0.3118923349917019
real,25/0.4 all_ankles,5,touchdown,right,pitch,amplitude,"[0.000,0.005)",0,,nan,nan,nan
real,25/0.4 all_ankles,5,touchdown,right,pitch,amplitude,"[0.005,0.010)",1,########################,0.0522468,nan,0.41385774007154924
real,25/0.4 all_ankles,5,touchdown,right,pitch,amplitude,"[0.010,0.020)",1,########################,0.07720969999999999,3.988310346608809,0.20992692991185447
real,25/0.4 all_ankles,5,touchdown,right,pitch,amplitude,"[0.020,0.040)",1,########################,0.0816692,2.5847137386460703,0.2943543537192036
real,25/0.4 all_ankles,5,touchdown,right,pitch,amplitude,"[0.040,0.080)",0,,nan,nan,nan
real,25/0.4 all_ankles,5,touchdown,right,pitch,amplitude,"[0.080,1.000)",1,########################,0.061849299999999996,0.7045864139164512,0.5056492946573248
real,25/0.4 all_ankles,5,touchdown,right,roll,frequency,"[0.00,1.00)",0,,nan,nan,nan
real,25/0.4 all_ankles,5,touchdown,right,roll,frequency,"[1.00,2.50)",0,,nan,nan,nan
real,25/0.4 all_ankles,5,touchdown,right,roll,frequency,"[2.50,5.00)",0,,nan,nan,nan
real,25/0.4 all_ankles,5,touchdown,right,roll,frequency,"[5.00,8.00)",0,,nan,nan,nan
real,25/0.4 all_ankles,5,touchdown,right,roll,frequency,"[8.00,12.00)",1,############,0.012345000000000002,0.05341337190460965,0.11054445017676955
real,25/0.4 all_ankles,5,touchdown,right,roll,frequency,"[12.00,20.00)",1,############,0.047924299999999996,0.28886330553655215,0.0821765552664262
real,25/0.4 all_ankles,5,touchdown,right,roll,frequency,"[20.00,1000.00)",2,########################,0.0081181,0.18534691038926804,0.11900496154781655
real,25/0.4 all_ankles,5,touchdown,right,roll,amplitude,"[0.000,0.005)",0,,nan,nan,nan
real,25/0.4 all_ankles,5,touchdown,right,roll,amplitude,"[0.005,0.010)",0,,nan,nan,nan
real,25/0.4 all_ankles,5,touchdown,right,roll,amplitude,"[0.010,0.020)",0,,nan,nan,nan
real,25/0.4 all_ankles,5,touchdown,right,roll,amplitude,"[0.020,0.040)",1,########,0.011093099999999995,0.31322195272771414,0.0641128774360245
real,25/0.4 all_ankles,5,touchdown,right,roll,amplitude,"[0.040,0.080)",0,,nan,nan,nan
real,25/0.4 all_ankles,5,touchdown,right,roll,amplitude,"[0.080,1.000)",3,########################,0.021804133333333336,0.13324951516399458,0.1222060170342681
real,25/0.4 all_ankles,6,swing,left,pitch,frequency,"[0.00,1.00)",0,,nan,nan,nan
real,25/0.4 all_ankles,6,swing,left,pitch,frequency,"[1.00,2.50)",1,########################,0.08756470000000001,0.4758175297505843,0.46360330999391974
real,25/0.4 all_ankles,6,swing,left,pitch,frequency,"[2.50,5.00)",0,,nan,nan,nan
real,25/0.4 all_ankles,6,swing,left,pitch,frequency,"[5.00,8.00)",0,,nan,nan,nan
real,25/0.4 all_ankles,6,swing,left,pitch,frequency,"[8.00,12.00)",0,,nan,nan,nan
real,25/0.4 all_ankles,6,swing,left,pitch,frequency,"[12.00,20.00)",0,,nan,nan,nan
real,25/0.4 all_ankles,6,swing,left,pitch,frequency,"[20.00,1000.00)",0,,nan,nan,nan
real,25/0.4 all_ankles,6,swing,left,pitch,amplitude,"[0.000,0.005)",0,,nan,nan,nan
real,25/0.4 all_ankles,6,swing,left,pitch,amplitude,"[0.005,0.010)",0,,nan,nan,nan
real,25/0.4 all_ankles,6,swing,left,pitch,amplitude,"[0.010,0.020)",0,,nan,nan,nan
real,25/0.4 all_ankles,6,swing,left,pitch,amplitude,"[0.020,0.040)",0,,nan,nan,nan
real,25/0.4 all_ankles,6,swing,left,pitch,amplitude,"[0.040,0.080)",0,,nan,nan,nan
real,25/0.4 all_ankles,6,swing,left,pitch,amplitude,"[0.080,1.000)",1,########################,0.08756470000000001,0.4758175297505843,0.46360330999391974
real,25/0.4 all_ankles,6,swing,left,roll,frequency,"[0.00,1.00)",0,,nan,nan,nan
real,25/0.4 all_ankles,6,swing,left,roll,frequency,"[1.00,2.50)",0,,nan,nan,nan
real,25/0.4 all_ankles,6,swing,left,roll,frequency,"[2.50,5.00)",0,,nan,nan,nan
real,25/0.4 all_ankles,6,swing,left,roll,frequency,"[5.00,8.00)",1,########,0.0045166999999999985,0.02030004898942457,0.2636699743877088
real,25/0.4 all_ankles,6,swing,left,roll,frequency,"[8.00,12.00)",0,,nan,nan,nan
real,25/0.4 all_ankles,6,swing,left,roll,frequency,"[12.00,20.00)",3,########################,0.02352426666666667,0.3875481203387396,0.4540869984814484
real,25/0.4 all_ankles,6,swing,left,roll,frequency,"[20.00,1000.00)",1,########,0.0013972999999999972,0.0734338869035105,0.3584743387964332
real,25/0.4 all_ankles,6,swing,left,roll,amplitude,"[0.000,0.005)",0,,nan,nan,nan
real,25/0.4 all_ankles,6,swing,left,roll,amplitude,"[0.005,0.010)",1,############,0.002091700000000002,nan,0.3693022632120402
real,25/0.4 all_ankles,6,swing,left,roll,amplitude,"[0.010,0.020)",1,############,0.0013972999999999972,0.0734338869035105,0.3584743387964332
real,25/0.4 all_ankles,6,swing,left,roll,amplitude,"[0.020,0.040)",0,,nan,nan,nan
real,25/0.4 all_ankles,6,swing,left,roll,amplitude,"[0.040,0.080)",1,############,0.03992002,0.6681174895397493,0.5593444389049292
real,25/0.4 all_ankles,6,swing,left,roll,amplitude,"[0.080,1.000)",2,########################,0.01653889,0.06363940006357725,0.3486421338575423
real,25/0.4 all_ankles,6,swing,right,pitch,frequency,"[0.00,1.00)",0,,nan,nan,nan
real,25/0.4 all_ankles,6,swing,right,pitch,frequency,"[1.00,2.50)",0,,nan,nan,nan
real,25/0.4 all_ankles,6,swing,right,pitch,frequency,"[2.50,5.00)",0,,nan,nan,nan
real,25/0.4 all_ankles,6,swing,right,pitch,frequency,"[5.00,8.00)",0,,nan,nan,nan
real,25/0.4 all_ankles,6,swing,right,pitch,frequency,"[8.00,12.00)",2,########################,0.086729,5.766371651931493,0.14272131543119607
real,25/0.4 all_ankles,6,swing,right,pitch,frequency,"[12.00,20.00)",1,############,0.09790399999999999,2.5877937250548477,0.1593021442769996
real,25/0.4 all_ankles,6,swing,right,pitch,frequency,"[20.00,1000.00)",0,,nan,nan,nan
real,25/0.4 all_ankles,6,swing,right,pitch,amplitude,"[0.000,0.005)",0,,nan,nan,nan
real,25/0.4 all_ankles,6,swing,right,pitch,amplitude,"[0.005,0.010)",0,,nan,nan,nan
real,25/0.4 all_ankles,6,swing,right,pitch,amplitude,"[0.010,0.020)",1,############,0.101329,9.237760962713095,0.2258179331426832
real,25/0.4 all_ankles,6,swing,right,pitch,amplitude,"[0.020,0.040)",2,########################,0.0850165,2.44138803310237,0.10946342099835428
real,25/0.4 all_ankles,6,swing,right,pitch,amplitude,"[0.040,0.080)",0,,nan,nan,nan
real,25/0.4 all_ankles,6,swing,right,pitch,amplitude,"[0.080,1.000)",0,,nan,nan,nan
real,25/0.4 all_ankles,6,swing,right,roll,frequency,"[0.00,1.00)",0,,nan,nan,nan
real,25/0.4 all_ankles,6,swing,right,roll,frequency,"[1.00,2.50)",0,,nan,nan,nan
real,25/0.4 all_ankles,6,swing,right,roll,frequency,"[2.50,5.00)",0,,nan,nan,nan
real,25/0.4 all_ankles,6,swing,right,roll,frequency,"[5.00,8.00)",0,,nan,nan,nan
real,25/0.4 all_ankles,6,swing,right,roll,frequency,"[8.00,12.00)",0,,nan,nan,nan
real,25/0.4 all_ankles,6,swing,right,roll,frequency,"[12.00,20.00)",3,########################,0.02853293,1.9492655401274366,0.047282388466109264
real,25/0.4 all_ankles,6,swing,right,roll,frequency,"[20.00,1000.00)",1,########,0.01099420000000001,nan,0.11930523983716447
real,25/0.4 all_ankles,6,swing,right,roll,amplitude,"[0.000,0.005)",1,############,0.01099420000000001,nan,0.11930523983716447
real,25/0.4 all_ankles,6,swing,right,roll,amplitude,"[0.005,0.010)",0,,nan,nan,nan
real,25/0.4 all_ankles,6,swing,right,roll,amplitude,"[0.010,0.020)",2,########################,0.027033895,2.298774399612958,0.04168222534456465
real,25/0.4 all_ankles,6,swing,right,roll,amplitude,"[0.020,0.040)",1,############,0.031531,1.2502478211563932,0.058482714709198476
real,25/0.4 all_ankles,6,swing,right,roll,amplitude,"[0.040,0.080)",0,,nan,nan,nan
real,25/0.4 all_ankles,6,swing,right,roll,amplitude,"[0.080,1.000)",0,,nan,nan,nan
real,25/0.4 all_ankles,6,touchdown,left,pitch,frequency,"[0.00,1.00)",0,,nan,nan,nan
real,25/0.4 all_ankles,6,touchdown,left,pitch,frequency,"[1.00,2.50)",0,,nan,nan,nan
real,25/0.4 all_ankles,6,touchdown,left,pitch,frequency,"[2.50,5.00)",0,,nan,nan,nan
real,25/0.4 all_ankles,6,touchdown,left,pitch,frequency,"[5.00,8.00)",0,,nan,nan,nan
real,25/0.4 all_ankles,6,touchdown,left,pitch,frequency,"[8.00,12.00)",0,,nan,nan,nan
real,25/0.4 all_ankles,6,touchdown,left,pitch,frequency,"[12.00,20.00)",2,########################,0.08116715000000001,2.9148982163597146,0.2930538653332371
real,25/0.4 all_ankles,6,touchdown,left,pitch,frequency,"[20.00,1000.00)",2,########################,0.014852499999999998,0.07753918831866011,0.39321611579040194
real,25/0.4 all_ankles,6,touchdown,left,pitch,amplitude,"[0.000,0.005)",0,,nan,nan,nan
real,25/0.4 all_ankles,6,touchdown,left,pitch,amplitude,"[0.005,0.010)",1,############,0.026093999999999992,nan,0.3564864131955101
real,25/0.4 all_ankles,6,touchdown,left,pitch,amplitude,"[0.010,0.020)",1,############,0.04133260000000001,3.3603739837398368,0.35020014604785643
real,25/0.4 all_ankles,6,touchdown,left,pitch,amplitude,"[0.020,0.040)",0,,nan,nan,nan
real,25/0.4 all_ankles,6,touchdown,left,pitch,amplitude,"[0.040,0.080)",2,########################,0.06230635,1.2734808186491262,0.3329267015019558
real,25/0.4 all_ankles,6,touchdown,left,pitch,amplitude,"[0.080,1.000)",0,,nan,nan,nan
real,25/0.4 all_ankles,6,touchdown,left,roll,frequency,"[0.00,1.00)",0,,nan,nan,nan
real,25/0.4 all_ankles,6,touchdown,left,roll,frequency,"[1.00,2.50)",0,,nan,nan,nan
real,25/0.4 all_ankles,6,touchdown,left,roll,frequency,"[2.50,5.00)",0,,nan,nan,nan
real,25/0.4 all_ankles,6,touchdown,left,roll,frequency,"[5.00,8.00)",0,,nan,nan,nan
real,25/0.4 all_ankles,6,touchdown,left,roll,frequency,"[8.00,12.00)",0,,nan,nan,nan
real,25/0.4 all_ankles,6,touchdown,left,roll,frequency,"[12.00,20.00)",2,########################,0.04260285,1.281532788530352,0.05807881542206025
real,25/0.4 all_ankles,6,touchdown,left,roll,frequency,"[20.00,1000.00)",2,########################,0.00716905,0.21148967638301208,0.06622260568197925
real,25/0.4 all_ankles,6,touchdown,left,roll,amplitude,"[0.000,0.005)",0,,nan,nan,nan
real,25/0.4 all_ankles,6,touchdown,left,roll,amplitude,"[0.005,0.010)",1,############,0.0057012,nan,0.0604467714678515
real,25/0.4 all_ankles,6,touchdown,left,roll,amplitude,"[0.010,0.020)",1,############,0.02769635,1.5903093186033292,0.05260291497199775
real,25/0.4 all_ankles,6,touchdown,left,roll,amplitude,"[0.020,0.040)",0,,nan,nan,nan
real,25/0.4 all_ankles,6,touchdown,left,roll,amplitude,"[0.040,0.080)",2,########################,0.033073124999999995,0.5921229674201934,0.06777657788411487
real,25/0.4 all_ankles,6,touchdown,left,roll,amplitude,"[0.080,1.000)",0,,nan,nan,nan
real,25/0.4 all_ankles,6,touchdown,right,pitch,frequency,"[0.00,1.00)",0,,nan,nan,nan
real,25/0.4 all_ankles,6,touchdown,right,pitch,frequency,"[1.00,2.50)",0,,nan,nan,nan
real,25/0.4 all_ankles,6,touchdown,right,pitch,frequency,"[2.50,5.00)",0,,nan,nan,nan
real,25/0.4 all_ankles,6,touchdown,right,pitch,frequency,"[5.00,8.00)",0,,nan,nan,nan
real,25/0.4 all_ankles,6,touchdown,right,pitch,frequency,"[8.00,12.00)",1,########################,0.13539199999999998,0.9142486714250022,0.15891345371863355
real,25/0.4 all_ankles,6,touchdown,right,pitch,frequency,"[12.00,20.00)",0,,nan,nan,nan
real,25/0.4 all_ankles,6,touchdown,right,pitch,frequency,"[20.00,1000.00)",1,########################,0.0385703,nan,0.10491195854437506
real,25/0.4 all_ankles,6,touchdown,right,pitch,amplitude,"[0.000,0.005)",0,,nan,nan,nan
real,25/0.4 all_ankles,6,touchdown,right,pitch,amplitude,"[0.005,0.010)",1,########################,0.0385703,nan,0.10491195854437506
real,25/0.4 all_ankles,6,touchdown,right,pitch,amplitude,"[0.010,0.020)",0,,nan,nan,nan
real,25/0.4 all_ankles,6,touchdown,right,pitch,amplitude,"[0.020,0.040)",0,,nan,nan,nan
real,25/0.4 all_ankles,6,touchdown,right,pitch,amplitude,"[0.040,0.080)",0,,nan,nan,nan
real,25/0.4 all_ankles,6,touchdown,right,pitch,amplitude,"[0.080,1.000)",1,########################,0.13539199999999998,0.9142486714250022,0.15891345371863355
real,25/0.4 all_ankles,6,touchdown,right,roll,frequency,"[0.00,1.00)",0,,nan,nan,nan
real,25/0.4 all_ankles,6,touchdown,right,roll,frequency,"[1.00,2.50)",0,,nan,nan,nan
real,25/0.4 all_ankles,6,touchdown,right,roll,frequency,"[2.50,5.00)",0,,nan,nan,nan
real,25/0.4 all_ankles,6,touchdown,right,roll,frequency,"[5.00,8.00)",0,,nan,nan,nan
real,25/0.4 all_ankles,6,touchdown,right,roll,frequency,"[8.00,12.00)",0,,nan,nan,nan
real,25/0.4 all_ankles,6,touchdown,right,roll,frequency,"[12.00,20.00)",1,########,0.0552662,0.12184142902243254,0.2518049068949893
real,25/0.4 all_ankles,6,touchdown,right,roll,frequency,"[20.00,1000.00)",3,########################,0.02806816666666666,0.18521057495253346,0.26927405808067667
real,25/0.4 all_ankles,6,touchdown,right,roll,amplitude,"[0.000,0.005)",1,########,0.018302299999999994,nan,0.16505234660988616
real,25/0.4 all_ankles,6,touchdown,right,roll,amplitude,"[0.005,0.010)",0,,nan,nan,nan
real,25/0.4 all_ankles,6,touchdown,right,roll,amplitude,"[0.010,0.020)",0,,nan,nan,nan
real,25/0.4 all_ankles,6,touchdown,right,roll,amplitude,"[0.020,0.040)",0,,nan,nan,nan
real,25/0.4 all_ankles,6,touchdown,right,roll,amplitude,"[0.040,0.080)",0,,nan,nan,nan
real,25/0.4 all_ankles,6,touchdown,right,roll,amplitude,"[0.080,1.000)",3,########################,0.04038946666666666,0.16408752630916648,0.29819157817571107
real,30/0.4 all_ankles,1,swing,left,pitch,frequency,"[0.00,1.00)",0,,nan,nan,nan
real,30/0.4 all_ankles,1,swing,left,pitch,frequency,"[1.00,2.50)",0,,nan,nan,nan
real,30/0.4 all_ankles,1,swing,left,pitch,frequency,"[2.50,5.00)",0,,nan,nan,nan
real,30/0.4 all_ankles,1,swing,left,pitch,frequency,"[5.00,8.00)",1,######,0.025204999999999977,0.24933227816796888,0.07157294059419383
real,30/0.4 all_ankles,1,swing,left,pitch,frequency,"[8.00,12.00)",2,############,0.09485600000000001,4.05693693258052,0.0851941167047821
real,30/0.4 all_ankles,1,swing,left,pitch,frequency,"[12.00,20.00)",0,,nan,nan,nan
real,30/0.4 all_ankles,1,swing,left,pitch,frequency,"[20.00,1000.00)",4,########################,0.03173423999999999,0.22722886088457672,0.09793480865373591
real,30/0.4 all_ankles,1,swing,left,pitch,amplitude,"[0.000,0.005)",1,######,0.012395999999999963,nan,0.0133835205881462
real,30/0.4 all_ankles,1,swing,left,pitch,amplitude,"[0.005,0.010)",1,######,0.00796355,nan,0.07740907985762868
real,30/0.4 all_ankles,1,swing,left,pitch,amplitude,"[0.010,0.020)",0,,nan,nan,nan
real,30/0.4 all_ankles,1,swing,left,pitch,amplitude,"[0.020,0.040)",1,######,0.18376520000000002,8.060584261777345,0.08504002790905782
real,30/0.4 all_ankles,1,swing,left,pitch,amplitude,"[0.040,0.080)",0,,nan,nan,nan
real,30/0.4 all_ankles,1,swing,left,pitch,amplitude,"[0.080,1.000)",4,########################,0.03443230249999999,0.1892699008302042,0.11446694506596723
real,30/0.4 all_ankles,1,swing,left,roll,frequency,"[0.00,1.00)",0,,nan,nan,nan
real,30/0.4 all_ankles,1,swing,left,roll,frequency,"[1.00,2.50)",0,,nan,nan,nan
real,30/0.4 all_ankles,1,swing,left,roll,frequency,"[2.50,5.00)",0,,nan,nan,nan
real,30/0.4 all_ankles,1,swing,left,roll,frequency,"[5.00,8.00)",2,########################,0.060558193499999996,1.0303861939124206,0.1383321739434918
real,30/0.4 all_ankles,1,swing,left,roll,frequency,"[8.00,12.00)",1,############,0.0154301,0.8650904891121526,0.04807114988528289
real,30/0.4 all_ankles,1,swing,left,roll,frequency,"[12.00,20.00)",2,########################,0.0058568000000000005,0.009776207302709077,0.4684481035118022
real,30/0.4 all_ankles,1,swing,left,roll,frequency,"[20.00,1000.00)",1,############,0.008800000000000002,0.11139945566175072,0.3544995459520035
real,30/0.4 all_ankles,1,swing,left,roll,amplitude,"[0.000,0.005)",0,,nan,nan,nan
real,30/0.4 all_ankles,1,swing,left,roll,amplitude,"[0.005,0.010)",1,############,0.0098876,nan,0.45263597549493345
real,30/0.4 all_ankles,1,swing,left,roll,amplitude,"[0.010,0.020)",1,############,0.0154301,0.8650904891121526,0.04807114988528289
real,30/0.4 all_ankles,1,swing,left,roll,amplitude,"[0.020,0.040)",1,############,0.0663388,1.9316204474778416,0.029379824298332052
real,30/0.4 all_ankles,1,swing,left,roll,amplitude,"[0.040,0.080)",1,############,0.008800000000000002,0.11139945566175072,0.3544995459520035
real,30/0.4 all_ankles,1,swing,left,roll,amplitude,"[0.080,1.000)",2,########################,0.0283017935,0.0694640738248544,0.36577237755866127
real,30/0.4 all_ankles,1,swing,right,pitch,frequency,"[0.00,1.00)",0,,nan,nan,nan
real,30/0.4 all_ankles,1,swing,right,pitch,frequency,"[1.00,2.50)",0,,nan,nan,nan
real,30/0.4 all_ankles,1,swing,right,pitch,frequency,"[2.50,5.00)",0,,nan,nan,nan
real,30/0.4 all_ankles,1,swing,right,pitch,frequency,"[5.00,8.00)",1,########################,0.04766099999999998,0.14744954151146525,0.30900588410245117
real,30/0.4 all_ankles,1,swing,right,pitch,frequency,"[8.00,12.00)",1,########################,0.006189,0.026326311849179884,0.11407300854402723
real,30/0.4 all_ankles,1,swing,right,pitch,frequency,"[12.00,20.00)",1,########################,0.04103800000000002,0.10590752253612366,0.2334026232166254
real,30/0.4 all_ankles,1,swing,right,pitch,frequency,"[20.00,1000.00)",1,########################,0.020506999999999997,0.4039116818656318,0.04120052029606746
real,30/0.4 all_ankles,1,swing,right,pitch,amplitude,"[0.000,0.005)",0,,nan,nan,nan
real,30/0.4 all_ankles,1,swing,right,pitch,amplitude,"[0.005,0.010)",0,,nan,nan,nan
real,30/0.4 all_ankles,1,swing,right,pitch,amplitude,"[0.010,0.020)",0,,nan,nan,nan
real,30/0.4 all_ankles,1,swing,right,pitch,amplitude,"[0.020,0.040)",0,,nan,nan,nan
real,30/0.4 all_ankles,1,swing,right,pitch,amplitude,"[0.040,0.080)",1,########,0.020506999999999997,0.4039116818656318,0.04120052029606746
real,30/0.4 all_ankles,1,swing,right,pitch,amplitude,"[0.080,1.000)",3,########################,0.031629333333333336,0.0932277919655896,0.21882717195436793
real,30/0.4 all_ankles,1,swing,right,roll,frequency,"[0.00,1.00)",0,,nan,nan,nan
real,30/0.4 all_ankles,1,swing,right,roll,frequency,"[1.00,2.50)",0,,nan,nan,nan
real,30/0.4 all_ankles,1,swing,right,roll,frequency,"[2.50,5.00)",0,,nan,nan,nan
real,30/0.4 all_ankles,1,swing,right,roll,frequency,"[5.00,8.00)",1,########################,0.0002687000000000002,0.0015358849486704635,0.26217398421782623
real,30/0.4 all_ankles,1,swing,right,roll,frequency,"[8.00,12.00)",0,,nan,nan,nan
real,30/0.4 all_ankles,1,swing,right,roll,frequency,"[12.00,20.00)",0,,nan,nan,nan
real,30/0.4 all_ankles,1,swing,right,roll,frequency,"[20.00,1000.00)",1,########################,0.002203,nan,0.3272323420576324
real,30/0.4 all_ankles,1,swing,right,roll,amplitude,"[0.000,0.005)",1,########################,0.002203,nan,0.3272323420576324
real,30/0.4 all_ankles,1,swing,right,roll,amplitude,"[0.005,0.010)",0,,nan,nan,nan
real,30/0.4 all_ankles,1,swing,right,roll,amplitude,"[0.010,0.020)",0,,nan,nan,nan
real,30/0.4 all_ankles,1,swing,right,roll,amplitude,"[0.020,0.040)",0,,nan,nan,nan
real,30/0.4 all_ankles,1,swing,right,roll,amplitude,"[0.040,0.080)",0,,nan,nan,nan
real,30/0.4 all_ankles,1,swing,right,roll,amplitude,"[0.080,1.000)",1,########################,0.0002687000000000002,0.0015358849486704635,0.26217398421782623
real,30/0.4 all_ankles,1,touchdown,left,pitch,frequency,"[0.00,1.00)",0,,nan,nan,nan
real,30/0.4 all_ankles,1,touchdown,left,pitch,frequency,"[1.00,2.50)",0,,nan,nan,nan
real,30/0.4 all_ankles,1,touchdown,left,pitch,frequency,"[2.50,5.00)",1,########################,0.1771119,0.3670429208270532,0.22790892060632467
real,30/0.4 all_ankles,1,touchdown,left,pitch,frequency,"[5.00,8.00)",0,,nan,nan,nan
real,30/0.4 all_ankles,1,touchdown,left,pitch,frequency,"[8.00,12.00)",0,,nan,nan,nan
real,30/0.4 all_ankles,1,touchdown,left,pitch,frequency,"[12.00,20.00)",0,,nan,nan,nan
real,30/0.4 all_ankles,1,touchdown,left,pitch,frequency,"[20.00,1000.00)",0,,nan,nan,nan
real,30/0.4 all_ankles,1,touchdown,left,pitch,amplitude,"[0.000,0.005)",0,,nan,nan,nan
real,30/0.4 all_ankles,1,touchdown,left,pitch,amplitude,"[0.005,0.010)",0,,nan,nan,nan
real,30/0.4 all_ankles,1,touchdown,left,pitch,amplitude,"[0.010,0.020)",0,,nan,nan,nan
real,30/0.4 all_ankles,1,touchdown,left,pitch,amplitude,"[0.020,0.040)",0,,nan,nan,nan
real,30/0.4 all_ankles,1,touchdown,left,pitch,amplitude,"[0.040,0.080)",0,,nan,nan,nan
real,30/0.4 all_ankles,1,touchdown,left,pitch,amplitude,"[0.080,1.000)",1,########################,0.1771119,0.3670429208270532,0.22790892060632467
real,30/0.4 all_ankles,1,touchdown,left,roll,frequency,"[0.00,1.00)",0,,nan,nan,nan
real,30/0.4 all_ankles,1,touchdown,left,roll,frequency,"[1.00,2.50)",0,,nan,nan,nan
real,30/0.4 all_ankles,1,touchdown,left,roll,frequency,"[2.50,5.00)",0,,nan,nan,nan
real,30/0.4 all_ankles,1,touchdown,left,roll,frequency,"[5.00,8.00)",0,,nan,nan,nan
real,30/0.4 all_ankles,1,touchdown,left,roll,frequency,"[8.00,12.00)",0,,nan,nan,nan
real,30/0.4 all_ankles,1,touchdown,left,roll,frequency,"[12.00,20.00)",1,########,0.06708660000000001,4.476618176965152,0.3569115475085389
real,30/0.4 all_ankles,1,touchdown,left,roll,frequency,"[20.00,1000.00)",3,########################,0.03154627666666667,1.724169239150166,0.4580022483274573
real,30/0.4 all_ankles,1,touchdown,left,roll,amplitude,"[0.000,0.005)",1,############,0.02435253,nan,0.5013878736037284
real,30/0.4 all_ankles,1,touchdown,left,roll,amplitude,"[0.005,0.010)",1,############,0.0418013,nan,0.4215144464673265
real,30/0.4 all_ankles,1,touchdown,left,roll,amplitude,"[0.010,0.020)",2,########################,0.0477858,3.100393708057659,0.40400798620992795
real,30/0.4 all_ankles,1,touchdown,left,roll,amplitude,"[0.020,0.040)",0,,nan,nan,nan
real,30/0.4 all_ankles,1,touchdown,left,roll,amplitude,"[0.040,0.080)",0,,nan,nan,nan
real,30/0.4 all_ankles,1,touchdown,left,roll,amplitude,"[0.080,1.000)",0,,nan,nan,nan
real,30/0.4 all_ankles,1,touchdown,right,pitch,frequency,"[0.00,1.00)",0,,nan,nan,nan
real,30/0.4 all_ankles,1,touchdown,right,pitch,frequency,"[1.00,2.50)",0,,nan,nan,nan
real,30/0.4 all_ankles,1,touchdown,right,pitch,frequency,"[2.50,5.00)",0,,nan,nan,nan
real,30/0.4 all_ankles,1,touchdown,right,pitch,frequency,"[5.00,8.00)",0,,nan,nan,nan
real,30/0.4 all_ankles,1,touchdown,right,pitch,frequency,"[8.00,12.00)",2,########################,0.045184,0.2958409585759568,0.12208830588522726
real,30/0.4 all_ankles,1,touchdown,right,pitch,frequency,"[12.00,20.00)",0,,nan,nan,nan
real,30/0.4 all_ankles,1,touchdown,right,pitch,frequency,"[20.00,1000.00)",1,############,0.02782399999999996,1.8593958834536222,0.030246755556037164
real,30/0.4 all_ankles,1,touchdown,right,pitch,amplitude,"[0.000,0.005)",0,,nan,nan,nan
real,30/0.4 all_ankles,1,touchdown,right,pitch,amplitude,"[0.005,0.010)",0,,nan,nan,nan
real,30/0.4 all_ankles,1,touchdown,right,pitch,amplitude,"[0.010,0.020)",1,############,0.02782399999999996,1.8593958834536222,0.030246755556037164
real,30/0.4 all_ankles,1,touchdown,right,pitch,amplitude,"[0.020,0.040)",0,,nan,nan,nan
real,30/0.4 all_ankles,1,touchdown,right,pitch,amplitude,"[0.040,0.080)",0,,nan,nan,nan
real,30/0.4 all_ankles,1,touchdown,right,pitch,amplitude,"[0.080,1.000)",2,########################,0.045184,0.2958409585759568,0.12208830588522726
real,30/0.4 all_ankles,1,touchdown,right,roll,frequency,"[0.00,1.00)",0,,nan,nan,nan
real,30/0.4 all_ankles,1,touchdown,right,roll,frequency,"[1.00,2.50)",0,,nan,nan,nan
real,30/0.4 all_ankles,1,touchdown,right,roll,frequency,"[2.50,5.00)",0,,nan,nan,nan
real,30/0.4 all_ankles,1,touchdown,right,roll,frequency,"[5.00,8.00)",0,,nan,nan,nan
real,30/0.4 all_ankles,1,touchdown,right,roll,frequency,"[8.00,12.00)",0,,nan,nan,nan
real,30/0.4 all_ankles,1,touchdown,right,roll,frequency,"[12.00,20.00)",1,########,0.03743369999999999,3.0239924387465766,0.033437598263519164
real,30/0.4 all_ankles,1,touchdown,right,roll,frequency,"[20.00,1000.00)",3,########################,0.019542866666666662,0.7408791150348345,0.044741387933546796
real,30/0.4 all_ankles,1,touchdown,right,roll,amplitude,"[0.000,0.005)",2,########################,0.020955849999999998,nan,0.03486989087219423
real,30/0.4 all_ankles,1,touchdown,right,roll,amplitude,"[0.005,0.010)",0,,nan,nan,nan
real,30/0.4 all_ankles,1,touchdown,right,roll,amplitude,"[0.010,0.020)",1,############,0.03743369999999999,3.0239924387465766,0.033437598263519164
real,30/0.4 all_ankles,1,touchdown,right,roll,amplitude,"[0.020,0.040)",1,############,0.016716899999999993,0.7408791150348345,0.06448438205625194
real,30/0.4 all_ankles,1,touchdown,right,roll,amplitude,"[0.040,0.080)",0,,nan,nan,nan
real,30/0.4 all_ankles,1,touchdown,right,roll,amplitude,"[0.080,1.000)",0,,nan,nan,nan
real,30/0.4 all_ankles,2,swing,left,pitch,frequency,"[0.00,1.00)",0,,nan,nan,nan
real,30/0.4 all_ankles,2,swing,left,pitch,frequency,"[1.00,2.50)",0,,nan,nan,nan
real,30/0.4 all_ankles,2,swing,left,pitch,frequency,"[2.50,5.00)",1,############,0.2149351,0.45805603695561187,0.1705382492022307
real,30/0.4 all_ankles,2,swing,left,pitch,frequency,"[5.00,8.00)",0,,nan,nan,nan
real,30/0.4 all_ankles,2,swing,left,pitch,frequency,"[8.00,12.00)",1,############,0.01993057,0.17859893901105797,0.05947572880446765
real,30/0.4 all_ankles,2,swing,left,pitch,frequency,"[12.00,20.00)",0,,nan,nan,nan
real,30/0.4 all_ankles,2,swing,left,pitch,frequency,"[20.00,1000.00)",2,########################,0.012092400000000001,0.02440961235385387,0.10926456639382584
real,30/0.4 all_ankles,2,swing,left,pitch,amplitude,"[0.000,0.005)",0,,nan,nan,nan
real,30/0.4 all_ankles,2,swing,left,pitch,amplitude,"[0.005,0.010)",1,########,0.022186800000000003,nan,0.11223155981128186
real,30/0.4 all_ankles,2,swing,left,pitch,amplitude,"[0.010,0.020)",0,,nan,nan,nan
real,30/0.4 all_ankles,2,swing,left,pitch,amplitude,"[0.020,0.040)",0,,nan,nan,nan
real,30/0.4 all_ankles,2,swing,left,pitch,amplitude,"[0.040,0.080)",0,,nan,nan,nan
real,30/0.4 all_ankles,2,swing,left,pitch,amplitude,"[0.080,1.000)",3,########################,0.07895455666666666,0.2203548627735079,0.1121038503276894
real,30/0.4 all_ankles,2,swing,left,roll,frequency,"[0.00,1.00)",0,,nan,nan,nan
real,30/0.4 all_ankles,2,swing,left,roll,frequency,"[1.00,2.50)",0,,nan,nan,nan
real,30/0.4 all_ankles,2,swing,left,roll,frequency,"[2.50,5.00)",0,,nan,nan,nan
real,30/0.4 all_ankles,2,swing,left,roll,frequency,"[5.00,8.00)",0,,nan,nan,nan
real,30/0.4 all_ankles,2,swing,left,roll,frequency,"[8.00,12.00)",1,######,0.033346000000000015,0.1525616038504123,0.2163423494375127
real,30/0.4 all_ankles,2,swing,left,roll,frequency,"[12.00,20.00)",3,##################,0.03538989,2.063419044415034,0.4220520715906843
real,30/0.4 all_ankles,2,swing,left,roll,frequency,"[20.00,1000.00)",4,########################,0.027680100000000003,1.2419204713299512,0.4220710393648218
real,30/0.4 all_ankles,2,swing,left,roll,amplitude,"[0.000,0.005)",1,############,0.026207,nan,0.48918740805264327
real,30/0.4 all_ankles,2,swing,left,roll,amplitude,"[0.005,0.010)",2,########################,0.028274050000000002,nan,0.43025198132387643
real,30/0.4 all_ankles,2,swing,left,roll,amplitude,"[0.010,0.020)",2,########################,0.05001335,3.210718077707412,0.38456690588823506
real,30/0.4 all_ankles,2,swing,left,roll,amplitude,"[0.020,0.040)",0,,nan,nan,nan
real,30/0.4 all_ankles,2,swing,left,roll,amplitude,"[0.040,0.080)",1,############,0.0009077000000000009,0.011490600670928545,0.3663022089496276
real,30/0.4 all_ankles,2,swing,left,roll,amplitude,"[0.080,1.000)",2,########################,0.03327328500000001,0.1651569396273156,0.3428276651211795
real,30/0.4 all_ankles,2,swing,right,pitch,frequency,"[0.00,1.00)",0,,nan,nan,nan
real,30/0.4 all_ankles,2,swing,right,pitch,frequency,"[1.00,2.50)",0,,nan,nan,nan
real,30/0.4 all_ankles,2,swing,right,pitch,frequency,"[2.50,5.00)",0,,nan,nan,nan
real,30/0.4 all_ankles,2,swing,right,pitch,frequency,"[5.00,8.00)",1,########,0.07602899999999996,0.9524101818910652,0.051714687864039155
real,30/0.4 all_ankles,2,swing,right,pitch,frequency,"[8.00,12.00)",3,########################,0.11752496666666669,0.46361164229185486,0.1292437970002619
real,30/0.4 all_ankles,2,swing,right,pitch,frequency,"[12.00,20.00)",1,########,0.022804000000000046,0.2782264952050957,0.08568151797645744
real,30/0.4 all_ankles,2,swing,right,pitch,frequency,"[20.00,1000.00)",1,########,0.027883999999999964,1.8634055065490516,0.02212802592490647
real,30/0.4 all_ankles,2,swing,right,pitch,amplitude,"[0.000,0.005)",0,,nan,nan,nan
real,30/0.4 all_ankles,2,swing,right,pitch,amplitude,"[0.005,0.010)",0,,nan,nan,nan
real,30/0.4 all_ankles,2,swing,right,pitch,amplitude,"[0.010,0.020)",1,######,0.027883999999999964,1.8634055065490516,0.02212802592490647
real,30/0.4 all_ankles,2,swing,right,pitch,amplitude,"[0.020,0.040)",0,,nan,nan,nan
real,30/0.4 all_ankles,2,swing,right,pitch,amplitude,"[0.040,0.080)",1,######,0.07602899999999996,0.9524101818910652,0.051714687864039155
real,30/0.4 all_ankles,2,swing,right,pitch,amplitude,"[0.080,1.000)",4,########################,0.09384472500000003,0.4172653555201651,0.11835322724431077
real,30/0.4 all_ankles,2,swing,right,roll,frequency,"[0.00,1.00)",0,,nan,nan,nan
real,30/0.4 all_ankles,2,swing,right,roll,frequency,"[1.00,2.50)",0,,nan,nan,nan
real,30/0.4 all_ankles,2,swing,right,roll,frequency,"[2.50,5.00)",0,,nan,nan,nan
real,30/0.4 all_ankles,2,swing,right,roll,frequency,"[5.00,8.00)",0,,nan,nan,nan
real,30/0.4 all_ankles,2,swing,right,roll,frequency,"[8.00,12.00)",2,############,0.07501150000000001,4.007151724841161,0.07616240658448864
real,30/0.4 all_ankles,2,swing,right,roll,frequency,"[12.00,20.00)",3,##################,0.019944433333333334,1.7645448395024101,0.038688191259994516
real,30/0.4 all_ankles,2,swing,right,roll,frequency,"[20.00,1000.00)",4,########################,0.019118074999999998,0.3485696776448396,0.06739398956919343
real,30/0.4 all_ankles,2,swing,right,roll,amplitude,"[0.000,0.005)",4,########################,0.012206,nan,0.04043704419151222
real,30/0.4 all_ankles,2,swing,right,roll,amplitude,"[0.005,0.010)",0,,nan,nan,nan
real,30/0.4 all_ankles,2,swing,right,roll,amplitude,"[0.010,0.020)",2,############,0.08440575,5.254637845606947,0.05425019013246759
real,30/0.4 all_ankles,2,swing,right,roll,amplitude,"[0.020,0.040)",1,######,0.0231629,0.8939718488157127,0.07445823020809833
real,30/0.4 all_ankles,2,swing,right,roll,amplitude,"[0.040,0.080)",1,######,0.0091275,0.14014558865753501,0.0318693219123608
real,30/0.4 all_ankles,2,swing,right,roll,amplitude,"[0.080,1.000)",1,######,0.0364027,0.3485696776448396,0.16138923607429131
real,30/0.4 all_ankles,2,touchdown,left,pitch,frequency,"[0.00,1.00)",0,,nan,nan,nan
real,30/0.4 all_ankles,2,touchdown,left,pitch,frequency,"[1.00,2.50)",0,,nan,nan,nan
real,30/0.4 all_ankles,2,touchdown,left,pitch,frequency,"[2.50,5.00)",0,,nan,nan,nan
real,30/0.4 all_ankles,2,touchdown,left,pitch,frequency,"[5.00,8.00)",0,,nan,nan,nan
real,30/0.4 all_ankles,2,touchdown,left,pitch,frequency,"[8.00,12.00)",0,,nan,nan,nan
real,30/0.4 all_ankles,2,touchdown,left,pitch,frequency,"[12.00,20.00)",1,######,0.031705999999999984,0.08519614244678933,0.23711162410392284
real,30/0.4 all_ankles,2,touchdown,left,pitch,frequency,"[20.00,1000.00)",4,########################,0.02761625,0.868572576021659,0.12529133953872285
real,30/0.4 all_ankles,2,touchdown,left,pitch,amplitude,"[0.000,0.005)",0,,nan,nan,nan
real,30/0.4 all_ankles,2,touchdown,left,pitch,amplitude,"[0.005,0.010)",0,,nan,nan,nan
real,30/0.4 all_ankles,2,touchdown,left,pitch,amplitude,"[0.010,0.020)",0,,nan,nan,nan
real,30/0.4 all_ankles,2,touchdown,left,pitch,amplitude,"[0.020,0.040)",2,########################,0.0351325,1.3282768465799129,0.09012553267943718
real,30/0.4 all_ankles,2,touchdown,left,pitch,amplitude,"[0.040,0.080)",2,########################,0.0201,0.40886830546340514,0.1604571463980085
real,30/0.4 all_ankles,2,touchdown,left,pitch,amplitude,"[0.080,1.000)",1,############,0.031705999999999984,0.08519614244678933,0.23711162410392284
real,30/0.4 all_ankles,2,touchdown,left,roll,frequency,"[0.00,1.00)",0,,nan,nan,nan
real,30/0.4 all_ankles,2,touchdown,left,roll,frequency,"[1.00,2.50)",0,,nan,nan,nan
real,30/0.4 all_ankles,2,touchdown,left,roll,frequency,"[2.50,5.00)",0,,nan,nan,nan
real,30/0.4 all_ankles,2,touchdown,left,roll,frequency,"[5.00,8.00)",0,,nan,nan,nan
real,30/0.4 all_ankles,2,touchdown,left,roll,frequency,"[8.00,12.00)",0,,nan,nan,nan
real,30/0.4 all_ankles,2,touchdown,left,roll,frequency,"[12.00,20.00)",0,,nan,nan,nan
real,30/0.4 all_ankles,2,touchdown,left,roll,frequency,"[20.00,1000.00)",4,########################,0.057326725,1.2835014678632277,0.08659085358461524
real,30/0.4 all_ankles,2,touchdown,left,roll,amplitude,"[0.000,0.005)",1,########################,0.02993699999999999,nan,0.14799444653199798
real,30/0.4 all_ankles,2,touchdown,left,roll,amplitude,"[0.005,0.010)",1,########################,0.05997250000000001,nan,0.11401828264413379
real,30/0.4 all_ankles,2,touchdown,left,roll,amplitude,"[0.010,0.020)",0,,nan,nan,nan
real,30/0.4 all_ankles,2,touchdown,left,roll,amplitude,"[0.020,0.040)",1,########################,0.0755392,2.158429981292837,0.023692995492453038
real,30/0.4 all_ankles,2,touchdown,left,roll,amplitude,"[0.040,0.080)",0,,nan,nan,nan
real,30/0.4 all_ankles,2,touchdown,left,roll,amplitude,"[0.080,1.000)",1,########################,0.0638582,0.4085729544336182,0.06065768966987614
real,30/0.4 all_ankles,2,touchdown,right,pitch,frequency,"[0.00,1.00)",0,,nan,nan,nan
real,30/0.4 all_ankles,2,touchdown,right,pitch,frequency,"[1.00,2.50)",0,,nan,nan,nan
real,30/0.4 all_ankles,2,touchdown,right,pitch,frequency,"[2.50,5.00)",0,,nan,nan,nan
real,30/0.4 all_ankles,2,touchdown,right,pitch,frequency,"[5.00,8.00)",1,########################,0.008764099999999997,0.020372190371344245,0.44687638473787133
real,30/0.4 all_ankles,2,touchdown,right,pitch,frequency,"[8.00,12.00)",0,,nan,nan,nan
real,30/0.4 all_ankles,2,touchdown,right,pitch,frequency,"[12.00,20.00)",0,,nan,nan,nan
real,30/0.4 all_ankles,2,touchdown,right,pitch,frequency,"[20.00,1000.00)",0,,nan,nan,nan
real,30/0.4 all_ankles,2,touchdown,right,pitch,amplitude,"[0.000,0.005)",0,,nan,nan,nan
real,30/0.4 all_ankles,2,touchdown,right,pitch,amplitude,"[0.005,0.010)",0,,nan,nan,nan
real,30/0.4 all_ankles,2,touchdown,right,pitch,amplitude,"[0.010,0.020)",0,,nan,nan,nan
real,30/0.4 all_ankles,2,touchdown,right,pitch,amplitude,"[0.020,0.040)",0,,nan,nan,nan
real,30/0.4 all_ankles,2,touchdown,right,pitch,amplitude,"[0.040,0.080)",0,,nan,nan,nan
real,30/0.4 all_ankles,2,touchdown,right,pitch,amplitude,"[0.080,1.000)",1,########################,0.008764099999999997,0.020372190371344245,0.44687638473787133
real,30/0.4 all_ankles,2,touchdown,right,roll,frequency,"[0.00,1.00)",0,,nan,nan,nan
real,30/0.4 all_ankles,2,touchdown,right,roll,frequency,"[1.00,2.50)",0,,nan,nan,nan
real,30/0.4 all_ankles,2,touchdown,right,roll,frequency,"[2.50,5.00)",0,,nan,nan,nan
real,30/0.4 all_ankles,2,touchdown,right,roll,frequency,"[5.00,8.00)",0,,nan,nan,nan
real,30/0.4 all_ankles,2,touchdown,right,roll,frequency,"[8.00,12.00)",0,,nan,nan,nan
real,30/0.4 all_ankles,2,touchdown,right,roll,frequency,"[12.00,20.00)",2,########################,0.02097155,0.1197614988745444,0.2735390807759377
real,30/0.4 all_ankles,2,touchdown,right,roll,frequency,"[20.00,1000.00)",1,############,0.013790400000000001,0.0487623595205657,0.17046366068322794
real,30/0.4 all_ankles,2,touchdown,right,roll,amplitude,"[0.000,0.005)",0,,nan,nan,nan
real,30/0.4 all_ankles,2,touchdown,right,roll,amplitude,"[0.005,0.010)",0,,nan,nan,nan
real,30/0.4 all_ankles,2,touchdown,right,roll,amplitude,"[0.010,0.020)",0,,nan,nan,nan
real,30/0.4 all_ankles,2,touchdown,right,roll,amplitude,"[0.020,0.040)",0,,nan,nan,nan
real,30/0.4 all_ankles,2,touchdown,right,roll,amplitude,"[0.040,0.080)",0,,nan,nan,nan
real,30/0.4 all_ankles,2,touchdown,right,roll,amplitude,"[0.080,1.000)",3,########################,0.01857783333333333,0.09609511908988484,0.2391806074117011
real,30/0.4 all_ankles,3,swing,left,pitch,frequency,"[0.00,1.00)",0,,nan,nan,nan
real,30/0.4 all_ankles,3,swing,left,pitch,frequency,"[1.00,2.50)",0,,nan,nan,nan
real,30/0.4 all_ankles,3,swing,left,pitch,frequency,"[2.50,5.00)",0,,nan,nan,nan
real,30/0.4 all_ankles,3,swing,left,pitch,frequency,"[5.00,8.00)",0,,nan,nan,nan
real,30/0.4 all_ankles,3,swing,left,pitch,frequency,"[8.00,12.00)",0,,nan,nan,nan
real,30/0.4 all_ankles,3,swing,left,pitch,frequency,"[12.00,20.00)",1,#####,0.052375000000000005,nan,0.06988318569584533
real,30/0.4 all_ankles,3,swing,left,pitch,frequency,"[20.00,1000.00)",5,########################,0.0324048,0.8873507459562106,0.08646284358619531
real,30/0.4 all_ankles,3,swing,left,pitch,amplitude,"[0.000,0.005)",0,,nan,nan,nan
real,30/0.4 all_ankles,3,swing,left,pitch,amplitude,"[0.005,0.010)",1,############,0.052375000000000005,nan,0.06988318569584533
real,30/0.4 all_ankles,3,swing,left,pitch,amplitude,"[0.010,0.020)",0,,nan,nan,nan
real,30/0.4 all_ankles,3,swing,left,pitch,amplitude,"[0.020,0.040)",2,########################,0.04040949999999999,1.5254975609084545,0.05258159377688431
real,30/0.4 all_ankles,3,swing,left,pitch,amplitude,"[0.040,0.080)",2,########################,0.03221650000000001,0.6655752963554435,0.05160097406200086
real,30/0.4 all_ankles,3,swing,left,pitch,amplitude,"[0.080,1.000)",1,############,0.01677200000000001,0.05460801525325724,0.22394908225320623
real,30/0.4 all_ankles,3,swing,left,roll,frequency,"[0.00,1.00)",0,,nan,nan,nan
real,30/0.4 all_ankles,3,swing,left,roll,frequency,"[1.00,2.50)",0,,nan,nan,nan
real,30/0.4 all_ankles,3,swing,left,roll,frequency,"[2.50,5.00)",0,,nan,nan,nan
real,30/0.4 all_ankles,3,swing,left,roll,frequency,"[5.00,8.00)",0,,nan,nan,nan
real,30/0.4 all_ankles,3,swing,left,roll,frequency,"[8.00,12.00)",0,,nan,nan,nan
real,30/0.4 all_ankles,3,swing,left,roll,frequency,"[12.00,20.00)",3,##############,0.09190127,0.8130587481082292,0.13743195565609523
real,30/0.4 all_ankles,3,swing,left,roll,frequency,"[20.00,1000.00)",5,########################,0.04147692,0.8554090902467018,0.13564567222423762
real,30/0.4 all_ankles,3,swing,left,roll,amplitude,"[0.000,0.005)",4,########################,0.068303425,nan,0.10810531076959115
real,30/0.4 all_ankles,3,swing,left,roll,amplitude,"[0.005,0.010)",2,############,0.035033999999999996,nan,0.1721143295553732
real,30/0.4 all_ankles,3,swing,left,roll,amplitude,"[0.010,0.020)",0,,nan,nan,nan
real,30/0.4 all_ankles,3,swing,left,roll,amplitude,"[0.020,0.040)",1,######,0.02993699999999999,0.8554090902467018,0.14436547793496673
real,30/0.4 all_ankles,3,swing,left,roll,amplitude,"[0.040,0.080)",0,,nan,nan,nan
real,30/0.4 all_ankles,3,swing,left,roll,amplitude,"[0.080,1.000)",1,######,0.10986971000000001,0.8130587481082292,0.16950884796539606
real,30/0.4 all_ankles,3,swing,right,pitch,frequency,"[0.00,1.00)",0,,nan,nan,nan
real,30/0.4 all_ankles,3,swing,right,pitch,frequency,"[1.00,2.50)",1,########################,0.0567912,1.5388066980978705,0.4563983965338969
real,30/0.4 all_ankles,3,swing,right,pitch,frequency,"[2.50,5.00)",0,,nan,nan,nan
real,30/0.4 all_ankles,3,swing,right,pitch,frequency,"[5.00,8.00)",0,,nan,nan,nan
real,30/0.4 all_ankles,3,swing,right,pitch,frequency,"[8.00,12.00)",0,,nan,nan,nan
real,30/0.4 all_ankles,3,swing,right,pitch,frequency,"[12.00,20.00)",1,########################,0.1531843,4.150661139110173,0.34030887913722585
real,30/0.4 all_ankles,3,swing,right,pitch,frequency,"[20.00,1000.00)",0,,nan,nan,nan
real,30/0.4 all_ankles,3,swing,right,pitch,amplitude,"[0.000,0.005)",0,,nan,nan,nan
real,30/0.4 all_ankles,3,swing,right,pitch,amplitude,"[0.005,0.010)",0,,nan,nan,nan
real,30/0.4 all_ankles,3,swing,right,pitch,amplitude,"[0.010,0.020)",0,,nan,nan,nan
real,30/0.4 all_ankles,3,swing,right,pitch,amplitude,"[0.020,0.040)",2,########################,0.10498774999999999,2.8447339186040215,0.3983536378355614
real,30/0.4 all_ankles,3,swing,right,pitch,amplitude,"[0.040,0.080)",0,,nan,nan,nan
real,30/0.4 all_ankles,3,swing,right,pitch,amplitude,"[0.080,1.000)",0,,nan,nan,nan
real,30/0.4 all_ankles,3,swing,right,roll,frequency,"[0.00,1.00)",0,,nan,nan,nan
real,30/0.4 all_ankles,3,swing,right,roll,frequency,"[1.00,2.50)",0,,nan,nan,nan
real,30/0.4 all_ankles,3,swing,right,roll,frequency,"[2.50,5.00)",0,,nan,nan,nan
real,30/0.4 all_ankles,3,swing,right,roll,frequency,"[5.00,8.00)",1,#####,0.011120500000000005,0.05101146788990828,0.13548190912534228
real,30/0.4 all_ankles,3,swing,right,roll,frequency,"[8.00,12.00)",0,,nan,nan,nan
real,30/0.4 all_ankles,3,swing,right,roll,frequency,"[12.00,20.00)",5,########################,0.015880819999999997,0.5338764196859453,0.2284355957878113
real,30/0.4 all_ankles,3,swing,right,roll,frequency,"[20.00,1000.00)",1,#####,0.013656000000000001,0.8354337452587776,0.23953048953664893
real,30/0.4 all_ankles,3,swing,right,roll,amplitude,"[0.000,0.005)",0,,nan,nan,nan
real,30/0.4 all_ankles,3,swing,right,roll,amplitude,"[0.005,0.010)",0,,nan,nan,nan
real,30/0.4 all_ankles,3,swing,right,roll,amplitude,"[0.010,0.020)",2,############,0.0262351,1.5636926624138583,0.2031556884790624
real,30/0.4 all_ankles,3,swing,right,roll,amplitude,"[0.020,0.040)",1,######,0.002714999999999995,0.08847971321492565,0.20728191844683413
real,30/0.4 all_ankles,3,swing,right,roll,amplitude,"[0.040,0.080)",0,,nan,nan,nan
real,30/0.4 all_ankles,3,swing,right,roll,amplitude,"[0.080,1.000)",4,########################,0.012248849999999999,0.08499056838394245,0.22589927054902217
real,30/0.4 all_ankles,3,touchdown,left,pitch,frequency,"[0.00,1.00)",0,,nan,nan,nan
real,30/0.4 all_ankles,3,touchdown,left,pitch,frequency,"[1.00,2.50)",0,,nan,nan,nan
real,30/0.4 all_ankles,3,touchdown,left,pitch,frequency,"[2.50,5.00)",0,,nan,nan,nan
real,30/0.4 all_ankles,3,touchdown,left,pitch,frequency,"[5.00,8.00)",0,,nan,nan,nan
real,30/0.4 all_ankles,3,touchdown,left,pitch,frequency,"[8.00,12.00)",1,############,0.1669833,0.985605765485002,0.4201585801440457
real,30/0.4 all_ankles,3,touchdown,left,pitch,frequency,"[12.00,20.00)",0,,nan,nan,nan
real,30/0.4 all_ankles,3,touchdown,left,pitch,frequency,"[20.00,1000.00)",2,########################,0.10794255,0.9638494704283437,0.10578102769244685
real,30/0.4 all_ankles,3,touchdown,left,pitch,amplitude,"[0.000,0.005)",1,############,0.11305200000000001,nan,0.07349621295912691
real,30/0.4 all_ankles,3,touchdown,left,pitch,amplitude,"[0.005,0.010)",0,,nan,nan,nan
real,30/0.4 all_ankles,3,touchdown,left,pitch,amplitude,"[0.010,0.020)",0,,nan,nan,nan
real,30/0.4 all_ankles,3,touchdown,left,pitch,amplitude,"[0.020,0.040)",0,,nan,nan,nan
real,30/0.4 all_ankles,3,touchdown,left,pitch,amplitude,"[0.040,0.080)",0,,nan,nan,nan
real,30/0.4 all_ankles,3,touchdown,left,pitch,amplitude,"[0.080,1.000)",2,########################,0.1349082,0.9747276179566728,0.27911221128490626
real,30/0.4 all_ankles,3,touchdown,left,roll,frequency,"[0.00,1.00)",0,,nan,nan,nan
real,30/0.4 all_ankles,3,touchdown,left,roll,frequency,"[1.00,2.50)",0,,nan,nan,nan
real,30/0.4 all_ankles,3,touchdown,left,roll,frequency,"[2.50,5.00)",0,,nan,nan,nan
real,30/0.4 all_ankles,3,touchdown,left,roll,frequency,"[5.00,8.00)",0,,nan,nan,nan
real,30/0.4 all_ankles,3,touchdown,left,roll,frequency,"[8.00,12.00)",2,########################,0.168891,8.339480923168276,0.3723945354244808
real,30/0.4 all_ankles,3,touchdown,left,roll,frequency,"[12.00,20.00)",0,,nan,nan,nan
real,30/0.4 all_ankles,3,touchdown,left,roll,frequency,"[20.00,1000.00)",0,,nan,nan,nan
real,30/0.4 all_ankles,3,touchdown,left,roll,amplitude,"[0.000,0.005)",0,,nan,nan,nan
real,30/0.4 all_ankles,3,touchdown,left,roll,amplitude,"[0.005,0.010)",0,,nan,nan,nan
real,30/0.4 all_ankles,3,touchdown,left,roll,amplitude,"[0.010,0.020)",1,########################,0.312861,16.630034215683718,0.12626441873011637
real,30/0.4 all_ankles,3,touchdown,left,roll,amplitude,"[0.020,0.040)",0,,nan,nan,nan
real,30/0.4 all_ankles,3,touchdown,left,roll,amplitude,"[0.040,0.080)",0,,nan,nan,nan
real,30/0.4 all_ankles,3,touchdown,left,roll,amplitude,"[0.080,1.000)",1,########################,0.024921000000000026,0.048927630652833766,0.6185246521188452
real,30/0.4 all_ankles,3,touchdown,right,pitch,frequency,"[0.00,1.00)",0,,nan,nan,nan
real,30/0.4 all_ankles,3,touchdown,right,pitch,frequency,"[1.00,2.50)",0,,nan,nan,nan
real,30/0.4 all_ankles,3,touchdown,right,pitch,frequency,"[2.50,5.00)",1,########################,0.01375884,0.06304858266201095,0.38153433670820874
real,30/0.4 all_ankles,3,touchdown,right,pitch,frequency,"[5.00,8.00)",0,,nan,nan,nan
real,30/0.4 all_ankles,3,touchdown,right,pitch,frequency,"[8.00,12.00)",0,,nan,nan,nan
real,30/0.4 all_ankles,3,touchdown,right,pitch,frequency,"[12.00,20.00)",0,,nan,nan,nan
real,30/0.4 all_ankles,3,touchdown,right,pitch,frequency,"[20.00,1000.00)",0,,nan,nan,nan
real,30/0.4 all_ankles,3,touchdown,right,pitch,amplitude,"[0.000,0.005)",0,,nan,nan,nan
real,30/0.4 all_ankles,3,touchdown,right,pitch,amplitude,"[0.005,0.010)",0,,nan,nan,nan
real,30/0.4 all_ankles,3,touchdown,right,pitch,amplitude,"[0.010,0.020)",0,,nan,nan,nan
real,30/0.4 all_ankles,3,touchdown,right,pitch,amplitude,"[0.020,0.040)",0,,nan,nan,nan
real,30/0.4 all_ankles,3,touchdown,right,pitch,amplitude,"[0.040,0.080)",0,,nan,nan,nan
real,30/0.4 all_ankles,3,touchdown,right,pitch,amplitude,"[0.080,1.000)",1,########################,0.01375884,0.06304858266201095,0.38153433670820874
real,30/0.4 all_ankles,3,touchdown,right,roll,frequency,"[0.00,1.00)",0,,nan,nan,nan
real,30/0.4 all_ankles,3,touchdown,right,roll,frequency,"[1.00,2.50)",0,,nan,nan,nan
real,30/0.4 all_ankles,3,touchdown,right,roll,frequency,"[2.50,5.00)",0,,nan,nan,nan
real,30/0.4 all_ankles,3,touchdown,right,roll,frequency,"[5.00,8.00)",0,,nan,nan,nan
real,30/0.4 all_ankles,3,touchdown,right,roll,frequency,"[8.00,12.00)",1,########################,0.039665299999999994,0.29540124107053817,0.1268401369489452
real,30/0.4 all_ankles,3,touchdown,right,roll,frequency,"[12.00,20.00)",0,,nan,nan,nan
real,30/0.4 all_ankles,3,touchdown,right,roll,frequency,"[20.00,1000.00)",1,########################,0.05908016000000001,0.2157186463947188,0.37724550348776315
real,30/0.4 all_ankles,3,touchdown,right,roll,amplitude,"[0.000,0.005)",0,,nan,nan,nan
real,30/0.4 all_ankles,3,touchdown,right,roll,amplitude,"[0.005,0.010)",0,,nan,nan,nan
real,30/0.4 all_ankles,3,touchdown,right,roll,amplitude,"[0.010,0.020)",0,,nan,nan,nan
real,30/0.4 all_ankles,3,touchdown,right,roll,amplitude,"[0.020,0.040)",0,,nan,nan,nan
real,30/0.4 all_ankles,3,touchdown,right,roll,amplitude,"[0.040,0.080)",0,,nan,nan,nan
real,30/0.4 all_ankles,3,touchdown,right,roll,amplitude,"[0.080,1.000)",2,########################,0.049372730000000004,0.25555994373262847,0.25204282021835417
real,30/0.4 all_ankles,4,swing,left,pitch,frequency,"[0.00,1.00)",0,,nan,nan,nan
real,30/0.4 all_ankles,4,swing,left,pitch,frequency,"[1.00,2.50)",1,########################,0.10999239999999999,0.5325115950308393,0.45891080617081564
real,30/0.4 all_ankles,4,swing,left,pitch,frequency,"[2.50,5.00)",0,,nan,nan,nan
real,30/0.4 all_ankles,4,swing,left,pitch,frequency,"[5.00,8.00)",0,,nan,nan,nan
real,30/0.4 all_ankles,4,swing,left,pitch,frequency,"[8.00,12.00)",0,,nan,nan,nan
real,30/0.4 all_ankles,4,swing,left,pitch,frequency,"[12.00,20.00)",0,,nan,nan,nan
real,30/0.4 all_ankles,4,swing,left,pitch,frequency,"[20.00,1000.00)",0,,nan,nan,nan
real,30/0.4 all_ankles,4,swing,left,pitch,amplitude,"[0.000,0.005)",0,,nan,nan,nan
real,30/0.4 all_ankles,4,swing,left,pitch,amplitude,"[0.005,0.010)",0,,nan,nan,nan
real,30/0.4 all_ankles,4,swing,left,pitch,amplitude,"[0.010,0.020)",0,,nan,nan,nan
real,30/0.4 all_ankles,4,swing,left,pitch,amplitude,"[0.020,0.040)",0,,nan,nan,nan
real,30/0.4 all_ankles,4,swing,left,pitch,amplitude,"[0.040,0.080)",0,,nan,nan,nan
real,30/0.4 all_ankles,4,swing,left,pitch,amplitude,"[0.080,1.000)",1,########################,0.10999239999999999,0.5325115950308393,0.45891080617081564
real,30/0.4 all_ankles,4,swing,left,roll,frequency,"[0.00,1.00)",0,,nan,nan,nan
real,30/0.4 all_ankles,4,swing,left,roll,frequency,"[1.00,2.50)",0,,nan,nan,nan
real,30/0.4 all_ankles,4,swing,left,roll,frequency,"[2.50,5.00)",0,,nan,nan,nan
real,30/0.4 all_ankles,4,swing,left,roll,frequency,"[5.00,8.00)",1,########,0.269615,0.7283899587196612,0.1455984530291445
real,30/0.4 all_ankles,4,swing,left,roll,frequency,"[8.00,12.00)",1,########,0.012762599999999999,0.083169439502649,0.41886141776676966
real,30/0.4 all_ankles,4,swing,left,roll,frequency,"[12.00,20.00)",1,########,0.02548239999999999,0.18106011084268858,0.22350540169658092
real,30/0.4 all_ankles,4,swing,left,roll,frequency,"[20.00,1000.00)",3,########################,0.020414466666666662,1.3542125821186424,0.283657684219424
real,30/0.4 all_ankles,4,swing,left,roll,amplitude,"[0.000,0.005)",0,,nan,nan,nan
real,30/0.4 all_ankles,4,swing,left,roll,amplitude,"[0.005,0.010)",0,,nan,nan,nan
real,30/0.4 all_ankles,4,swing,left,roll,amplitude,"[0.010,0.020)",2,################,0.018688999999999997,1.5945596037515157,0.1455096599603188
real,30/0.4 all_ankles,4,swing,left,roll,amplitude,"[0.020,0.040)",1,########,0.0238654,0.8735185388528958,0.5599537327376344
real,30/0.4 all_ankles,4,swing,left,roll,amplitude,"[0.040,0.080)",0,,nan,nan,nan
real,30/0.4 all_ankles,4,swing,left,roll,amplitude,"[0.080,1.000)",3,########################,0.10261999999999999,0.3308731696883329,0.2626550908308317
real,30/0.4 all_ankles,4,swing,right,pitch,frequency,"[0.00,1.00)",0,,nan,nan,nan
real,30/0.4 all_ankles,4,swing,right,pitch,frequency,"[1.00,2.50)",0,,nan,nan,nan
real,30/0.4 all_ankles,4,swing,right,pitch,frequency,"[2.50,5.00)",0,,nan,nan,nan
real,30/0.4 all_ankles,4,swing,right,pitch,frequency,"[5.00,8.00)",1,########################,0.12404599999999999,0.6389776028681514,0.13073209799635666
real,30/0.4 all_ankles,4,swing,right,pitch,frequency,"[8.00,12.00)",0,,nan,nan,nan
real,30/0.4 all_ankles,4,swing,right,pitch,frequency,"[12.00,20.00)",1,########################,0.004477999999999982,0.11460012795905257,0.06695026274406995
real,30/0.4 all_ankles,4,swing,right,pitch,frequency,"[20.00,1000.00)",0,,nan,nan,nan
real,30/0.4 all_ankles,4,swing,right,pitch,amplitude,"[0.000,0.005)",0,,nan,nan,nan
real,30/0.4 all_ankles,4,swing,right,pitch,amplitude,"[0.005,0.010)",0,,nan,nan,nan
real,30/0.4 all_ankles,4,swing,right,pitch,amplitude,"[0.010,0.020)",0,,nan,nan,nan
real,30/0.4 all_ankles,4,swing,right,pitch,amplitude,"[0.020,0.040)",1,########################,0.004477999999999982,0.11460012795905257,0.06695026274406995
real,30/0.4 all_ankles,4,swing,right,pitch,amplitude,"[0.040,0.080)",0,,nan,nan,nan
real,30/0.4 all_ankles,4,swing,right,pitch,amplitude,"[0.080,1.000)",1,########################,0.12404599999999999,0.6389776028681514,0.13073209799635666
real,30/0.4 all_ankles,4,swing,right,roll,frequency,"[0.00,1.00)",0,,nan,nan,nan
real,30/0.4 all_ankles,4,swing,right,roll,frequency,"[1.00,2.50)",0,,nan,nan,nan
real,30/0.4 all_ankles,4,swing,right,roll,frequency,"[2.50,5.00)",0,,nan,nan,nan
real,30/0.4 all_ankles,4,swing,right,roll,frequency,"[5.00,8.00)",0,,nan,nan,nan
real,30/0.4 all_ankles,4,swing,right,roll,frequency,"[8.00,12.00)",0,,nan,nan,nan
real,30/0.4 all_ankles,4,swing,right,roll,frequency,"[12.00,20.00)",2,############,0.04154655,2.979881089439598,0.10471473262628458
real,30/0.4 all_ankles,4,swing,right,roll,frequency,"[20.00,1000.00)",4,########################,0.034881175,1.1990815988701817,0.11232021899753394
real,30/0.4 all_ankles,4,swing,right,roll,amplitude,"[0.000,0.005)",1,########,0.015579048,nan,0.06249558256709325
real,30/0.4 all_ankles,4,swing,right,roll,amplitude,"[0.005,0.010)",0,,nan,nan,nan
real,30/0.4 all_ankles,4,swing,right,roll,amplitude,"[0.010,0.020)",2,################,0.04154655,2.979881089439598,0.10471473262628458
real,30/0.4 all_ankles,4,swing,right,roll,amplitude,"[0.020,0.040)",3,########################,0.04131521733333333,1.1990815988701817,0.12892843114101418
real,30/0.4 all_ankles,4,swing,right,roll,amplitude,"[0.040,0.080)",0,,nan,nan,nan
real,30/0.4 all_ankles,4,swing,right,roll,amplitude,"[0.080,1.000)",0,,nan,nan,nan
real,30/0.4 all_ankles,4,touchdown,left,pitch,frequency,"[0.00,1.00)",0,,nan,nan,nan
real,30/0.4 all_ankles,4,touchdown,left,pitch,frequency,"[1.00,2.50)",0,,nan,nan,nan
real,30/0.4 all_ankles,4,touchdown,left,pitch,frequency,"[2.50,5.00)",0,,nan,nan,nan
real,30/0.4 all_ankles,4,touchdown,left,pitch,frequency,"[5.00,8.00)",0,,nan,nan,nan
real,30/0.4 all_ankles,4,touchdown,left,pitch,frequency,"[8.00,12.00)",0,,nan,nan,nan
real,30/0.4 all_ankles,4,touchdown,left,pitch,frequency,"[12.00,20.00)",0,,nan,nan,nan
real,30/0.4 all_ankles,4,touchdown,left,pitch,frequency,"[20.00,1000.00)",4,########################,0.06030460000000001,1.716570029393723,0.22057437791471005
real,30/0.4 all_ankles,4,touchdown,left,pitch,amplitude,"[0.000,0.005)",0,,nan,nan,nan
real,30/0.4 all_ankles,4,touchdown,left,pitch,amplitude,"[0.005,0.010)",0,,nan,nan,nan
real,30/0.4 all_ankles,4,touchdown,left,pitch,amplitude,"[0.010,0.020)",1,############,0.0170789,1.2957211137243003,0.2811872313815476
real,30/0.4 all_ankles,4,touchdown,left,pitch,amplitude,"[0.020,0.040)",1,############,0.087365,2.608299746230781,0.12482711477346044
real,30/0.4 all_ankles,4,touchdown,left,pitch,amplitude,"[0.040,0.080)",2,########################,0.06838725000000001,1.4811296288099052,0.2381415827519161
real,30/0.4 all_ankles,4,touchdown,left,pitch,amplitude,"[0.080,1.000)",0,,nan,nan,nan
real,30/0.4 all_ankles,4,touchdown,left,roll,frequency,"[0.00,1.00)",0,,nan,nan,nan
real,30/0.4 all_ankles,4,touchdown,left,roll,frequency,"[1.00,2.50)",0,,nan,nan,nan
real,30/0.4 all_ankles,4,touchdown,left,roll,frequency,"[2.50,5.00)",0,,nan,nan,nan
real,30/0.4 all_ankles,4,touchdown,left,roll,frequency,"[5.00,8.00)",0,,nan,nan,nan
real,30/0.4 all_ankles,4,touchdown,left,roll,frequency,"[8.00,12.00)",0,,nan,nan,nan
real,30/0.4 all_ankles,4,touchdown,left,roll,frequency,"[12.00,20.00)",1,########################,0.008032000000000011,0.3695831927993862,0.1824710058830033
real,30/0.4 all_ankles,4,touchdown,left,roll,frequency,"[20.00,1000.00)",1,########################,0.046693999999999986,nan,0.17062542883835738
real,30/0.4 all_ankles,4,touchdown,left,roll,amplitude,"[0.000,0.005)",0,,nan,nan,nan
real,30/0.4 all_ankles,4,touchdown,left,roll,amplitude,"[0.005,0.010)",1,########################,0.046693999999999986,nan,0.17062542883835738
real,30/0.4 all_ankles,4,touchdown,left,roll,amplitude,"[0.010,0.020)",0,,nan,nan,nan
real,30/0.4 all_ankles,4,touchdown,left,roll,amplitude,"[0.020,0.040)",1,########################,0.008032000000000011,0.3695831927993862,0.1824710058830033
real,30/0.4 all_ankles,4,touchdown,left,roll,amplitude,"[0.040,0.080)",0,,nan,nan,nan
real,30/0.4 all_ankles,4,touchdown,left,roll,amplitude,"[0.080,1.000)",0,,nan,nan,nan
real,30/0.4 all_ankles,4,touchdown,right,pitch,frequency,"[0.00,1.00)",0,,nan,nan,nan
real,30/0.4 all_ankles,4,touchdown,right,pitch,frequency,"[1.00,2.50)",0,,nan,nan,nan
real,30/0.4 all_ankles,4,touchdown,right,pitch,frequency,"[2.50,5.00)",0,,nan,nan,nan
real,30/0.4 all_ankles,4,touchdown,right,pitch,frequency,"[5.00,8.00)",0,,nan,nan,nan
real,30/0.4 all_ankles,4,touchdown,right,pitch,frequency,"[8.00,12.00)",1,########################,0.070657,0.29654796130359057,0.18925147475913717
real,30/0.4 all_ankles,4,touchdown,right,pitch,frequency,"[12.00,20.00)",0,,nan,nan,nan
real,30/0.4 all_ankles,4,touchdown,right,pitch,frequency,"[20.00,1000.00)",1,########################,0.0020469999999999933,0.033223615872026484,0.12347293265776917
real,30/0.4 all_ankles,4,touchdown,right,pitch,amplitude,"[0.000,0.005)",0,,nan,nan,nan
real,30/0.4 all_ankles,4,touchdown,right,pitch,amplitude,"[0.005,0.010)",0,,nan,nan,nan
real,30/0.4 all_ankles,4,touchdown,right,pitch,amplitude,"[0.010,0.020)",0,,nan,nan,nan
real,30/0.4 all_ankles,4,touchdown,right,pitch,amplitude,"[0.020,0.040)",0,,nan,nan,nan
real,30/0.4 all_ankles,4,touchdown,right,pitch,amplitude,"[0.040,0.080)",1,########################,0.0020469999999999933,0.033223615872026484,0.12347293265776917
real,30/0.4 all_ankles,4,touchdown,right,pitch,amplitude,"[0.080,1.000)",1,########################,0.070657,0.29654796130359057,0.18925147475913717
real,30/0.4 all_ankles,4,touchdown,right,roll,frequency,"[0.00,1.00)",0,,nan,nan,nan
real,30/0.4 all_ankles,4,touchdown,right,roll,frequency,"[1.00,2.50)",0,,nan,nan,nan
real,30/0.4 all_ankles,4,touchdown,right,roll,frequency,"[2.50,5.00)",0,,nan,nan,nan
real,30/0.4 all_ankles,4,touchdown,right,roll,frequency,"[5.00,8.00)",0,,nan,nan,nan
real,30/0.4 all_ankles,4,touchdown,right,roll,frequency,"[8.00,12.00)",0,,nan,nan,nan
real,30/0.4 all_ankles,4,touchdown,right,roll,frequency,"[12.00,20.00)",0,,nan,nan,nan
real,30/0.4 all_ankles,4,touchdown,right,roll,frequency,"[20.00,1000.00)",7,########################,0.02261594171428571,0.19479138672710364,0.26469836125606705
real,30/0.4 all_ankles,4,touchdown,right,roll,amplitude,"[0.000,0.005)",0,,nan,nan,nan
real,30/0.4 all_ankles,4,touchdown,right,roll,amplitude,"[0.005,0.010)",0,,nan,nan,nan
real,30/0.4 all_ankles,4,touchdown,right,roll,amplitude,"[0.010,0.020)",0,,nan,nan,nan
real,30/0.4 all_ankles,4,touchdown,right,roll,amplitude,"[0.020,0.040)",1,########,0.00574231,0.16234055184892024,0.27219335422692587
real,30/0.4 all_ankles,4,touchdown,right,roll,amplitude,"[0.040,0.080)",3,########################,0.013506356666666669,0.18874188612110623,0.2859847364911168
real,30/0.4 all_ankles,4,touchdown,right,roll,amplitude,"[0.080,1.000)",3,########################,0.037350070666666665,0.21165783229249555,0.24091365503073092
real,30/0.4 all_ankles,5,swing,left,pitch,frequency,"[0.00,1.00)",0,,nan,nan,nan
real,30/0.4 all_ankles,5,swing,left,pitch,frequency,"[1.00,2.50)",0,,nan,nan,nan
real,30/0.4 all_ankles,5,swing,left,pitch,frequency,"[2.50,5.00)",1,############,0.1158643,2.4648832063991835,0.4158766622607231
real,30/0.4 all_ankles,5,swing,left,pitch,frequency,"[5.00,8.00)",0,,nan,nan,nan
real,30/0.4 all_ankles,5,swing,left,pitch,frequency,"[8.00,12.00)",1,############,0.4322825,4.059486134457726,0.24107528685589935
real,30/0.4 all_ankles,5,swing,left,pitch,frequency,"[12.00,20.00)",1,############,0.047791999999999946,0.9120958815221945,0.20858875744248542
real,30/0.4 all_ankles,5,swing,left,pitch,frequency,"[20.00,1000.00)",2,########################,0.10270825000000001,3.2421265461465296,0.19263071854788744
real,30/0.4 all_ankles,5,swing,left,pitch,amplitude,"[0.000,0.005)",0,,nan,nan,nan
real,30/0.4 all_ankles,5,swing,left,pitch,amplitude,"[0.005,0.010)",1,############,0.13726700000000003,nan,0.15397161810000354
real,30/0.4 all_ankles,5,swing,left,pitch,amplitude,"[0.010,0.020)",0,,nan,nan,nan
real,30/0.4 all_ankles,5,swing,left,pitch,amplitude,"[0.020,0.040)",1,############,0.0681495,3.2421265461465296,0.23128981899577133
real,30/0.4 all_ankles,5,swing,left,pitch,amplitude,"[0.040,0.080)",2,########################,0.08182814999999997,1.688489543960689,0.3122327098516043
real,30/0.4 all_ankles,5,swing,left,pitch,amplitude,"[0.080,1.000)",1,############,0.4322825,4.059486134457726,0.24107528685589935
real,30/0.4 all_ankles,5,swing,left,roll,frequency,"[0.00,1.00)",0,,nan,nan,nan
real,30/0.4 all_ankles,5,swing,left,roll,frequency,"[1.00,2.50)",0,,nan,nan,nan
real,30/0.4 all_ankles,5,swing,left,roll,frequency,"[2.50,5.00)",0,,nan,nan,nan
real,30/0.4 all_ankles,5,swing,left,roll,frequency,"[5.00,8.00)",0,,nan,nan,nan
real,30/0.4 all_ankles,5,swing,left,roll,frequency,"[8.00,12.00)",2,########,0.11096040000000001,1.7397531859600812,0.1315698737279605
real,30/0.4 all_ankles,5,swing,left,roll,frequency,"[12.00,20.00)",1,####,0.0876064,0.36423748544819556,0.36025973068324957
real,30/0.4 all_ankles,5,swing,left,roll,frequency,"[20.00,1000.00)",6,########################,0.038940316666666676,0.549170618476268,0.30012388092976394
real,30/0.4 all_ankles,5,swing,left,roll,amplitude,"[0.000,0.005)",0,,nan,nan,nan
real,30/0.4 all_ankles,5,swing,left,roll,amplitude,"[0.005,0.010)",1,#####,0.10966020000000001,nan,0.056179686769893385
real,30/0.4 all_ankles,5,swing,left,roll,amplitude,"[0.010,0.020)",0,,nan,nan,nan
real,30/0.4 all_ankles,5,swing,left,roll,amplitude,"[0.020,0.040)",1,#####,0.020928000000000002,0.7062873342107924,0.22871555872524285
real,30/0.4 all_ankles,5,swing,left,roll,amplitude,"[0.040,0.080)",5,########################,0.05261310000000001,1.0243876016157132,0.3176744809999964
real,30/0.4 all_ankles,5,swing,left,roll,amplitude,"[0.080,1.000)",2,##########,0.07475770000000001,0.38068580373017,0.275437556611318
real,30/0.4 all_ankles,5,swing,right,pitch,frequency,"[0.00,1.00)",0,,nan,nan,nan
real,30/0.4 all_ankles,5,swing,right,pitch,frequency,"[1.00,2.50)",0,,nan,nan,nan
real,30/0.4 all_ankles,5,swing,right,pitch,frequency,"[2.50,5.00)",0,,nan,nan,nan
real,30/0.4 all_ankles,5,swing,right,pitch,frequency,"[5.00,8.00)",0,,nan,nan,nan
real,30/0.4 all_ankles,5,swing,right,pitch,frequency,"[8.00,12.00)",3,########################,0.13196726666666667,1.583739492931981,0.10160744143696422
real,30/0.4 all_ankles,5,swing,right,pitch,frequency,"[12.00,20.00)",0,,nan,nan,nan
real,30/0.4 all_ankles,5,swing,right,pitch,frequency,"[20.00,1000.00)",1,########,0.054232999999999976,1.0499080437518142,0.16760220797471614
real,30/0.4 all_ankles,5,swing,right,pitch,amplitude,"[0.000,0.005)",0,,nan,nan,nan
real,30/0.4 all_ankles,5,swing,right,pitch,amplitude,"[0.005,0.010)",0,,nan,nan,nan
real,30/0.4 all_ankles,5,swing,right,pitch,amplitude,"[0.010,0.020)",0,,nan,nan,nan
real,30/0.4 all_ankles,5,swing,right,pitch,amplitude,"[0.020,0.040)",0,,nan,nan,nan
real,30/0.4 all_ankles,5,swing,right,pitch,amplitude,"[0.040,0.080)",2,########################,0.1344325,2.3818571070246284,0.11150101406650557
real,30/0.4 all_ankles,5,swing,right,pitch,amplitude,"[0.080,1.000)",2,########################,0.0906349,0.5187061542492502,0.12471125207629884
real,30/0.4 all_ankles,5,swing,right,roll,frequency,"[0.00,1.00)",0,,nan,nan,nan
real,30/0.4 all_ankles,5,swing,right,roll,frequency,"[1.00,2.50)",0,,nan,nan,nan
real,30/0.4 all_ankles,5,swing,right,roll,frequency,"[2.50,5.00)",1,########################,0.0770254,0.15282171606636463,0.3107931503501106
real,30/0.4 all_ankles,5,swing,right,roll,frequency,"[5.00,8.00)",0,,nan,nan,nan
real,30/0.4 all_ankles,5,swing,right,roll,frequency,"[8.00,12.00)",1,########################,0.004808200000000002,0.05260008423539967,0.04078930940834095
real,30/0.4 all_ankles,5,swing,right,roll,frequency,"[12.00,20.00)",1,########################,0.001086199999999999,0.04569414120507671,0.01620671742685807
real,30/0.4 all_ankles,5,swing,right,roll,frequency,"[20.00,1000.00)",0,,nan,nan,nan
real,30/0.4 all_ankles,5,swing,right,roll,amplitude,"[0.000,0.005)",0,,nan,nan,nan
real,30/0.4 all_ankles,5,swing,right,roll,amplitude,"[0.005,0.010)",0,,nan,nan,nan
real,30/0.4 all_ankles,5,swing,right,roll,amplitude,"[0.010,0.020)",0,,nan,nan,nan
real,30/0.4 all_ankles,5,swing,right,roll,amplitude,"[0.020,0.040)",1,############,0.001086199999999999,0.04569414120507671,0.01620671742685807
real,30/0.4 all_ankles,5,swing,right,roll,amplitude,"[0.040,0.080)",0,,nan,nan,nan
real,30/0.4 all_ankles,5,swing,right,roll,amplitude,"[0.080,1.000)",2,########################,0.040916799999999996,0.10271090015088215,0.1757912298792258
real,30/0.4 all_ankles,5,touchdown,left,pitch,frequency,"[0.00,1.00)",0,,nan,nan,nan
real,30/0.4 all_ankles,5,touchdown,left,pitch,frequency,"[1.00,2.50)",0,,nan,nan,nan
real,30/0.4 all_ankles,5,touchdown,left,pitch,frequency,"[2.50,5.00)",1,########################,0.0403018,nan,0.3577068778238284
real,30/0.4 all_ankles,5,touchdown,left,pitch,frequency,"[5.00,8.00)",0,,nan,nan,nan
real,30/0.4 all_ankles,5,touchdown,left,pitch,frequency,"[8.00,12.00)",0,,nan,nan,nan
real,30/0.4 all_ankles,5,touchdown,left,pitch,frequency,"[12.00,20.00)",0,,nan,nan,nan
real,30/0.4 all_ankles,5,touchdown,left,pitch,frequency,"[20.00,1000.00)",0,,nan,nan,nan
real,30/0.4 all_ankles,5,touchdown,left,pitch,amplitude,"[0.000,0.005)",1,########################,0.0403018,nan,0.3577068778238284
real,30/0.4 all_ankles,5,touchdown,left,pitch,amplitude,"[0.005,0.010)",0,,nan,nan,nan
real,30/0.4 all_ankles,5,touchdown,left,pitch,amplitude,"[0.010,0.020)",0,,nan,nan,nan
real,30/0.4 all_ankles,5,touchdown,left,pitch,amplitude,"[0.020,0.040)",0,,nan,nan,nan
real,30/0.4 all_ankles,5,touchdown,left,pitch,amplitude,"[0.040,0.080)",0,,nan,nan,nan
real,30/0.4 all_ankles,5,touchdown,left,pitch,amplitude,"[0.080,1.000)",0,,nan,nan,nan
real,30/0.4 all_ankles,5,touchdown,left,roll,frequency,"[0.00,1.00)",0,,nan,nan,nan
real,30/0.4 all_ankles,5,touchdown,left,roll,frequency,"[1.00,2.50)",0,,nan,nan,nan
real,30/0.4 all_ankles,5,touchdown,left,roll,frequency,"[2.50,5.00)",0,,nan,nan,nan
real,30/0.4 all_ankles,5,touchdown,left,roll,frequency,"[5.00,8.00)",1,########,0.0955097,0.48483065646002965,0.1810458010508287
real,30/0.4 all_ankles,5,touchdown,left,roll,frequency,"[8.00,12.00)",0,,nan,nan,nan
real,30/0.4 all_ankles,5,touchdown,left,roll,frequency,"[12.00,20.00)",0,,nan,nan,nan
real,30/0.4 all_ankles,5,touchdown,left,roll,frequency,"[20.00,1000.00)",3,########################,0.013510333333333327,1.0910038550725591,0.21833202828167056
real,30/0.4 all_ankles,5,touchdown,left,roll,amplitude,"[0.000,0.005)",0,,nan,nan,nan
real,30/0.4 all_ankles,5,touchdown,left,roll,amplitude,"[0.005,0.010)",0,,nan,nan,nan
real,30/0.4 all_ankles,5,touchdown,left,roll,amplitude,"[0.010,0.020)",3,########################,0.013510333333333327,1.0910038550725591,0.21833202828167056
real,30/0.4 all_ankles,5,touchdown,left,roll,amplitude,"[0.020,0.040)",0,,nan,nan,nan
real,30/0.4 all_ankles,5,touchdown,left,roll,amplitude,"[0.040,0.080)",0,,nan,nan,nan
real,30/0.4 all_ankles,5,touchdown,left,roll,amplitude,"[0.080,1.000)",1,########,0.0955097,0.48483065646002965,0.1810458010508287
real,30/0.4 all_ankles,5,touchdown,right,pitch,frequency,"[0.00,1.00)",0,,nan,nan,nan
real,30/0.4 all_ankles,5,touchdown,right,pitch,frequency,"[1.00,2.50)",0,,nan,nan,nan
real,30/0.4 all_ankles,5,touchdown,right,pitch,frequency,"[2.50,5.00)",0,,nan,nan,nan
real,30/0.4 all_ankles,5,touchdown,right,pitch,frequency,"[5.00,8.00)",0,,nan,nan,nan
real,30/0.4 all_ankles,5,touchdown,right,pitch,frequency,"[8.00,12.00)",1,############,0.09397399999999995,nan,0.22607370018488598
real,30/0.4 all_ankles,5,touchdown,right,pitch,frequency,"[12.00,20.00)",0,,nan,nan,nan
real,30/0.4 all_ankles,5,touchdown,right,pitch,frequency,"[20.00,1000.00)",2,########################,0.03346550000000001,0.5741535526943241,0.20613971487124716
real,30/0.4 all_ankles,5,touchdown,right,pitch,amplitude,"[0.000,0.005)",2,########################,0.07684049999999998,nan,0.18738151539366016
real,30/0.4 all_ankles,5,touchdown,right,pitch,amplitude,"[0.005,0.010)",0,,nan,nan,nan
real,30/0.4 all_ankles,5,touchdown,right,pitch,amplitude,"[0.010,0.020)",1,############,0.007224000000000008,0.5741535526943241,0.26359009914006
real,30/0.4 all_ankles,5,touchdown,right,pitch,amplitude,"[0.020,0.040)",0,,nan,nan,nan
real,30/0.4 all_ankles,5,touchdown,right,pitch,amplitude,"[0.040,0.080)",0,,nan,nan,nan
real,30/0.4 all_ankles,5,touchdown,right,pitch,amplitude,"[0.080,1.000)",0,,nan,nan,nan
real,30/0.4 all_ankles,5,touchdown,right,roll,frequency,"[0.00,1.00)",0,,nan,nan,nan
real,30/0.4 all_ankles,5,touchdown,right,roll,frequency,"[1.00,2.50)",0,,nan,nan,nan
real,30/0.4 all_ankles,5,touchdown,right,roll,frequency,"[2.50,5.00)",0,,nan,nan,nan
real,30/0.4 all_ankles,5,touchdown,right,roll,frequency,"[5.00,8.00)",1,########################,0.001525499999999999,0.02530769881598788,0.041593417516898434
real,30/0.4 all_ankles,5,touchdown,right,roll,frequency,"[8.00,12.00)",0,,nan,nan,nan
real,30/0.4 all_ankles,5,touchdown,right,roll,frequency,"[12.00,20.00)",1,########################,0.016404600000000002,nan,0.013849726471937992
real,30/0.4 all_ankles,5,touchdown,right,roll,frequency,"[20.00,1000.00)",0,,nan,nan,nan
real,30/0.4 all_ankles,5,touchdown,right,roll,amplitude,"[0.000,0.005)",1,########################,0.016404600000000002,nan,0.013849726471937992
real,30/0.4 all_ankles,5,touchdown,right,roll,amplitude,"[0.005,0.010)",0,,nan,nan,nan
real,30/0.4 all_ankles,5,touchdown,right,roll,amplitude,"[0.010,0.020)",0,,nan,nan,nan
real,30/0.4 all_ankles,5,touchdown,right,roll,amplitude,"[0.020,0.040)",0,,nan,nan,nan
real,30/0.4 all_ankles,5,touchdown,right,roll,amplitude,"[0.040,0.080)",1,########################,0.001525499999999999,0.02530769881598788,0.041593417516898434
real,30/0.4 all_ankles,5,touchdown,right,roll,amplitude,"[0.080,1.000)",0,,nan,nan,nan
real,30/0.4 all_ankles,6,swing,left,pitch,frequency,"[0.00,1.00)",0,,nan,nan,nan
real,30/0.4 all_ankles,6,swing,left,pitch,frequency,"[1.00,2.50)",1,########################,0.1767728,2.3109065952023014,0.3965630123941683
real,30/0.4 all_ankles,6,swing,left,pitch,frequency,"[2.50,5.00)",0,,nan,nan,nan
real,30/0.4 all_ankles,6,swing,left,pitch,frequency,"[5.00,8.00)",0,,nan,nan,nan
real,30/0.4 all_ankles,6,swing,left,pitch,frequency,"[8.00,12.00)",0,,nan,nan,nan
real,30/0.4 all_ankles,6,swing,left,pitch,frequency,"[12.00,20.00)",0,,nan,nan,nan
real,30/0.4 all_ankles,6,swing,left,pitch,frequency,"[20.00,1000.00)",0,,nan,nan,nan
real,30/0.4 all_ankles,6,swing,left,pitch,amplitude,"[0.000,0.005)",0,,nan,nan,nan
real,30/0.4 all_ankles,6,swing,left,pitch,amplitude,"[0.005,0.010)",0,,nan,nan,nan
real,30/0.4 all_ankles,6,swing,left,pitch,amplitude,"[0.010,0.020)",0,,nan,nan,nan
real,30/0.4 all_ankles,6,swing,left,pitch,amplitude,"[0.020,0.040)",0,,nan,nan,nan
real,30/0.4 all_ankles,6,swing,left,pitch,amplitude,"[0.040,0.080)",1,########################,0.1767728,2.3109065952023014,0.3965630123941683
real,30/0.4 all_ankles,6,swing,left,pitch,amplitude,"[0.080,1.000)",0,,nan,nan,nan
real,30/0.4 all_ankles,6,swing,left,roll,frequency,"[0.00,1.00)",0,,nan,nan,nan
real,30/0.4 all_ankles,6,swing,left,roll,frequency,"[1.00,2.50)",0,,nan,nan,nan
real,30/0.4 all_ankles,6,swing,left,roll,frequency,"[2.50,5.00)",1,####,0.215822,0.509058093222198,0.1655285012599662
real,30/0.4 all_ankles,6,swing,left,roll,frequency,"[5.00,8.00)",0,,nan,nan,nan
real,30/0.4 all_ankles,6,swing,left,roll,frequency,"[8.00,12.00)",0,,nan,nan,nan
real,30/0.4 all_ankles,6,swing,left,roll,frequency,"[12.00,20.00)",2,########,0.04820084999999999,2.1995021337126626,0.3382509473196846
real,30/0.4 all_ankles,6,swing,left,roll,frequency,"[20.00,1000.00)",6,########################,0.020028816666666668,0.9781775108692919,0.28753680727740344
real,30/0.4 all_ankles,6,swing,left,roll,amplitude,"[0.000,0.005)",1,######,0.0716617,nan,0.4602573928630234
real,30/0.4 all_ankles,6,swing,left,roll,amplitude,"[0.005,0.010)",0,,nan,nan,nan
real,30/0.4 all_ankles,6,swing,left,roll,amplitude,"[0.010,0.020)",4,########################,0.0174345,1.483466592343226,0.22796821956049912
real,30/0.4 all_ankles,6,swing,left,roll,amplitude,"[0.020,0.040)",1,######,0.04533040000000001,1.5298302453511519,0.274124249554808
real,30/0.4 all_ankles,6,swing,left,roll,amplitude,"[0.040,0.080)",2,############,0.014922249999999998,0.30243529210217945,0.37773410882198105
real,30/0.4 all_ankles,6,swing,left,roll,amplitude,"[0.080,1.000)",1,######,0.215822,0.509058093222198,0.1655285012599662
real,30/0.4 all_ankles,6,swing,right,pitch,frequency,"[0.00,1.00)",0,,nan,nan,nan
real,30/0.4 all_ankles,6,swing,right,pitch,frequency,"[1.00,2.50)",0,,nan,nan,nan
real,30/0.4 all_ankles,6,swing,right,pitch,frequency,"[2.50,5.00)",0,,nan,nan,nan
real,30/0.4 all_ankles,6,swing,right,pitch,frequency,"[5.00,8.00)",0,,nan,nan,nan
real,30/0.4 all_ankles,6,swing,right,pitch,frequency,"[8.00,12.00)",0,,nan,nan,nan
real,30/0.4 all_ankles,6,swing,right,pitch,frequency,"[12.00,20.00)",1,######,0.09339199999999998,nan,0.17019793004440448
real,30/0.4 all_ankles,6,swing,right,pitch,frequency,"[20.00,1000.00)",4,########################,0.06212225000000001,4.636687291145511,0.08624519476018323
real,30/0.4 all_ankles,6,swing,right,pitch,amplitude,"[0.000,0.005)",1,############,0.070388,nan,0.06694086328743204
real,30/0.4 all_ankles,6,swing,right,pitch,amplitude,"[0.005,0.010)",2,########################,0.057092000000000004,nan,0.1773148696889136
real,30/0.4 all_ankles,6,swing,right,pitch,amplitude,"[0.010,0.020)",1,############,0.081228,5.705014749262547,0.06664891002359556
real,30/0.4 all_ankles,6,swing,right,pitch,amplitude,"[0.020,0.040)",1,############,0.07608100000000001,3.5683598330284734,0.026959196396282553
real,30/0.4 all_ankles,6,swing,right,pitch,amplitude,"[0.040,0.080)",0,,nan,nan,nan
real,30/0.4 all_ankles,6,swing,right,pitch,amplitude,"[0.080,1.000)",0,,nan,nan,nan
real,30/0.4 all_ankles,6,swing,right,roll,frequency,"[0.00,1.00)",0,,nan,nan,nan
real,30/0.4 all_ankles,6,swing,right,roll,frequency,"[1.00,2.50)",0,,nan,nan,nan
real,30/0.4 all_ankles,6,swing,right,roll,frequency,"[2.50,5.00)",0,,nan,nan,nan
real,30/0.4 all_ankles,6,swing,right,roll,frequency,"[5.00,8.00)",1,######,0.1296632,2.151083063334777,0.026032355390287764
real,30/0.4 all_ankles,6,swing,right,roll,frequency,"[8.00,12.00)",0,,nan,nan,nan
real,30/0.4 all_ankles,6,swing,right,roll,frequency,"[12.00,20.00)",2,############,0.005038699999999998,0.04569414120507671,0.013606146314102441
real,30/0.4 all_ankles,6,swing,right,roll,frequency,"[20.00,1000.00)",4,########################,0.0066820000000000004,0.4758449834222806,0.015648685990581338
real,30/0.4 all_ankles,6,swing,right,roll,amplitude,"[0.000,0.005)",1,############,0.008991199999999998,nan,0.011005575201346816
real,30/0.4 all_ankles,6,swing,right,roll,amplitude,"[0.005,0.010)",2,########################,0.0069154,nan,0.013586040217295568
real,30/0.4 all_ankles,6,swing,right,roll,amplitude,"[0.010,0.020)",2,########################,0.0064486000000000005,0.4758449834222806,0.017711331763867105
real,30/0.4 all_ankles,6,swing,right,roll,amplitude,"[0.020,0.040)",1,############,0.001086199999999999,0.04569414120507671,0.01620671742685807
real,30/0.4 all_ankles,6,swing,right,roll,amplitude,"[0.040,0.080)",1,############,0.1296632,2.151083063334777,0.026032355390287764
real,30/0.4 all_ankles,6,swing,right,roll,amplitude,"[0.080,1.000)",0,,nan,nan,nan
real,30/0.4 all_ankles,6,touchdown,left,pitch,frequency,"[0.00,1.00)",0,,nan,nan,nan
real,30/0.4 all_ankles,6,touchdown,left,pitch,frequency,"[1.00,2.50)",0,,nan,nan,nan
real,30/0.4 all_ankles,6,touchdown,left,pitch,frequency,"[2.50,5.00)",0,,nan,nan,nan
real,30/0.4 all_ankles,6,touchdown,left,pitch,frequency,"[5.00,8.00)",0,,nan,nan,nan
real,30/0.4 all_ankles,6,touchdown,left,pitch,frequency,"[8.00,12.00)",1,############,0.06431268,0.5278540356867315,0.3088066019617544
real,30/0.4 all_ankles,6,touchdown,left,pitch,frequency,"[12.00,20.00)",1,############,0.036127765,1.2316003613554225,0.2581661195201281
real,30/0.4 all_ankles,6,touchdown,left,pitch,frequency,"[20.00,1000.00)",2,########################,0.0252849075,2.3714175809645197,0.26461109302618807
real,30/0.4 all_ankles,6,touchdown,left,pitch,amplitude,"[0.000,0.005)",0,,nan,nan,nan
real,30/0.4 all_ankles,6,touchdown,left,pitch,amplitude,"[0.005,0.010)",0,,nan,nan,nan
real,30/0.4 all_ankles,6,touchdown,left,pitch,amplitude,"[0.010,0.020)",2,########################,0.0252849075,2.3714175809645197,0.26461109302618807
real,30/0.4 all_ankles,6,touchdown,left,pitch,amplitude,"[0.020,0.040)",1,############,0.036127765,1.2316003613554225,0.2581661195201281
real,30/0.4 all_ankles,6,touchdown,left,pitch,amplitude,"[0.040,0.080)",0,,nan,nan,nan
real,30/0.4 all_ankles,6,touchdown,left,pitch,amplitude,"[0.080,1.000)",1,############,0.06431268,0.5278540356867315,0.3088066019617544
real,30/0.4 all_ankles,6,touchdown,left,roll,frequency,"[0.00,1.00)",0,,nan,nan,nan
real,30/0.4 all_ankles,6,touchdown,left,roll,frequency,"[1.00,2.50)",0,,nan,nan,nan
real,30/0.4 all_ankles,6,touchdown,left,roll,frequency,"[2.50,5.00)",0,,nan,nan,nan
real,30/0.4 all_ankles,6,touchdown,left,roll,frequency,"[5.00,8.00)",0,,nan,nan,nan
real,30/0.4 all_ankles,6,touchdown,left,roll,frequency,"[8.00,12.00)",1,############,0.0329344,0.7033327496145321,0.05940662181178002
real,30/0.4 all_ankles,6,touchdown,left,roll,frequency,"[12.00,20.00)",0,,nan,nan,nan
real,30/0.4 all_ankles,6,touchdown,left,roll,frequency,"[20.00,1000.00)",2,########################,0.009512515,0.09841146538297055,0.016025730212697743
real,30/0.4 all_ankles,6,touchdown,left,roll,amplitude,"[0.000,0.005)",0,,nan,nan,nan
real,30/0.4 all_ankles,6,touchdown,left,roll,amplitude,"[0.005,0.010)",1,########################,0.01651663,nan,0.015798975518567654
real,30/0.4 all_ankles,6,touchdown,left,roll,amplitude,"[0.010,0.020)",0,,nan,nan,nan
real,30/0.4 all_ankles,6,touchdown,left,roll,amplitude,"[0.020,0.040)",1,########################,0.0025083999999999974,0.09841146538297055,0.016252484906827836
real,30/0.4 all_ankles,6,touchdown,left,roll,amplitude,"[0.040,0.080)",1,########################,0.0329344,0.7033327496145321,0.05940662181178002
real,30/0.4 all_ankles,6,touchdown,left,roll,amplitude,"[0.080,1.000)",0,,nan,nan,nan
real,30/0.4 all_ankles,6,touchdown,right,pitch,frequency,"[0.00,1.00)",0,,nan,nan,nan
real,30/0.4 all_ankles,6,touchdown,right,pitch,frequency,"[1.00,2.50)",0,,nan,nan,nan
real,30/0.4 all_ankles,6,touchdown,right,pitch,frequency,"[2.50,5.00)",0,,nan,nan,nan
real,30/0.4 all_ankles,6,touchdown,right,pitch,frequency,"[5.00,8.00)",0,,nan,nan,nan
real,30/0.4 all_ankles,6,touchdown,right,pitch,frequency,"[8.00,12.00)",1,########################,0.02901100000000001,0.7479567896460164,0.6202950616245734
real,30/0.4 all_ankles,6,touchdown,right,pitch,frequency,"[12.00,20.00)",1,########################,0.2386714,3.0659036314822665,0.4054418067278657
real,30/0.4 all_ankles,6,touchdown,right,pitch,frequency,"[20.00,1000.00)",1,########################,0.048534999999999995,nan,0.5007765192205668
real,30/0.4 all_ankles,6,touchdown,right,pitch,amplitude,"[0.000,0.005)",0,,nan,nan,nan
real,30/0.4 all_ankles,6,touchdown,right,pitch,amplitude,"[0.005,0.010)",1,########################,0.048534999999999995,nan,0.5007765192205668
real,30/0.4 all_ankles,6,touchdown,right,pitch,amplitude,"[0.010,0.020)",0,,nan,nan,nan
real,30/0.4 all_ankles,6,touchdown,right,pitch,amplitude,"[0.020,0.040)",1,########################,0.02901100000000001,0.7479567896460164,0.6202950616245734
real,30/0.4 all_ankles,6,touchdown,right,pitch,amplitude,"[0.040,0.080)",1,########################,0.2386714,3.0659036314822665,0.4054418067278657
real,30/0.4 all_ankles,6,touchdown,right,pitch,amplitude,"[0.080,1.000)",0,,nan,nan,nan
real,30/0.4 all_ankles,6,touchdown,right,roll,frequency,"[0.00,1.00)",0,,nan,nan,nan
real,30/0.4 all_ankles,6,touchdown,right,roll,frequency,"[1.00,2.50)",0,,nan,nan,nan
real,30/0.4 all_ankles,6,touchdown,right,roll,frequency,"[2.50,5.00)",0,,nan,nan,nan
real,30/0.4 all_ankles,6,touchdown,right,roll,frequency,"[5.00,8.00)",0,,nan,nan,nan
real,30/0.4 all_ankles,6,touchdown,right,roll,frequency,"[8.00,12.00)",0,,nan,nan,nan
real,30/0.4 all_ankles,6,touchdown,right,roll,frequency,"[12.00,20.00)",2,########################,0.027207600000000002,0.36408887185611416,0.07775652872139827
real,30/0.4 all_ankles,6,touchdown,right,roll,frequency,"[20.00,1000.00)",2,########################,0.008453700000000001,0.11753233812541268,0.06564208318423934
real,30/0.4 all_ankles,6,touchdown,right,roll,amplitude,"[0.000,0.005)",0,,nan,nan,nan
real,30/0.4 all_ankles,6,touchdown,right,roll,amplitude,"[0.005,0.010)",0,,nan,nan,nan
real,30/0.4 all_ankles,6,touchdown,right,roll,amplitude,"[0.010,0.020)",0,,nan,nan,nan
real,30/0.4 all_ankles,6,touchdown,right,roll,amplitude,"[0.020,0.040)",1,############,0.000962600000000001,0.03920402710804122,0.023479166249606623
real,30/0.4 all_ankles,6,touchdown,right,roll,amplitude,"[0.040,0.080)",1,############,0.018969,0.45097927335492066,0.06557687216743587
real,30/0.4 all_ankles,6,touchdown,right,roll,amplitude,"[0.080,1.000)",2,########################,0.025695500000000003,0.23652955975004591,0.09887059269711634
real,35/0.5 all_ankles,1,swing,left,pitch,frequency,"[0.00,1.00)",0,,nan,nan,nan
real,35/0.5 all_ankles,1,swing,left,pitch,frequency,"[1.00,2.50)",0,,nan,nan,nan
real,35/0.5 all_ankles,1,swing,left,pitch,frequency,"[2.50,5.00)",0,,nan,nan,nan
real,35/0.5 all_ankles,1,swing,left,pitch,frequency,"[5.00,8.00)",1,########,0.2501395,2.774118599518681,0.05767467848607587
real,35/0.5 all_ankles,1,swing,left,pitch,frequency,"[8.00,12.00)",1,########,0.2301235,0.5312164561023636,0.34200077200080753
real,35/0.5 all_ankles,1,swing,left,pitch,frequency,"[12.00,20.00)",1,########,0.149814,1.0431204350338739,0.3862136975309835
real,35/0.5 all_ankles,1,swing,left,pitch,frequency,"[20.00,1000.00)",3,########################,0.02247433333333333,0.7182732035796636,0.12365602490332461
real,35/0.5 all_ankles,1,swing,left,pitch,amplitude,"[0.000,0.005)",0,,nan,nan,nan
real,35/0.5 all_ankles,1,swing,left,pitch,amplitude,"[0.005,0.010)",0,,nan,nan,nan
real,35/0.5 all_ankles,1,swing,left,pitch,amplitude,"[0.010,0.020)",1,#####,0.01998899999999998,1.7549604916593466,0.06368098466051962
real,35/0.5 all_ankles,1,swing,left,pitch,amplitude,"[0.020,0.040)",0,,nan,nan,nan
real,35/0.5 all_ankles,1,swing,left,pitch,amplitude,"[0.040,0.080)",0,,nan,nan,nan
real,35/0.5 all_ankles,1,swing,left,pitch,amplitude,"[0.080,1.000)",5,########################,0.13550220000000002,0.9496629219469124,0.21863524761346423
real,35/0.5 all_ankles,1,swing,left,roll,frequency,"[0.00,1.00)",0,,nan,nan,nan
real,35/0.5 all_ankles,1,swing,left,roll,frequency,"[1.00,2.50)",0,,nan,nan,nan
real,35/0.5 all_ankles,1,swing,left,roll,frequency,"[2.50,5.00)",0,,nan,nan,nan
real,35/0.5 all_ankles,1,swing,left,roll,frequency,"[5.00,8.00)",1,######,0.1723155,0.5303116801181784,0.1883819538216401
real,35/0.5 all_ankles,1,swing,left,roll,frequency,"[8.00,12.00)",0,,nan,nan,nan
real,35/0.5 all_ankles,1,swing,left,roll,frequency,"[12.00,20.00)",3,##################,0.03418156666666667,1.7099461242847511,0.1882551331602893
real,35/0.5 all_ankles,1,swing,left,roll,frequency,"[20.00,1000.00)",4,########################,0.033736525,0.6934537567115878,0.18150702210778663
real,35/0.5 all_ankles,1,swing,left,roll,amplitude,"[0.000,0.005)",2,################,0.044358550000000004,nan,0.059299824030652364
real,35/0.5 all_ankles,1,swing,left,roll,amplitude,"[0.005,0.010)",1,########,0.026727,nan,0.27684258340375795
real,35/0.5 all_ankles,1,swing,left,roll,amplitude,"[0.010,0.020)",1,########,0.0832957,4.920709280357854,0.05248179546280882
real,35/0.5 all_ankles,1,swing,left,roll,amplitude,"[0.020,0.040)",1,########,0.01950199999999999,0.6934537567115878,0.3305858569660838
real,35/0.5 all_ankles,1,swing,left,roll,amplitude,"[0.040,0.080)",0,,nan,nan,nan
real,35/0.5 all_ankles,1,swing,left,roll,amplitude,"[0.080,1.000)",3,########################,0.06385483333333335,0.24648025753819278,0.2335551859465664
real,35/0.5 all_ankles,1,swing,right,pitch,frequency,"[0.00,1.00)",0,,nan,nan,nan
real,35/0.5 all_ankles,1,swing,right,pitch,frequency,"[1.00,2.50)",0,,nan,nan,nan
real,35/0.5 all_ankles,1,swing,right,pitch,frequency,"[2.50,5.00)",0,,nan,nan,nan
real,35/0.5 all_ankles,1,swing,right,pitch,frequency,"[5.00,8.00)",1,########,0.022326999999999986,0.07952632557529866,0.35264463383863504
real,35/0.5 all_ankles,1,swing,right,pitch,frequency,"[8.00,12.00)",1,########,0.136841,0.3119616967455365,0.14766093719398732
real,35/0.5 all_ankles,1,swing,right,pitch,frequency,"[12.00,20.00)",0,,nan,nan,nan
real,35/0.5 all_ankles,1,swing,right,pitch,frequency,"[20.00,1000.00)",3,########################,0.019677333333333335,1.0943948654472302,0.053413455853743776
real,35/0.5 all_ankles,1,swing,right,pitch,amplitude,"[0.000,0.005)",0,,nan,nan,nan
real,35/0.5 all_ankles,1,swing,right,pitch,amplitude,"[0.005,0.010)",0,,nan,nan,nan
real,35/0.5 all_ankles,1,swing,right,pitch,amplitude,"[0.010,0.020)",1,########,0.048788,3.0798560696925708,0.0507450776233518
real,35/0.5 all_ankles,1,swing,right,pitch,amplitude,"[0.020,0.040)",1,########,0.00617100000000001,0.15751588942491787,0.030568488486239127
real,35/0.5 all_ankles,1,swing,right,pitch,amplitude,"[0.040,0.080)",0,,nan,nan,nan
real,35/0.5 all_ankles,1,swing,right,pitch,amplitude,"[0.080,1.000)",3,########################,0.05441366666666666,0.14576688651501232,0.19307745749475425
real,35/0.5 all_ankles,1,swing,right,roll,frequency,"[0.00,1.00)",0,,nan,nan,nan
real,35/0.5 all_ankles,1,swing,right,roll,frequency,"[1.00,2.50)",0,,nan,nan,nan
real,35/0.5 all_ankles,1,swing,right,roll,frequency,"[2.50,5.00)",0,,nan,nan,nan
real,35/0.5 all_ankles,1,swing,right,roll,frequency,"[5.00,8.00)",0,,nan,nan,nan
real,35/0.5 all_ankles,1,swing,right,roll,frequency,"[8.00,12.00)",1,########################,0.0971939,0.2922649277215346,0.1626467824702747
real,35/0.5 all_ankles,1,swing,right,roll,frequency,"[12.00,20.00)",1,########################,0.0396073,1.0395616797900271,0.30003717001002145
real,35/0.5 all_ankles,1,swing,right,roll,frequency,"[20.00,1000.00)",1,########################,0.010167550000000001,0.2848053221288515,0.38361296882372065
real,35/0.5 all_ankles,1,swing,right,roll,amplitude,"[0.000,0.005)",0,,nan,nan,nan
real,35/0.5 all_ankles,1,swing,right,roll,amplitude,"[0.005,0.010)",0,,nan,nan,nan
real,35/0.5 all_ankles,1,swing,right,roll,amplitude,"[0.010,0.020)",0,,nan,nan,nan
real,35/0.5 all_ankles,1,swing,right,roll,amplitude,"[0.020,0.040)",2,########################,0.024887424999999998,0.6621835009594393,0.3418250694168711
real,35/0.5 all_ankles,1,swing,right,roll,amplitude,"[0.040,0.080)",0,,nan,nan,nan
real,35/0.5 all_ankles,1,swing,right,roll,amplitude,"[0.080,1.000)",1,############,0.0971939,0.2922649277215346,0.1626467824702747
real,35/0.5 all_ankles,1,touchdown,left,pitch,frequency,"[0.00,1.00)",0,,nan,nan,nan
real,35/0.5 all_ankles,1,touchdown,left,pitch,frequency,"[1.00,2.50)",0,,nan,nan,nan
real,35/0.5 all_ankles,1,touchdown,left,pitch,frequency,"[2.50,5.00)",1,########################,0.12943500000000002,nan,0.2629973757803171
real,35/0.5 all_ankles,1,touchdown,left,pitch,frequency,"[5.00,8.00)",0,,nan,nan,nan
real,35/0.5 all_ankles,1,touchdown,left,pitch,frequency,"[8.00,12.00)",0,,nan,nan,nan
real,35/0.5 all_ankles,1,touchdown,left,pitch,frequency,"[12.00,20.00)",0,,nan,nan,nan
real,35/0.5 all_ankles,1,touchdown,left,pitch,frequency,"[20.00,1000.00)",0,,nan,nan,nan
real,35/0.5 all_ankles,1,touchdown,left,pitch,amplitude,"[0.000,0.005)",1,########################,0.12943500000000002,nan,0.2629973757803171
real,35/0.5 all_ankles,1,touchdown,left,pitch,amplitude,"[0.005,0.010)",0,,nan,nan,nan
real,35/0.5 all_ankles,1,touchdown,left,pitch,amplitude,"[0.010,0.020)",0,,nan,nan,nan
real,35/0.5 all_ankles,1,touchdown,left,pitch,amplitude,"[0.020,0.040)",0,,nan,nan,nan
real,35/0.5 all_ankles,1,touchdown,left,pitch,amplitude,"[0.040,0.080)",0,,nan,nan,nan
real,35/0.5 all_ankles,1,touchdown,left,pitch,amplitude,"[0.080,1.000)",0,,nan,nan,nan
real,35/0.5 all_ankles,1,touchdown,left,roll,frequency,"[0.00,1.00)",0,,nan,nan,nan
real,35/0.5 all_ankles,1,touchdown,left,roll,frequency,"[1.00,2.50)",0,,nan,nan,nan
real,35/0.5 all_ankles,1,touchdown,left,roll,frequency,"[2.50,5.00)",0,,nan,nan,nan
real,35/0.5 all_ankles,1,touchdown,left,roll,frequency,"[5.00,8.00)",0,,nan,nan,nan
real,35/0.5 all_ankles,1,touchdown,left,roll,frequency,"[8.00,12.00)",1,########################,0.06551400000000002,0.3423492156391418,0.0967035833867253
real,35/0.5 all_ankles,1,touchdown,left,roll,frequency,"[12.00,20.00)",1,########################,0.055758,3.4503712871287116,0.3130838054590975
real,35/0.5 all_ankles,1,touchdown,left,roll,frequency,"[20.00,1000.00)",1,########################,0.06941900000000001,nan,0.18281909466099724
real,35/0.5 all_ankles,1,touchdown,left,roll,amplitude,"[0.000,0.005)",0,,nan,nan,nan
real,35/0.5 all_ankles,1,touchdown,left,roll,amplitude,"[0.005,0.010)",1,########################,0.06941900000000001,nan,0.18281909466099724
real,35/0.5 all_ankles,1,touchdown,left,roll,amplitude,"[0.010,0.020)",1,########################,0.055758,3.4503712871287116,0.3130838054590975
real,35/0.5 all_ankles,1,touchdown,left,roll,amplitude,"[0.020,0.040)",0,,nan,nan,nan
real,35/0.5 all_ankles,1,touchdown,left,roll,amplitude,"[0.040,0.080)",0,,nan,nan,nan
real,35/0.5 all_ankles,1,touchdown,left,roll,amplitude,"[0.080,1.000)",1,########################,0.06551400000000002,0.3423492156391418,0.0967035833867253
real,35/0.5 all_ankles,1,touchdown,right,pitch,frequency,"[0.00,1.00)",0,,nan,nan,nan
real,35/0.5 all_ankles,1,touchdown,right,pitch,frequency,"[1.00,2.50)",0,,nan,nan,nan
real,35/0.5 all_ankles,1,touchdown,right,pitch,frequency,"[2.50,5.00)",0,,nan,nan,nan
real,35/0.5 all_ankles,1,touchdown,right,pitch,frequency,"[5.00,8.00)",0,,nan,nan,nan
real,35/0.5 all_ankles,1,touchdown,right,pitch,frequency,"[8.00,12.00)",1,########################,0.04154800000000003,0.5307274701411512,0.13329079008631214
real,35/0.5 all_ankles,1,touchdown,right,pitch,frequency,"[12.00,20.00)",1,########################,0.02930100000000002,0.7573274747996898,0.1853113456715481
real,35/0.5 all_ankles,1,touchdown,right,pitch,frequency,"[20.00,1000.00)",1,########################,0.02934099999999995,1.6736637955621425,0.07366473132148563
real,35/0.5 all_ankles,1,touchdown,right,pitch,amplitude,"[0.000,0.005)",0,,nan,nan,nan
real,35/0.5 all_ankles,1,touchdown,right,pitch,amplitude,"[0.005,0.010)",0,,nan,nan,nan
real,35/0.5 all_ankles,1,touchdown,right,pitch,amplitude,"[0.010,0.020)",1,########################,0.02934099999999995,1.6736637955621425,0.07366473132148563
real,35/0.5 all_ankles,1,touchdown,right,pitch,amplitude,"[0.020,0.040)",1,########################,0.02930100000000002,0.7573274747996898,0.1853113456715481
real,35/0.5 all_ankles,1,touchdown,right,pitch,amplitude,"[0.040,0.080)",1,########################,0.04154800000000003,0.5307274701411512,0.13329079008631214
real,35/0.5 all_ankles,1,touchdown,right,pitch,amplitude,"[0.080,1.000)",0,,nan,nan,nan
real,35/0.5 all_ankles,1,touchdown,right,roll,frequency,"[0.00,1.00)",0,,nan,nan,nan
real,35/0.5 all_ankles,1,touchdown,right,roll,frequency,"[1.00,2.50)",0,,nan,nan,nan
real,35/0.5 all_ankles,1,touchdown,right,roll,frequency,"[2.50,5.00)",0,,nan,nan,nan
real,35/0.5 all_ankles,1,touchdown,right,roll,frequency,"[5.00,8.00)",0,,nan,nan,nan
real,35/0.5 all_ankles,1,touchdown,right,roll,frequency,"[8.00,12.00)",2,########################,0.11944245,3.5755370846266055,0.11162909032469984
real,35/0.5 all_ankles,1,touchdown,right,roll,frequency,"[12.00,20.00)",0,,nan,nan,nan
real,35/0.5 all_ankles,1,touchdown,right,roll,frequency,"[20.00,1000.00)",0,,nan,nan,nan
real,35/0.5 all_ankles,1,touchdown,right,roll,amplitude,"[0.000,0.005)",1,########################,0.0862262,nan,0.10824299394324943
real,35/0.5 all_ankles,1,touchdown,right,roll,amplitude,"[0.005,0.010)",0,,nan,nan,nan
real,35/0.5 all_ankles,1,touchdown,right,roll,amplitude,"[0.010,0.020)",0,,nan,nan,nan
real,35/0.5 all_ankles,1,touchdown,right,roll,amplitude,"[0.020,0.040)",0,,nan,nan,nan
real,35/0.5 all_ankles,1,touchdown,right,roll,amplitude,"[0.040,0.080)",1,########################,0.1526587,3.5755370846266055,0.11501518670615025
real,35/0.5 all_ankles,1,touchdown,right,roll,amplitude,"[0.080,1.000)",0,,nan,nan,nan
real,35/0.5 all_ankles,2,swing,left,pitch,frequency,"[0.00,1.00)",0,,nan,nan,nan
real,35/0.5 all_ankles,2,swing,left,pitch,frequency,"[1.00,2.50)",0,,nan,nan,nan
real,35/0.5 all_ankles,2,swing,left,pitch,frequency,"[2.50,5.00)",1,############,0.086446,nan,0.25330277673751916
real,35/0.5 all_ankles,2,swing,left,pitch,frequency,"[5.00,8.00)",0,,nan,nan,nan
real,35/0.5 all_ankles,2,swing,left,pitch,frequency,"[8.00,12.00)",0,,nan,nan,nan
real,35/0.5 all_ankles,2,swing,left,pitch,frequency,"[12.00,20.00)",2,########################,0.12245690000000001,0.6245073924066934,0.3532048160952177
real,35/0.5 all_ankles,2,swing,left,pitch,frequency,"[20.00,1000.00)",1,############,0.02745700000000001,0.2819900029475592,0.2142423003576791
real,35/0.5 all_ankles,2,swing,left,pitch,amplitude,"[0.000,0.005)",1,########,0.086446,nan,0.25330277673751916
real,35/0.5 all_ankles,2,swing,left,pitch,amplitude,"[0.005,0.010)",0,,nan,nan,nan
real,35/0.5 all_ankles,2,swing,left,pitch,amplitude,"[0.010,0.020)",0,,nan,nan,nan
real,35/0.5 all_ankles,2,swing,left,pitch,amplitude,"[0.020,0.040)",0,,nan,nan,nan
real,35/0.5 all_ankles,2,swing,left,pitch,amplitude,"[0.040,0.080)",0,,nan,nan,nan
real,35/0.5 all_ankles,2,swing,left,pitch,amplitude,"[0.080,1.000)",3,########################,0.09079026666666667,0.5103349292536487,0.3068839775160382
real,35/0.5 all_ankles,2,swing,left,roll,frequency,"[0.00,1.00)",0,,nan,nan,nan
real,35/0.5 all_ankles,2,swing,left,roll,frequency,"[1.00,2.50)",0,,nan,nan,nan
real,35/0.5 all_ankles,2,swing,left,roll,frequency,"[2.50,5.00)",0,,nan,nan,nan
real,35/0.5 all_ankles,2,swing,left,roll,frequency,"[5.00,8.00)",1,######,0.12054799999999999,0.33206894366992534,0.0882805337546166
real,35/0.5 all_ankles,2,swing,left,roll,frequency,"[8.00,12.00)",0,,nan,nan,nan
real,35/0.5 all_ankles,2,swing,left,roll,frequency,"[12.00,20.00)",3,##################,0.02056533333333334,0.5859409662666963,0.28227363396871236
real,35/0.5 all_ankles,2,swing,left,roll,frequency,"[20.00,1000.00)",4,########################,0.0606387,1.0276619600622106,0.27751101000271194
real,35/0.5 all_ankles,2,swing,left,roll,amplitude,"[0.000,0.005)",0,,nan,nan,nan
real,35/0.5 all_ankles,2,swing,left,roll,amplitude,"[0.005,0.010)",2,############,0.042572999999999986,nan,0.24262455466483682
real,35/0.5 all_ankles,2,swing,left,roll,amplitude,"[0.010,0.020)",1,######,0.021581000000000017,1.3354579207920796,0.32500528669969353
real,35/0.5 all_ankles,2,swing,left,roll,amplitude,"[0.020,0.040)",1,######,0.03598600000000002,1.2795932155175482,0.31751962233642617
real,35/0.5 all_ankles,2,swing,left,roll,amplitude,"[0.040,0.080)",0,,nan,nan,nan
real,35/0.5 all_ankles,2,swing,left,roll,amplitude,"[0.080,1.000)",4,########################,0.07052145,0.3825411565712019,0.22934286432645207
real,35/0.5 all_ankles,2,swing,right,pitch,frequency,"[0.00,1.00)",0,,nan,nan,nan
real,35/0.5 all_ankles,2,swing,right,pitch,frequency,"[1.00,2.50)",0,,nan,nan,nan
real,35/0.5 all_ankles,2,swing,right,pitch,frequency,"[2.50,5.00)",0,,nan,nan,nan
real,35/0.5 all_ankles,2,swing,right,pitch,frequency,"[5.00,8.00)",0,,nan,nan,nan
real,35/0.5 all_ankles,2,swing,right,pitch,frequency,"[8.00,12.00)",1,############,0.11021399999999998,0.25125909957624215,0.20714129799456538
real,35/0.5 all_ankles,2,swing,right,pitch,frequency,"[12.00,20.00)",1,############,0.06739499999999998,1.2319264445134988,0.08159266149722043
real,35/0.5 all_ankles,2,swing,right,pitch,frequency,"[20.00,1000.00)",2,########################,0.013510000000000022,0.7441359396781341,0.11847319292871897
real,35/0.5 all_ankles,2,swing,right,pitch,amplitude,"[0.000,0.005)",0,,nan,nan,nan
real,35/0.5 all_ankles,2,swing,right,pitch,amplitude,"[0.005,0.010)",0,,nan,nan,nan
real,35/0.5 all_ankles,2,swing,right,pitch,amplitude,"[0.010,0.020)",1,########################,0.016120000000000023,1.0176125244618415,0.10804157206834784
real,35/0.5 all_ankles,2,swing,right,pitch,amplitude,"[0.020,0.040)",1,########################,0.01090000000000002,0.4706593548944267,0.1289048137890901
real,35/0.5 all_ankles,2,swing,right,pitch,amplitude,"[0.040,0.080)",1,########################,0.06739499999999998,1.2319264445134988,0.08159266149722043
real,35/0.5 all_ankles,2,swing,right,pitch,amplitude,"[0.080,1.000)",1,########################,0.11021399999999998,0.25125909957624215,0.20714129799456538
real,35/0.5 all_ankles,2,swing,right,roll,frequency,"[0.00,1.00)",0,,nan,nan,nan
real,35/0.5 all_ankles,2,swing,right,roll,frequency,"[1.00,2.50)",0,,nan,nan,nan
real,35/0.5 all_ankles,2,swing,right,roll,frequency,"[2.50,5.00)",0,,nan,nan,nan
real,35/0.5 all_ankles,2,swing,right,roll,frequency,"[5.00,8.00)",1,############,0.18838080000000001,2.494142008465589,0.04670468217431537
real,35/0.5 all_ankles,2,swing,right,roll,frequency,"[8.00,12.00)",1,############,0.15209170000000002,8.591440853655092,0.1067015701897386
real,35/0.5 all_ankles,2,swing,right,roll,frequency,"[12.00,20.00)",2,########################,0.03214680000000001,0.4598154796146483,0.07628804138024854
real,35/0.5 all_ankles,2,swing,right,roll,frequency,"[20.00,1000.00)",2,########################,0.06738965,2.3281654745764864,0.058349383319764414
real,35/0.5 all_ankles,2,swing,right,roll,amplitude,"[0.000,0.005)",1,############,0.05797900000000002,nan,0.13349082665336034
real,35/0.5 all_ankles,2,swing,right,roll,amplitude,"[0.005,0.010)",0,,nan,nan,nan
real,35/0.5 all_ankles,2,swing,right,roll,amplitude,"[0.010,0.020)",2,########################,0.07920315000000001,4.5256281666348706,0.06289341314843766
real,35/0.5 all_ankles,2,swing,right,roll,amplitude,"[0.020,0.040)",2,########################,0.06738965,2.3281654745764864,0.058349383319764414
real,35/0.5 all_ankles,2,swing,right,roll,amplitude,"[0.040,0.080)",1,############,0.18838080000000001,2.494142008465589,0.04670468217431537
real,35/0.5 all_ankles,2,swing,right,roll,amplitude,"[0.080,1.000)",0,,nan,nan,nan
real,35/0.5 all_ankles,2,touchdown,left,pitch,frequency,"[0.00,1.00)",0,,nan,nan,nan
real,35/0.5 all_ankles,2,touchdown,left,pitch,frequency,"[1.00,2.50)",0,,nan,nan,nan
real,35/0.5 all_ankles,2,touchdown,left,pitch,frequency,"[2.50,5.00)",0,,nan,nan,nan
real,35/0.5 all_ankles,2,touchdown,left,pitch,frequency,"[5.00,8.00)",0,,nan,nan,nan
real,35/0.5 all_ankles,2,touchdown,left,pitch,frequency,"[8.00,12.00)",1,########################,0.04688389999999999,0.5489982318294124,0.22435267383486873
real,35/0.5 all_ankles,2,touchdown,left,pitch,frequency,"[12.00,20.00)",0,,nan,nan,nan
real,35/0.5 all_ankles,2,touchdown,left,pitch,frequency,"[20.00,1000.00)",1,########################,0.04459099999999999,2.0702446724546193,0.10113990571810251
real,35/0.5 all_ankles,2,touchdown,left,pitch,amplitude,"[0.000,0.005)",0,,nan,nan,nan
real,35/0.5 all_ankles,2,touchdown,left,pitch,amplitude,"[0.005,0.010)",0,,nan,nan,nan
real,35/0.5 all_ankles,2,touchdown,left,pitch,amplitude,"[0.010,0.020)",0,,nan,nan,nan
real,35/0.5 all_ankles,2,touchdown,left,pitch,amplitude,"[0.020,0.040)",1,########################,0.04459099999999999,2.0702446724546193,0.10113990571810251
real,35/0.5 all_ankles,2,touchdown,left,pitch,amplitude,"[0.040,0.080)",0,,nan,nan,nan
real,35/0.5 all_ankles,2,touchdown,left,pitch,amplitude,"[0.080,1.000)",1,########################,0.04688389999999999,0.5489982318294124,0.22435267383486873
real,35/0.5 all_ankles,2,touchdown,left,roll,frequency,"[0.00,1.00)",0,,nan,nan,nan
real,35/0.5 all_ankles,2,touchdown,left,roll,frequency,"[1.00,2.50)",0,,nan,nan,nan
real,35/0.5 all_ankles,2,touchdown,left,roll,frequency,"[2.50,5.00)",0,,nan,nan,nan
real,35/0.5 all_ankles,2,touchdown,left,roll,frequency,"[5.00,8.00)",0,,nan,nan,nan
real,35/0.5 all_ankles,2,touchdown,left,roll,frequency,"[8.00,12.00)",1,########################,0.2561716,1.2088749374142025,0.15793280289783754
real,35/0.5 all_ankles,2,touchdown,left,roll,frequency,"[12.00,20.00)",1,########################,0.1096114,2.363241616323644,0.16889284425465942
real,35/0.5 all_ankles,2,touchdown,left,roll,frequency,"[20.00,1000.00)",1,########################,0.12391540000000001,9.680134364502772,0.07182339550383288
real,35/0.5 all_ankles,2,touchdown,left,roll,amplitude,"[0.000,0.005)",0,,nan,nan,nan
real,35/0.5 all_ankles,2,touchdown,left,roll,amplitude,"[0.005,0.010)",0,,nan,nan,nan
real,35/0.5 all_ankles,2,touchdown,left,roll,amplitude,"[0.010,0.020)",1,########################,0.12391540000000001,9.680134364502772,0.07182339550383288
real,35/0.5 all_ankles,2,touchdown,left,roll,amplitude,"[0.020,0.040)",0,,nan,nan,nan
real,35/0.5 all_ankles,2,touchdown,left,roll,amplitude,"[0.040,0.080)",1,########################,0.1096114,2.363241616323644,0.16889284425465942
real,35/0.5 all_ankles,2,touchdown,left,roll,amplitude,"[0.080,1.000)",1,########################,0.2561716,1.2088749374142025,0.15793280289783754
real,35/0.5 all_ankles,2,touchdown,right,pitch,frequency,"[0.00,1.00)",0,,nan,nan,nan
real,35/0.5 all_ankles,2,touchdown,right,pitch,frequency,"[1.00,2.50)",0,,nan,nan,nan
real,35/0.5 all_ankles,2,touchdown,right,pitch,frequency,"[2.50,5.00)",1,########################,0.5873360000000001,nan,0.4328943443884929
real,35/0.5 all_ankles,2,touchdown,right,pitch,frequency,"[5.00,8.00)",0,,nan,nan,nan
real,35/0.5 all_ankles,2,touchdown,right,pitch,frequency,"[8.00,12.00)",0,,nan,nan,nan
real,35/0.5 all_ankles,2,touchdown,right,pitch,frequency,"[12.00,20.00)",0,,nan,nan,nan
real,35/0.5 all_ankles,2,touchdown,right,pitch,frequency,"[20.00,1000.00)",0,,nan,nan,nan
real,35/0.5 all_ankles,2,touchdown,right,pitch,amplitude,"[0.000,0.005)",1,########################,0.5873360000000001,nan,0.4328943443884929
real,35/0.5 all_ankles,2,touchdown,right,pitch,amplitude,"[0.005,0.010)",0,,nan,nan,nan
real,35/0.5 all_ankles,2,touchdown,right,pitch,amplitude,"[0.010,0.020)",0,,nan,nan,nan
real,35/0.5 all_ankles,2,touchdown,right,pitch,amplitude,"[0.020,0.040)",0,,nan,nan,nan
real,35/0.5 all_ankles,2,touchdown,right,pitch,amplitude,"[0.040,0.080)",0,,nan,nan,nan
real,35/0.5 all_ankles,2,touchdown,right,pitch,amplitude,"[0.080,1.000)",0,,nan,nan,nan
real,35/0.5 all_ankles,2,touchdown,right,roll,frequency,"[0.00,1.00)",0,,nan,nan,nan
real,35/0.5 all_ankles,2,touchdown,right,roll,frequency,"[1.00,2.50)",0,,nan,nan,nan
real,35/0.5 all_ankles,2,touchdown,right,roll,frequency,"[2.50,5.00)",0,,nan,nan,nan
real,35/0.5 all_ankles,2,touchdown,right,roll,frequency,"[5.00,8.00)",0,,nan,nan,nan
real,35/0.5 all_ankles,2,touchdown,right,roll,frequency,"[8.00,12.00)",0,,nan,nan,nan
real,35/0.5 all_ankles,2,touchdown,right,roll,frequency,"[12.00,20.00)",3,########################,0.08146303333333334,1.2237421341419814,0.15683205763074407
real,35/0.5 all_ankles,2,touchdown,right,roll,frequency,"[20.00,1000.00)",0,,nan,nan,nan
real,35/0.5 all_ankles,2,touchdown,right,roll,amplitude,"[0.000,0.005)",0,,nan,nan,nan
real,35/0.5 all_ankles,2,touchdown,right,roll,amplitude,"[0.005,0.010)",0,,nan,nan,nan
real,35/0.5 all_ankles,2,touchdown,right,roll,amplitude,"[0.010,0.020)",0,,nan,nan,nan
real,35/0.5 all_ankles,2,touchdown,right,roll,amplitude,"[0.020,0.040)",0,,nan,nan,nan
real,35/0.5 all_ankles,2,touchdown,right,roll,amplitude,"[0.040,0.080)",1,############,0.143403,3.1524140523500823,0.12115577093479865
real,35/0.5 all_ankles,2,touchdown,right,roll,amplitude,"[0.080,1.000)",2,########################,0.05049305,0.259406175037931,0.1746702009787168
real,35/0.5 all_ankles,3,swing,left,pitch,frequency,"[0.00,1.00)",0,,nan,nan,nan
real,35/0.5 all_ankles,3,swing,left,pitch,frequency,"[1.00,2.50)",0,,nan,nan,nan
real,35/0.5 all_ankles,3,swing,left,pitch,frequency,"[2.50,5.00)",0,,nan,nan,nan
real,35/0.5 all_ankles,3,swing,left,pitch,frequency,"[5.00,8.00)",0,,nan,nan,nan
real,35/0.5 all_ankles,3,swing,left,pitch,frequency,"[8.00,12.00)",0,,nan,nan,nan
real,35/0.5 all_ankles,3,swing,left,pitch,frequency,"[12.00,20.00)",5,########################,0.05271038,2.3839756691950815,0.11616782600383631
real,35/0.5 all_ankles,3,swing,left,pitch,frequency,"[20.00,1000.00)",3,##############,0.04975166666666664,2.0478854547927994,0.06312273316700252
real,35/0.5 all_ankles,3,swing,left,pitch,amplitude,"[0.000,0.005)",0,,nan,nan,nan
real,35/0.5 all_ankles,3,swing,left,pitch,amplitude,"[0.005,0.010)",2,############,0.053705,nan,0.099348266628522
real,35/0.5 all_ankles,3,swing,left,pitch,amplitude,"[0.010,0.020)",1,######,0.04436499999999999,2.9110892388451375,0.13154734282949235
real,35/0.5 all_ankles,3,swing,left,pitch,amplitude,"[0.020,0.040)",4,########################,0.059742999999999984,2.4775678129133167,0.062443886316766214
real,35/0.5 all_ankles,3,swing,left,pitch,amplitude,"[0.040,0.080)",1,######,0.022059900000000007,0.4742228814652394,0.19018790816658795
real,35/0.5 all_ankles,3,swing,left,pitch,amplitude,"[0.080,1.000)",0,,nan,nan,nan
real,35/0.5 all_ankles,3,swing,left,roll,frequency,"[0.00,1.00)",0,,nan,nan,nan
real,35/0.5 all_ankles,3,swing,left,roll,frequency,"[1.00,2.50)",0,,nan,nan,nan
real,35/0.5 all_ankles,3,swing,left,roll,frequency,"[2.50,5.00)",0,,nan,nan,nan
real,35/0.5 all_ankles,3,swing,left,roll,frequency,"[5.00,8.00)",0,,nan,nan,nan
real,35/0.5 all_ankles,3,swing,left,roll,frequency,"[8.00,12.00)",1,######,0.203759,6.008748173974166,0.22322103824715636
real,35/0.5 all_ankles,3,swing,left,roll,frequency,"[12.00,20.00)",4,########################,0.156651025,3.072901314685058,0.19405183770358508
real,35/0.5 all_ankles,3,swing,left,roll,frequency,"[20.00,1000.00)",2,############,0.13277485,9.680134364502772,0.06524525161812343
real,35/0.5 all_ankles,3,swing,left,roll,amplitude,"[0.000,0.005)",2,########################,0.1830085,nan,0.13255319421718137
real,35/0.5 all_ankles,3,swing,left,roll,amplitude,"[0.005,0.010)",0,,nan,nan,nan
real,35/0.5 all_ankles,3,swing,left,roll,amplitude,"[0.010,0.020)",1,############,0.12391540000000001,9.680134364502772,0.07182339550383288
real,35/0.5 all_ankles,3,swing,left,roll,amplitude,"[0.020,0.040)",2,########################,0.18695,5.747194658504089,0.2289021034673217
real,35/0.5 all_ankles,3,swing,left,roll,amplitude,"[0.040,0.080)",1,############,0.1096114,2.363241616323644,0.16889284425465942
real,35/0.5 all_ankles,3,swing,left,roll,amplitude,"[0.080,1.000)",1,############,0.12246900000000001,1.3698211846975172,0.16629205717024517
real,35/0.5 all_ankles,3,swing,right,pitch,frequency,"[0.00,1.00)",0,,nan,nan,nan
real,35/0.5 all_ankles,3,swing,right,pitch,frequency,"[1.00,2.50)",1,########################,0.52889,nan,0.551888948223641
real,35/0.5 all_ankles,3,swing,right,pitch,frequency,"[2.50,5.00)",0,,nan,nan,nan
real,35/0.5 all_ankles,3,swing,right,pitch,frequency,"[5.00,8.00)",0,,nan,nan,nan
real,35/0.5 all_ankles,3,swing,right,pitch,frequency,"[8.00,12.00)",0,,nan,nan,nan
real,35/0.5 all_ankles,3,swing,right,pitch,frequency,"[12.00,20.00)",0,,nan,nan,nan
real,35/0.5 all_ankles,3,swing,right,pitch,frequency,"[20.00,1000.00)",0,,nan,nan,nan
real,35/0.5 all_ankles,3,swing,right,pitch,amplitude,"[0.000,0.005)",1,########################,0.52889,nan,0.551888948223641
real,35/0.5 all_ankles,3,swing,right,pitch,amplitude,"[0.005,0.010)",0,,nan,nan,nan
real,35/0.5 all_ankles,3,swing,right,pitch,amplitude,"[0.010,0.020)",0,,nan,nan,nan
real,35/0.5 all_ankles,3,swing,right,pitch,amplitude,"[0.020,0.040)",0,,nan,nan,nan
real,35/0.5 all_ankles,3,swing,right,pitch,amplitude,"[0.040,0.080)",0,,nan,nan,nan
real,35/0.5 all_ankles,3,swing,right,pitch,amplitude,"[0.080,1.000)",0,,nan,nan,nan
real,35/0.5 all_ankles,3,swing,right,roll,frequency,"[0.00,1.00)",0,,nan,nan,nan
real,35/0.5 all_ankles,3,swing,right,roll,frequency,"[1.00,2.50)",0,,nan,nan,nan
real,35/0.5 all_ankles,3,swing,right,roll,frequency,"[2.50,5.00)",0,,nan,nan,nan
real,35/0.5 all_ankles,3,swing,right,roll,frequency,"[5.00,8.00)",0,,nan,nan,nan
real,35/0.5 all_ankles,3,swing,right,roll,frequency,"[8.00,12.00)",0,,nan,nan,nan
real,35/0.5 all_ankles,3,swing,right,roll,frequency,"[12.00,20.00)",3,########################,0.040038866666666666,0.19797921546556616,0.15549288606132225
real,35/0.5 all_ankles,3,swing,right,roll,frequency,"[20.00,1000.00)",3,########################,0.005628466666666666,0.05460718570922182,0.20419555830597455
real,35/0.5 all_ankles,3,swing,right,roll,amplitude,"[0.000,0.005)",1,########,0.005517000000000001,nan,0.18548433368493236
real,35/0.5 all_ankles,3,swing,right,roll,amplitude,"[0.005,0.010)",0,,nan,nan,nan
real,35/0.5 all_ankles,3,swing,right,roll,amplitude,"[0.010,0.020)",1,########,0.0008986999999999953,0.04672697967035799,0.17121852443269683
real,35/0.5 all_ankles,3,swing,right,roll,amplitude,"[0.020,0.040)",0,,nan,nan,nan
real,35/0.5 all_ankles,3,swing,right,roll,amplitude,"[0.040,0.080)",1,########,0.007590799999999998,0.12327129819091233,0.19194313527644066
real,35/0.5 all_ankles,3,swing,right,roll,amplitude,"[0.080,1.000)",3,########################,0.0409985,0.17771791331795725,0.1768064465692735
real,35/0.5 all_ankles,3,touchdown,left,pitch,frequency,"[0.00,1.00)",0,,nan,nan,nan
real,35/0.5 all_ankles,3,touchdown,left,pitch,frequency,"[1.00,2.50)",0,,nan,nan,nan
real,35/0.5 all_ankles,3,touchdown,left,pitch,frequency,"[2.50,5.00)",1,########################,0.3353762,nan,0.2734408619023609
real,35/0.5 all_ankles,3,touchdown,left,pitch,frequency,"[5.00,8.00)",0,,nan,nan,nan
real,35/0.5 all_ankles,3,touchdown,left,pitch,frequency,"[8.00,12.00)",0,,nan,nan,nan
real,35/0.5 all_ankles,3,touchdown,left,pitch,frequency,"[12.00,20.00)",0,,nan,nan,nan
real,35/0.5 all_ankles,3,touchdown,left,pitch,frequency,"[20.00,1000.00)",0,,nan,nan,nan
real,35/0.5 all_ankles,3,touchdown,left,pitch,amplitude,"[0.000,0.005)",1,########################,0.3353762,nan,0.2734408619023609
real,35/0.5 all_ankles,3,touchdown,left,pitch,amplitude,"[0.005,0.010)",0,,nan,nan,nan
real,35/0.5 all_ankles,3,touchdown,left,pitch,amplitude,"[0.010,0.020)",0,,nan,nan,nan
real,35/0.5 all_ankles,3,touchdown,left,pitch,amplitude,"[0.020,0.040)",0,,nan,nan,nan
real,35/0.5 all_ankles,3,touchdown,left,pitch,amplitude,"[0.040,0.080)",0,,nan,nan,nan
real,35/0.5 all_ankles,3,touchdown,left,pitch,amplitude,"[0.080,1.000)",0,,nan,nan,nan
real,35/0.5 all_ankles,3,touchdown,left,roll,frequency,"[0.00,1.00)",0,,nan,nan,nan
real,35/0.5 all_ankles,3,touchdown,left,roll,frequency,"[1.00,2.50)",0,,nan,nan,nan
real,35/0.5 all_ankles,3,touchdown,left,roll,frequency,"[2.50,5.00)",0,,nan,nan,nan
real,35/0.5 all_ankles,3,touchdown,left,roll,frequency,"[5.00,8.00)",0,,nan,nan,nan
real,35/0.5 all_ankles,3,touchdown,left,roll,frequency,"[8.00,12.00)",0,,nan,nan,nan
real,35/0.5 all_ankles,3,touchdown,left,roll,frequency,"[12.00,20.00)",2,########################,0.1655183,1.2709601144906468,0.31836079664809824
real,35/0.5 all_ankles,3,touchdown,left,roll,frequency,"[20.00,1000.00)",2,########################,0.016800999999999996,0.5684519018921881,0.37363195171797536
real,35/0.5 all_ankles,3,touchdown,left,roll,amplitude,"[0.000,0.005)",0,,nan,nan,nan
real,35/0.5 all_ankles,3,touchdown,left,roll,amplitude,"[0.005,0.010)",0,,nan,nan,nan
real,35/0.5 all_ankles,3,touchdown,left,roll,amplitude,"[0.010,0.020)",0,,nan,nan,nan
real,35/0.5 all_ankles,3,touchdown,left,roll,amplitude,"[0.020,0.040)",2,########################,0.016800999999999996,0.5684519018921881,0.37363195171797536
real,35/0.5 all_ankles,3,touchdown,left,roll,amplitude,"[0.040,0.080)",0,,nan,nan,nan
real,35/0.5 all_ankles,3,touchdown,left,roll,amplitude,"[0.080,1.000)",2,########################,0.1655183,1.2709601144906468,0.31836079664809824
real,35/0.5 all_ankles,3,touchdown,right,pitch,frequency,"[0.00,1.00)",0,,nan,nan,nan
real,35/0.5 all_ankles,3,touchdown,right,pitch,frequency,"[1.00,2.50)",0,,nan,nan,nan
real,35/0.5 all_ankles,3,touchdown,right,pitch,frequency,"[2.50,5.00)",0,,nan,nan,nan
real,35/0.5 all_ankles,3,touchdown,right,pitch,frequency,"[5.00,8.00)",1,########################,0.1340927,nan,0.5434927961137215
real,35/0.5 all_ankles,3,touchdown,right,pitch,frequency,"[8.00,12.00)",0,,nan,nan,nan
real,35/0.5 all_ankles,3,touchdown,right,pitch,frequency,"[12.00,20.00)",1,########################,0.1556939,2.636913149515616,0.2078172052464738
real,35/0.5 all_ankles,3,touchdown,right,pitch,frequency,"[20.00,1000.00)",1,########################,0.0988504,2.1019030810776336,0.40919087084936695
real,35/0.5 all_ankles,3,touchdown,right,pitch,amplitude,"[0.000,0.005)",1,############,0.1340927,nan,0.5434927961137215
real,35/0.5 all_ankles,3,touchdown,right,pitch,amplitude,"[0.005,0.010)",0,,nan,nan,nan
real,35/0.5 all_ankles,3,touchdown,right,pitch,amplitude,"[0.010,0.020)",0,,nan,nan,nan
real,35/0.5 all_ankles,3,touchdown,right,pitch,amplitude,"[0.020,0.040)",0,,nan,nan,nan
real,35/0.5 all_ankles,3,touchdown,right,pitch,amplitude,"[0.040,0.080)",2,########################,0.12727215,2.3694081152966247,0.30850403804792037
real,35/0.5 all_ankles,3,touchdown,right,pitch,amplitude,"[0.080,1.000)",0,,nan,nan,nan
real,35/0.5 all_ankles,3,touchdown,right,roll,frequency,"[0.00,1.00)",0,,nan,nan,nan
real,35/0.5 all_ankles,3,touchdown,right,roll,frequency,"[1.00,2.50)",0,,nan,nan,nan
real,35/0.5 all_ankles,3,touchdown,right,roll,frequency,"[2.50,5.00)",0,,nan,nan,nan
real,35/0.5 all_ankles,3,touchdown,right,roll,frequency,"[5.00,8.00)",0,,nan,nan,nan
real,35/0.5 all_ankles,3,touchdown,right,roll,frequency,"[8.00,12.00)",0,,nan,nan,nan
real,35/0.5 all_ankles,3,touchdown,right,roll,frequency,"[12.00,20.00)",3,########################,0.06182903333333334,0.590074154519202,0.16481016702068482
real,35/0.5 all_ankles,3,touchdown,right,roll,frequency,"[20.00,1000.00)",2,################,0.07420415,1.177593833404879,0.22989778483207382
real,35/0.5 all_ankles,3,touchdown,right,roll,amplitude,"[0.000,0.005)",1,############,0.0450016,nan,0.19105075724224807
real,35/0.5 all_ankles,3,touchdown,right,roll,amplitude,"[0.005,0.010)",1,############,0.085314,nan,0.19611899789048148
real,35/0.5 all_ankles,3,touchdown,right,roll,amplitude,"[0.010,0.020)",0,,nan,nan,nan
real,35/0.5 all_ankles,3,touchdown,right,roll,amplitude,"[0.020,0.040)",0,,nan,nan,nan
real,35/0.5 all_ankles,3,touchdown,right,roll,amplitude,"[0.040,0.080)",1,############,0.06309429999999999,1.177593833404879,0.26367657177366616
real,35/0.5 all_ankles,3,touchdown,right,roll,amplitude,"[0.080,1.000)",2,########################,0.07024275,0.590074154519202,0.1516898719099032
real,35/0.5 all_ankles,4,swing,left,pitch,frequency,"[0.00,1.00)",0,,nan,nan,nan
real,35/0.5 all_ankles,4,swing,left,pitch,frequency,"[1.00,2.50)",1,########################,0.0876052,0.3588803270696867,0.3698469178682782
real,35/0.5 all_ankles,4,swing,left,pitch,frequency,"[2.50,5.00)",0,,nan,nan,nan
real,35/0.5 all_ankles,4,swing,left,pitch,frequency,"[5.00,8.00)",0,,nan,nan,nan
real,35/0.5 all_ankles,4,swing,left,pitch,frequency,"[8.00,12.00)",0,,nan,nan,nan
real,35/0.5 all_ankles,4,swing,left,pitch,frequency,"[12.00,20.00)",0,,nan,nan,nan
real,35/0.5 all_ankles,4,swing,left,pitch,frequency,"[20.00,1000.00)",0,,nan,nan,nan
real,35/0.5 all_ankles,4,swing,left,pitch,amplitude,"[0.000,0.005)",0,,nan,nan,nan
real,35/0.5 all_ankles,4,swing,left,pitch,amplitude,"[0.005,0.010)",0,,nan,nan,nan
real,35/0.5 all_ankles,4,swing,left,pitch,amplitude,"[0.010,0.020)",0,,nan,nan,nan
real,35/0.5 all_ankles,4,swing,left,pitch,amplitude,"[0.020,0.040)",0,,nan,nan,nan
real,35/0.5 all_ankles,4,swing,left,pitch,amplitude,"[0.040,0.080)",0,,nan,nan,nan
real,35/0.5 all_ankles,4,swing,left,pitch,amplitude,"[0.080,1.000)",1,########################,0.0876052,0.3588803270696867,0.3698469178682782
real,35/0.5 all_ankles,4,swing,left,roll,frequency,"[0.00,1.00)",0,,nan,nan,nan
real,35/0.5 all_ankles,4,swing,left,roll,frequency,"[1.00,2.50)",0,,nan,nan,nan
real,35/0.5 all_ankles,4,swing,left,roll,frequency,"[2.50,5.00)",0,,nan,nan,nan
real,35/0.5 all_ankles,4,swing,left,roll,frequency,"[5.00,8.00)",1,############,0.1147224,0.31906773650762754,0.29904102125487364
real,35/0.5 all_ankles,4,swing,left,roll,frequency,"[8.00,12.00)",0,,nan,nan,nan
real,35/0.5 all_ankles,4,swing,left,roll,frequency,"[12.00,20.00)",2,########################,0.03321618,0.760525970680458,0.2260419066852402
real,35/0.5 all_ankles,4,swing,left,roll,frequency,"[20.00,1000.00)",1,############,0.06551169999999999,1.7562987587464127,0.44466362096686446
real,35/0.5 all_ankles,4,swing,left,roll,amplitude,"[0.000,0.005)",0,,nan,nan,nan
real,35/0.5 all_ankles,4,swing,left,roll,amplitude,"[0.005,0.010)",0,,nan,nan,nan
real,35/0.5 all_ankles,4,swing,left,roll,amplitude,"[0.010,0.020)",0,,nan,nan,nan
real,35/0.5 all_ankles,4,swing,left,roll,amplitude,"[0.020,0.040)",1,############,0.06551169999999999,1.7562987587464127,0.44466362096686446
real,35/0.5 all_ankles,4,swing,left,roll,amplitude,"[0.040,0.080)",1,############,0.06225,1.4844402050792873,0.3342437078562587
real,35/0.5 all_ankles,4,swing,left,roll,amplitude,"[0.080,1.000)",2,########################,0.05945238,0.17783973639462813,0.2084405633845477
real,35/0.5 all_ankles,4,swing,right,pitch,frequency,"[0.00,1.00)",0,,nan,nan,nan
real,35/0.5 all_ankles,4,swing,right,pitch,frequency,"[1.00,2.50)",0,,nan,nan,nan
real,35/0.5 all_ankles,4,swing,right,pitch,frequency,"[2.50,5.00)",0,,nan,nan,nan
real,35/0.5 all_ankles,4,swing,right,pitch,frequency,"[5.00,8.00)",0,,nan,nan,nan
real,35/0.5 all_ankles,4,swing,right,pitch,frequency,"[8.00,12.00)",1,########,0.0,0.0,0.24056937194170952
real,35/0.5 all_ankles,4,swing,right,pitch,frequency,"[12.00,20.00)",1,########,0.457158,4.30984322117787,0.23592324050249902
real,35/0.5 all_ankles,4,swing,right,pitch,frequency,"[20.00,1000.00)",3,########################,0.0,0.0,0.23011074812112664
real,35/0.5 all_ankles,4,swing,right,pitch,amplitude,"[0.000,0.005)",1,########,0.0,nan,0.20600048856252745
real,35/0.5 all_ankles,4,swing,right,pitch,amplitude,"[0.005,0.010)",1,########,0.0,nan,0.2050807409623504
real,35/0.5 all_ankles,4,swing,right,pitch,amplitude,"[0.010,0.020)",0,,nan,nan,nan
real,35/0.5 all_ankles,4,swing,right,pitch,amplitude,"[0.020,0.040)",0,,nan,nan,nan
real,35/0.5 all_ankles,4,swing,right,pitch,amplitude,"[0.040,0.080)",0,,nan,nan,nan
real,35/0.5 all_ankles,4,swing,right,pitch,amplitude,"[0.080,1.000)",3,########################,0.152386,1.4366144070592899,0.2519145424275702
real,35/0.5 all_ankles,4,swing,right,roll,frequency,"[0.00,1.00)",0,,nan,nan,nan
real,35/0.5 all_ankles,4,swing,right,roll,frequency,"[1.00,2.50)",0,,nan,nan,nan
real,35/0.5 all_ankles,4,swing,right,roll,frequency,"[2.50,5.00)",0,,nan,nan,nan
real,35/0.5 all_ankles,4,swing,right,roll,frequency,"[5.00,8.00)",0,,nan,nan,nan
real,35/0.5 all_ankles,4,swing,right,roll,frequency,"[8.00,12.00)",1,########,0.0,0.0,0.02578575512698657
real,35/0.5 all_ankles,4,swing,right,roll,frequency,"[12.00,20.00)",2,################,0.1617445,0.43517302314418965,0.07465457641777065
real,35/0.5 all_ankles,4,swing,right,roll,frequency,"[20.00,1000.00)",3,########################,0.0,0.0,0.0571502703433136
real,35/0.5 all_ankles,4,swing,right,roll,amplitude,"[0.000,0.005)",0,,nan,nan,nan
real,35/0.5 all_ankles,4,swing,right,roll,amplitude,"[0.005,0.010)",1,########,0.0,nan,0.0668019687466869
real,35/0.5 all_ankles,4,swing,right,roll,amplitude,"[0.010,0.020)",0,,nan,nan,nan
real,35/0.5 all_ankles,4,swing,right,roll,amplitude,"[0.020,0.040)",3,########################,0.0,0.0,0.047482012524879214
real,35/0.5 all_ankles,4,swing,right,roll,amplitude,"[0.040,0.080)",1,########,0.0,0.0,0.02578575512698657
real,35/0.5 all_ankles,4,swing,right,roll,amplitude,"[0.080,1.000)",1,########,0.323489,0.8703460462883793,0.11151195754415756
real,35/0.5 all_ankles,4,touchdown,left,pitch,frequency,"[0.00,1.00)",0,,nan,nan,nan
real,35/0.5 all_ankles,4,touchdown,left,pitch,frequency,"[1.00,2.50)",0,,nan,nan,nan
real,35/0.5 all_ankles,4,touchdown,left,pitch,frequency,"[2.50,5.00)",0,,nan,nan,nan
real,35/0.5 all_ankles,4,touchdown,left,pitch,frequency,"[5.00,8.00)",0,,nan,nan,nan
real,35/0.5 all_ankles,4,touchdown,left,pitch,frequency,"[8.00,12.00)",0,,nan,nan,nan
real,35/0.5 all_ankles,4,touchdown,left,pitch,frequency,"[12.00,20.00)",2,########################,0.04770225,0.8738901576741878,0.19615987432272386
real,35/0.5 all_ankles,4,touchdown,left,pitch,frequency,"[20.00,1000.00)",1,############,0.07180599999999998,6.881264973646399,0.130757807254481
real,35/0.5 all_ankles,4,touchdown,left,pitch,amplitude,"[0.000,0.005)",0,,nan,nan,nan
real,35/0.5 all_ankles,4,touchdown,left,pitch,amplitude,"[0.005,0.010)",0,,nan,nan,nan
real,35/0.5 all_ankles,4,touchdown,left,pitch,amplitude,"[0.010,0.020)",1,############,0.07180599999999998,6.881264973646399,0.130757807254481
real,35/0.5 all_ankles,4,touchdown,left,pitch,amplitude,"[0.020,0.040)",0,,nan,nan,nan
real,35/0.5 all_ankles,4,touchdown,left,pitch,amplitude,"[0.040,0.080)",2,########################,0.04770225,0.8738901576741878,0.19615987432272386
real,35/0.5 all_ankles,4,touchdown,left,pitch,amplitude,"[0.080,1.000)",0,,nan,nan,nan
real,35/0.5 all_ankles,4,touchdown,left,roll,frequency,"[0.00,1.00)",0,,nan,nan,nan
real,35/0.5 all_ankles,4,touchdown,left,roll,frequency,"[1.00,2.50)",0,,nan,nan,nan
real,35/0.5 all_ankles,4,touchdown,left,roll,frequency,"[2.50,5.00)",0,,nan,nan,nan
real,35/0.5 all_ankles,4,touchdown,left,roll,frequency,"[5.00,8.00)",0,,nan,nan,nan
real,35/0.5 all_ankles,4,touchdown,left,roll,frequency,"[8.00,12.00)",0,,nan,nan,nan
real,35/0.5 all_ankles,4,touchdown,left,roll,frequency,"[12.00,20.00)",2,########################,0.03330283,0.8330812007597976,0.06714533836186284
real,35/0.5 all_ankles,4,touchdown,left,roll,frequency,"[20.00,1000.00)",1,############,0.03156670000000001,0.7175750384171239,0.07944516162389417
real,35/0.5 all_ankles,4,touchdown,left,roll,amplitude,"[0.000,0.005)",0,,nan,nan,nan
real,35/0.5 all_ankles,4,touchdown,left,roll,amplitude,"[0.005,0.010)",0,,nan,nan,nan
real,35/0.5 all_ankles,4,touchdown,left,roll,amplitude,"[0.010,0.020)",0,,nan,nan,nan
real,35/0.5 all_ankles,4,touchdown,left,roll,amplitude,"[0.020,0.040)",1,########################,0.041370599999999993,1.5262038426872246,0.02365502185893989
real,35/0.5 all_ankles,4,touchdown,left,roll,amplitude,"[0.040,0.080)",1,########################,0.03156670000000001,0.7175750384171239,0.07944516162389417
real,35/0.5 all_ankles,4,touchdown,left,roll,amplitude,"[0.080,1.000)",1,########################,0.02523506,0.13995855883237068,0.1106356548647858
real,35/0.5 all_ankles,4,touchdown,right,pitch,frequency,"[0.00,1.00)",0,,nan,nan,nan
real,35/0.5 all_ankles,4,touchdown,right,pitch,frequency,"[1.00,2.50)",0,,nan,nan,nan
real,35/0.5 all_ankles,4,touchdown,right,pitch,frequency,"[2.50,5.00)",0,,nan,nan,nan
real,35/0.5 all_ankles,4,touchdown,right,pitch,frequency,"[5.00,8.00)",1,########################,0.0,0.0,0.33219719024695255
real,35/0.5 all_ankles,4,touchdown,right,pitch,frequency,"[8.00,12.00)",0,,nan,nan,nan
real,35/0.5 all_ankles,4,touchdown,right,pitch,frequency,"[12.00,20.00)",0,,nan,nan,nan
real,35/0.5 all_ankles,4,touchdown,right,pitch,frequency,"[20.00,1000.00)",1,########################,0.0,0.0,0.1365386218959798
real,35/0.5 all_ankles,4,touchdown,right,pitch,amplitude,"[0.000,0.005)",0,,nan,nan,nan
real,35/0.5 all_ankles,4,touchdown,right,pitch,amplitude,"[0.005,0.010)",0,,nan,nan,nan
real,35/0.5 all_ankles,4,touchdown,right,pitch,amplitude,"[0.010,0.020)",0,,nan,nan,nan
real,35/0.5 all_ankles,4,touchdown,right,pitch,amplitude,"[0.020,0.040)",0,,nan,nan,nan
real,35/0.5 all_ankles,4,touchdown,right,pitch,amplitude,"[0.040,0.080)",2,########################,0.0,0.0,0.23436790607146618
real,35/0.5 all_ankles,4,touchdown,right,pitch,amplitude,"[0.080,1.000)",0,,nan,nan,nan
real,35/0.5 all_ankles,4,touchdown,right,roll,frequency,"[0.00,1.00)",0,,nan,nan,nan
real,35/0.5 all_ankles,4,touchdown,right,roll,frequency,"[1.00,2.50)",0,,nan,nan,nan
real,35/0.5 all_ankles,4,touchdown,right,roll,frequency,"[2.50,5.00)",0,,nan,nan,nan
real,35/0.5 all_ankles,4,touchdown,right,roll,frequency,"[5.00,8.00)",0,,nan,nan,nan
real,35/0.5 all_ankles,4,touchdown,right,roll,frequency,"[8.00,12.00)",0,,nan,nan,nan
real,35/0.5 all_ankles,4,touchdown,right,roll,frequency,"[12.00,20.00)",3,########################,0.0,0.0,0.14669701454129877
real,35/0.5 all_ankles,4,touchdown,right,roll,frequency,"[20.00,1000.00)",1,########,0.0,0.0,0.12892542478385197
real,35/0.5 all_ankles,4,touchdown,right,roll,amplitude,"[0.000,0.005)",0,,nan,nan,nan
real,35/0.5 all_ankles,4,touchdown,right,roll,amplitude,"[0.005,0.010)",0,,nan,nan,nan
real,35/0.5 all_ankles,4,touchdown,right,roll,amplitude,"[0.010,0.020)",0,,nan,nan,nan
real,35/0.5 all_ankles,4,touchdown,right,roll,amplitude,"[0.020,0.040)",0,,nan,nan,nan
real,35/0.5 all_ankles,4,touchdown,right,roll,amplitude,"[0.040,0.080)",1,########,0.0,0.0,0.19908678916304315
real,35/0.5 all_ankles,4,touchdown,right,roll,amplitude,"[0.080,1.000)",3,########################,0.0,0.0,0.12330989308156841
real,35/0.5 all_ankles,5,swing,left,pitch,frequency,"[0.00,1.00)",0,,nan,nan,nan
real,35/0.5 all_ankles,5,swing,left,pitch,frequency,"[1.00,2.50)",0,,nan,nan,nan
real,35/0.5 all_ankles,5,swing,left,pitch,frequency,"[2.50,5.00)",0,,nan,nan,nan
real,35/0.5 all_ankles,5,swing,left,pitch,frequency,"[5.00,8.00)",2,################,0.073652,0.43056263124609206,0.23406233524309839
real,35/0.5 all_ankles,5,swing,left,pitch,frequency,"[8.00,12.00)",0,,nan,nan,nan
real,35/0.5 all_ankles,5,swing,left,pitch,frequency,"[12.00,20.00)",1,########,0.11388100000000001,2.1514991214977988,0.02408073407934236
real,35/0.5 all_ankles,5,swing,left,pitch,frequency,"[20.00,1000.00)",3,########################,0.05861366666666667,3.709853582134291,0.11416356953371705
real,35/0.5 all_ankles,5,swing,left,pitch,amplitude,"[0.000,0.005)",0,,nan,nan,nan
real,35/0.5 all_ankles,5,swing,left,pitch,amplitude,"[0.005,0.010)",1,############,0.030225000000000002,nan,0.07436430658364715
real,35/0.5 all_ankles,5,swing,left,pitch,amplitude,"[0.010,0.020)",1,############,0.07381000000000001,5.144629539276505,0.10921679858733578
real,35/0.5 all_ankles,5,swing,left,pitch,amplitude,"[0.020,0.040)",1,############,0.07180599999999998,2.275077624992076,0.15890960343016822
real,35/0.5 all_ankles,5,swing,left,pitch,amplitude,"[0.040,0.080)",2,########################,0.07575950000000001,1.4200289504528987,0.0693656757104494
real,35/0.5 all_ankles,5,swing,left,pitch,amplitude,"[0.080,1.000)",1,############,0.10966599999999999,0.17256648308418568,0.35347405314464037
real,35/0.5 all_ankles,5,swing,left,roll,frequency,"[0.00,1.00)",0,,nan,nan,nan
real,35/0.5 all_ankles,5,swing,left,roll,frequency,"[1.00,2.50)",0,,nan,nan,nan
real,35/0.5 all_ankles,5,swing,left,roll,frequency,"[2.50,5.00)",0,,nan,nan,nan
real,35/0.5 all_ankles,5,swing,left,roll,frequency,"[5.00,8.00)",0,,nan,nan,nan
real,35/0.5 all_ankles,5,swing,left,roll,frequency,"[8.00,12.00)",2,##########,0.08612327,2.368358196526305,0.076271358362779
real,35/0.5 all_ankles,5,swing,left,roll,frequency,"[12.00,20.00)",5,########################,0.039384388000000006,2.127931228679901,0.15866761330445192
real,35/0.5 all_ankles,5,swing,left,roll,frequency,"[20.00,1000.00)",0,,nan,nan,nan
real,35/0.5 all_ankles,5,swing,left,roll,amplitude,"[0.000,0.005)",0,,nan,nan,nan
real,35/0.5 all_ankles,5,swing,left,roll,amplitude,"[0.005,0.010)",1,########,0.027275000000000008,nan,0.11007937305864234
real,35/0.5 all_ankles,5,swing,left,roll,amplitude,"[0.010,0.020)",3,########################,0.046606080000000015,2.8120435845639005,0.07273757391058641
real,35/0.5 all_ankles,5,swing,left,roll,amplitude,"[0.020,0.040)",1,########,0.09764146,3.145864236272651,0.04433004395188489
real,35/0.5 all_ankles,5,swing,left,roll,amplitude,"[0.040,0.080)",1,########,0.07460507999999999,1.590852156779959,0.10821267277367311
real,35/0.5 all_ankles,5,swing,left,roll,amplitude,"[0.080,1.000)",1,########,0.0298287,0.07559416102790238,0.46504597173185797
real,35/0.5 all_ankles,5,swing,right,pitch,frequency,"[0.00,1.00)",0,,nan,nan,nan
real,35/0.5 all_ankles,5,swing,right,pitch,frequency,"[1.00,2.50)",1,########################,0.0,0.0,0.3298962865047758
real,35/0.5 all_ankles,5,swing,right,pitch,frequency,"[2.50,5.00)",0,,nan,nan,nan
real,35/0.5 all_ankles,5,swing,right,pitch,frequency,"[5.00,8.00)",0,,nan,nan,nan
real,35/0.5 all_ankles,5,swing,right,pitch,frequency,"[8.00,12.00)",0,,nan,nan,nan
real,35/0.5 all_ankles,5,swing,right,pitch,frequency,"[12.00,20.00)",0,,nan,nan,nan
real,35/0.5 all_ankles,5,swing,right,pitch,frequency,"[20.00,1000.00)",0,,nan,nan,nan
real,35/0.5 all_ankles,5,swing,right,pitch,amplitude,"[0.000,0.005)",0,,nan,nan,nan
real,35/0.5 all_ankles,5,swing,right,pitch,amplitude,"[0.005,0.010)",0,,nan,nan,nan
real,35/0.5 all_ankles,5,swing,right,pitch,amplitude,"[0.010,0.020)",0,,nan,nan,nan
real,35/0.5 all_ankles,5,swing,right,pitch,amplitude,"[0.020,0.040)",0,,nan,nan,nan
real,35/0.5 all_ankles,5,swing,right,pitch,amplitude,"[0.040,0.080)",0,,nan,nan,nan
real,35/0.5 all_ankles,5,swing,right,pitch,amplitude,"[0.080,1.000)",1,########################,0.0,0.0,0.3298962865047758
real,35/0.5 all_ankles,5,swing,right,roll,frequency,"[0.00,1.00)",0,,nan,nan,nan
real,35/0.5 all_ankles,5,swing,right,roll,frequency,"[1.00,2.50)",0,,nan,nan,nan
real,35/0.5 all_ankles,5,swing,right,roll,frequency,"[2.50,5.00)",0,,nan,nan,nan
real,35/0.5 all_ankles,5,swing,right,roll,frequency,"[5.00,8.00)",0,,nan,nan,nan
real,35/0.5 all_ankles,5,swing,right,roll,frequency,"[8.00,12.00)",2,############,0.0,0.0,0.2804378042633612
real,35/0.5 all_ankles,5,swing,right,roll,frequency,"[12.00,20.00)",4,########################,0.0,0.0,0.24857257024778845
real,35/0.5 all_ankles,5,swing,right,roll,frequency,"[20.00,1000.00)",1,######,0.0,nan,0.32543971120265375
real,35/0.5 all_ankles,5,swing,right,roll,amplitude,"[0.000,0.005)",1,########,0.0,nan,0.32543971120265375
real,35/0.5 all_ankles,5,swing,right,roll,amplitude,"[0.005,0.010)",1,########,0.0,nan,0.4211585141802312
real,35/0.5 all_ankles,5,swing,right,roll,amplitude,"[0.010,0.020)",0,,nan,nan,nan
real,35/0.5 all_ankles,5,swing,right,roll,amplitude,"[0.020,0.040)",1,########,0.0,0.0,0.0798651669392998
real,35/0.5 all_ankles,5,swing,right,roll,amplitude,"[0.040,0.080)",1,########,0.0,0.0,0.34949451041264074
real,35/0.5 all_ankles,5,swing,right,roll,amplitude,"[0.080,1.000)",3,########################,0.0,0.0,0.2348825659952348
real,35/0.5 all_ankles,5,touchdown,left,pitch,frequency,"[0.00,1.00)",0,,nan,nan,nan
real,35/0.5 all_ankles,5,touchdown,left,pitch,frequency,"[1.00,2.50)",0,,nan,nan,nan
real,35/0.5 all_ankles,5,touchdown,left,pitch,frequency,"[2.50,5.00)",1,########################,0.10502699999999998,2.237139753338873,0.6678194503831106
real,35/0.5 all_ankles,5,touchdown,left,pitch,frequency,"[5.00,8.00)",0,,nan,nan,nan
real,35/0.5 all_ankles,5,touchdown,left,pitch,frequency,"[8.00,12.00)",0,,nan,nan,nan
real,35/0.5 all_ankles,5,touchdown,left,pitch,frequency,"[12.00,20.00)",0,,nan,nan,nan
real,35/0.5 all_ankles,5,touchdown,left,pitch,frequency,"[20.00,1000.00)",0,,nan,nan,nan
real,35/0.5 all_ankles,5,touchdown,left,pitch,amplitude,"[0.000,0.005)",0,,nan,nan,nan
real,35/0.5 all_ankles,5,touchdown,left,pitch,amplitude,"[0.005,0.010)",0,,nan,nan,nan
real,35/0.5 all_ankles,5,touchdown,left,pitch,amplitude,"[0.010,0.020)",0,,nan,nan,nan
real,35/0.5 all_ankles,5,touchdown,left,pitch,amplitude,"[0.020,0.040)",0,,nan,nan,nan
real,35/0.5 all_ankles,5,touchdown,left,pitch,amplitude,"[0.040,0.080)",1,########################,0.10502699999999998,2.237139753338873,0.6678194503831106
real,35/0.5 all_ankles,5,touchdown,left,pitch,amplitude,"[0.080,1.000)",0,,nan,nan,nan
real,35/0.5 all_ankles,5,touchdown,left,roll,frequency,"[0.00,1.00)",0,,nan,nan,nan
real,35/0.5 all_ankles,5,touchdown,left,roll,frequency,"[1.00,2.50)",0,,nan,nan,nan
real,35/0.5 all_ankles,5,touchdown,left,roll,frequency,"[2.50,5.00)",0,,nan,nan,nan
real,35/0.5 all_ankles,5,touchdown,left,roll,frequency,"[5.00,8.00)",1,########################,0.1578662,1.2666586430451252,0.4404202095694365
real,35/0.5 all_ankles,5,touchdown,left,roll,frequency,"[8.00,12.00)",0,,nan,nan,nan
real,35/0.5 all_ankles,5,touchdown,left,roll,frequency,"[12.00,20.00)",0,,nan,nan,nan
real,35/0.5 all_ankles,5,touchdown,left,roll,frequency,"[20.00,1000.00)",0,,nan,nan,nan
real,35/0.5 all_ankles,5,touchdown,left,roll,amplitude,"[0.000,0.005)",0,,nan,nan,nan
real,35/0.5 all_ankles,5,touchdown,left,roll,amplitude,"[0.005,0.010)",0,,nan,nan,nan
real,35/0.5 all_ankles,5,touchdown,left,roll,amplitude,"[0.010,0.020)",0,,nan,nan,nan
real,35/0.5 all_ankles,5,touchdown,left,roll,amplitude,"[0.020,0.040)",0,,nan,nan,nan
real,35/0.5 all_ankles,5,touchdown,left,roll,amplitude,"[0.040,0.080)",0,,nan,nan,nan
real,35/0.5 all_ankles,5,touchdown,left,roll,amplitude,"[0.080,1.000)",1,########################,0.1578662,1.2666586430451252,0.4404202095694365
real,35/0.5 all_ankles,5,touchdown,right,pitch,frequency,"[0.00,1.00)",0,,nan,nan,nan
real,35/0.5 all_ankles,5,touchdown,right,pitch,frequency,"[1.00,2.50)",0,,nan,nan,nan
real,35/0.5 all_ankles,5,touchdown,right,pitch,frequency,"[2.50,5.00)",1,########################,0.0,0.0,0.38277372046616703
real,35/0.5 all_ankles,5,touchdown,right,pitch,frequency,"[5.00,8.00)",0,,nan,nan,nan
real,35/0.5 all_ankles,5,touchdown,right,pitch,frequency,"[8.00,12.00)",0,,nan,nan,nan
real,35/0.5 all_ankles,5,touchdown,right,pitch,frequency,"[12.00,20.00)",0,,nan,nan,nan
real,35/0.5 all_ankles,5,touchdown,right,pitch,frequency,"[20.00,1000.00)",1,########################,0.0,0.0,0.28184378818889494
real,35/0.5 all_ankles,5,touchdown,right,pitch,amplitude,"[0.000,0.005)",0,,nan,nan,nan
real,35/0.5 all_ankles,5,touchdown,right,pitch,amplitude,"[0.005,0.010)",0,,nan,nan,nan
real,35/0.5 all_ankles,5,touchdown,right,pitch,amplitude,"[0.010,0.020)",0,,nan,nan,nan
real,35/0.5 all_ankles,5,touchdown,right,pitch,amplitude,"[0.020,0.040)",0,,nan,nan,nan
real,35/0.5 all_ankles,5,touchdown,right,pitch,amplitude,"[0.040,0.080)",0,,nan,nan,nan
real,35/0.5 all_ankles,5,touchdown,right,pitch,amplitude,"[0.080,1.000)",2,########################,0.0,0.0,0.332308754327531
real,35/0.5 all_ankles,5,touchdown,right,roll,frequency,"[0.00,1.00)",0,,nan,nan,nan
real,35/0.5 all_ankles,5,touchdown,right,roll,frequency,"[1.00,2.50)",0,,nan,nan,nan
real,35/0.5 all_ankles,5,touchdown,right,roll,frequency,"[2.50,5.00)",0,,nan,nan,nan
real,35/0.5 all_ankles,5,touchdown,right,roll,frequency,"[5.00,8.00)",0,,nan,nan,nan
real,35/0.5 all_ankles,5,touchdown,right,roll,frequency,"[8.00,12.00)",1,############,0.0,nan,0.0519535558369845
real,35/0.5 all_ankles,5,touchdown,right,roll,frequency,"[12.00,20.00)",2,########################,0.0,0.0,0.05700640304126604
real,35/0.5 all_ankles,5,touchdown,right,roll,frequency,"[20.00,1000.00)",0,,nan,nan,nan
real,35/0.5 all_ankles,5,touchdown,right,roll,amplitude,"[0.000,0.005)",0,,nan,nan,nan
real,35/0.5 all_ankles,5,touchdown,right,roll,amplitude,"[0.005,0.010)",1,########################,0.0,nan,0.0519535558369845
real,35/0.5 all_ankles,5,touchdown,right,roll,amplitude,"[0.010,0.020)",1,########################,0.0,0.0,0.04984410817896134
real,35/0.5 all_ankles,5,touchdown,right,roll,amplitude,"[0.020,0.040)",0,,nan,nan,nan
real,35/0.5 all_ankles,5,touchdown,right,roll,amplitude,"[0.040,0.080)",1,########################,0.0,0.0,0.06416869790357076
real,35/0.5 all_ankles,5,touchdown,right,roll,amplitude,"[0.080,1.000)",0,,nan,nan,nan
real,35/0.5 all_ankles,6,swing,left,pitch,frequency,"[0.00,1.00)",0,,nan,nan,nan
real,35/0.5 all_ankles,6,swing,left,pitch,frequency,"[1.00,2.50)",0,,nan,nan,nan
real,35/0.5 all_ankles,6,swing,left,pitch,frequency,"[2.50,5.00)",2,########################,0.07216,0.695313304460679,0.4918227279585631
real,35/0.5 all_ankles,6,swing,left,pitch,frequency,"[5.00,8.00)",1,############,0.10966599999999999,0.17256648308418568,0.35347405314464037
real,35/0.5 all_ankles,6,swing,left,pitch,frequency,"[8.00,12.00)",0,,nan,nan,nan
real,35/0.5 all_ankles,6,swing,left,pitch,frequency,"[12.00,20.00)",0,,nan,nan,nan
real,35/0.5 all_ankles,6,swing,left,pitch,frequency,"[20.00,1000.00)",0,,nan,nan,nan
real,35/0.5 all_ankles,6,swing,left,pitch,amplitude,"[0.000,0.005)",0,,nan,nan,nan
real,35/0.5 all_ankles,6,swing,left,pitch,amplitude,"[0.005,0.010)",0,,nan,nan,nan
real,35/0.5 all_ankles,6,swing,left,pitch,amplitude,"[0.010,0.020)",0,,nan,nan,nan
real,35/0.5 all_ankles,6,swing,left,pitch,amplitude,"[0.020,0.040)",0,,nan,nan,nan
real,35/0.5 all_ankles,6,swing,left,pitch,amplitude,"[0.040,0.080)",1,############,0.10502699999999998,1.3186064030131825,0.6651498143033643
real,35/0.5 all_ankles,6,swing,left,pitch,amplitude,"[0.080,1.000)",2,########################,0.0744795,0.12229334449618051,0.3359848473792011
real,35/0.5 all_ankles,6,swing,left,roll,frequency,"[0.00,1.00)",0,,nan,nan,nan
real,35/0.5 all_ankles,6,swing,left,roll,frequency,"[1.00,2.50)",0,,nan,nan,nan
real,35/0.5 all_ankles,6,swing,left,roll,frequency,"[2.50,5.00)",1,########################,0.0775259,0.22021775810840752,0.39427134972831773
real,35/0.5 all_ankles,6,swing,left,roll,frequency,"[5.00,8.00)",0,,nan,nan,nan
real,35/0.5 all_ankles,6,swing,left,roll,frequency,"[8.00,12.00)",0,,nan,nan,nan
real,35/0.5 all_ankles,6,swing,left,roll,frequency,"[12.00,20.00)",1,########################,0.029575299999999992,0.9154767395429316,0.013839688547218102
real,35/0.5 all_ankles,6,swing,left,roll,frequency,"[20.00,1000.00)",1,########################,0.057235999999999995,0.27729276682331283,0.3508765004437696
real,35/0.5 all_ankles,6,swing,left,roll,amplitude,"[0.000,0.005)",0,,nan,nan,nan
real,35/0.5 all_ankles,6,swing,left,roll,amplitude,"[0.005,0.010)",0,,nan,nan,nan
real,35/0.5 all_ankles,6,swing,left,roll,amplitude,"[0.010,0.020)",0,,nan,nan,nan
real,35/0.5 all_ankles,6,swing,left,roll,amplitude,"[0.020,0.040)",1,############,0.029575299999999992,0.9154767395429316,0.013839688547218102
real,35/0.5 all_ankles,6,swing,left,roll,amplitude,"[0.040,0.080)",0,,nan,nan,nan
real,35/0.5 all_ankles,6,swing,left,roll,amplitude,"[0.080,1.000)",2,########################,0.06738095,0.24875526246586016,0.3725739250860437
real,35/0.5 all_ankles,6,swing,right,pitch,frequency,"[0.00,1.00)",0,,nan,nan,nan
real,35/0.5 all_ankles,6,swing,right,pitch,frequency,"[1.00,2.50)",0,,nan,nan,nan
real,35/0.5 all_ankles,6,swing,right,pitch,frequency,"[2.50,5.00)",2,########################,0.0,0.0,0.3417717992255448
real,35/0.5 all_ankles,6,swing,right,pitch,frequency,"[5.00,8.00)",0,,nan,nan,nan
real,35/0.5 all_ankles,6,swing,right,pitch,frequency,"[8.00,12.00)",0,,nan,nan,nan
real,35/0.5 all_ankles,6,swing,right,pitch,frequency,"[12.00,20.00)",0,,nan,nan,nan
real,35/0.5 all_ankles,6,swing,right,pitch,frequency,"[20.00,1000.00)",0,,nan,nan,nan
real,35/0.5 all_ankles,6,swing,right,pitch,amplitude,"[0.000,0.005)",0,,nan,nan,nan
real,35/0.5 all_ankles,6,swing,right,pitch,amplitude,"[0.005,0.010)",0,,nan,nan,nan
real,35/0.5 all_ankles,6,swing,right,pitch,amplitude,"[0.010,0.020)",0,,nan,nan,nan
real,35/0.5 all_ankles,6,swing,right,pitch,amplitude,"[0.020,0.040)",0,,nan,nan,nan
real,35/0.5 all_ankles,6,swing,right,pitch,amplitude,"[0.040,0.080)",0,,nan,nan,nan
real,35/0.5 all_ankles,6,swing,right,pitch,amplitude,"[0.080,1.000)",2,########################,0.0,0.0,0.3417717992255448
real,35/0.5 all_ankles,6,swing,right,roll,frequency,"[0.00,1.00)",0,,nan,nan,nan
real,35/0.5 all_ankles,6,swing,right,roll,frequency,"[1.00,2.50)",0,,nan,nan,nan
real,35/0.5 all_ankles,6,swing,right,roll,frequency,"[2.50,5.00)",1,########,0.0,0.0,0.23094417953513818
real,35/0.5 all_ankles,6,swing,right,roll,frequency,"[5.00,8.00)",0,,nan,nan,nan
real,35/0.5 all_ankles,6,swing,right,roll,frequency,"[8.00,12.00)",1,########,0.0,nan,0.0519535558369845
real,35/0.5 all_ankles,6,swing,right,roll,frequency,"[12.00,20.00)",3,########################,0.0,0.0,0.10613885521390039
real,35/0.5 all_ankles,6,swing,right,roll,frequency,"[20.00,1000.00)",1,########,0.0,0.0,0.07408917622813291
real,35/0.5 all_ankles,6,swing,right,roll,amplitude,"[0.000,0.005)",0,,nan,nan,nan
real,35/0.5 all_ankles,6,swing,right,roll,amplitude,"[0.005,0.010)",1,############,0.0,nan,0.0519535558369845
real,35/0.5 all_ankles,6,swing,right,roll,amplitude,"[0.010,0.020)",1,############,0.0,0.0,0.04984410817896134
real,35/0.5 all_ankles,6,swing,right,roll,amplitude,"[0.020,0.040)",2,########################,0.0,0.0,0.07697717158371636
real,35/0.5 all_ankles,6,swing,right,roll,amplitude,"[0.040,0.080)",0,,nan,nan,nan
real,35/0.5 all_ankles,6,swing,right,roll,amplitude,"[0.080,1.000)",2,########################,0.0,0.0,0.20982573502928908
real,35/0.5 all_ankles,6,touchdown,left,pitch,frequency,"[0.00,1.00)",0,,nan,nan,nan
real,35/0.5 all_ankles,6,touchdown,left,pitch,frequency,"[1.00,2.50)",0,,nan,nan,nan
real,35/0.5 all_ankles,6,touchdown,left,pitch,frequency,"[2.50,5.00)",0,,nan,nan,nan
real,35/0.5 all_ankles,6,touchdown,left,pitch,frequency,"[5.00,8.00)",0,,nan,nan,nan
real,35/0.5 all_ankles,6,touchdown,left,pitch,frequency,"[8.00,12.00)",0,,nan,nan,nan
real,35/0.5 all_ankles,6,touchdown,left,pitch,frequency,"[12.00,20.00)",3,########################,0.04246266666666667,0.4205703516209769,0.12081019570926055
real,35/0.5 all_ankles,6,touchdown,left,pitch,frequency,"[20.00,1000.00)",2,################,0.0418085,0.7705118537243132,0.17534929055689355
real,35/0.5 all_ankles,6,touchdown,left,pitch,amplitude,"[0.000,0.005)",0,,nan,nan,nan
real,35/0.5 all_ankles,6,touchdown,left,pitch,amplitude,"[0.005,0.010)",0,,nan,nan,nan
real,35/0.5 all_ankles,6,touchdown,left,pitch,amplitude,"[0.010,0.020)",0,,nan,nan,nan
real,35/0.5 all_ankles,6,touchdown,left,pitch,amplitude,"[0.020,0.040)",1,########,0.05185600000000001,1.4484107033126645,0.09245480168529198
real,35/0.5 all_ankles,6,touchdown,left,pitch,amplitude,"[0.040,0.080)",1,########,0.014429999999999998,0.18589371980676325,0.1302841550045515
real,35/0.5 all_ankles,6,touchdown,left,pitch,amplitude,"[0.080,1.000)",3,########################,0.04823966666666666,0.38947677973070977,0.1634634038505751
real,35/0.5 all_ankles,6,touchdown,left,roll,frequency,"[0.00,1.00)",0,,nan,nan,nan
real,35/0.5 all_ankles,6,touchdown,left,roll,frequency,"[1.00,2.50)",0,,nan,nan,nan
real,35/0.5 all_ankles,6,touchdown,left,roll,frequency,"[2.50,5.00)",0,,nan,nan,nan
real,35/0.5 all_ankles,6,touchdown,left,roll,frequency,"[5.00,8.00)",0,,nan,nan,nan
real,35/0.5 all_ankles,6,touchdown,left,roll,frequency,"[8.00,12.00)",0,,nan,nan,nan
real,35/0.5 all_ankles,6,touchdown,left,roll,frequency,"[12.00,20.00)",2,########################,0.0538748,0.5780373813182613,0.11247561352701713
real,35/0.5 all_ankles,6,touchdown,left,roll,frequency,"[20.00,1000.00)",1,############,0.0556918,0.6768291052630301,0.08820162366846392
real,35/0.5 all_ankles,6,touchdown,left,roll,amplitude,"[0.000,0.005)",0,,nan,nan,nan
real,35/0.5 all_ankles,6,touchdown,left,roll,amplitude,"[0.005,0.010)",0,,nan,nan,nan
real,35/0.5 all_ankles,6,touchdown,left,roll,amplitude,"[0.010,0.020)",1,############,0.013320999999999996,0.8133223433159323,0.07356634217209661
real,35/0.5 all_ankles,6,touchdown,left,roll,amplitude,"[0.020,0.040)",0,,nan,nan,nan
real,35/0.5 all_ankles,6,touchdown,left,roll,amplitude,"[0.040,0.080)",0,,nan,nan,nan
real,35/0.5 all_ankles,6,touchdown,left,roll,amplitude,"[0.080,1.000)",2,########################,0.0750602,0.5097907622918102,0.11979325427520077
real,35/0.5 all_ankles,6,touchdown,right,roll,frequency,"[0.00,1.00)",0,,nan,nan,nan
real,35/0.5 all_ankles,6,touchdown,right,roll,frequency,"[1.00,2.50)",0,,nan,nan,nan
real,35/0.5 all_ankles,6,touchdown,right,roll,frequency,"[2.50,5.00)",0,,nan,nan,nan
real,35/0.5 all_ankles,6,touchdown,right,roll,frequency,"[5.00,8.00)",0,,nan,nan,nan
real,35/0.5 all_ankles,6,touchdown,right,roll,frequency,"[8.00,12.00)",0,,nan,nan,nan
real,35/0.5 all_ankles,6,touchdown,right,roll,frequency,"[12.00,20.00)",3,########################,0.0,0.0,0.36862628342376613
real,35/0.5 all_ankles,6,touchdown,right,roll,frequency,"[20.00,1000.00)",2,################,0.0,0.0,0.3257912004995849
real,35/0.5 all_ankles,6,touchdown,right,roll,amplitude,"[0.000,0.005)",0,,nan,nan,nan
real,35/0.5 all_ankles,6,touchdown,right,roll,amplitude,"[0.005,0.010)",0,,nan,nan,nan
real,35/0.5 all_ankles,6,touchdown,right,roll,amplitude,"[0.010,0.020)",0,,nan,nan,nan
real,35/0.5 all_ankles,6,touchdown,right,roll,amplitude,"[0.020,0.040)",0,,nan,nan,nan
real,35/0.5 all_ankles,6,touchdown,right,roll,amplitude,"[0.040,0.080)",1,######,0.0,0.0,0.36617819846967953
real,35/0.5 all_ankles,6,touchdown,right,roll,amplitude,"[0.080,1.000)",4,########################,0.0,0.0,0.34782076320019717
real,40/0.8 all_ankles,1,swing,left,pitch,frequency,"[0.00,1.00)",0,,nan,nan,nan
real,40/0.8 all_ankles,1,swing,left,pitch,frequency,"[1.00,2.50)",0,,nan,nan,nan
real,40/0.8 all_ankles,1,swing,left,pitch,frequency,"[2.50,5.00)",0,,nan,nan,nan
real,40/0.8 all_ankles,1,swing,left,pitch,frequency,"[5.00,8.00)",1,########################,0.013635000000000008,0.0896585282455599,0.22692680744856916
real,40/0.8 all_ankles,1,swing,left,pitch,frequency,"[8.00,12.00)",0,,nan,nan,nan
real,40/0.8 all_ankles,1,swing,left,pitch,frequency,"[12.00,20.00)",0,,nan,nan,nan
real,40/0.8 all_ankles,1,swing,left,pitch,frequency,"[20.00,1000.00)",1,########################,0.00823800000000001,nan,0.13416423177210832
real,40/0.8 all_ankles,1,swing,left,pitch,amplitude,"[0.000,0.005)",1,########################,0.00823800000000001,nan,0.13416423177210832
real,40/0.8 all_ankles,1,swing,left,pitch,amplitude,"[0.005,0.010)",0,,nan,nan,nan
real,40/0.8 all_ankles,1,swing,left,pitch,amplitude,"[0.010,0.020)",0,,nan,nan,nan
real,40/0.8 all_ankles,1,swing,left,pitch,amplitude,"[0.020,0.040)",0,,nan,nan,nan
real,40/0.8 all_ankles,1,swing,left,pitch,amplitude,"[0.040,0.080)",0,,nan,nan,nan
real,40/0.8 all_ankles,1,swing,left,pitch,amplitude,"[0.080,1.000)",1,########################,0.013635000000000008,0.0896585282455599,0.22692680744856916
real,40/0.8 all_ankles,1,swing,left,roll,frequency,"[0.00,1.00)",0,,nan,nan,nan
real,40/0.8 all_ankles,1,swing,left,roll,frequency,"[1.00,2.50)",0,,nan,nan,nan
real,40/0.8 all_ankles,1,swing,left,roll,frequency,"[2.50,5.00)",0,,nan,nan,nan
real,40/0.8 all_ankles,1,swing,left,roll,frequency,"[5.00,8.00)",1,####,0.10804470000000001,0.2480308073735681,0.22853557728551097
real,40/0.8 all_ankles,1,swing,left,roll,frequency,"[8.00,12.00)",1,####,0.058973540000000005,nan,0.021553469668399102
real,40/0.8 all_ankles,1,swing,left,roll,frequency,"[12.00,20.00)",1,####,0.003090199999999998,0.28305533419435186,0.06170881135662475
real,40/0.8 all_ankles,1,swing,left,roll,frequency,"[20.00,1000.00)",6,########################,0.014827110000000003,0.5319596239508357,0.3228774341123864
real,40/0.8 all_ankles,1,swing,left,roll,amplitude,"[0.000,0.005)",1,########,0.02447406,nan,0.04480346168627004
real,40/0.8 all_ankles,1,swing,left,roll,amplitude,"[0.005,0.010)",1,########,0.058973540000000005,nan,0.021553469668399102
real,40/0.8 all_ankles,1,swing,left,roll,amplitude,"[0.010,0.020)",3,########################,0.012006766666666674,0.7109859607456605,0.2829113783189268
real,40/0.8 all_ankles,1,swing,left,roll,amplitude,"[0.020,0.040)",1,########,0.0169498,0.516007062834876,0.35391844182986565
real,40/0.8 all_ankles,1,swing,left,roll,amplitude,"[0.040,0.080)",2,################,0.007304349999999998,0.14694425443833622,0.3757586887790134
real,40/0.8 all_ankles,1,swing,left,roll,amplitude,"[0.080,1.000)",1,########,0.10804470000000001,0.2480308073735681,0.22853557728551097
real,40/0.8 all_ankles,1,swing,right,pitch,frequency,"[0.00,1.00)",0,,nan,nan,nan
real,40/0.8 all_ankles,1,swing,right,pitch,frequency,"[1.00,2.50)",0,,nan,nan,nan
real,40/0.8 all_ankles,1,swing,right,pitch,frequency,"[2.50,5.00)",1,########################,0.024943999999999994,0.07572760769796147,0.1689212105683086
real,40/0.8 all_ankles,1,swing,right,pitch,frequency,"[5.00,8.00)",0,,nan,nan,nan
real,40/0.8 all_ankles,1,swing,right,pitch,frequency,"[8.00,12.00)",0,,nan,nan,nan
real,40/0.8 all_ankles,1,swing,right,pitch,frequency,"[12.00,20.00)",1,########################,0.033197000000000004,2.3955289040908068,0.11850777362084733
real,40/0.8 all_ankles,1,swing,right,pitch,frequency,"[20.00,1000.00)",0,,nan,nan,nan
real,40/0.8 all_ankles,1,swing,right,pitch,amplitude,"[0.000,0.005)",0,,nan,nan,nan
real,40/0.8 all_ankles,1,swing,right,pitch,amplitude,"[0.005,0.010)",0,,nan,nan,nan
real,40/0.8 all_ankles,1,swing,right,pitch,amplitude,"[0.010,0.020)",1,########################,0.033197000000000004,2.3955289040908068,0.11850777362084733
real,40/0.8 all_ankles,1,swing,right,pitch,amplitude,"[0.020,0.040)",0,,nan,nan,nan
real,40/0.8 all_ankles,1,swing,right,pitch,amplitude,"[0.040,0.080)",0,,nan,nan,nan
real,40/0.8 all_ankles,1,swing,right,pitch,amplitude,"[0.080,1.000)",1,########################,0.024943999999999994,0.07572760769796147,0.1689212105683086
real,40/0.8 all_ankles,1,swing,right,roll,frequency,"[0.00,1.00)",0,,nan,nan,nan
real,40/0.8 all_ankles,1,swing,right,roll,frequency,"[1.00,2.50)",0,,nan,nan,nan
real,40/0.8 all_ankles,1,swing,right,roll,frequency,"[2.50,5.00)",1,########,0.06541445,0.20658177631188349,0.15352623865387469
real,40/0.8 all_ankles,1,swing,right,roll,frequency,"[5.00,8.00)",0,,nan,nan,nan
real,40/0.8 all_ankles,1,swing,right,roll,frequency,"[8.00,12.00)",0,,nan,nan,nan
real,40/0.8 all_ankles,1,swing,right,roll,frequency,"[12.00,20.00)",3,########################,0.007737210666666667,0.09131890826638614,0.020975377584920907
real,40/0.8 all_ankles,1,swing,right,roll,frequency,"[20.00,1000.00)",2,################,0.0057183125,nan,0.011865055851665779
real,40/0.8 all_ankles,1,swing,right,roll,amplitude,"[0.000,0.005)",0,,nan,nan,nan
real,40/0.8 all_ankles,1,swing,right,roll,amplitude,"[0.005,0.010)",3,########################,0.010159715,nan,0.012003590244696343
real,40/0.8 all_ankles,1,swing,right,roll,amplitude,"[0.010,0.020)",0,,nan,nan,nan
real,40/0.8 all_ankles,1,swing,right,roll,amplitude,"[0.020,0.040)",2,################,0.0020845559999999996,0.09131890826638614,0.02532273686200262
real,40/0.8 all_ankles,1,swing,right,roll,amplitude,"[0.040,0.080)",0,,nan,nan,nan
real,40/0.8 all_ankles,1,swing,right,roll,amplitude,"[0.080,1.000)",1,########,0.06541445,0.20658177631188349,0.15352623865387469
real,40/0.8 all_ankles,1,touchdown,left,pitch,frequency,"[0.00,1.00)",0,,nan,nan,nan
real,40/0.8 all_ankles,1,touchdown,left,pitch,frequency,"[1.00,2.50)",0,,nan,nan,nan
real,40/0.8 all_ankles,1,touchdown,left,pitch,frequency,"[2.50,5.00)",0,,nan,nan,nan
real,40/0.8 all_ankles,1,touchdown,left,pitch,frequency,"[5.00,8.00)",0,,nan,nan,nan
real,40/0.8 all_ankles,1,touchdown,left,pitch,frequency,"[8.00,12.00)",0,,nan,nan,nan
real,40/0.8 all_ankles,1,touchdown,left,pitch,frequency,"[12.00,20.00)",1,########,0.04530799999999999,0.25634816457701526,0.15785668350944157
real,40/0.8 all_ankles,1,touchdown,left,pitch,frequency,"[20.00,1000.00)",3,########################,0.02639333333333334,0.28041116454214693,0.131949283165439
real,40/0.8 all_ankles,1,touchdown,left,pitch,amplitude,"[0.000,0.005)",0,,nan,nan,nan
real,40/0.8 all_ankles,1,touchdown,left,pitch,amplitude,"[0.005,0.010)",2,########################,0.02856900000000001,nan,0.15497123714016361
real,40/0.8 all_ankles,1,touchdown,left,pitch,amplitude,"[0.010,0.020)",0,,nan,nan,nan
real,40/0.8 all_ankles,1,touchdown,left,pitch,amplitude,"[0.020,0.040)",0,,nan,nan,nan
real,40/0.8 all_ankles,1,touchdown,left,pitch,amplitude,"[0.040,0.080)",1,############,0.022042000000000006,0.28041116454214693,0.08590537521598982
real,40/0.8 all_ankles,1,touchdown,left,pitch,amplitude,"[0.080,1.000)",1,############,0.04530799999999999,0.25634816457701526,0.15785668350944157
real,40/0.8 all_ankles,1,touchdown,left,roll,frequency,"[0.00,1.00)",0,,nan,nan,nan
real,40/0.8 all_ankles,1,touchdown,left,roll,frequency,"[1.00,2.50)",0,,nan,nan,nan
real,40/0.8 all_ankles,1,touchdown,left,roll,frequency,"[2.50,5.00)",0,,nan,nan,nan
real,40/0.8 all_ankles,1,touchdown,left,roll,frequency,"[5.00,8.00)",0,,nan,nan,nan
real,40/0.8 all_ankles,1,touchdown,left,roll,frequency,"[8.00,12.00)",1,############,0.029781000000000002,0.18319666836857096,0.19993809845263896
real,40/0.8 all_ankles,1,touchdown,left,roll,frequency,"[12.00,20.00)",1,############,0.03742099999999998,nan,0.3165648465456959
real,40/0.8 all_ankles,1,touchdown,left,roll,frequency,"[20.00,1000.00)",2,########################,0.02365090000000001,1.6710612609042754,0.31126610921250664
real,40/0.8 all_ankles,1,touchdown,left,roll,amplitude,"[0.000,0.005)",1,############,0.03742099999999998,nan,0.3165648465456959
real,40/0.8 all_ankles,1,touchdown,left,roll,amplitude,"[0.005,0.010)",0,,nan,nan,nan
real,40/0.8 all_ankles,1,touchdown,left,roll,amplitude,"[0.010,0.020)",2,########################,0.02365090000000001,1.6710612609042754,0.31126610921250664
real,40/0.8 all_ankles,1,touchdown,left,roll,amplitude,"[0.020,0.040)",0,,nan,nan,nan
real,40/0.8 all_ankles,1,touchdown,left,roll,amplitude,"[0.040,0.080)",0,,nan,nan,nan
real,40/0.8 all_ankles,1,touchdown,left,roll,amplitude,"[0.080,1.000)",1,############,0.029781000000000002,0.18319666836857096,0.19993809845263896
real,40/0.8 all_ankles,1,touchdown,right,pitch,frequency,"[0.00,1.00)",0,,nan,nan,nan
real,40/0.8 all_ankles,1,touchdown,right,pitch,frequency,"[1.00,2.50)",0,,nan,nan,nan
real,40/0.8 all_ankles,1,touchdown,right,pitch,frequency,"[2.50,5.00)",0,,nan,nan,nan
real,40/0.8 all_ankles,1,touchdown,right,pitch,frequency,"[5.00,8.00)",1,########################,0.00634800000000002,0.054860817035545635,0.10330139649769988
real,40/0.8 all_ankles,1,touchdown,right,pitch,frequency,"[8.00,12.00)",0,,nan,nan,nan
real,40/0.8 all_ankles,1,touchdown,right,pitch,frequency,"[12.00,20.00)",1,########################,0.04540899999999998,0.8580687830687828,0.07626007111359129
real,40/0.8 all_ankles,1,touchdown,right,pitch,frequency,"[20.00,1000.00)",0,,nan,nan,nan
real,40/0.8 all_ankles,1,touchdown,right,pitch,amplitude,"[0.000,0.005)",0,,nan,nan,nan
real,40/0.8 all_ankles,1,touchdown,right,pitch,amplitude,"[0.005,0.010)",0,,nan,nan,nan
real,40/0.8 all_ankles,1,touchdown,right,pitch,amplitude,"[0.010,0.020)",0,,nan,nan,nan
real,40/0.8 all_ankles,1,touchdown,right,pitch,amplitude,"[0.020,0.040)",0,,nan,nan,nan
real,40/0.8 all_ankles,1,touchdown,right,pitch,amplitude,"[0.040,0.080)",1,########################,0.04540899999999998,0.8580687830687828,0.07626007111359129
real,40/0.8 all_ankles,1,touchdown,right,pitch,amplitude,"[0.080,1.000)",1,########################,0.00634800000000002,0.054860817035545635,0.10330139649769988
real,40/0.8 all_ankles,1,touchdown,right,roll,frequency,"[0.00,1.00)",0,,nan,nan,nan
real,40/0.8 all_ankles,1,touchdown,right,roll,frequency,"[1.00,2.50)",0,,nan,nan,nan
real,40/0.8 all_ankles,1,touchdown,right,roll,frequency,"[2.50,5.00)",0,,nan,nan,nan
real,40/0.8 all_ankles,1,touchdown,right,roll,frequency,"[5.00,8.00)",0,,nan,nan,nan
real,40/0.8 all_ankles,1,touchdown,right,roll,frequency,"[8.00,12.00)",2,########################,0.013019500000000002,0.4967324356165609,0.013063159751062483
real,40/0.8 all_ankles,1,touchdown,right,roll,frequency,"[12.00,20.00)",0,,nan,nan,nan
real,40/0.8 all_ankles,1,touchdown,right,roll,frequency,"[20.00,1000.00)",0,,nan,nan,nan
real,40/0.8 all_ankles,1,touchdown,right,roll,amplitude,"[0.000,0.005)",0,,nan,nan,nan
real,40/0.8 all_ankles,1,touchdown,right,roll,amplitude,"[0.005,0.010)",0,,nan,nan,nan
real,40/0.8 all_ankles,1,touchdown,right,roll,amplitude,"[0.010,0.020)",0,,nan,nan,nan
real,40/0.8 all_ankles,1,touchdown,right,roll,amplitude,"[0.020,0.040)",2,########################,0.013019500000000002,0.4967324356165609,0.013063159751062483
real,40/0.8 all_ankles,1,touchdown,right,roll,amplitude,"[0.040,0.080)",0,,nan,nan,nan
real,40/0.8 all_ankles,1,touchdown,right,roll,amplitude,"[0.080,1.000)",0,,nan,nan,nan
real,40/0.8 all_ankles,2,swing,left,pitch,frequency,"[0.00,1.00)",0,,nan,nan,nan
real,40/0.8 all_ankles,2,swing,left,pitch,frequency,"[1.00,2.50)",0,,nan,nan,nan
real,40/0.8 all_ankles,2,swing,left,pitch,frequency,"[2.50,5.00)",0,,nan,nan,nan
real,40/0.8 all_ankles,2,swing,left,pitch,frequency,"[5.00,8.00)",0,,nan,nan,nan
real,40/0.8 all_ankles,2,swing,left,pitch,frequency,"[8.00,12.00)",3,########################,0.02568566666666668,0.11271768939229658,0.14077275246354806
real,40/0.8 all_ankles,2,swing,left,pitch,frequency,"[12.00,20.00)",1,########,0.008014000000000007,0.20728363768041003,0.2403689232539223
real,40/0.8 all_ankles,2,swing,left,pitch,frequency,"[20.00,1000.00)",3,########################,0.02049600000000001,nan,0.1883729130653978
real,40/0.8 all_ankles,2,swing,left,pitch,amplitude,"[0.000,0.005)",1,########,0.006205000000000002,nan,0.283421352972331
real,40/0.8 all_ankles,2,swing,left,pitch,amplitude,"[0.005,0.010)",2,################,0.027641500000000013,nan,0.14084869311193116
real,40/0.8 all_ankles,2,swing,left,pitch,amplitude,"[0.010,0.020)",0,,nan,nan,nan
real,40/0.8 all_ankles,2,swing,left,pitch,amplitude,"[0.020,0.040)",1,########,0.008014000000000007,0.20728363768041003,0.2403689232539223
real,40/0.8 all_ankles,2,swing,left,pitch,amplitude,"[0.040,0.080)",0,,nan,nan,nan
real,40/0.8 all_ankles,2,swing,left,pitch,amplitude,"[0.080,1.000)",3,########################,0.02568566666666668,0.11271768939229658,0.14077275246354806
real,40/0.8 all_ankles,2,swing,left,roll,frequency,"[0.00,1.00)",0,,nan,nan,nan
real,40/0.8 all_ankles,2,swing,left,roll,frequency,"[1.00,2.50)",0,,nan,nan,nan
real,40/0.8 all_ankles,2,swing,left,roll,frequency,"[2.50,5.00)",0,,nan,nan,nan
real,40/0.8 all_ankles,2,swing,left,roll,frequency,"[5.00,8.00)",1,####,0.09379299999999999,0.2167856380121538,0.15878675403109327
real,40/0.8 all_ankles,2,swing,left,roll,frequency,"[8.00,12.00)",0,,nan,nan,nan
real,40/0.8 all_ankles,2,swing,left,roll,frequency,"[12.00,20.00)",2,########,0.03413839999999999,0.9559152907394114,0.32502123240588754
real,40/0.8 all_ankles,2,swing,left,roll,frequency,"[20.00,1000.00)",6,########################,0.013310033333333337,0.7593575804690328,0.36201936229540044
real,40/0.8 all_ankles,2,swing,left,roll,amplitude,"[0.000,0.005)",1,########,0.04164499999999999,nan,0.30384253034549
real,40/0.8 all_ankles,2,swing,left,roll,amplitude,"[0.005,0.010)",1,########,0.0103134,nan,0.36901514563319304
real,40/0.8 all_ankles,2,swing,left,roll,amplitude,"[0.010,0.020)",3,########################,0.018312700000000005,1.1676331311561636,0.35052788352706093
real,40/0.8 all_ankles,2,swing,left,roll,amplitude,"[0.020,0.040)",1,########,0.026631799999999997,0.9559152907394114,0.346199934466285
real,40/0.8 all_ankles,2,swing,left,roll,amplitude,"[0.040,0.080)",2,################,0.007304349999999998,0.14694425443833622,0.3757586887790134
real,40/0.8 all_ankles,2,swing,left,roll,amplitude,"[0.080,1.000)",1,########,0.09379299999999999,0.2167856380121538,0.15878675403109327
real,40/0.8 all_ankles,2,swing,right,pitch,frequency,"[0.00,1.00)",0,,nan,nan,nan
real,40/0.8 all_ankles,2,swing,right,pitch,frequency,"[1.00,2.50)",0,,nan,nan,nan
real,40/0.8 all_ankles,2,swing,right,pitch,frequency,"[2.50,5.00)",0,,nan,nan,nan
real,40/0.8 all_ankles,2,swing,right,pitch,frequency,"[5.00,8.00)",0,,nan,nan,nan
real,40/0.8 all_ankles,2,swing,right,pitch,frequency,"[8.00,12.00)",0,,nan,nan,nan
real,40/0.8 all_ankles,2,swing,right,pitch,frequency,"[12.00,20.00)",2,########################,0.04326550000000001,0.33170168414691936,0.09513794170604573
real,40/0.8 all_ankles,2,swing,right,pitch,frequency,"[20.00,1000.00)",1,############,0.028888999999999998,2.791477437433569,0.034739523797350284
real,40/0.8 all_ankles,2,swing,right,pitch,amplitude,"[0.000,0.005)",0,,nan,nan,nan
real,40/0.8 all_ankles,2,swing,right,pitch,amplitude,"[0.005,0.010)",0,,nan,nan,nan
real,40/0.8 all_ankles,2,swing,right,pitch,amplitude,"[0.010,0.020)",1,############,0.028888999999999998,2.791477437433569,0.034739523797350284
real,40/0.8 all_ankles,2,swing,right,pitch,amplitude,"[0.020,0.040)",0,,nan,nan,nan
real,40/0.8 all_ankles,2,swing,right,pitch,amplitude,"[0.040,0.080)",0,,nan,nan,nan
real,40/0.8 all_ankles,2,swing,right,pitch,amplitude,"[0.080,1.000)",2,########################,0.04326550000000001,0.33170168414691936,0.09513794170604573
real,40/0.8 all_ankles,2,swing,right,roll,frequency,"[0.00,1.00)",0,,nan,nan,nan
real,40/0.8 all_ankles,2,swing,right,roll,frequency,"[1.00,2.50)",0,,nan,nan,nan
real,40/0.8 all_ankles,2,swing,right,roll,frequency,"[2.50,5.00)",0,,nan,nan,nan
real,40/0.8 all_ankles,2,swing,right,roll,frequency,"[5.00,8.00)",1,############,0.007009599999999998,0.25107635879103946,0.013966950590859124
real,40/0.8 all_ankles,2,swing,right,roll,frequency,"[8.00,12.00)",1,############,0.05169291,1.4983799624339116,0.007475929892892447
real,40/0.8 all_ankles,2,swing,right,roll,frequency,"[12.00,20.00)",2,########################,0.01035258,0.4110074660536015,0.020559026115205135
real,40/0.8 all_ankles,2,swing,right,roll,frequency,"[20.00,1000.00)",1,############,0.006262899999999998,nan,0.01501925411230531
real,40/0.8 all_ankles,2,swing,right,roll,amplitude,"[0.000,0.005)",0,,nan,nan,nan
real,40/0.8 all_ankles,2,swing,right,roll,amplitude,"[0.005,0.010)",1,########,0.006262899999999998,nan,0.01501925411230531
real,40/0.8 all_ankles,2,swing,right,roll,amplitude,"[0.010,0.020)",0,,nan,nan,nan
real,40/0.8 all_ankles,2,swing,right,roll,amplitude,"[0.020,0.040)",3,########################,0.02591501,0.8496991793714881,0.010077938568673908
real,40/0.8 all_ankles,2,swing,right,roll,amplitude,"[0.040,0.080)",1,########,0.00166264,0.022373715217689695,0.032327117008140116
real,40/0.8 all_ankles,2,swing,right,roll,amplitude,"[0.080,1.000)",0,,nan,nan,nan
real,40/0.8 all_ankles,2,touchdown,left,pitch,frequency,"[0.00,1.00)",0,,nan,nan,nan
real,40/0.8 all_ankles,2,touchdown,left,pitch,frequency,"[1.00,2.50)",0,,nan,nan,nan
real,40/0.8 all_ankles,2,touchdown,left,pitch,frequency,"[2.50,5.00)",0,,nan,nan,nan
real,40/0.8 all_ankles,2,touchdown,left,pitch,frequency,"[5.00,8.00)",0,,nan,nan,nan
real,40/0.8 all_ankles,2,touchdown,left,pitch,frequency,"[8.00,12.00)",1,########################,0.09256600000000001,0.12802493945626123,0.3779531081089973
real,40/0.8 all_ankles,2,touchdown,left,pitch,frequency,"[12.00,20.00)",1,########################,0.077931,0.7713573061733529,0.1623814954753158
real,40/0.8 all_ankles,2,touchdown,left,pitch,frequency,"[20.00,1000.00)",0,,nan,nan,nan
real,40/0.8 all_ankles,2,touchdown,left,pitch,amplitude,"[0.000,0.005)",0,,nan,nan,nan
real,40/0.8 all_ankles,2,touchdown,left,pitch,amplitude,"[0.005,0.010)",0,,nan,nan,nan
real,40/0.8 all_ankles,2,touchdown,left,pitch,amplitude,"[0.010,0.020)",0,,nan,nan,nan
real,40/0.8 all_ankles,2,touchdown,left,pitch,amplitude,"[0.020,0.040)",0,,nan,nan,nan
real,40/0.8 all_ankles,2,touchdown,left,pitch,amplitude,"[0.040,0.080)",0,,nan,nan,nan
real,40/0.8 all_ankles,2,touchdown,left,pitch,amplitude,"[0.080,1.000)",2,########################,0.0852485,0.44969112281480705,0.27016730179215653
real,40/0.8 all_ankles,2,touchdown,left,roll,frequency,"[0.00,1.00)",0,,nan,nan,nan
real,40/0.8 all_ankles,2,touchdown,left,roll,frequency,"[1.00,2.50)",0,,nan,nan,nan
real,40/0.8 all_ankles,2,touchdown,left,roll,frequency,"[2.50,5.00)",0,,nan,nan,nan
real,40/0.8 all_ankles,2,touchdown,left,roll,frequency,"[5.00,8.00)",0,,nan,nan,nan
real,40/0.8 all_ankles,2,touchdown,left,roll,frequency,"[8.00,12.00)",0,,nan,nan,nan
real,40/0.8 all_ankles,2,touchdown,left,roll,frequency,"[12.00,20.00)",2,########################,0.13035585,2.1415582625108485,0.130702124457
real,40/0.8 all_ankles,2,touchdown,left,roll,frequency,"[20.00,1000.00)",1,############,0.0978708,nan,0.06510960830461943
real,40/0.8 all_ankles,2,touchdown,left,roll,amplitude,"[0.000,0.005)",1,########################,0.06592100000000001,nan,0.166089365469071
real,40/0.8 all_ankles,2,touchdown,left,roll,amplitude,"[0.005,0.010)",1,########################,0.0978708,nan,0.06510960830461943
real,40/0.8 all_ankles,2,touchdown,left,roll,amplitude,"[0.010,0.020)",0,,nan,nan,nan
real,40/0.8 all_ankles,2,touchdown,left,roll,amplitude,"[0.020,0.040)",0,,nan,nan,nan
real,40/0.8 all_ankles,2,touchdown,left,roll,amplitude,"[0.040,0.080)",0,,nan,nan,nan
real,40/0.8 all_ankles,2,touchdown,left,roll,amplitude,"[0.080,1.000)",1,########################,0.1947907,2.1415582625108485,0.095314883444929
real,40/0.8 all_ankles,2,touchdown,right,pitch,frequency,"[0.00,1.00)",0,,nan,nan,nan
real,40/0.8 all_ankles,2,touchdown,right,pitch,frequency,"[1.00,2.50)",0,,nan,nan,nan
real,40/0.8 all_ankles,2,touchdown,right,pitch,frequency,"[2.50,5.00)",0,,nan,nan,nan
real,40/0.8 all_ankles,2,touchdown,right,pitch,frequency,"[5.00,8.00)",0,,nan,nan,nan
real,40/0.8 all_ankles,2,touchdown,right,pitch,frequency,"[8.00,12.00)",2,########################,0.09169614999999999,0.8372854194820847,0.3915972279626121
real,40/0.8 all_ankles,2,touchdown,right,pitch,frequency,"[12.00,20.00)",0,,nan,nan,nan
real,40/0.8 all_ankles,2,touchdown,right,pitch,frequency,"[20.00,1000.00)",0,,nan,nan,nan
real,40/0.8 all_ankles,2,touchdown,right,pitch,amplitude,"[0.000,0.005)",0,,nan,nan,nan
real,40/0.8 all_ankles,2,touchdown,right,pitch,amplitude,"[0.005,0.010)",0,,nan,nan,nan
real,40/0.8 all_ankles,2,touchdown,right,pitch,amplitude,"[0.010,0.020)",0,,nan,nan,nan
real,40/0.8 all_ankles,2,touchdown,right,pitch,amplitude,"[0.020,0.040)",0,,nan,nan,nan
real,40/0.8 all_ankles,2,touchdown,right,pitch,amplitude,"[0.040,0.080)",0,,nan,nan,nan
real,40/0.8 all_ankles,2,touchdown,right,pitch,amplitude,"[0.080,1.000)",2,########################,0.09169614999999999,0.8372854194820847,0.3915972279626121
real,40/0.8 all_ankles,2,touchdown,right,roll,frequency,"[0.00,1.00)",0,,nan,nan,nan
real,40/0.8 all_ankles,2,touchdown,right,roll,frequency,"[1.00,2.50)",0,,nan,nan,nan
real,40/0.8 all_ankles,2,touchdown,right,roll,frequency,"[2.50,5.00)",0,,nan,nan,nan
real,40/0.8 all_ankles,2,touchdown,right,roll,frequency,"[5.00,8.00)",0,,nan,nan,nan
real,40/0.8 all_ankles,2,touchdown,right,roll,frequency,"[8.00,12.00)",0,,nan,nan,nan
real,40/0.8 all_ankles,2,touchdown,right,roll,frequency,"[12.00,20.00)",2,########################,0.016942085,0.22177859477516745,0.16136811720772212
real,40/0.8 all_ankles,2,touchdown,right,roll,frequency,"[20.00,1000.00)",1,############,0.0056520400000000005,nan,0.18759652481874012
real,40/0.8 all_ankles,2,touchdown,right,roll,amplitude,"[0.000,0.005)",1,########################,0.0056520400000000005,nan,0.18759652481874012
real,40/0.8 all_ankles,2,touchdown,right,roll,amplitude,"[0.005,0.010)",0,,nan,nan,nan
real,40/0.8 all_ankles,2,touchdown,right,roll,amplitude,"[0.010,0.020)",0,,nan,nan,nan
real,40/0.8 all_ankles,2,touchdown,right,roll,amplitude,"[0.020,0.040)",0,,nan,nan,nan
real,40/0.8 all_ankles,2,touchdown,right,roll,amplitude,"[0.040,0.080)",1,########################,0.03292331,0.4398859778395646,0.09933037777333302
real,40/0.8 all_ankles,2,touchdown,right,roll,amplitude,"[0.080,1.000)",1,########################,0.00096086,0.003671211710770291,0.22340585664211124
real,40/0.8 all_ankles,3,swing,left,pitch,frequency,"[0.00,1.00)",0,,nan,nan,nan
real,40/0.8 all_ankles,3,swing,left,pitch,frequency,"[1.00,2.50)",0,,nan,nan,nan
real,40/0.8 all_ankles,3,swing,left,pitch,frequency,"[2.50,5.00)",0,,nan,nan,nan
real,40/0.8 all_ankles,3,swing,left,pitch,frequency,"[5.00,8.00)",0,,nan,nan,nan
real,40/0.8 all_ankles,3,swing,left,pitch,frequency,"[8.00,12.00)",2,########################,0.08248150000000004,0.5239609801038856,0.2769148406042921
real,40/0.8 all_ankles,3,swing,left,pitch,frequency,"[12.00,20.00)",0,,nan,nan,nan
real,40/0.8 all_ankles,3,swing,left,pitch,frequency,"[20.00,1000.00)",2,########################,0.034342999999999985,2.047396551413353,0.02488955653638486
real,40/0.8 all_ankles,3,swing,left,pitch,amplitude,"[0.000,0.005)",0,,nan,nan,nan
real,40/0.8 all_ankles,3,swing,left,pitch,amplitude,"[0.005,0.010)",0,,nan,nan,nan
real,40/0.8 all_ankles,3,swing,left,pitch,amplitude,"[0.010,0.020)",2,########################,0.034342999999999985,2.047396551413353,0.02488955653638486
real,40/0.8 all_ankles,3,swing,left,pitch,amplitude,"[0.020,0.040)",0,,nan,nan,nan
real,40/0.8 all_ankles,3,swing,left,pitch,amplitude,"[0.040,0.080)",1,############,0.05707500000000004,0.8987056748756068,0.07998695484785835
real,40/0.8 all_ankles,3,swing,left,pitch,amplitude,"[0.080,1.000)",1,############,0.10788800000000004,0.14921628533216424,0.47384272636072583
real,40/0.8 all_ankles,3,swing,left,roll,frequency,"[0.00,1.00)",0,,nan,nan,nan
real,40/0.8 all_ankles,3,swing,left,roll,frequency,"[1.00,2.50)",0,,nan,nan,nan
real,40/0.8 all_ankles,3,swing,left,roll,frequency,"[2.50,5.00)",0,,nan,nan,nan
real,40/0.8 all_ankles,3,swing,left,roll,frequency,"[5.00,8.00)",0,,nan,nan,nan
real,40/0.8 all_ankles,3,swing,left,roll,frequency,"[8.00,12.00)",2,################,0.1785364186,6.227424834081958,0.15024792776836413
real,40/0.8 all_ankles,3,swing,left,roll,frequency,"[12.00,20.00)",3,########################,0.09412573333333334,1.5439443607698418,0.15639382552442657
real,40/0.8 all_ankles,3,swing,left,roll,frequency,"[20.00,1000.00)",2,################,0.1062490314,nan,0.04854118933142728
real,40/0.8 all_ankles,3,swing,left,roll,amplitude,"[0.000,0.005)",1,############,0.10884210000000001,nan,0.14142444571760793
real,40/0.8 all_ankles,3,swing,left,roll,amplitude,"[0.005,0.010)",2,########################,0.1062490314,nan,0.04854118933142728
real,40/0.8 all_ankles,3,swing,left,roll,amplitude,"[0.010,0.020)",1,############,0.1598078,8.36093405595902,0.15071897923840077
real,40/0.8 all_ankles,3,swing,left,roll,amplitude,"[0.020,0.040)",1,############,0.036778000000000005,1.5843605887180328,0.18548008574727448
real,40/0.8 all_ankles,3,swing,left,roll,amplitude,"[0.040,0.080)",1,############,0.1972650372,4.093915612204895,0.14977687629832748
real,40/0.8 all_ankles,3,swing,left,roll,amplitude,"[0.080,1.000)",1,############,0.1367571,1.5035281328216508,0.1422769451083973
real,40/0.8 all_ankles,3,swing,right,pitch,frequency,"[0.00,1.00)",0,,nan,nan,nan
real,40/0.8 all_ankles,3,swing,right,pitch,frequency,"[1.00,2.50)",1,########################,0.18915500000000002,1.7271905474999087,0.36975196884843337
real,40/0.8 all_ankles,3,swing,right,pitch,frequency,"[2.50,5.00)",0,,nan,nan,nan
real,40/0.8 all_ankles,3,swing,right,pitch,frequency,"[5.00,8.00)",0,,nan,nan,nan
real,40/0.8 all_ankles,3,swing,right,pitch,frequency,"[8.00,12.00)",1,########################,0.14214749999999998,1.297961028525512,0.3578176341103499
real,40/0.8 all_ankles,3,swing,right,pitch,frequency,"[12.00,20.00)",0,,nan,nan,nan
real,40/0.8 all_ankles,3,swing,right,pitch,frequency,"[20.00,1000.00)",0,,nan,nan,nan
real,40/0.8 all_ankles,3,swing,right,pitch,amplitude,"[0.000,0.005)",0,,nan,nan,nan
real,40/0.8 all_ankles,3,swing,right,pitch,amplitude,"[0.005,0.010)",0,,nan,nan,nan
real,40/0.8 all_ankles,3,swing,right,pitch,amplitude,"[0.010,0.020)",0,,nan,nan,nan
real,40/0.8 all_ankles,3,swing,right,pitch,amplitude,"[0.020,0.040)",0,,nan,nan,nan
real,40/0.8 all_ankles,3,swing,right,pitch,amplitude,"[0.040,0.080)",0,,nan,nan,nan
real,40/0.8 all_ankles,3,swing,right,pitch,amplitude,"[0.080,1.000)",2,########################,0.16565125,1.5125757880127104,0.36378480147939163
real,40/0.8 all_ankles,3,swing,right,roll,frequency,"[0.00,1.00)",0,,nan,nan,nan
real,40/0.8 all_ankles,3,swing,right,roll,frequency,"[1.00,2.50)",0,,nan,nan,nan
real,40/0.8 all_ankles,3,swing,right,roll,frequency,"[2.50,5.00)",0,,nan,nan,nan
real,40/0.8 all_ankles,3,swing,right,roll,frequency,"[5.00,8.00)",1,########,0.017895700000000007,0.08934314513512033,0.2695593890192034
real,40/0.8 all_ankles,3,swing,right,roll,frequency,"[8.00,12.00)",0,,nan,nan,nan
real,40/0.8 all_ankles,3,swing,right,roll,frequency,"[12.00,20.00)",3,########################,0.03319142003333333,0.28971480565878255,0.18014945100918692
real,40/0.8 all_ankles,3,swing,right,roll,frequency,"[20.00,1000.00)",2,################,0.0034868999999999994,0.031050337264259188,0.2840711499208797
real,40/0.8 all_ankles,3,swing,right,roll,amplitude,"[0.000,0.005)",1,######,0.003590399999999997,nan,0.17879944175826587
real,40/0.8 all_ankles,3,swing,right,roll,amplitude,"[0.005,0.010)",0,,nan,nan,nan
real,40/0.8 all_ankles,3,swing,right,roll,amplitude,"[0.010,0.020)",0,,nan,nan,nan
real,40/0.8 all_ankles,3,swing,right,roll,amplitude,"[0.020,0.040)",0,,nan,nan,nan
real,40/0.8 all_ankles,3,swing,right,roll,amplitude,"[0.040,0.080)",1,######,0.0416702,0.5567525462588733,0.09786666556144756
real,40/0.8 all_ankles,3,swing,right,roll,amplitude,"[0.080,1.000)",4,########################,0.019795790025000003,0.1081963382792135,0.2753709836422025
real,40/0.8 all_ankles,3,touchdown,left,pitch,frequency,"[0.00,1.00)",0,,nan,nan,nan
real,40/0.8 all_ankles,3,touchdown,left,pitch,frequency,"[1.00,2.50)",0,,nan,nan,nan
real,40/0.8 all_ankles,3,touchdown,left,pitch,frequency,"[2.50,5.00)",0,,nan,nan,nan
real,40/0.8 all_ankles,3,touchdown,left,pitch,frequency,"[5.00,8.00)",0,,nan,nan,nan
real,40/0.8 all_ankles,3,touchdown,left,pitch,frequency,"[8.00,12.00)",2,########################,0.181634282,4.110117745452375,0.38176086633155115
real,40/0.8 all_ankles,3,touchdown,left,pitch,frequency,"[12.00,20.00)",0,,nan,nan,nan
real,40/0.8 all_ankles,3,touchdown,left,pitch,frequency,"[20.00,1000.00)",0,,nan,nan,nan
real,40/0.8 all_ankles,3,touchdown,left,pitch,amplitude,"[0.000,0.005)",1,########################,0.08806330000000001,nan,0.5277504120074328
real,40/0.8 all_ankles,3,touchdown,left,pitch,amplitude,"[0.005,0.010)",0,,nan,nan,nan
real,40/0.8 all_ankles,3,touchdown,left,pitch,amplitude,"[0.010,0.020)",0,,nan,nan,nan
real,40/0.8 all_ankles,3,touchdown,left,pitch,amplitude,"[0.020,0.040)",0,,nan,nan,nan
real,40/0.8 all_ankles,3,touchdown,left,pitch,amplitude,"[0.040,0.080)",1,########################,0.275205264,4.110117745452375,0.2357713206556695
real,40/0.8 all_ankles,3,touchdown,left,pitch,amplitude,"[0.080,1.000)",0,,nan,nan,nan
real,40/0.8 all_ankles,3,touchdown,left,roll,frequency,"[0.00,1.00)",0,,nan,nan,nan
real,40/0.8 all_ankles,3,touchdown,left,roll,frequency,"[1.00,2.50)",0,,nan,nan,nan
real,40/0.8 all_ankles,3,touchdown,left,roll,frequency,"[2.50,5.00)",0,,nan,nan,nan
real,40/0.8 all_ankles,3,touchdown,left,roll,frequency,"[5.00,8.00)",1,########################,0.402718,1.433481527887035,0.14277193944612507
real,40/0.8 all_ankles,3,touchdown,left,roll,frequency,"[8.00,12.00)",0,,nan,nan,nan
real,40/0.8 all_ankles,3,touchdown,left,roll,frequency,"[12.00,20.00)",0,,nan,nan,nan
real,40/0.8 all_ankles,3,touchdown,left,roll,frequency,"[20.00,1000.00)",0,,nan,nan,nan
real,40/0.8 all_ankles,3,touchdown,left,roll,amplitude,"[0.000,0.005)",0,,nan,nan,nan
real,40/0.8 all_ankles,3,touchdown,left,roll,amplitude,"[0.005,0.010)",0,,nan,nan,nan
real,40/0.8 all_ankles,3,touchdown,left,roll,amplitude,"[0.010,0.020)",0,,nan,nan,nan
real,40/0.8 all_ankles,3,touchdown,left,roll,amplitude,"[0.020,0.040)",0,,nan,nan,nan
real,40/0.8 all_ankles,3,touchdown,left,roll,amplitude,"[0.040,0.080)",0,,nan,nan,nan
real,40/0.8 all_ankles,3,touchdown,left,roll,amplitude,"[0.080,1.000)",1,########################,0.402718,1.433481527887035,0.14277193944612507
real,40/0.8 all_ankles,3,touchdown,right,pitch,frequency,"[0.00,1.00)",0,,nan,nan,nan
real,40/0.8 all_ankles,3,touchdown,right,pitch,frequency,"[1.00,2.50)",0,,nan,nan,nan
real,40/0.8 all_ankles,3,touchdown,right,pitch,frequency,"[2.50,5.00)",0,,nan,nan,nan
real,40/0.8 all_ankles,3,touchdown,right,pitch,frequency,"[5.00,8.00)",0,,nan,nan,nan
real,40/0.8 all_ankles,3,touchdown,right,pitch,frequency,"[8.00,12.00)",1,########################,0.016962000000000005,0.3278631487387651,0.21548790844985558
real,40/0.8 all_ankles,3,touchdown,right,pitch,frequency,"[12.00,20.00)",1,########################,0.00037099999999998245,0.007186162279427095,0.1002502385121851
real,40/0.8 all_ankles,3,touchdown,right,pitch,frequency,"[20.00,1000.00)",1,########################,0.02599599999999999,0.10618450394913957,0.13614659927546544
real,40/0.8 all_ankles,3,touchdown,right,pitch,amplitude,"[0.000,0.005)",0,,nan,nan,nan
real,40/0.8 all_ankles,3,touchdown,right,pitch,amplitude,"[0.005,0.010)",0,,nan,nan,nan
real,40/0.8 all_ankles,3,touchdown,right,pitch,amplitude,"[0.010,0.020)",0,,nan,nan,nan
real,40/0.8 all_ankles,3,touchdown,right,pitch,amplitude,"[0.020,0.040)",0,,nan,nan,nan
real,40/0.8 all_ankles,3,touchdown,right,pitch,amplitude,"[0.040,0.080)",2,########################,0.008666499999999994,0.1675246555090961,0.15786907348102033
real,40/0.8 all_ankles,3,touchdown,right,pitch,amplitude,"[0.080,1.000)",1,############,0.02599599999999999,0.10618450394913957,0.13614659927546544
real,40/0.8 all_ankles,3,touchdown,right,roll,frequency,"[0.00,1.00)",0,,nan,nan,nan
real,40/0.8 all_ankles,3,touchdown,right,roll,frequency,"[1.00,2.50)",0,,nan,nan,nan
real,40/0.8 all_ankles,3,touchdown,right,roll,frequency,"[2.50,5.00)",0,,nan,nan,nan
real,40/0.8 all_ankles,3,touchdown,right,roll,frequency,"[5.00,8.00)",0,,nan,nan,nan
real,40/0.8 all_ankles,3,touchdown,right,roll,frequency,"[8.00,12.00)",1,########################,0.1599139,0.6985606755349892,0.14396398097249197
real,40/0.8 all_ankles,3,touchdown,right,roll,frequency,"[12.00,20.00)",1,########################,0.037906300000000004,0.8127226428297928,0.15038859185669978
real,40/0.8 all_ankles,3,touchdown,right,roll,frequency,"[20.00,1000.00)",0,,nan,nan,nan
real,40/0.8 all_ankles,3,touchdown,right,roll,amplitude,"[0.000,0.005)",0,,nan,nan,nan
real,40/0.8 all_ankles,3,touchdown,right,roll,amplitude,"[0.005,0.010)",0,,nan,nan,nan
real,40/0.8 all_ankles,3,touchdown,right,roll,amplitude,"[0.010,0.020)",0,,nan,nan,nan
real,40/0.8 all_ankles,3,touchdown,right,roll,amplitude,"[0.020,0.040)",0,,nan,nan,nan
real,40/0.8 all_ankles,3,touchdown,right,roll,amplitude,"[0.040,0.080)",1,########################,0.037906300000000004,0.8127226428297928,0.15038859185669978
real,40/0.8 all_ankles,3,touchdown,right,roll,amplitude,"[0.080,1.000)",1,########################,0.1599139,0.6985606755349892,0.14396398097249197
real,40/0.8 all_ankles,4,swing,left,pitch,frequency,"[0.00,1.00)",0,,nan,nan,nan
real,40/0.8 all_ankles,4,swing,left,pitch,frequency,"[1.00,2.50)",1,########################,0.08413796400000001,0.334636397262072,0.4241208560380913
real,40/0.8 all_ankles,4,swing,left,pitch,frequency,"[2.50,5.00)",0,,nan,nan,nan
real,40/0.8 all_ankles,4,swing,left,pitch,frequency,"[5.00,8.00)",0,,nan,nan,nan
real,40/0.8 all_ankles,4,swing,left,pitch,frequency,"[8.00,12.00)",0,,nan,nan,nan
real,40/0.8 all_ankles,4,swing,left,pitch,frequency,"[12.00,20.00)",0,,nan,nan,nan
real,40/0.8 all_ankles,4,swing,left,pitch,frequency,"[20.00,1000.00)",0,,nan,nan,nan
real,40/0.8 all_ankles,4,swing,left,pitch,amplitude,"[0.000,0.005)",0,,nan,nan,nan
real,40/0.8 all_ankles,4,swing,left,pitch,amplitude,"[0.005,0.010)",0,,nan,nan,nan
real,40/0.8 all_ankles,4,swing,left,pitch,amplitude,"[0.010,0.020)",0,,nan,nan,nan
real,40/0.8 all_ankles,4,swing,left,pitch,amplitude,"[0.020,0.040)",0,,nan,nan,nan
real,40/0.8 all_ankles,4,swing,left,pitch,amplitude,"[0.040,0.080)",0,,nan,nan,nan
real,40/0.8 all_ankles,4,swing,left,pitch,amplitude,"[0.080,1.000)",1,########################,0.08413796400000001,0.334636397262072,0.4241208560380913
real,40/0.8 all_ankles,4,swing,left,roll,frequency,"[0.00,1.00)",0,,nan,nan,nan
real,40/0.8 all_ankles,4,swing,left,roll,frequency,"[1.00,2.50)",0,,nan,nan,nan
real,40/0.8 all_ankles,4,swing,left,roll,frequency,"[2.50,5.00)",1,############,0.2026518,0.4234134151806934,0.12065289873309377
real,40/0.8 all_ankles,4,swing,left,roll,frequency,"[5.00,8.00)",0,,nan,nan,nan
real,40/0.8 all_ankles,4,swing,left,roll,frequency,"[8.00,12.00)",1,############,0.082186,1.1511289147851418,0.2689339318672365
real,40/0.8 all_ankles,4,swing,left,roll,frequency,"[12.00,20.00)",2,########################,0.039786499999999995,0.40686914870455054,0.2717296861235018
real,40/0.8 all_ankles,4,swing,left,roll,frequency,"[20.00,1000.00)",1,############,0.017730000000000024,0.15366614664586606,0.09677150402882038
real,40/0.8 all_ankles,4,swing,left,roll,amplitude,"[0.000,0.005)",1,############,0.06462299999999999,nan,0.24475948130460645
real,40/0.8 all_ankles,4,swing,left,roll,amplitude,"[0.005,0.010)",0,,nan,nan,nan
real,40/0.8 all_ankles,4,swing,left,roll,amplitude,"[0.010,0.020)",0,,nan,nan,nan
real,40/0.8 all_ankles,4,swing,left,roll,amplitude,"[0.020,0.040)",1,############,0.014950000000000005,0.40686914870455054,0.2986998909423972
real,40/0.8 all_ankles,4,swing,left,roll,amplitude,"[0.040,0.080)",1,############,0.082186,1.1511289147851418,0.2689339318672365
real,40/0.8 all_ankles,4,swing,left,roll,amplitude,"[0.080,1.000)",2,########################,0.11019090000000001,0.28853978091327975,0.10871220138095708
real,40/0.8 all_ankles,4,swing,right,pitch,frequency,"[0.00,1.00)",0,,nan,nan,nan
real,40/0.8 all_ankles,4,swing,right,pitch,frequency,"[1.00,2.50)",0,,nan,nan,nan
real,40/0.8 all_ankles,4,swing,right,pitch,frequency,"[2.50,5.00)",0,,nan,nan,nan
real,40/0.8 all_ankles,4,swing,right,pitch,frequency,"[5.00,8.00)",0,,nan,nan,nan
real,40/0.8 all_ankles,4,swing,right,pitch,frequency,"[8.00,12.00)",0,,nan,nan,nan
real,40/0.8 all_ankles,4,swing,right,pitch,frequency,"[12.00,20.00)",2,########################,0.011564999999999992,0.6489617616161084,0.04250782742171791
real,40/0.8 all_ankles,4,swing,right,pitch,frequency,"[20.00,1000.00)",2,########################,0.007831499999999991,nan,0.055806670006602305
real,40/0.8 all_ankles,4,swing,right,pitch,amplitude,"[0.000,0.005)",1,########################,0.014510999999999996,nan,0.0501689983588803
real,40/0.8 all_ankles,4,swing,right,pitch,amplitude,"[0.005,0.010)",1,########################,0.0011519999999999864,nan,0.061444341654324316
real,40/0.8 all_ankles,4,swing,right,pitch,amplitude,"[0.010,0.020)",1,########################,0.021772999999999987,1.2716388272398098,0.04459838817434996
real,40/0.8 all_ankles,4,swing,right,pitch,amplitude,"[0.020,0.040)",0,,nan,nan,nan
real,40/0.8 all_ankles,4,swing,right,pitch,amplitude,"[0.040,0.080)",1,########################,0.001356999999999997,0.02628469599240703,0.04041726666908586
real,40/0.8 all_ankles,4,swing,right,pitch,amplitude,"[0.080,1.000)",0,,nan,nan,nan
real,40/0.8 all_ankles,4,swing,right,roll,frequency,"[0.00,1.00)",0,,nan,nan,nan
real,40/0.8 all_ankles,4,swing,right,roll,frequency,"[1.00,2.50)",0,,nan,nan,nan
real,40/0.8 all_ankles,4,swing,right,roll,frequency,"[2.50,5.00)",0,,nan,nan,nan
real,40/0.8 all_ankles,4,swing,right,roll,frequency,"[5.00,8.00)",0,,nan,nan,nan
real,40/0.8 all_ankles,4,swing,right,roll,frequency,"[8.00,12.00)",2,########################,0.27188395,1.7912906752950704,0.1376445520310356
real,40/0.8 all_ankles,4,swing,right,roll,frequency,"[12.00,20.00)",1,############,0.130918,nan,0.2513432757126695
real,40/0.8 all_ankles,4,swing,right,roll,frequency,"[20.00,1000.00)",0,,nan,nan,nan
real,40/0.8 all_ankles,4,swing,right,roll,amplitude,"[0.000,0.005)",0,,nan,nan,nan
real,40/0.8 all_ankles,4,swing,right,roll,amplitude,"[0.005,0.010)",2,########################,0.23691800000000002,nan,0.18697178126073472
real,40/0.8 all_ankles,4,swing,right,roll,amplitude,"[0.010,0.020)",0,,nan,nan,nan
real,40/0.8 all_ankles,4,swing,right,roll,amplitude,"[0.020,0.040)",0,,nan,nan,nan
real,40/0.8 all_ankles,4,swing,right,roll,amplitude,"[0.040,0.080)",0,,nan,nan,nan
real,40/0.8 all_ankles,4,swing,right,roll,amplitude,"[0.080,1.000)",1,############,0.2008499,1.7912906752950704,0.15268881725327124
real,40/0.8 all_ankles,4,touchdown,left,pitch,frequency,"[0.00,1.00)",0,,nan,nan,nan
real,40/0.8 all_ankles,4,touchdown,left,pitch,frequency,"[1.00,2.50)",0,,nan,nan,nan
real,40/0.8 all_ankles,4,touchdown,left,pitch,frequency,"[2.50,5.00)",0,,nan,nan,nan
real,40/0.8 all_ankles,4,touchdown,left,pitch,frequency,"[5.00,8.00)",0,,nan,nan,nan
real,40/0.8 all_ankles,4,touchdown,left,pitch,frequency,"[8.00,12.00)",0,,nan,nan,nan
real,40/0.8 all_ankles,4,touchdown,left,pitch,frequency,"[12.00,20.00)",3,########################,0.041627833333333336,0.13771612279028053,0.19079879171845268
real,40/0.8 all_ankles,4,touchdown,left,pitch,frequency,"[20.00,1000.00)",1,########,0.0285968,0.446706343627474,0.1747939330302876
real,40/0.8 all_ankles,4,touchdown,left,pitch,amplitude,"[0.000,0.005)",1,########################,0.08207990000000001,nan,0.17417460578518615
real,40/0.8 all_ankles,4,touchdown,left,pitch,amplitude,"[0.005,0.010)",0,,nan,nan,nan
real,40/0.8 all_ankles,4,touchdown,left,pitch,amplitude,"[0.010,0.020)",0,,nan,nan,nan
real,40/0.8 all_ankles,4,touchdown,left,pitch,amplitude,"[0.020,0.040)",1,########################,0.004061099999999998,0.10628647700803473,0.17230533586163982
real,40/0.8 all_ankles,4,touchdown,left,pitch,amplitude,"[0.040,0.080)",1,########################,0.0285968,0.446706343627474,0.1747939330302876
real,40/0.8 all_ankles,4,touchdown,left,pitch,amplitude,"[0.080,1.000)",1,########################,0.038742500000000006,0.16914576857252633,0.22591643350853205
real,40/0.8 all_ankles,4,touchdown,left,roll,frequency,"[0.00,1.00)",0,,nan,nan,nan
real,40/0.8 all_ankles,4,touchdown,left,roll,frequency,"[1.00,2.50)",0,,nan,nan,nan
real,40/0.8 all_ankles,4,touchdown,left,roll,frequency,"[2.50,5.00)",0,,nan,nan,nan
real,40/0.8 all_ankles,4,touchdown,left,roll,frequency,"[5.00,8.00)",0,,nan,nan,nan
real,40/0.8 all_ankles,4,touchdown,left,roll,frequency,"[8.00,12.00)",0,,nan,nan,nan
real,40/0.8 all_ankles,4,touchdown,left,roll,frequency,"[12.00,20.00)",3,########################,0.0750491,1.3142425922606717,0.0846316856250711
real,40/0.8 all_ankles,4,touchdown,left,roll,frequency,"[20.00,1000.00)",0,,nan,nan,nan
real,40/0.8 all_ankles,4,touchdown,left,roll,amplitude,"[0.000,0.005)",0,,nan,nan,nan
real,40/0.8 all_ankles,4,touchdown,left,roll,amplitude,"[0.005,0.010)",0,,nan,nan,nan
real,40/0.8 all_ankles,4,touchdown,left,roll,amplitude,"[0.010,0.020)",0,,nan,nan,nan
real,40/0.8 all_ankles,4,touchdown,left,roll,amplitude,"[0.020,0.040)",0,,nan,nan,nan
real,40/0.8 all_ankles,4,touchdown,left,roll,amplitude,"[0.040,0.080)",2,########################,0.0606753,1.3372872323170566,0.07050537202139145
real,40/0.8 all_ankles,4,touchdown,left,roll,amplitude,"[0.080,1.000)",1,############,0.1037967,1.2681533121479023,0.11288431283243036
real,40/0.8 all_ankles,4,touchdown,right,pitch,frequency,"[0.00,1.00)",0,,nan,nan,nan
real,40/0.8 all_ankles,4,touchdown,right,pitch,frequency,"[1.00,2.50)",0,,nan,nan,nan
real,40/0.8 all_ankles,4,touchdown,right,pitch,frequency,"[2.50,5.00)",1,########################,0.3661509,nan,0.3358449226239592
real,40/0.8 all_ankles,4,touchdown,right,pitch,frequency,"[5.00,8.00)",0,,nan,nan,nan
real,40/0.8 all_ankles,4,touchdown,right,pitch,frequency,"[8.00,12.00)",0,,nan,nan,nan
real,40/0.8 all_ankles,4,touchdown,right,pitch,frequency,"[12.00,20.00)",0,,nan,nan,nan
real,40/0.8 all_ankles,4,touchdown,right,pitch,frequency,"[20.00,1000.00)",0,,nan,nan,nan
real,40/0.8 all_ankles,4,touchdown,right,pitch,amplitude,"[0.000,0.005)",1,########################,0.3661509,nan,0.3358449226239592
real,40/0.8 all_ankles,4,touchdown,right,pitch,amplitude,"[0.005,0.010)",0,,nan,nan,nan
real,40/0.8 all_ankles,4,touchdown,right,pitch,amplitude,"[0.010,0.020)",0,,nan,nan,nan
real,40/0.8 all_ankles,4,touchdown,right,pitch,amplitude,"[0.020,0.040)",0,,nan,nan,nan
real,40/0.8 all_ankles,4,touchdown,right,pitch,amplitude,"[0.040,0.080)",0,,nan,nan,nan
real,40/0.8 all_ankles,4,touchdown,right,pitch,amplitude,"[0.080,1.000)",0,,nan,nan,nan
real,40/0.8 all_ankles,4,touchdown,right,roll,frequency,"[0.00,1.00)",0,,nan,nan,nan
real,40/0.8 all_ankles,4,touchdown,right,roll,frequency,"[1.00,2.50)",0,,nan,nan,nan
real,40/0.8 all_ankles,4,touchdown,right,roll,frequency,"[2.50,5.00)",0,,nan,nan,nan
real,40/0.8 all_ankles,4,touchdown,right,roll,frequency,"[5.00,8.00)",0,,nan,nan,nan
real,40/0.8 all_ankles,4,touchdown,right,roll,frequency,"[8.00,12.00)",0,,nan,nan,nan
real,40/0.8 all_ankles,4,touchdown,right,roll,frequency,"[12.00,20.00)",1,########,0.14885179999999998,5.172236700371799,0.2645629097045729
real,40/0.8 all_ankles,4,touchdown,right,roll,frequency,"[20.00,1000.00)",3,########################,0.11416736666666667,7.335605490218184,0.32106903174427215
real,40/0.8 all_ankles,4,touchdown,right,roll,amplitude,"[0.000,0.005)",1,############,0.1239804,nan,0.3345096274790707
real,40/0.8 all_ankles,4,touchdown,right,roll,amplitude,"[0.005,0.010)",1,############,0.036328,nan,0.44704231428542274
real,40/0.8 all_ankles,4,touchdown,right,roll,amplitude,"[0.010,0.020)",0,,nan,nan,nan
real,40/0.8 all_ankles,4,touchdown,right,roll,amplitude,"[0.020,0.040)",2,########################,0.16552275,6.2539210952949915,0.223109031586448
real,40/0.8 all_ankles,4,touchdown,right,roll,amplitude,"[0.040,0.080)",0,,nan,nan,nan
real,40/0.8 all_ankles,4,touchdown,right,roll,amplitude,"[0.080,1.000)",0,,nan,nan,nan
real,40/0.8 all_ankles,5,swing,left,pitch,frequency,"[0.00,1.00)",0,,nan,nan,nan
real,40/0.8 all_ankles,5,swing,left,pitch,frequency,"[1.00,2.50)",0,,nan,nan,nan
real,40/0.8 all_ankles,5,swing,left,pitch,frequency,"[2.50,5.00)",0,,nan,nan,nan
real,40/0.8 all_ankles,5,swing,left,pitch,frequency,"[5.00,8.00)",0,,nan,nan,nan
real,40/0.8 all_ankles,5,swing,left,pitch,frequency,"[8.00,12.00)",0,,nan,nan,nan
real,40/0.8 all_ankles,5,swing,left,pitch,frequency,"[12.00,20.00)",4,########################,0.059542075,1.5665745379398608,0.06065344125635669
real,40/0.8 all_ankles,5,swing,left,pitch,frequency,"[20.00,1000.00)",3,##################,0.033653666666666644,0.8946101670649089,0.07540199835165928
real,40/0.8 all_ankles,5,swing,left,pitch,amplitude,"[0.000,0.005)",2,########################,0.048433000000000004,nan,0.06285816126559028
real,40/0.8 all_ankles,5,swing,left,pitch,amplitude,"[0.005,0.010)",1,############,0.003973000000000004,nan,0.09026524662718574
real,40/0.8 all_ankles,5,swing,left,pitch,amplitude,"[0.010,0.020)",1,############,0.016988000000000003,1.0814871403106698,0.06635391344751265
real,40/0.8 all_ankles,5,swing,left,pitch,amplitude,"[0.020,0.040)",1,############,0.02821399999999996,0.7149119472950711,0.1033032515364352
real,40/0.8 all_ankles,5,swing,left,pitch,amplitude,"[0.040,0.080)",2,########################,0.09654415,1.5629851612018992,0.04159051296904524
real,40/0.8 all_ankles,5,swing,left,pitch,amplitude,"[0.080,1.000)",0,,nan,nan,nan
real,40/0.8 all_ankles,5,swing,left,roll,frequency,"[0.00,1.00)",0,,nan,nan,nan
real,40/0.8 all_ankles,5,swing,left,roll,frequency,"[1.00,2.50)",0,,nan,nan,nan
real,40/0.8 all_ankles,5,swing,left,roll,frequency,"[2.50,5.00)",0,,nan,nan,nan
real,40/0.8 all_ankles,5,swing,left,roll,frequency,"[5.00,8.00)",0,,nan,nan,nan
real,40/0.8 all_ankles,5,swing,left,roll,frequency,"[8.00,12.00)",0,,nan,nan,nan
real,40/0.8 all_ankles,5,swing,left,roll,frequency,"[12.00,20.00)",3,##################,0.06891973333333334,1.1201565900937416,0.0741308101075076
real,40/0.8 all_ankles,5,swing,left,roll,frequency,"[20.00,1000.00)",4,########################,0.055332175,2.384587030051653,0.07272061534980019
real,40/0.8 all_ankles,5,swing,left,roll,amplitude,"[0.000,0.005)",0,,nan,nan,nan
real,40/0.8 all_ankles,5,swing,left,roll,amplitude,"[0.005,0.010)",2,########################,0.06801295,nan,0.04669358997273317
real,40/0.8 all_ankles,5,swing,left,roll,amplitude,"[0.010,0.020)",1,############,0.05908279999999999,3.5445355666608673,0.03599965569136275
real,40/0.8 all_ankles,5,swing,left,roll,amplitude,"[0.020,0.040)",1,############,0.026219999999999993,1.2246384934424388,0.16149562576237164
real,40/0.8 all_ankles,5,swing,left,roll,amplitude,"[0.040,0.080)",2,########################,0.04082705000000001,0.9159887822703163,0.08865605502349286
real,40/0.8 all_ankles,5,swing,left,roll,amplitude,"[0.080,1.000)",1,############,0.1251051,1.528492205740592,0.045080320275537086
real,40/0.8 all_ankles,5,swing,right,pitch,frequency,"[0.00,1.00)",0,,nan,nan,nan
real,40/0.8 all_ankles,5,swing,right,pitch,frequency,"[1.00,2.50)",0,,nan,nan,nan
real,40/0.8 all_ankles,5,swing,right,pitch,frequency,"[2.50,5.00)",1,########################,0.1132426,nan,0.3952132246023696
real,40/0.8 all_ankles,5,swing,right,pitch,frequency,"[5.00,8.00)",0,,nan,nan,nan
real,40/0.8 all_ankles,5,swing,right,pitch,frequency,"[8.00,12.00)",1,########################,0.0943406,0.36626799589707915,0.12763470484187153
real,40/0.8 all_ankles,5,swing,right,pitch,frequency,"[12.00,20.00)",1,########################,0.057921799999999996,0.34388098477993956,0.19983076056908758
real,40/0.8 all_ankles,5,swing,right,pitch,frequency,"[20.00,1000.00)",0,,nan,nan,nan
real,40/0.8 all_ankles,5,swing,right,pitch,amplitude,"[0.000,0.005)",1,############,0.1132426,nan,0.3952132246023696
real,40/0.8 all_ankles,5,swing,right,pitch,amplitude,"[0.005,0.010)",0,,nan,nan,nan
real,40/0.8 all_ankles,5,swing,right,pitch,amplitude,"[0.010,0.020)",0,,nan,nan,nan
real,40/0.8 all_ankles,5,swing,right,pitch,amplitude,"[0.020,0.040)",0,,nan,nan,nan
real,40/0.8 all_ankles,5,swing,right,pitch,amplitude,"[0.040,0.080)",0,,nan,nan,nan
real,40/0.8 all_ankles,5,swing,right,pitch,amplitude,"[0.080,1.000)",2,########################,0.0761312,0.35507449033850935,0.16373273270547956
real,40/0.8 all_ankles,5,swing,right,roll,frequency,"[0.00,1.00)",0,,nan,nan,nan
real,40/0.8 all_ankles,5,swing,right,roll,frequency,"[1.00,2.50)",0,,nan,nan,nan
real,40/0.8 all_ankles,5,swing,right,roll,frequency,"[2.50,5.00)",0,,nan,nan,nan
real,40/0.8 all_ankles,5,swing,right,roll,frequency,"[5.00,8.00)",0,,nan,nan,nan
real,40/0.8 all_ankles,5,swing,right,roll,frequency,"[8.00,12.00)",0,,nan,nan,nan
real,40/0.8 all_ankles,5,swing,right,roll,frequency,"[12.00,20.00)",4,########################,0.06865587500000002,0.9870211863486219,0.15777992913278602
real,40/0.8 all_ankles,5,swing,right,roll,frequency,"[20.00,1000.00)",4,########################,0.07061329749999999,2.280610274671074,0.17814981463061472
real,40/0.8 all_ankles,5,swing,right,roll,amplitude,"[0.000,0.005)",1,########,0.05626339999999999,nan,0.145652715104674
real,40/0.8 all_ankles,5,swing,right,roll,amplitude,"[0.005,0.010)",1,########,0.017482000000000053,nan,0.12910527882991463
real,40/0.8 all_ankles,5,swing,right,roll,amplitude,"[0.010,0.020)",1,########,0.07193199999999997,5.755941425942233,0.10360024823972834
real,40/0.8 all_ankles,5,swing,right,roll,amplitude,"[0.020,0.040)",1,########,0.053243700000000005,1.8500886062754094,0.30325241397887504
real,40/0.8 all_ankles,5,swing,right,roll,amplitude,"[0.040,0.080)",1,########,0.03126279,0.577166303585275,0.2730072158371778
real,40/0.8 all_ankles,5,swing,right,roll,amplitude,"[0.080,1.000)",3,########################,0.10896426666666668,0.5398993490853902,0.12970036768774437
real,40/0.8 all_ankles,5,touchdown,left,pitch,frequency,"[0.00,1.00)",0,,nan,nan,nan
real,40/0.8 all_ankles,5,touchdown,left,pitch,frequency,"[1.00,2.50)",0,,nan,nan,nan
real,40/0.8 all_ankles,5,touchdown,left,pitch,frequency,"[2.50,5.00)",0,,nan,nan,nan
real,40/0.8 all_ankles,5,touchdown,left,pitch,frequency,"[5.00,8.00)",1,########################,0.32956339999999995,nan,0.2604534946528825
real,40/0.8 all_ankles,5,touchdown,left,pitch,frequency,"[8.00,12.00)",0,,nan,nan,nan
real,40/0.8 all_ankles,5,touchdown,left,pitch,frequency,"[12.00,20.00)",0,,nan,nan,nan
real,40/0.8 all_ankles,5,touchdown,left,pitch,frequency,"[20.00,1000.00)",0,,nan,nan,nan
real,40/0.8 all_ankles,5,touchdown,left,pitch,amplitude,"[0.000,0.005)",1,########################,0.32956339999999995,nan,0.2604534946528825
real,40/0.8 all_ankles,5,touchdown,left,pitch,amplitude,"[0.005,0.010)",0,,nan,nan,nan
real,40/0.8 all_ankles,5,touchdown,left,pitch,amplitude,"[0.010,0.020)",0,,nan,nan,nan
real,40/0.8 all_ankles,5,touchdown,left,pitch,amplitude,"[0.020,0.040)",0,,nan,nan,nan
real,40/0.8 all_ankles,5,touchdown,left,pitch,amplitude,"[0.040,0.080)",0,,nan,nan,nan
real,40/0.8 all_ankles,5,touchdown,left,pitch,amplitude,"[0.080,1.000)",0,,nan,nan,nan
real,40/0.8 all_ankles,5,touchdown,left,roll,frequency,"[0.00,1.00)",0,,nan,nan,nan
real,40/0.8 all_ankles,5,touchdown,left,roll,frequency,"[1.00,2.50)",0,,nan,nan,nan
real,40/0.8 all_ankles,5,touchdown,left,roll,frequency,"[2.50,5.00)",0,,nan,nan,nan
real,40/0.8 all_ankles,5,touchdown,left,roll,frequency,"[5.00,8.00)",0,,nan,nan,nan
real,40/0.8 all_ankles,5,touchdown,left,roll,frequency,"[8.00,12.00)",1,############,0.030022300000000002,0.1709209553988552,0.1317270183164654
real,40/0.8 all_ankles,5,touchdown,left,roll,frequency,"[12.00,20.00)",0,,nan,nan,nan
real,40/0.8 all_ankles,5,touchdown,left,roll,frequency,"[20.00,1000.00)",2,########################,0.043597500000000004,0.2417637947188777,0.2845464898277688
real,40/0.8 all_ankles,5,touchdown,left,roll,amplitude,"[0.000,0.005)",0,,nan,nan,nan
real,40/0.8 all_ankles,5,touchdown,left,roll,amplitude,"[0.005,0.010)",0,,nan,nan,nan
real,40/0.8 all_ankles,5,touchdown,left,roll,amplitude,"[0.010,0.020)",0,,nan,nan,nan
real,40/0.8 all_ankles,5,touchdown,left,roll,amplitude,"[0.020,0.040)",0,,nan,nan,nan
real,40/0.8 all_ankles,5,touchdown,left,roll,amplitude,"[0.040,0.080)",0,,nan,nan,nan
real,40/0.8 all_ankles,5,touchdown,left,roll,amplitude,"[0.080,1.000)",3,########################,0.03907243333333334,0.2181495149455369,0.23360666599066768
real,40/0.8 all_ankles,5,touchdown,right,pitch,frequency,"[0.00,1.00)",0,,nan,nan,nan
real,40/0.8 all_ankles,5,touchdown,right,pitch,frequency,"[1.00,2.50)",0,,nan,nan,nan
real,40/0.8 all_ankles,5,touchdown,right,pitch,frequency,"[2.50,5.00)",0,,nan,nan,nan
real,40/0.8 all_ankles,5,touchdown,right,pitch,frequency,"[5.00,8.00)",0,,nan,nan,nan
real,40/0.8 all_ankles,5,touchdown,right,pitch,frequency,"[8.00,12.00)",1,########################,0.1949604,8.975250897707408,0.2215507416389039
real,40/0.8 all_ankles,5,touchdown,right,pitch,frequency,"[12.00,20.00)",0,,nan,nan,nan
real,40/0.8 all_ankles,5,touchdown,right,pitch,frequency,"[20.00,1000.00)",1,########################,0.04842300000000002,0.5612699075039991,0.1236150402534821
real,40/0.8 all_ankles,5,touchdown,right,pitch,amplitude,"[0.000,0.005)",0,,nan,nan,nan
real,40/0.8 all_ankles,5,touchdown,right,pitch,amplitude,"[0.005,0.010)",0,,nan,nan,nan
real,40/0.8 all_ankles,5,touchdown,right,pitch,amplitude,"[0.010,0.020)",0,,nan,nan,nan
real,40/0.8 all_ankles,5,touchdown,right,pitch,amplitude,"[0.020,0.040)",1,########################,0.1949604,8.975250897707408,0.2215507416389039
real,40/0.8 all_ankles,5,touchdown,right,pitch,amplitude,"[0.040,0.080)",0,,nan,nan,nan
real,40/0.8 all_ankles,5,touchdown,right,pitch,amplitude,"[0.080,1.000)",1,########################,0.04842300000000002,0.5612699075039991,0.1236150402534821
real,40/0.8 all_ankles,5,touchdown,right,roll,frequency,"[0.00,1.00)",0,,nan,nan,nan
real,40/0.8 all_ankles,5,touchdown,right,roll,frequency,"[1.00,2.50)",0,,nan,nan,nan
real,40/0.8 all_ankles,5,touchdown,right,roll,frequency,"[2.50,5.00)",0,,nan,nan,nan
real,40/0.8 all_ankles,5,touchdown,right,roll,frequency,"[5.00,8.00)",0,,nan,nan,nan
real,40/0.8 all_ankles,5,touchdown,right,roll,frequency,"[8.00,12.00)",1,############,0.490359,5.191692597302085,0.1285094314456707
real,40/0.8 all_ankles,5,touchdown,right,roll,frequency,"[12.00,20.00)",0,,nan,nan,nan
real,40/0.8 all_ankles,5,touchdown,right,roll,frequency,"[20.00,1000.00)",2,########################,0.13974499999999998,4.236664747447761,0.3474471569739038
real,40/0.8 all_ankles,5,touchdown,right,roll,amplitude,"[0.000,0.005)",1,########################,0.11885799999999996,nan,0.35144546732677784
real,40/0.8 all_ankles,5,touchdown,right,roll,amplitude,"[0.005,0.010)",0,,nan,nan,nan
real,40/0.8 all_ankles,5,touchdown,right,roll,amplitude,"[0.010,0.020)",0,,nan,nan,nan
real,40/0.8 all_ankles,5,touchdown,right,roll,amplitude,"[0.020,0.040)",1,########################,0.160632,4.236664747447761,0.3434488466210298
real,40/0.8 all_ankles,5,touchdown,right,roll,amplitude,"[0.040,0.080)",0,,nan,nan,nan
real,40/0.8 all_ankles,5,touchdown,right,roll,amplitude,"[0.080,1.000)",1,########################,0.490359,5.191692597302085,0.1285094314456707
real,40/0.8 all_ankles,6,swing,left,pitch,frequency,"[0.00,1.00)",0,,nan,nan,nan
real,40/0.8 all_ankles,6,swing,left,pitch,frequency,"[1.00,2.50)",1,########################,0.0753874,0.41309975231790974,0.272559204882457
real,40/0.8 all_ankles,6,swing,left,pitch,frequency,"[2.50,5.00)",0,,nan,nan,nan
real,40/0.8 all_ankles,6,swing,left,pitch,frequency,"[5.00,8.00)",0,,nan,nan,nan
real,40/0.8 all_ankles,6,swing,left,pitch,frequency,"[8.00,12.00)",0,,nan,nan,nan
real,40/0.8 all_ankles,6,swing,left,pitch,frequency,"[12.00,20.00)",0,,nan,nan,nan
real,40/0.8 all_ankles,6,swing,left,pitch,frequency,"[20.00,1000.00)",0,,nan,nan,nan
real,40/0.8 all_ankles,6,swing,left,pitch,amplitude,"[0.000,0.005)",0,,nan,nan,nan
real,40/0.8 all_ankles,6,swing,left,pitch,amplitude,"[0.005,0.010)",0,,nan,nan,nan
real,40/0.8 all_ankles,6,swing,left,pitch,amplitude,"[0.010,0.020)",0,,nan,nan,nan
real,40/0.8 all_ankles,6,swing,left,pitch,amplitude,"[0.020,0.040)",0,,nan,nan,nan
real,40/0.8 all_ankles,6,swing,left,pitch,amplitude,"[0.040,0.080)",0,,nan,nan,nan
real,40/0.8 all_ankles,6,swing,left,pitch,amplitude,"[0.080,1.000)",1,########################,0.0753874,0.41309975231790974,0.272559204882457
real,40/0.8 all_ankles,6,swing,left,roll,frequency,"[0.00,1.00)",0,,nan,nan,nan
real,40/0.8 all_ankles,6,swing,left,roll,frequency,"[1.00,2.50)",0,,nan,nan,nan
real,40/0.8 all_ankles,6,swing,left,roll,frequency,"[2.50,5.00)",0,,nan,nan,nan
real,40/0.8 all_ankles,6,swing,left,roll,frequency,"[5.00,8.00)",0,,nan,nan,nan
real,40/0.8 all_ankles,6,swing,left,roll,frequency,"[8.00,12.00)",0,,nan,nan,nan
real,40/0.8 all_ankles,6,swing,left,roll,frequency,"[12.00,20.00)",2,################,0.015719499999999997,0.26562743196484795,0.29124212891259127
real,40/0.8 all_ankles,6,swing,left,roll,frequency,"[20.00,1000.00)",3,########################,0.00874966666666666,0.23914337813165484,0.283528468544513
real,40/0.8 all_ankles,6,swing,left,roll,amplitude,"[0.000,0.005)",0,,nan,nan,nan
real,40/0.8 all_ankles,6,swing,left,roll,amplitude,"[0.005,0.010)",1,############,0.009252999999999997,nan,0.23456013804832654
real,40/0.8 all_ankles,6,swing,left,roll,amplitude,"[0.010,0.020)",0,,nan,nan,nan
real,40/0.8 all_ankles,6,swing,left,roll,amplitude,"[0.020,0.040)",1,############,0.010196999999999984,0.5059290498635571,0.29452638511402224
real,40/0.8 all_ankles,6,swing,left,roll,amplitude,"[0.040,0.080)",1,############,0.008672,0.12053484557862848,0.25653345665949046
real,40/0.8 all_ankles,6,swing,left,roll,amplitude,"[0.080,1.000)",2,########################,0.014782999999999998,0.17829683545881342,0.3237248418184411
real,40/0.8 all_ankles,6,swing,right,pitch,frequency,"[0.00,1.00)",0,,nan,nan,nan
real,40/0.8 all_ankles,6,swing,right,pitch,frequency,"[1.00,2.50)",0,,nan,nan,nan
real,40/0.8 all_ankles,6,swing,right,pitch,frequency,"[2.50,5.00)",0,,nan,nan,nan
real,40/0.8 all_ankles,6,swing,right,pitch,frequency,"[5.00,8.00)",0,,nan,nan,nan
real,40/0.8 all_ankles,6,swing,right,pitch,frequency,"[8.00,12.00)",0,,nan,nan,nan
real,40/0.8 all_ankles,6,swing,right,pitch,frequency,"[12.00,20.00)",3,##################,0.03182466666666669,0.6967586956874584,0.11877392967962812
real,40/0.8 all_ankles,6,swing,right,pitch,frequency,"[20.00,1000.00)",4,########################,0.030842749999999988,0.9932617785708577,0.09217147318539112
real,40/0.8 all_ankles,6,swing,right,pitch,amplitude,"[0.000,0.005)",3,########################,0.027466666666666657,nan,0.08036138817295481
real,40/0.8 all_ankles,6,swing,right,pitch,amplitude,"[0.005,0.010)",2,################,0.02811150000000001,nan,0.12173116543500562
real,40/0.8 all_ankles,6,swing,right,pitch,amplitude,"[0.010,0.020)",0,,nan,nan,nan
real,40/0.8 all_ankles,6,swing,right,pitch,amplitude,"[0.020,0.040)",1,########,0.037293999999999994,0.9932617785708577,0.11278019221624572
real,40/0.8 all_ankles,6,swing,right,pitch,amplitude,"[0.040,0.080)",1,########,0.04292800000000002,0.6967586956874584,0.12768099417532744
real,40/0.8 all_ankles,6,swing,right,pitch,amplitude,"[0.080,1.000)",0,,nan,nan,nan
real,40/0.8 all_ankles,6,swing,right,roll,frequency,"[0.00,1.00)",0,,nan,nan,nan
real,40/0.8 all_ankles,6,swing,right,roll,frequency,"[1.00,2.50)",0,,nan,nan,nan
real,40/0.8 all_ankles,6,swing,right,roll,frequency,"[2.50,5.00)",0,,nan,nan,nan
real,40/0.8 all_ankles,6,swing,right,roll,frequency,"[5.00,8.00)",0,,nan,nan,nan
real,40/0.8 all_ankles,6,swing,right,roll,frequency,"[8.00,12.00)",2,############,0.6626305,28.950471298994074,0.27847466300120427
real,40/0.8 all_ankles,6,swing,right,roll,frequency,"[12.00,20.00)",1,######,0.176641,nan,0.35660313492650064
real,40/0.8 all_ankles,6,swing,right,roll,frequency,"[20.00,1000.00)",4,########################,0.25272355,21.060197752016236,0.1980880303237742
real,40/0.8 all_ankles,6,swing,right,roll,amplitude,"[0.000,0.005)",4,########################,0.24315555,nan,0.24332127779266552
real,40/0.8 all_ankles,6,swing,right,roll,amplitude,"[0.005,0.010)",0,,nan,nan,nan
real,40/0.8 all_ankles,6,swing,right,roll,amplitude,"[0.010,0.020)",2,############,0.4532905,35.12296622340404,0.23326630457745082
real,40/0.8 all_ankles,6,swing,right,roll,amplitude,"[0.020,0.040)",0,,nan,nan,nan
real,40/0.8 all_ankles,6,swing,right,roll,amplitude,"[0.040,0.080)",1,######,0.6335930000000001,8.7152079031963,0.2660868618984423
real,40/0.8 all_ankles,6,swing,right,roll,amplitude,"[0.080,1.000)",0,,nan,nan,nan
real,40/0.8 all_ankles,6,touchdown,left,pitch,frequency,"[0.00,1.00)",0,,nan,nan,nan
real,40/0.8 all_ankles,6,touchdown,left,pitch,frequency,"[1.00,2.50)",0,,nan,nan,nan
real,40/0.8 all_ankles,6,touchdown,left,pitch,frequency,"[2.50,5.00)",0,,nan,nan,nan
real,40/0.8 all_ankles,6,touchdown,left,pitch,frequency,"[5.00,8.00)",0,,nan,nan,nan
real,40/0.8 all_ankles,6,touchdown,left,pitch,frequency,"[8.00,12.00)",0,,nan,nan,nan
real,40/0.8 all_ankles,6,touchdown,left,pitch,frequency,"[12.00,20.00)",2,########################,0.016801499999999997,0.04737455666020242,0.13692953140168757
real,40/0.8 all_ankles,6,touchdown,left,pitch,frequency,"[20.00,1000.00)",1,############,0.033537999999999984,0.519268583461068,0.08514664074211421
real,40/0.8 all_ankles,6,touchdown,left,pitch,amplitude,"[0.000,0.005)",0,,nan,nan,nan
real,40/0.8 all_ankles,6,touchdown,left,pitch,amplitude,"[0.005,0.010)",0,,nan,nan,nan
real,40/0.8 all_ankles,6,touchdown,left,pitch,amplitude,"[0.010,0.020)",0,,nan,nan,nan
real,40/0.8 all_ankles,6,touchdown,left,pitch,amplitude,"[0.020,0.040)",0,,nan,nan,nan
real,40/0.8 all_ankles,6,touchdown,left,pitch,amplitude,"[0.040,0.080)",1,############,0.033537999999999984,0.519268583461068,0.08514664074211421
real,40/0.8 all_ankles,6,touchdown,left,pitch,amplitude,"[0.080,1.000)",2,########################,0.016801499999999997,0.04737455666020242,0.13692953140168757
real,40/0.8 all_ankles,6,touchdown,left,roll,frequency,"[0.00,1.00)",0,,nan,nan,nan
real,40/0.8 all_ankles,6,touchdown,left,roll,frequency,"[1.00,2.50)",0,,nan,nan,nan
real,40/0.8 all_ankles,6,touchdown,left,roll,frequency,"[2.50,5.00)",0,,nan,nan,nan
real,40/0.8 all_ankles,6,touchdown,left,roll,frequency,"[5.00,8.00)",0,,nan,nan,nan
real,40/0.8 all_ankles,6,touchdown,left,roll,frequency,"[8.00,12.00)",0,,nan,nan,nan
real,40/0.8 all_ankles,6,touchdown,left,roll,frequency,"[12.00,20.00)",2,########################,0.10317975,0.7074569535338916,0.09950269591756565
real,40/0.8 all_ankles,6,touchdown,left,roll,frequency,"[20.00,1000.00)",2,########################,0.0261152,nan,0.1671612805304023
real,40/0.8 all_ankles,6,touchdown,left,roll,amplitude,"[0.000,0.005)",1,############,0.0451614,nan,0.024734797434720717
real,40/0.8 all_ankles,6,touchdown,left,roll,amplitude,"[0.005,0.010)",1,############,0.007069000000000006,nan,0.30958776362608387
real,40/0.8 all_ankles,6,touchdown,left,roll,amplitude,"[0.010,0.020)",0,,nan,nan,nan
real,40/0.8 all_ankles,6,touchdown,left,roll,amplitude,"[0.020,0.040)",0,,nan,nan,nan
real,40/0.8 all_ankles,6,touchdown,left,roll,amplitude,"[0.040,0.080)",0,,nan,nan,nan
real,40/0.8 all_ankles,6,touchdown,left,roll,amplitude,"[0.080,1.000)",2,########################,0.10317975,0.7074569535338916,0.09950269591756565
real,40/0.8 all_ankles,6,touchdown,right,pitch,frequency,"[0.00,1.00)",0,,nan,nan,nan
real,40/0.8 all_ankles,6,touchdown,right,pitch,frequency,"[1.00,2.50)",0,,nan,nan,nan
real,40/0.8 all_ankles,6,touchdown,right,pitch,frequency,"[2.50,5.00)",0,,nan,nan,nan
real,40/0.8 all_ankles,6,touchdown,right,pitch,frequency,"[5.00,8.00)",1,########################,0.2258405,nan,0.31416877585550806
real,40/0.8 all_ankles,6,touchdown,right,pitch,frequency,"[8.00,12.00)",0,,nan,nan,nan
real,40/0.8 all_ankles,6,touchdown,right,pitch,frequency,"[12.00,20.00)",0,,nan,nan,nan
real,40/0.8 all_ankles,6,touchdown,right,pitch,frequency,"[20.00,1000.00)",1,########################,0.06470399999999998,nan,0.17293283023667502
real,40/0.8 all_ankles,6,touchdown,right,pitch,amplitude,"[0.000,0.005)",1,########################,0.2258405,nan,0.31416877585550806
real,40/0.8 all_ankles,6,touchdown,right,pitch,amplitude,"[0.005,0.010)",1,########################,0.06470399999999998,nan,0.17293283023667502
real,40/0.8 all_ankles,6,touchdown,right,pitch,amplitude,"[0.010,0.020)",0,,nan,nan,nan
real,40/0.8 all_ankles,6,touchdown,right,pitch,amplitude,"[0.020,0.040)",0,,nan,nan,nan
real,40/0.8 all_ankles,6,touchdown,right,pitch,amplitude,"[0.040,0.080)",0,,nan,nan,nan
real,40/0.8 all_ankles,6,touchdown,right,pitch,amplitude,"[0.080,1.000)",0,,nan,nan,nan
real,40/0.8 all_ankles,6,touchdown,right,roll,frequency,"[0.00,1.00)",0,,nan,nan,nan
real,40/0.8 all_ankles,6,touchdown,right,roll,frequency,"[1.00,2.50)",0,,nan,nan,nan
real,40/0.8 all_ankles,6,touchdown,right,roll,frequency,"[2.50,5.00)",0,,nan,nan,nan
real,40/0.8 all_ankles,6,touchdown,right,roll,frequency,"[5.00,8.00)",0,,nan,nan,nan
real,40/0.8 all_ankles,6,touchdown,right,roll,frequency,"[8.00,12.00)",0,,nan,nan,nan
real,40/0.8 all_ankles,6,touchdown,right,roll,frequency,"[12.00,20.00)",2,########################,0.3167145,1.840700183326121,0.2236449647126128
real,40/0.8 all_ankles,6,touchdown,right,roll,frequency,"[20.00,1000.00)",1,############,0.15191,nan,0.3668997646767813
real,40/0.8 all_ankles,6,touchdown,right,roll,amplitude,"[0.000,0.005)",0,,nan,nan,nan
real,40/0.8 all_ankles,6,touchdown,right,roll,amplitude,"[0.005,0.010)",1,############,0.15191,nan,0.3668997646767813
real,40/0.8 all_ankles,6,touchdown,right,roll,amplitude,"[0.010,0.020)",0,,nan,nan,nan
real,40/0.8 all_ankles,6,touchdown,right,roll,amplitude,"[0.020,0.040)",0,,nan,nan,nan
real,40/0.8 all_ankles,6,touchdown,right,roll,amplitude,"[0.040,0.080)",0,,nan,nan,nan
real,40/0.8 all_ankles,6,touchdown,right,roll,amplitude,"[0.080,1.000)",2,########################,0.3167145,1.840700183326121,0.2236449647126128
sim,2504,1,swing,left,pitch,frequency,"[0.00,1.00)",0,,nan,nan,nan
sim,2504,1,swing,left,pitch,frequency,"[1.00,2.50)",0,,nan,nan,nan
sim,2504,1,swing,left,pitch,frequency,"[2.50,5.00)",1,########################,0.20132330000000004,2.965783270970214,0.09610363013405414
sim,2504,1,swing,left,pitch,frequency,"[5.00,8.00)",1,########################,0.027128299999999994,0.1773450829906713,0.25774171461805273
sim,2504,1,swing,left,pitch,frequency,"[8.00,12.00)",0,,nan,nan,nan
sim,2504,1,swing,left,pitch,frequency,"[12.00,20.00)",0,,nan,nan,nan
sim,2504,1,swing,left,pitch,frequency,"[20.00,1000.00)",0,,nan,nan,nan
sim,2504,1,swing,left,pitch,amplitude,"[0.000,0.005)",0,,nan,nan,nan
sim,2504,1,swing,left,pitch,amplitude,"[0.005,0.010)",0,,nan,nan,nan
sim,2504,1,swing,left,pitch,amplitude,"[0.010,0.020)",0,,nan,nan,nan
sim,2504,1,swing,left,pitch,amplitude,"[0.020,0.040)",0,,nan,nan,nan
sim,2504,1,swing,left,pitch,amplitude,"[0.040,0.080)",1,########################,0.20132330000000004,2.965783270970214,0.09610363013405414
sim,2504,1,swing,left,pitch,amplitude,"[0.080,1.000)",1,########################,0.027128299999999994,0.1773450829906713,0.25774171461805273
sim,2504,1,swing,left,roll,frequency,"[0.00,1.00)",0,,nan,nan,nan
sim,2504,1,swing,left,roll,frequency,"[1.00,2.50)",0,,nan,nan,nan
sim,2504,1,swing,left,roll,frequency,"[2.50,5.00)",0,,nan,nan,nan
sim,2504,1,swing,left,roll,frequency,"[5.00,8.00)",0,,nan,nan,nan
sim,2504,1,swing,left,roll,frequency,"[8.00,12.00)",2,########################,0.01766005,nan,0.022504432480804533
sim,2504,1,swing,left,roll,frequency,"[12.00,20.00)",0,,nan,nan,nan
sim,2504,1,swing,left,roll,frequency,"[20.00,1000.00)",0,,nan,nan,nan
sim,2504,1,swing,left,roll,amplitude,"[0.000,0.005)",2,########################,0.01766005,nan,0.022504432480804533
sim,2504,1,swing,left,roll,amplitude,"[0.005,0.010)",0,,nan,nan,nan
sim,2504,1,swing,left,roll,amplitude,"[0.010,0.020)",0,,nan,nan,nan
sim,2504,1,swing,left,roll,amplitude,"[0.020,0.040)",0,,nan,nan,nan
sim,2504,1,swing,left,roll,amplitude,"[0.040,0.080)",0,,nan,nan,nan
sim,2504,1,swing,left,roll,amplitude,"[0.080,1.000)",0,,nan,nan,nan
sim,2504,1,swing,right,pitch,frequency,"[0.00,1.00)",0,,nan,nan,nan
sim,2504,1,swing,right,pitch,frequency,"[1.00,2.50)",0,,nan,nan,nan
sim,2504,1,swing,right,pitch,frequency,"[2.50,5.00)",1,############,0.013857000000000008,0.04140958131109126,0.24831269476353224
sim,2504,1,swing,right,pitch,frequency,"[5.00,8.00)",0,,nan,nan,nan
sim,2504,1,swing,right,pitch,frequency,"[8.00,12.00)",0,,nan,nan,nan
sim,2504,1,swing,right,pitch,frequency,"[12.00,20.00)",2,########################,0.055708499999999994,1.5961835909921294,0.07378758194566686
sim,2504,1,swing,right,pitch,frequency,"[20.00,1000.00)",1,############,0.00042599999999998195,0.020480769230768376,0.01720783567641982
sim,2504,1,swing,right,pitch,amplitude,"[0.000,0.005)",0,,nan,nan,nan
sim,2504,1,swing,right,pitch,amplitude,"[0.005,0.010)",0,,nan,nan,nan
sim,2504,1,swing,right,pitch,amplitude,"[0.010,0.020)",1,############,0.030727000000000004,2.87087732411473,0.057598481898397315
sim,2504,1,swing,right,pitch,amplitude,"[0.020,0.040)",1,############,0.00042599999999998195,0.020480769230768376,0.01720783567641982
sim,2504,1,swing,right,pitch,amplitude,"[0.040,0.080)",0,,nan,nan,nan
sim,2504,1,swing,right,pitch,amplitude,"[0.080,1.000)",2,########################,0.047273499999999996,0.1814497195903101,0.16914468837823432
sim,2504,1,swing,right,roll,frequency,"[0.00,1.00)",0,,nan,nan,nan
sim,2504,1,swing,right,roll,frequency,"[1.00,2.50)",0,,nan,nan,nan
sim,2504,1,swing,right,roll,frequency,"[2.50,5.00)",1,########################,0.0473733,0.2518910451713346,0.07673030467546908
sim,2504,1,swing,right,roll,frequency,"[5.00,8.00)",0,,nan,nan,nan
sim,2504,1,swing,right,roll,frequency,"[8.00,12.00)",1,########################,0.0006127000000000007,nan,0.11195262098137765
sim,2504,1,swing,right,roll,frequency,"[12.00,20.00)",0,,nan,nan,nan
sim,2504,1,swing,right,roll,frequency,"[20.00,1000.00)",1,########################,0.0005010000000000014,nan,0.11252397431840913
sim,2504,1,swing,right,roll,amplitude,"[0.000,0.005)",1,########################,0.0005010000000000014,nan,0.11252397431840913
sim,2504,1,swing,right,roll,amplitude,"[0.005,0.010)",1,########################,0.0006127000000000007,nan,0.11195262098137765
sim,2504,1,swing,right,roll,amplitude,"[0.010,0.020)",0,,nan,nan,nan
sim,2504,1,swing,right,roll,amplitude,"[0.020,0.040)",0,,nan,nan,nan
sim,2504,1,swing,right,roll,amplitude,"[0.040,0.080)",0,,nan,nan,nan
sim,2504,1,swing,right,roll,amplitude,"[0.080,1.000)",1,########################,0.0473733,0.2518910451713346,0.07673030467546908
sim,2504,1,touchdown,left,pitch,frequency,"[0.00,1.00)",0,,nan,nan,nan
sim,2504,1,touchdown,left,pitch,frequency,"[1.00,2.50)",0,,nan,nan,nan
sim,2504,1,touchdown,left,pitch,frequency,"[2.50,5.00)",1,########################,0.010604000000000002,nan,0.3015090267289895
sim,2504,1,touchdown,left,pitch,frequency,"[5.00,8.00)",0,,nan,nan,nan
sim,2504,1,touchdown,left,pitch,frequency,"[8.00,12.00)",0,,nan,nan,nan
sim,2504,1,touchdown,left,pitch,frequency,"[12.00,20.00)",0,,nan,nan,nan
sim,2504,1,touchdown,left,pitch,frequency,"[20.00,1000.00)",0,,nan,nan,nan
sim,2504,1,touchdown,left,pitch,amplitude,"[0.000,0.005)",1,########################,0.010604000000000002,nan,0.3015090267289895
sim,2504,1,touchdown,left,pitch,amplitude,"[0.005,0.010)",0,,nan,nan,nan
sim,2504,1,touchdown,left,pitch,amplitude,"[0.010,0.020)",0,,nan,nan,nan
sim,2504,1,touchdown,left,pitch,amplitude,"[0.020,0.040)",0,,nan,nan,nan
sim,2504,1,touchdown,left,pitch,amplitude,"[0.040,0.080)",0,,nan,nan,nan
sim,2504,1,touchdown,left,pitch,amplitude,"[0.080,1.000)",0,,nan,nan,nan
sim,2504,1,touchdown,left,roll,frequency,"[0.00,1.00)",0,,nan,nan,nan
sim,2504,1,touchdown,left,roll,frequency,"[1.00,2.50)",0,,nan,nan,nan
sim,2504,1,touchdown,left,roll,frequency,"[2.50,5.00)",0,,nan,nan,nan
sim,2504,1,touchdown,left,roll,frequency,"[5.00,8.00)",0,,nan,nan,nan
sim,2504,1,touchdown,left,roll,frequency,"[8.00,12.00)",1,########################,0.04108807,0.7968363586998681,0.3971272176040796
sim,2504,1,touchdown,left,roll,frequency,"[12.00,20.00)",1,########################,0.01384632,0.4862452591656131,0.39886193648613877
sim,2504,1,touchdown,left,roll,frequency,"[20.00,1000.00)",0,,nan,nan,nan
sim,2504,1,touchdown,left,roll,amplitude,"[0.000,0.005)",0,,nan,nan,nan
sim,2504,1,touchdown,left,roll,amplitude,"[0.005,0.010)",0,,nan,nan,nan
sim,2504,1,touchdown,left,roll,amplitude,"[0.010,0.020)",0,,nan,nan,nan
sim,2504,1,touchdown,left,roll,amplitude,"[0.020,0.040)",1,########################,0.01384632,0.4862452591656131,0.39886193648613877
sim,2504,1,touchdown,left,roll,amplitude,"[0.040,0.080)",1,########################,0.04108807,0.7968363586998681,0.3971272176040796
sim,2504,1,touchdown,left,roll,amplitude,"[0.080,1.000)",0,,nan,nan,nan
sim,2504,1,touchdown,right,pitch,frequency,"[0.00,1.00)",0,,nan,nan,nan
sim,2504,1,touchdown,right,pitch,frequency,"[1.00,2.50)",0,,nan,nan,nan
sim,2504,1,touchdown,right,pitch,frequency,"[2.50,5.00)",1,########################,0.045204999999999995,0.61015279127524,0.009640909872344353
sim,2504,1,touchdown,right,pitch,frequency,"[5.00,8.00)",0,,nan,nan,nan
sim,2504,1,touchdown,right,pitch,frequency,"[8.00,12.00)",0,,nan,nan,nan
sim,2504,1,touchdown,right,pitch,frequency,"[12.00,20.00)",0,,nan,nan,nan
sim,2504,1,touchdown,right,pitch,frequency,"[20.00,1000.00)",0,,nan,nan,nan
sim,2504,1,touchdown,right,pitch,amplitude,"[0.000,0.005)",0,,nan,nan,nan
sim,2504,1,touchdown,right,pitch,amplitude,"[0.005,0.010)",0,,nan,nan,nan
sim,2504,1,touchdown,right,pitch,amplitude,"[0.010,0.020)",0,,nan,nan,nan
sim,2504,1,touchdown,right,pitch,amplitude,"[0.020,0.040)",0,,nan,nan,nan
sim,2504,1,touchdown,right,pitch,amplitude,"[0.040,0.080)",1,########################,0.045204999999999995,0.61015279127524,0.009640909872344353
sim,2504,1,touchdown,right,pitch,amplitude,"[0.080,1.000)",0,,nan,nan,nan
sim,2504,1,touchdown,right,roll,frequency,"[0.00,1.00)",0,,nan,nan,nan
sim,2504,1,touchdown,right,roll,frequency,"[1.00,2.50)",0,,nan,nan,nan
sim,2504,1,touchdown,right,roll,frequency,"[2.50,5.00)",0,,nan,nan,nan
sim,2504,1,touchdown,right,roll,frequency,"[5.00,8.00)",0,,nan,nan,nan
sim,2504,1,touchdown,right,roll,frequency,"[8.00,12.00)",1,########################,0.011787599999999999,0.5497460579519539,0.007778692914515482
sim,2504,1,touchdown,right,roll,frequency,"[12.00,20.00)",1,########################,0.0006110999999999998,nan,0.004173791054552204
sim,2504,1,touchdown,right,roll,frequency,"[20.00,1000.00)",1,########################,0.0020047,nan,0.0013670105937165717
sim,2504,1,touchdown,right,roll,amplitude,"[0.000,0.005)",1,########################,0.0020047,nan,0.0013670105937165717
sim,2504,1,touchdown,right,roll,amplitude,"[0.005,0.010)",1,########################,0.0006110999999999998,nan,0.004173791054552204
sim,2504,1,touchdown,right,roll,amplitude,"[0.010,0.020)",0,,nan,nan,nan
sim,2504,1,touchdown,right,roll,amplitude,"[0.020,0.040)",1,########################,0.011787599999999999,0.5497460579519539,0.007778692914515482
sim,2504,1,touchdown,right,roll,amplitude,"[0.040,0.080)",0,,nan,nan,nan
sim,2504,1,touchdown,right,roll,amplitude,"[0.080,1.000)",0,,nan,nan,nan
sim,2504,2,swing,left,pitch,frequency,"[0.00,1.00)",0,,nan,nan,nan
sim,2504,2,swing,left,pitch,frequency,"[1.00,2.50)",0,,nan,nan,nan
sim,2504,2,swing,left,pitch,frequency,"[2.50,5.00)",1,########################,0.152846,2.3759307332390307,0.07409611558885623
sim,2504,2,swing,left,pitch,frequency,"[5.00,8.00)",1,########################,0.04336300000000001,0.2843624583584714,0.205365360448424
sim,2504,2,swing,left,pitch,frequency,"[8.00,12.00)",0,,nan,nan,nan
sim,2504,2,swing,left,pitch,frequency,"[12.00,20.00)",0,,nan,nan,nan
sim,2504,2,swing,left,pitch,frequency,"[20.00,1000.00)",0,,nan,nan,nan
sim,2504,2,swing,left,pitch,amplitude,"[0.000,0.005)",0,,nan,nan,nan
sim,2504,2,swing,left,pitch,amplitude,"[0.005,0.010)",0,,nan,nan,nan
sim,2504,2,swing,left,pitch,amplitude,"[0.010,0.020)",0,,nan,nan,nan
sim,2504,2,swing,left,pitch,amplitude,"[0.020,0.040)",0,,nan,nan,nan
sim,2504,2,swing,left,pitch,amplitude,"[0.040,0.080)",1,########################,0.152846,2.3759307332390307,0.07409611558885623
sim,2504,2,swing,left,pitch,amplitude,"[0.080,1.000)",1,########################,0.04336300000000001,0.2843624583584714,0.205365360448424
sim,2504,2,swing,left,roll,frequency,"[0.00,1.00)",0,,nan,nan,nan
sim,2504,2,swing,left,roll,frequency,"[1.00,2.50)",0,,nan,nan,nan
sim,2504,2,swing,left,roll,frequency,"[2.50,5.00)",0,,nan,nan,nan
sim,2504,2,swing,left,roll,frequency,"[5.00,8.00)",1,########,0.00932076,0.03180598565776206,0.09780782745652764
sim,2504,2,swing,left,roll,frequency,"[8.00,12.00)",0,,nan,nan,nan
sim,2504,2,swing,left,roll,frequency,"[12.00,20.00)",3,########################,0.010819586666666667,nan,0.018127923982058813
sim,2504,2,swing,left,roll,frequency,"[20.00,1000.00)",0,,nan,nan,nan
sim,2504,2,swing,left,roll,amplitude,"[0.000,0.005)",3,########################,0.010819586666666667,nan,0.018127923982058813
sim,2504,2,swing,left,roll,amplitude,"[0.005,0.010)",0,,nan,nan,nan
sim,2504,2,swing,left,roll,amplitude,"[0.010,0.020)",0,,nan,nan,nan
sim,2504,2,swing,left,roll,amplitude,"[0.020,0.040)",0,,nan,nan,nan
sim,2504,2,swing,left,roll,amplitude,"[0.040,0.080)",0,,nan,nan,nan
sim,2504,2,swing,left,roll,amplitude,"[0.080,1.000)",1,########,0.00932076,0.03180598565776206,0.09780782745652764
sim,2504,2,swing,right,pitch,frequency,"[0.00,1.00)",0,,nan,nan,nan
sim,2504,2,swing,right,pitch,frequency,"[1.00,2.50)",0,,nan,nan,nan
sim,2504,2,swing,right,pitch,frequency,"[2.50,5.00)",1,########################,0.11440900000000001,0.19474767351010178,0.19526686653088246
sim,2504,2,swing,right,pitch,frequency,"[5.00,8.00)",0,,nan,nan,nan
sim,2504,2,swing,right,pitch,frequency,"[8.00,12.00)",0,,nan,nan,nan
sim,2504,2,swing,right,pitch,frequency,"[12.00,20.00)",0,,nan,nan,nan
sim,2504,2,swing,right,pitch,frequency,"[20.00,1000.00)",0,,nan,nan,nan
sim,2504,2,swing,right,pitch,amplitude,"[0.000,0.005)",0,,nan,nan,nan
sim,2504,2,swing,right,pitch,amplitude,"[0.005,0.010)",0,,nan,nan,nan
sim,2504,2,swing,right,pitch,amplitude,"[0.010,0.020)",0,,nan,nan,nan
sim,2504,2,swing,right,pitch,amplitude,"[0.020,0.040)",0,,nan,nan,nan
sim,2504,2,swing,right,pitch,amplitude,"[0.040,0.080)",0,,nan,nan,nan
sim,2504,2,swing,right,pitch,amplitude,"[0.080,1.000)",1,########################,0.11440900000000001,0.19474767351010178,0.19526686653088246
sim,2504,2,swing,right,roll,frequency,"[0.00,1.00)",0,,nan,nan,nan
sim,2504,2,swing,right,roll,frequency,"[1.00,2.50)",0,,nan,nan,nan
sim,2504,2,swing,right,roll,frequency,"[2.50,5.00)",0,,nan,nan,nan
sim,2504,2,swing,right,roll,frequency,"[5.00,8.00)",2,########################,0.0140743,0.10480843566171101,0.1311895507139655
sim,2504,2,swing,right,roll,frequency,"[8.00,12.00)",0,,nan,nan,nan
sim,2504,2,swing,right,roll,frequency,"[12.00,20.00)",0,,nan,nan,nan
sim,2504,2,swing,right,roll,frequency,"[20.00,1000.00)",0,,nan,nan,nan
sim,2504,2,swing,right,roll,amplitude,"[0.000,0.005)",0,,nan,nan,nan
sim,2504,2,swing,right,roll,amplitude,"[0.005,0.010)",0,,nan,nan,nan
sim,2504,2,swing,right,roll,amplitude,"[0.010,0.020)",0,,nan,nan,nan
sim,2504,2,swing,right,roll,amplitude,"[0.020,0.040)",0,,nan,nan,nan
sim,2504,2,swing,right,roll,amplitude,"[0.040,0.080)",0,,nan,nan,nan
sim,2504,2,swing,right,roll,amplitude,"[0.080,1.000)",2,########################,0.0140743,0.10480843566171101,0.1311895507139655
sim,2504,2,touchdown,left,pitch,frequency,"[0.00,1.00)",0,,nan,nan,nan
sim,2504,2,touchdown,left,pitch,frequency,"[1.00,2.50)",0,,nan,nan,nan
sim,2504,2,touchdown,left,pitch,frequency,"[2.50,5.00)",1,########################,0.06053599999999998,nan,0.19965757002382398
sim,2504,2,touchdown,left,pitch,frequency,"[5.00,8.00)",0,,nan,nan,nan
sim,2504,2,touchdown,left,pitch,frequency,"[8.00,12.00)",0,,nan,nan,nan
sim,2504,2,touchdown,left,pitch,frequency,"[12.00,20.00)",0,,nan,nan,nan
sim,2504,2,touchdown,left,pitch,frequency,"[20.00,1000.00)",0,,nan,nan,nan
sim,2504,2,touchdown,left,pitch,amplitude,"[0.000,0.005)",1,########################,0.06053599999999998,nan,0.19965757002382398
sim,2504,2,touchdown,left,pitch,amplitude,"[0.005,0.010)",0,,nan,nan,nan
sim,2504,2,touchdown,left,pitch,amplitude,"[0.010,0.020)",0,,nan,nan,nan
sim,2504,2,touchdown,left,pitch,amplitude,"[0.020,0.040)",0,,nan,nan,nan
sim,2504,2,touchdown,left,pitch,amplitude,"[0.040,0.080)",0,,nan,nan,nan
sim,2504,2,touchdown,left,pitch,amplitude,"[0.080,1.000)",0,,nan,nan,nan
sim,2504,2,touchdown,left,roll,frequency,"[0.00,1.00)",0,,nan,nan,nan
sim,2504,2,touchdown,left,roll,frequency,"[1.00,2.50)",0,,nan,nan,nan
sim,2504,2,touchdown,left,roll,frequency,"[2.50,5.00)",0,,nan,nan,nan
sim,2504,2,touchdown,left,roll,frequency,"[5.00,8.00)",0,,nan,nan,nan
sim,2504,2,touchdown,left,roll,frequency,"[8.00,12.00)",0,,nan,nan,nan
sim,2504,2,touchdown,left,roll,frequency,"[12.00,20.00)",4,########################,0.007052542500000001,0.5863109557671867,0.4211975278617504
sim,2504,2,touchdown,left,roll,frequency,"[20.00,1000.00)",0,,nan,nan,nan
sim,2504,2,touchdown,left,roll,amplitude,"[0.000,0.005)",2,########################,0.005077385,nan,0.4173476654810193
sim,2504,2,touchdown,left,roll,amplitude,"[0.005,0.010)",0,,nan,nan,nan
sim,2504,2,touchdown,left,roll,amplitude,"[0.010,0.020)",1,############,0.0108368,0.9947494033412875,0.4233745055239471
sim,2504,2,touchdown,left,roll,amplitude,"[0.020,0.040)",0,,nan,nan,nan
sim,2504,2,touchdown,left,roll,amplitude,"[0.040,0.080)",1,############,0.007218600000000002,0.17787250819308592,0.4267202749610159
sim,2504,2,touchdown,left,roll,amplitude,"[0.080,1.000)",0,,nan,nan,nan
sim,2504,2,touchdown,right,pitch,frequency,"[0.00,1.00)",0,,nan,nan,nan
sim,2504,2,touchdown,right,pitch,frequency,"[1.00,2.50)",0,,nan,nan,nan
sim,2504,2,touchdown,right,pitch,frequency,"[2.50,5.00)",0,,nan,nan,nan
sim,2504,2,touchdown,right,pitch,frequency,"[5.00,8.00)",1,########################,0.05302000000000001,0.6903645833333336,0.019238642568769986
sim,2504,2,touchdown,right,pitch,frequency,"[8.00,12.00)",0,,nan,nan,nan
sim,2504,2,touchdown,right,pitch,frequency,"[12.00,20.00)",1,########################,0.004779000000000033,0.38708893568767405,0.0036814629904427985
sim,2504,2,touchdown,right,pitch,frequency,"[20.00,1000.00)",0,,nan,nan,nan
sim,2504,2,touchdown,right,pitch,amplitude,"[0.000,0.005)",0,,nan,nan,nan
sim,2504,2,touchdown,right,pitch,amplitude,"[0.005,0.010)",0,,nan,nan,nan
sim,2504,2,touchdown,right,pitch,amplitude,"[0.010,0.020)",1,########################,0.004779000000000033,0.38708893568767405,0.0036814629904427985
sim,2504,2,touchdown,right,pitch,amplitude,"[0.020,0.040)",0,,nan,nan,nan
sim,2504,2,touchdown,right,pitch,amplitude,"[0.040,0.080)",1,########################,0.05302000000000001,0.6903645833333336,0.019238642568769986
sim,2504,2,touchdown,right,pitch,amplitude,"[0.080,1.000)",0,,nan,nan,nan
sim,2504,2,touchdown,right,roll,frequency,"[0.00,1.00)",0,,nan,nan,nan
sim,2504,2,touchdown,right,roll,frequency,"[1.00,2.50)",0,,nan,nan,nan
sim,2504,2,touchdown,right,roll,frequency,"[2.50,5.00)",0,,nan,nan,nan
sim,2504,2,touchdown,right,roll,frequency,"[5.00,8.00)",0,,nan,nan,nan
sim,2504,2,touchdown,right,roll,frequency,"[8.00,12.00)",1,########################,0.00274588,0.2663715045700328,0.003803774354115834
sim,2504,2,touchdown,right,roll,frequency,"[12.00,20.00)",1,########################,0.013446139999999999,0.5380143212911569,0.0061831905862976605
sim,2504,2,touchdown,right,roll,frequency,"[20.00,1000.00)",1,########################,0.002277770000000001,nan,0.000512189911035611
sim,2504,2,touchdown,right,roll,amplitude,"[0.000,0.005)",1,########################,0.002277770000000001,nan,0.000512189911035611
sim,2504,2,touchdown,right,roll,amplitude,"[0.005,0.010)",0,,nan,nan,nan
sim,2504,2,touchdown,right,roll,amplitude,"[0.010,0.020)",1,########################,0.00274588,0.2663715045700328,0.003803774354115834
sim,2504,2,touchdown,right,roll,amplitude,"[0.020,0.040)",1,########################,0.013446139999999999,0.5380143212911569,0.0061831905862976605
sim,2504,2,touchdown,right,roll,amplitude,"[0.040,0.080)",0,,nan,nan,nan
sim,2504,2,touchdown,right,roll,amplitude,"[0.080,1.000)",0,,nan,nan,nan
sim,2504,3,swing,left,pitch,frequency,"[0.00,1.00)",0,,nan,nan,nan
sim,2504,3,swing,left,pitch,frequency,"[1.00,2.50)",1,########################,0.161428,0.4542681416845641,0.1915881775043208
sim,2504,3,swing,left,pitch,frequency,"[2.50,5.00)",0,,nan,nan,nan
sim,2504,3,swing,left,pitch,frequency,"[5.00,8.00)",0,,nan,nan,nan
sim,2504,3,swing,left,pitch,frequency,"[8.00,12.00)",0,,nan,nan,nan
sim,2504,3,swing,left,pitch,frequency,"[12.00,20.00)",0,,nan,nan,nan
sim,2504,3,swing,left,pitch,frequency,"[20.00,1000.00)",0,,nan,nan,nan
sim,2504,3,swing,left,pitch,amplitude,"[0.000,0.005)",0,,nan,nan,nan
sim,2504,3,swing,left,pitch,amplitude,"[0.005,0.010)",0,,nan,nan,nan
sim,2504,3,swing,left,pitch,amplitude,"[0.010,0.020)",0,,nan,nan,nan
sim,2504,3,swing,left,pitch,amplitude,"[0.020,0.040)",0,,nan,nan,nan
sim,2504,3,swing,left,pitch,amplitude,"[0.040,0.080)",0,,nan,nan,nan
sim,2504,3,swing,left,pitch,amplitude,"[0.080,1.000)",1,########################,0.161428,0.4542681416845641,0.1915881775043208
sim,2504,3,swing,left,roll,frequency,"[0.00,1.00)",0,,nan,nan,nan
sim,2504,3,swing,left,roll,frequency,"[1.00,2.50)",0,,nan,nan,nan
sim,2504,3,swing,left,roll,frequency,"[2.50,5.00)",0,,nan,nan,nan
sim,2504,3,swing,left,roll,frequency,"[5.00,8.00)",0,,nan,nan,nan
sim,2504,3,swing,left,roll,frequency,"[8.00,12.00)",2,############,0.038438200000000006,0.33136674064264593,0.3661244718373322
sim,2504,3,swing,left,roll,frequency,"[12.00,20.00)",4,########################,0.0041924675,0.04715563480753516,0.4462573341387892
sim,2504,3,swing,left,roll,frequency,"[20.00,1000.00)",1,######,0.0034738499999999997,nan,0.4232271667730341
sim,2504,3,swing,left,roll,amplitude,"[0.000,0.005)",2,################,0.004335205,nan,0.41558774454804204
sim,2504,3,swing,left,roll,amplitude,"[0.005,0.010)",1,########,0.0034738499999999997,nan,0.4232271667730341
sim,2504,3,swing,left,roll,amplitude,"[0.010,0.020)",0,,nan,nan,nan
sim,2504,3,swing,left,roll,amplitude,"[0.020,0.040)",1,########,0.019710200000000004,0.5051565943923318,0.42396476905043656
sim,2504,3,swing,left,roll,amplitude,"[0.040,0.080)",0,,nan,nan,nan
sim,2504,3,swing,left,roll,amplitude,"[0.080,1.000)",3,########################,0.021755220000000002,0.08396271883601009,0.42071267402776685
sim,2504,3,swing,right,pitch,frequency,"[0.00,1.00)",0,,nan,nan,nan
sim,2504,3,swing,right,pitch,frequency,"[1.00,2.50)",0,,nan,nan,nan
sim,2504,3,swing,right,pitch,frequency,"[2.50,5.00)",1,########,0.07409699999999997,0.9008753799392094,0.026633253309465473
sim,2504,3,swing,right,pitch,frequency,"[5.00,8.00)",0,,nan,nan,nan
sim,2504,3,swing,right,pitch,frequency,"[8.00,12.00)",1,########,0.00961099999999998,0.2514849412565084,0.010540341157395518
sim,2504,3,swing,right,pitch,frequency,"[12.00,20.00)",1,########,0.013857000000000008,0.1342628478412527,0.07186380126670172
sim,2504,3,swing,right,pitch,frequency,"[20.00,1000.00)",3,########################,0.02000533333333333,1.1054743223965753,0.045032470153977315
sim,2504,3,swing,right,pitch,amplitude,"[0.000,0.005)",1,############,0.039078,nan,0.07514962834904775
sim,2504,3,swing,right,pitch,amplitude,"[0.005,0.010)",1,############,0.008538999999999991,nan,0.018874936123512227
sim,2504,3,swing,right,pitch,amplitude,"[0.010,0.020)",1,############,0.012398999999999993,1.1054743223965753,0.04107284598937195
sim,2504,3,swing,right,pitch,amplitude,"[0.020,0.040)",1,############,0.00961099999999998,0.2514849412565084,0.010540341157395518
sim,2504,3,swing,right,pitch,amplitude,"[0.040,0.080)",0,,nan,nan,nan
sim,2504,3,swing,right,pitch,amplitude,"[0.080,1.000)",2,########################,0.04397699999999999,0.5175691138902311,0.0492485272880836
sim,2504,3,swing,right,roll,frequency,"[0.00,1.00)",0,,nan,nan,nan
sim,2504,3,swing,right,roll,frequency,"[1.00,2.50)",0,,nan,nan,nan
sim,2504,3,swing,right,roll,frequency,"[2.50,5.00)",0,,nan,nan,nan
sim,2504,3,swing,right,roll,frequency,"[5.00,8.00)",2,################,0.014318810000000001,0.35774795865778924,0.04646807140628776
sim,2504,3,swing,right,roll,frequency,"[8.00,12.00)",1,########,0.02212116,0.736547704911843,0.02090540273804213
sim,2504,3,swing,right,roll,frequency,"[12.00,20.00)",3,########################,0.0056416466666666665,0.027769487188205638,0.016285486193923112
sim,2504,3,swing,right,roll,frequency,"[20.00,1000.00)",1,########,0.00200578,nan,0.0024199377828503497
sim,2504,3,swing,right,roll,amplitude,"[0.000,0.005)",2,################,0.004624539999999999,nan,0.0061652726942333326
sim,2504,3,swing,right,roll,amplitude,"[0.005,0.010)",1,########,0.008799600000000001,nan,0.006648377660224726
sim,2504,3,swing,right,roll,amplitude,"[0.010,0.020)",0,,nan,nan,nan
sim,2504,3,swing,right,roll,amplitude,"[0.020,0.040)",3,########################,0.012093473333333334,0.4180973364022342,0.023499137284195133
sim,2504,3,swing,right,roll,amplitude,"[0.040,0.080)",1,########,0.0153604,0.2255211002089246,0.07564160701396054
sim,2504,3,swing,right,roll,amplitude,"[0.080,1.000)",0,,nan,nan,nan
sim,2504,3,touchdown,left,pitch,frequency,"[0.00,1.00)",0,,nan,nan,nan
sim,2504,3,touchdown,left,pitch,frequency,"[1.00,2.50)",0,,nan,nan,nan
sim,2504,3,touchdown,left,pitch,frequency,"[2.50,5.00)",0,,nan,nan,nan
sim,2504,3,touchdown,left,pitch,frequency,"[5.00,8.00)",0,,nan,nan,nan
sim,2504,3,touchdown,left,pitch,frequency,"[8.00,12.00)",1,########################,0.009160999999999975,0.013053092931866265,0.38126179282145306
sim,2504,3,touchdown,left,pitch,frequency,"[12.00,20.00)",1,########################,0.017656000000000005,0.2864931524631661,0.021690763753266055
sim,2504,3,touchdown,left,pitch,frequency,"[20.00,1000.00)",0,,nan,nan,nan
sim,2504,3,touchdown,left,pitch,amplitude,"[0.000,0.005)",0,,nan,nan,nan
sim,2504,3,touchdown,left,pitch,amplitude,"[0.005,0.010)",0,,nan,nan,nan
sim,2504,3,touchdown,left,pitch,amplitude,"[0.010,0.020)",0,,nan,nan,nan
sim,2504,3,touchdown,left,pitch,amplitude,"[0.020,0.040)",0,,nan,nan,nan
sim,2504,3,touchdown,left,pitch,amplitude,"[0.040,0.080)",1,########################,0.017656000000000005,0.2864931524631661,0.021690763753266055
sim,2504,3,touchdown,left,pitch,amplitude,"[0.080,1.000)",1,########################,0.009160999999999975,0.013053092931866265,0.38126179282145306
sim,2504,3,touchdown,left,roll,frequency,"[0.00,1.00)",0,,nan,nan,nan
sim,2504,3,touchdown,left,roll,frequency,"[1.00,2.50)",0,,nan,nan,nan
sim,2504,3,touchdown,left,roll,frequency,"[2.50,5.00)",0,,nan,nan,nan
sim,2504,3,touchdown,left,roll,frequency,"[5.00,8.00)",0,,nan,nan,nan
sim,2504,3,touchdown,left,roll,frequency,"[8.00,12.00)",1,############,0.045213699999999996,0.5313532710631836,0.0648314509625498
sim,2504,3,touchdown,left,roll,frequency,"[12.00,20.00)",1,############,0.012904599999999999,0.5506785013228641,0.007118090459877565
sim,2504,3,touchdown,left,roll,frequency,"[20.00,1000.00)",2,########################,0.0075642999999999995,0.47190265411512233,0.019238457419631344
sim,2504,3,touchdown,left,roll,amplitude,"[0.000,0.005)",0,,nan,nan,nan
sim,2504,3,touchdown,left,roll,amplitude,"[0.005,0.010)",0,,nan,nan,nan
sim,2504,3,touchdown,left,roll,amplitude,"[0.010,0.020)",2,########################,0.0075642999999999995,0.47190265411512233,0.019238457419631344
sim,2504,3,touchdown,left,roll,amplitude,"[0.020,0.040)",1,############,0.012904599999999999,0.5506785013228641,0.007118090459877565
sim,2504,3,touchdown,left,roll,amplitude,"[0.040,0.080)",0,,nan,nan,nan
sim,2504,3,touchdown,left,roll,amplitude,"[0.080,1.000)",1,############,0.045213699999999996,0.5313532710631836,0.0648314509625498
sim,2504,3,touchdown,right,pitch,frequency,"[0.00,1.00)",0,,nan,nan,nan
sim,2504,3,touchdown,right,pitch,frequency,"[1.00,2.50)",0,,nan,nan,nan
sim,2504,3,touchdown,right,pitch,frequency,"[2.50,5.00)",0,,nan,nan,nan
sim,2504,3,touchdown,right,pitch,frequency,"[5.00,8.00)",0,,nan,nan,nan
sim,2504,3,touchdown,right,pitch,frequency,"[8.00,12.00)",0,,nan,nan,nan
sim,2504,3,touchdown,right,pitch,frequency,"[12.00,20.00)",2,########################,0.019636,0.6937605957517758,0.14480528066650808
sim,2504,3,touchdown,right,pitch,frequency,"[20.00,1000.00)",2,########################,0.03886250000000002,1.0291342189647286,0.14146851529042004
sim,2504,3,touchdown,right,pitch,amplitude,"[0.000,0.005)",1,########################,0.06649200000000002,nan,0.11881268794900093
sim,2504,3,touchdown,right,pitch,amplitude,"[0.005,0.010)",0,,nan,nan,nan
sim,2504,3,touchdown,right,pitch,amplitude,"[0.010,0.020)",1,########################,0.01123300000000002,1.0291342189647286,0.16412434263183917
sim,2504,3,touchdown,right,pitch,amplitude,"[0.020,0.040)",1,########################,0.029063000000000005,1.212625693662121,0.17476154687816767
sim,2504,3,touchdown,right,pitch,amplitude,"[0.040,0.080)",1,########################,0.010208999999999996,0.17489549784143066,0.11484901445484849
sim,2504,3,touchdown,right,pitch,amplitude,"[0.080,1.000)",0,,nan,nan,nan
sim,2504,3,touchdown,right,roll,frequency,"[0.00,1.00)",0,,nan,nan,nan
sim,2504,3,touchdown,right,roll,frequency,"[1.00,2.50)",0,,nan,nan,nan
sim,2504,3,touchdown,right,roll,frequency,"[2.50,5.00)",0,,nan,nan,nan
sim,2504,3,touchdown,right,roll,frequency,"[5.00,8.00)",0,,nan,nan,nan
sim,2504,3,touchdown,right,roll,frequency,"[8.00,12.00)",0,,nan,nan,nan
sim,2504,3,touchdown,right,roll,frequency,"[12.00,20.00)",2,############,0.02741179,0.2001963094675215,0.10984312341897247
sim,2504,3,touchdown,right,roll,frequency,"[20.00,1000.00)",4,########################,0.0004461299999999999,0.01597409196085564,0.09460723432815414
sim,2504,3,touchdown,right,roll,amplitude,"[0.000,0.005)",0,,nan,nan,nan
sim,2504,3,touchdown,right,roll,amplitude,"[0.005,0.010)",0,,nan,nan,nan
sim,2504,3,touchdown,right,roll,amplitude,"[0.010,0.020)",1,########,1.319999999999967e-05,0.0012783884557648218,0.10046439285380335
sim,2504,3,touchdown,right,roll,amplitude,"[0.020,0.040)",3,########################,0.0015251733333333326,0.04556261382465237,0.08526166668877934
sim,2504,3,touchdown,right,roll,amplitude,"[0.040,0.080)",1,########,0.0005664999999999993,0.010412645896516852,0.13025766833740218
sim,2504,3,touchdown,right,roll,amplitude,"[0.080,1.000)",1,########,0.05145288,0.3159101109522268,0.11160812289301796
sim,2504,4,swing,left,pitch,frequency,"[0.00,1.00)",0,,nan,nan,nan
sim,2504,4,swing,left,pitch,frequency,"[1.00,2.50)",0,,nan,nan,nan
sim,2504,4,swing,left,pitch,frequency,"[2.50,5.00)",1,############,0.11310199999999998,1.005234950627927,0.01950713140227067
sim,2504,4,swing,left,pitch,frequency,"[5.00,8.00)",0,,nan,nan,nan
sim,2504,4,swing,left,pitch,frequency,"[8.00,12.00)",2,########################,0.03194950000000002,0.4234804816914549,0.07115557438478344
sim,2504,4,swing,left,pitch,frequency,"[12.00,20.00)",1,############,0.01716599999999996,1.4519157574219672,0.011573191370577083
sim,2504,4,swing,left,pitch,frequency,"[20.00,1000.00)",1,############,0.013184000000000029,0.5826409757822185,0.06338687706720796
sim,2504,4,swing,left,pitch,amplitude,"[0.000,0.005)",0,,nan,nan,nan
sim,2504,4,swing,left,pitch,amplitude,"[0.005,0.010)",1,############,0.010341000000000045,nan,0.012110866621895122
sim,2504,4,swing,left,pitch,amplitude,"[0.010,0.020)",1,############,0.01716599999999996,1.4519157574219672,0.011573191370577083
sim,2504,4,swing,left,pitch,amplitude,"[0.020,0.040)",1,############,0.013184000000000029,0.5826409757822185,0.06338687706720796
sim,2504,4,swing,left,pitch,amplitude,"[0.040,0.080)",0,,nan,nan,nan
sim,2504,4,swing,left,pitch,amplitude,"[0.080,1.000)",2,########################,0.08332999999999999,0.714357716159691,0.07485370677497122
sim,2504,4,swing,left,roll,frequency,"[0.00,1.00)",0,,nan,nan,nan
sim,2504,4,swing,left,roll,frequency,"[1.00,2.50)",0,,nan,nan,nan
sim,2504,4,swing,left,roll,frequency,"[2.50,5.00)",0,,nan,nan,nan
sim,2504,4,swing,left,roll,frequency,"[5.00,8.00)",1,############,0.0157458666,nan,0.008694042423102255
sim,2504,4,swing,left,roll,frequency,"[8.00,12.00)",0,,nan,nan,nan
sim,2504,4,swing,left,roll,frequency,"[12.00,20.00)",0,,nan,nan,nan
sim,2504,4,swing,left,roll,frequency,"[20.00,1000.00)",2,########################,0.0029463500000000004,nan,0.018500140966230906
sim,2504,4,swing,left,roll,amplitude,"[0.000,0.005)",2,########################,0.0029463500000000004,nan,0.018500140966230906
sim,2504,4,swing,left,roll,amplitude,"[0.005,0.010)",1,############,0.0157458666,nan,0.008694042423102255
sim,2504,4,swing,left,roll,amplitude,"[0.010,0.020)",0,,nan,nan,nan
sim,2504,4,swing,left,roll,amplitude,"[0.020,0.040)",0,,nan,nan,nan
sim,2504,4,swing,left,roll,amplitude,"[0.040,0.080)",0,,nan,nan,nan
sim,2504,4,swing,left,roll,amplitude,"[0.080,1.000)",0,,nan,nan,nan
sim,2504,4,swing,right,pitch,frequency,"[0.00,1.00)",0,,nan,nan,nan
sim,2504,4,swing,right,pitch,frequency,"[1.00,2.50)",0,,nan,nan,nan
sim,2504,4,swing,right,pitch,frequency,"[2.50,5.00)",1,########################,0.07745399999999997,0.12844158406975445,0.38767976060487175
sim,2504,4,swing,right,pitch,frequency,"[5.00,8.00)",0,,nan,nan,nan
sim,2504,4,swing,right,pitch,frequency,"[8.00,12.00)",0,,nan,nan,nan
sim,2504,4,swing,right,pitch,frequency,"[12.00,20.00)",1,########################,0.008642000000000039,0.011388675107798434,0.37818919089167263
sim,2504,4,swing,right,pitch,frequency,"[20.00,1000.00)",1,########################,0.010265000000000024,nan,0.009857401702950604
sim,2504,4,swing,right,pitch,amplitude,"[0.000,0.005)",0,,nan,nan,nan
sim,2504,4,swing,right,pitch,amplitude,"[0.005,0.010)",1,############,0.010265000000000024,nan,0.009857401702950604
sim,2504,4,swing,right,pitch,amplitude,"[0.010,0.020)",0,,nan,nan,nan
sim,2504,4,swing,right,pitch,amplitude,"[0.020,0.040)",0,,nan,nan,nan
sim,2504,4,swing,right,pitch,amplitude,"[0.040,0.080)",0,,nan,nan,nan
sim,2504,4,swing,right,pitch,amplitude,"[0.080,1.000)",2,########################,0.043048,0.06991512958877644,0.3829344757482722
sim,2504,4,swing,right,roll,frequency,"[0.00,1.00)",0,,nan,nan,nan
sim,2504,4,swing,right,roll,frequency,"[1.00,2.50)",0,,nan,nan,nan
sim,2504,4,swing,right,roll,frequency,"[2.50,5.00)",0,,nan,nan,nan
sim,2504,4,swing,right,roll,frequency,"[5.00,8.00)",0,,nan,nan,nan
sim,2504,4,swing,right,roll,frequency,"[8.00,12.00)",1,########,0.014069100000000001,0.12263646031275607,0.26994528647054283
sim,2504,4,swing,right,roll,frequency,"[12.00,20.00)",0,,nan,nan,nan
sim,2504,4,swing,right,roll,frequency,"[20.00,1000.00)",3,########################,0.0033063999999999997,0.22436078976932802,0.28561510219772424
sim,2504,4,swing,right,roll,amplitude,"[0.000,0.005)",0,,nan,nan,nan
sim,2504,4,swing,right,roll,amplitude,"[0.005,0.010)",0,,nan,nan,nan
sim,2504,4,swing,right,roll,amplitude,"[0.010,0.020)",1,############,0.006636699999999999,0.5390869953699935,0.31770567648023434
sim,2504,4,swing,right,roll,amplitude,"[0.020,0.040)",2,########################,0.0016412500000000003,0.06699768696899532,0.2695698150564692
sim,2504,4,swing,right,roll,amplitude,"[0.040,0.080)",0,,nan,nan,nan
sim,2504,4,swing,right,roll,amplitude,"[0.080,1.000)",1,############,0.014069100000000001,0.12263646031275607,0.26994528647054283
sim,2504,4,touchdown,left,pitch,frequency,"[0.00,1.00)",0,,nan,nan,nan
sim,2504,4,touchdown,left,pitch,frequency,"[1.00,2.50)",0,,nan,nan,nan
sim,2504,4,touchdown,left,pitch,frequency,"[2.50,5.00)",1,########################,0.091694,0.2502148932628574,0.30946637087663315
sim,2504,4,touchdown,left,pitch,frequency,"[5.00,8.00)",0,,nan,nan,nan
sim,2504,4,touchdown,left,pitch,frequency,"[8.00,12.00)",0,,nan,nan,nan
sim,2504,4,touchdown,left,pitch,frequency,"[12.00,20.00)",0,,nan,nan,nan
sim,2504,4,touchdown,left,pitch,frequency,"[20.00,1000.00)",1,########################,0.013184000000000029,0.5921135363334242,0.05687568025673774
sim,2504,4,touchdown,left,pitch,amplitude,"[0.000,0.005)",0,,nan,nan,nan
sim,2504,4,touchdown,left,pitch,amplitude,"[0.005,0.010)",0,,nan,nan,nan
sim,2504,4,touchdown,left,pitch,amplitude,"[0.010,0.020)",0,,nan,nan,nan
sim,2504,4,touchdown,left,pitch,amplitude,"[0.020,0.040)",1,########################,0.013184000000000029,0.5921135363334242,0.05687568025673774
sim,2504,4,touchdown,left,pitch,amplitude,"[0.040,0.080)",0,,nan,nan,nan
sim,2504,4,touchdown,left,pitch,amplitude,"[0.080,1.000)",1,########################,0.091694,0.2502148932628574,0.30946637087663315
sim,2504,4,touchdown,left,roll,frequency,"[0.00,1.00)",0,,nan,nan,nan
sim,2504,4,touchdown,left,roll,frequency,"[1.00,2.50)",0,,nan,nan,nan
sim,2504,4,touchdown,left,roll,frequency,"[2.50,5.00)",0,,nan,nan,nan
sim,2504,4,touchdown,left,roll,frequency,"[5.00,8.00)",0,,nan,nan,nan
sim,2504,4,touchdown,left,roll,frequency,"[8.00,12.00)",1,############,0.021087599999999998,0.3144633829910972,0.44506288951550993
sim,2504,4,touchdown,left,roll,frequency,"[12.00,20.00)",0,,nan,nan,nan
sim,2504,4,touchdown,left,roll,frequency,"[20.00,1000.00)",2,########################,0.012619849999999998,nan,0.4281854156175463
sim,2504,4,touchdown,left,roll,amplitude,"[0.000,0.005)",2,########################,0.012619849999999998,nan,0.4281854156175463
sim,2504,4,touchdown,left,roll,amplitude,"[0.005,0.010)",0,,nan,nan,nan
sim,2504,4,touchdown,left,roll,amplitude,"[0.010,0.020)",0,,nan,nan,nan
sim,2504,4,touchdown,left,roll,amplitude,"[0.020,0.040)",0,,nan,nan,nan
sim,2504,4,touchdown,left,roll,amplitude,"[0.040,0.080)",1,############,0.021087599999999998,0.3144633829910972,0.44506288951550993
sim,2504,4,touchdown,left,roll,amplitude,"[0.080,1.000)",0,,nan,nan,nan
sim,2504,4,touchdown,right,pitch,frequency,"[0.00,1.00)",0,,nan,nan,nan
sim,2504,4,touchdown,right,pitch,frequency,"[1.00,2.50)",0,,nan,nan,nan
sim,2504,4,touchdown,right,pitch,frequency,"[2.50,5.00)",1,########################,0.037287000000000015,0.58505013101533,0.010864445661811818
sim,2504,4,touchdown,right,pitch,frequency,"[5.00,8.00)",0,,nan,nan,nan
sim,2504,4,touchdown,right,pitch,frequency,"[8.00,12.00)",0,,nan,nan,nan
sim,2504,4,touchdown,right,pitch,frequency,"[12.00,20.00)",0,,nan,nan,nan
sim,2504,4,touchdown,right,pitch,frequency,"[20.00,1000.00)",0,,nan,nan,nan
sim,2504,4,touchdown,right,pitch,amplitude,"[0.000,0.005)",0,,nan,nan,nan
sim,2504,4,touchdown,right,pitch,amplitude,"[0.005,0.010)",0,,nan,nan,nan
sim,2504,4,touchdown,right,pitch,amplitude,"[0.010,0.020)",0,,nan,nan,nan
sim,2504,4,touchdown,right,pitch,amplitude,"[0.020,0.040)",0,,nan,nan,nan
sim,2504,4,touchdown,right,pitch,amplitude,"[0.040,0.080)",1,########################,0.037287000000000015,0.58505013101533,0.010864445661811818
sim,2504,4,touchdown,right,pitch,amplitude,"[0.080,1.000)",0,,nan,nan,nan
sim,2504,4,touchdown,right,roll,frequency,"[0.00,1.00)",0,,nan,nan,nan
sim,2504,4,touchdown,right,roll,frequency,"[1.00,2.50)",0,,nan,nan,nan
sim,2504,4,touchdown,right,roll,frequency,"[2.50,5.00)",0,,nan,nan,nan
sim,2504,4,touchdown,right,roll,frequency,"[5.00,8.00)",0,,nan,nan,nan
sim,2504,4,touchdown,right,roll,frequency,"[8.00,12.00)",1,########################,0.007480303000000001,nan,0.006078715594419233
sim,2504,4,touchdown,right,roll,frequency,"[12.00,20.00)",1,########################,0.00893296,nan,0.007227698843813707
sim,2504,4,touchdown,right,roll,frequency,"[20.00,1000.00)",0,,nan,nan,nan
sim,2504,4,touchdown,right,roll,amplitude,"[0.000,0.005)",1,########################,0.007480303000000001,nan,0.006078715594419233
sim,2504,4,touchdown,right,roll,amplitude,"[0.005,0.010)",1,########################,0.00893296,nan,0.007227698843813707
sim,2504,4,touchdown,right,roll,amplitude,"[0.010,0.020)",0,,nan,nan,nan
sim,2504,4,touchdown,right,roll,amplitude,"[0.020,0.040)",0,,nan,nan,nan
sim,2504,4,touchdown,right,roll,amplitude,"[0.040,0.080)",0,,nan,nan,nan
sim,2504,4,touchdown,right,roll,amplitude,"[0.080,1.000)",0,,nan,nan,nan
sim,2504,5,swing,left,pitch,frequency,"[0.00,1.00)",0,,nan,nan,nan
sim,2504,5,swing,left,pitch,frequency,"[1.00,2.50)",0,,nan,nan,nan
sim,2504,5,swing,left,pitch,frequency,"[2.50,5.00)",1,########################,0.12754899999999997,0.28466488955228136,0.4628312160501771
sim,2504,5,swing,left,pitch,frequency,"[5.00,8.00)",0,,nan,nan,nan
sim,2504,5,swing,left,pitch,frequency,"[8.00,12.00)",0,,nan,nan,nan
sim,2504,5,swing,left,pitch,frequency,"[12.00,20.00)",0,,nan,nan,nan
sim,2504,5,swing,left,pitch,frequency,"[20.00,1000.00)",0,,nan,nan,nan
sim,2504,5,swing,left,pitch,amplitude,"[0.000,0.005)",0,,nan,nan,nan
sim,2504,5,swing,left,pitch,amplitude,"[0.005,0.010)",0,,nan,nan,nan
sim,2504,5,swing,left,pitch,amplitude,"[0.010,0.020)",0,,nan,nan,nan
sim,2504,5,swing,left,pitch,amplitude,"[0.020,0.040)",0,,nan,nan,nan
sim,2504,5,swing,left,pitch,amplitude,"[0.040,0.080)",0,,nan,nan,nan
sim,2504,5,swing,left,pitch,amplitude,"[0.080,1.000)",1,########################,0.12754899999999997,0.28466488955228136,0.4628312160501771
sim,2504,5,swing,left,roll,frequency,"[0.00,1.00)",0,,nan,nan,nan
sim,2504,5,swing,left,roll,frequency,"[1.00,2.50)",0,,nan,nan,nan
sim,2504,5,swing,left,roll,frequency,"[2.50,5.00)",1,########,0.0582784,0.14001651029298565,0.2360431743515943
sim,2504,5,swing,left,roll,frequency,"[5.00,8.00)",0,,nan,nan,nan
sim,2504,5,swing,left,roll,frequency,"[8.00,12.00)",0,,nan,nan,nan
sim,2504,5,swing,left,roll,frequency,"[12.00,20.00)",3,########################,0.02069138,1.1815790648863487,0.28472372306182264
sim,2504,5,swing,left,roll,frequency,"[20.00,1000.00)",2,################,0.01246177,nan,0.18834691081039398
sim,2504,5,swing,left,roll,amplitude,"[0.000,0.005)",2,########################,0.01780752,nan,0.22924777942953492
sim,2504,5,swing,left,roll,amplitude,"[0.005,0.010)",2,########################,0.01246177,nan,0.18834691081039398
sim,2504,5,swing,left,roll,amplitude,"[0.010,0.020)",0,,nan,nan,nan
sim,2504,5,swing,left,roll,amplitude,"[0.020,0.040)",1,############,0.0264591,1.1815790648863487,0.3956756103263979
sim,2504,5,swing,left,roll,amplitude,"[0.040,0.080)",0,,nan,nan,nan
sim,2504,5,swing,left,roll,amplitude,"[0.080,1.000)",1,############,0.0582784,0.14001651029298565,0.2360431743515943
sim,2504,5,swing,right,pitch,frequency,"[0.00,1.00)",0,,nan,nan,nan
sim,2504,5,swing,right,pitch,frequency,"[1.00,2.50)",1,######,0.09957000000000002,0.1620486780753363,0.2237487297069436
sim,2504,5,swing,right,pitch,frequency,"[2.50,5.00)",0,,nan,nan,nan
sim,2504,5,swing,right,pitch,frequency,"[5.00,8.00)",0,,nan,nan,nan
sim,2504,5,swing,right,pitch,frequency,"[8.00,12.00)",0,,nan,nan,nan
sim,2504,5,swing,right,pitch,frequency,"[12.00,20.00)",0,,nan,nan,nan
sim,2504,5,swing,right,pitch,frequency,"[20.00,1000.00)",4,########################,0.008566750000000005,0.2781395535101323,0.49515730071063885
sim,2504,5,swing,right,pitch,amplitude,"[0.000,0.005)",0,,nan,nan,nan
sim,2504,5,swing,right,pitch,amplitude,"[0.005,0.010)",0,,nan,nan,nan
sim,2504,5,swing,right,pitch,amplitude,"[0.010,0.020)",1,############,0.009273000000000003,0.4833463643471462,0.501608979102913
sim,2504,5,swing,right,pitch,amplitude,"[0.020,0.040)",2,########################,0.008913499999999991,0.27654674646188326,0.4849105950808716
sim,2504,5,swing,right,pitch,amplitude,"[0.040,0.080)",0,,nan,nan,nan
sim,2504,5,swing,right,pitch,amplitude,"[0.080,1.000)",2,########################,0.05336850000000003,0.11908351742247651,0.36647388164242145
sim,2504,5,swing,right,roll,frequency,"[0.00,1.00)",0,,nan,nan,nan
sim,2504,5,swing,right,roll,frequency,"[1.00,2.50)",0,,nan,nan,nan
sim,2504,5,swing,right,roll,frequency,"[2.50,5.00)",0,,nan,nan,nan
sim,2504,5,swing,right,roll,frequency,"[5.00,8.00)",0,,nan,nan,nan
sim,2504,5,swing,right,roll,frequency,"[8.00,12.00)",1,#####,0.0035664800000000003,0.018852688657452682,0.08357887259669057
sim,2504,5,swing,right,roll,frequency,"[12.00,20.00)",5,########################,0.0041587386,0.12493540948447748,0.12198741663793267
sim,2504,5,swing,right,roll,frequency,"[20.00,1000.00)",4,###################,0.003292455,0.07656662888694382,0.20457206650209392
sim,2504,5,swing,right,roll,amplitude,"[0.000,0.005)",4,########################,0.0030542482499999997,nan,0.0054207645235826146
sim,2504,5,swing,right,roll,amplitude,"[0.005,0.010)",0,,nan,nan,nan
sim,2504,5,swing,right,roll,amplitude,"[0.010,0.020)",0,,nan,nan,nan
sim,2504,5,swing,right,roll,amplitude,"[0.020,0.040)",2,############,0.00561067,0.18144385418932749,0.2843416190438146
sim,2504,5,swing,right,roll,amplitude,"[0.040,0.080)",2,############,0.0019419499999999987,0.028968041098298793,0.2659635621249362
sim,2504,5,swing,right,roll,amplitude,"[0.080,1.000)",2,############,0.00510388,0.03879980185599327,0.19475540068144873
sim,2504,5,touchdown,left,pitch,frequency,"[0.00,1.00)",0,,nan,nan,nan
sim,2504,5,touchdown,left,pitch,frequency,"[1.00,2.50)",0,,nan,nan,nan
sim,2504,5,touchdown,left,pitch,frequency,"[2.50,5.00)",0,,nan,nan,nan
sim,2504,5,touchdown,left,pitch,frequency,"[5.00,8.00)",0,,nan,nan,nan
sim,2504,5,touchdown,left,pitch,frequency,"[8.00,12.00)",0,,nan,nan,nan
sim,2504,5,touchdown,left,pitch,frequency,"[12.00,20.00)",2,########################,0.007898500000000003,0.40131390570489633,0.010838124242588554
sim,2504,5,touchdown,left,pitch,frequency,"[20.00,1000.00)",2,########################,0.0035794999999999855,nan,0.011487305731651869
sim,2504,5,touchdown,left,pitch,amplitude,"[0.000,0.005)",2,########################,0.0035794999999999855,nan,0.011487305731651869
sim,2504,5,touchdown,left,pitch,amplitude,"[0.005,0.010)",0,,nan,nan,nan
sim,2504,5,touchdown,left,pitch,amplitude,"[0.010,0.020)",1,############,0.0045459999999999945,0.31451501314515046,0.0056054823164469955
sim,2504,5,touchdown,left,pitch,amplitude,"[0.020,0.040)",1,############,0.011251000000000011,0.48811279826464227,0.016070766168730113
sim,2504,5,touchdown,left,pitch,amplitude,"[0.040,0.080)",0,,nan,nan,nan
sim,2504,5,touchdown,left,pitch,amplitude,"[0.080,1.000)",0,,nan,nan,nan
sim,2504,5,touchdown,left,roll,frequency,"[0.00,1.00)",0,,nan,nan,nan
sim,2504,5,touchdown,left,roll,frequency,"[1.00,2.50)",0,,nan,nan,nan
sim,2504,5,touchdown,left,roll,frequency,"[2.50,5.00)",0,,nan,nan,nan
sim,2504,5,touchdown,left,roll,frequency,"[5.00,8.00)",1,############,0.01054208,0.9413075700483956,0.0030297073923668764
sim,2504,5,touchdown,left,roll,frequency,"[8.00,12.00)",0,,nan,nan,nan
sim,2504,5,touchdown,left,roll,frequency,"[12.00,20.00)",0,,nan,nan,nan
sim,2504,5,touchdown,left,roll,frequency,"[20.00,1000.00)",2,########################,0.001132755,nan,0.0036351001364550257
sim,2504,5,touchdown,left,roll,amplitude,"[0.000,0.005)",2,########################,0.001132755,nan,0.0036351001364550257
sim,2504,5,touchdown,left,roll,amplitude,"[0.005,0.010)",0,,nan,nan,nan
sim,2504,5,touchdown,left,roll,amplitude,"[0.010,0.020)",1,############,0.01054208,0.9413075700483956,0.0030297073923668764
sim,2504,5,touchdown,left,roll,amplitude,"[0.020,0.040)",0,,nan,nan,nan
sim,2504,5,touchdown,left,roll,amplitude,"[0.040,0.080)",0,,nan,nan,nan
sim,2504,5,touchdown,left,roll,amplitude,"[0.080,1.000)",0,,nan,nan,nan
sim,2504,5,touchdown,right,pitch,frequency,"[0.00,1.00)",0,,nan,nan,nan
sim,2504,5,touchdown,right,pitch,frequency,"[1.00,2.50)",0,,nan,nan,nan
sim,2504,5,touchdown,right,pitch,frequency,"[2.50,5.00)",1,########################,0.062273999999999996,0.7712714572341534,0.6455375051814644
sim,2504,5,touchdown,right,pitch,frequency,"[5.00,8.00)",0,,nan,nan,nan
sim,2504,5,touchdown,right,pitch,frequency,"[8.00,12.00)",0,,nan,nan,nan
sim,2504,5,touchdown,right,pitch,frequency,"[12.00,20.00)",0,,nan,nan,nan
sim,2504,5,touchdown,right,pitch,frequency,"[20.00,1000.00)",1,########################,0.00772299999999998,nan,0.5442626846324607
sim,2504,5,touchdown,right,pitch,amplitude,"[0.000,0.005)",0,,nan,nan,nan
sim,2504,5,touchdown,right,pitch,amplitude,"[0.005,0.010)",1,########################,0.00772299999999998,nan,0.5442626846324607
sim,2504,5,touchdown,right,pitch,amplitude,"[0.010,0.020)",0,,nan,nan,nan
sim,2504,5,touchdown,right,pitch,amplitude,"[0.020,0.040)",0,,nan,nan,nan
sim,2504,5,touchdown,right,pitch,amplitude,"[0.040,0.080)",0,,nan,nan,nan
sim,2504,5,touchdown,right,pitch,amplitude,"[0.080,1.000)",1,########################,0.062273999999999996,0.7712714572341534,0.6455375051814644
sim,2504,5,touchdown,right,roll,frequency,"[0.00,1.00)",0,,nan,nan,nan
sim,2504,5,touchdown,right,roll,frequency,"[1.00,2.50)",0,,nan,nan,nan
sim,2504,5,touchdown,right,roll,frequency,"[2.50,5.00)",0,,nan,nan,nan
sim,2504,5,touchdown,right,roll,frequency,"[5.00,8.00)",0,,nan,nan,nan
sim,2504,5,touchdown,right,roll,frequency,"[8.00,12.00)",0,,nan,nan,nan
sim,2504,5,touchdown,right,roll,frequency,"[12.00,20.00)",2,########################,0.008648409999999999,0.21675728844647846,0.349425090923406
sim,2504,5,touchdown,right,roll,frequency,"[20.00,1000.00)",2,########################,0.00518187,nan,0.363074511740462
sim,2504,5,touchdown,right,roll,amplitude,"[0.000,0.005)",1,############,0.003829599999999999,nan,0.39215193199942716
sim,2504,5,touchdown,right,roll,amplitude,"[0.005,0.010)",1,############,0.00653414,nan,0.3339970914814968
sim,2504,5,touchdown,right,roll,amplitude,"[0.010,0.020)",0,,nan,nan,nan
sim,2504,5,touchdown,right,roll,amplitude,"[0.020,0.040)",2,########################,0.008648409999999999,0.21675728844647846,0.349425090923406
sim,2504,5,touchdown,right,roll,amplitude,"[0.040,0.080)",0,,nan,nan,nan
sim,2504,5,touchdown,right,roll,amplitude,"[0.080,1.000)",0,,nan,nan,nan
sim,2504,6,swing,left,pitch,frequency,"[0.00,1.00)",0,,nan,nan,nan
sim,2504,6,swing,left,pitch,frequency,"[1.00,2.50)",0,,nan,nan,nan
sim,2504,6,swing,left,pitch,frequency,"[2.50,5.00)",1,############,0.12588400000000002,0.5839831880534977,0.03129943292213934
sim,2504,6,swing,left,pitch,frequency,"[5.00,8.00)",0,,nan,nan,nan
sim,2504,6,swing,left,pitch,frequency,"[8.00,12.00)",0,,nan,nan,nan
sim,2504,6,swing,left,pitch,frequency,"[12.00,20.00)",2,########################,0.028163000000000007,0.15548720878117006,0.10200553856173457
sim,2504,6,swing,left,pitch,frequency,"[20.00,1000.00)",2,########################,0.0015790000000000248,nan,0.008820692989907382
sim,2504,6,swing,left,pitch,amplitude,"[0.000,0.005)",2,################,0.0015790000000000248,nan,0.008820692989907382
sim,2504,6,swing,left,pitch,amplitude,"[0.005,0.010)",0,,nan,nan,nan
sim,2504,6,swing,left,pitch,amplitude,"[0.010,0.020)",0,,nan,nan,nan
sim,2504,6,swing,left,pitch,amplitude,"[0.020,0.040)",0,,nan,nan,nan
sim,2504,6,swing,left,pitch,amplitude,"[0.040,0.080)",0,,nan,nan,nan
sim,2504,6,swing,left,pitch,amplitude,"[0.080,1.000)",3,########################,0.06073666666666668,0.29831920187194594,0.0784368366818695
sim,2504,6,swing,left,roll,frequency,"[0.00,1.00)",0,,nan,nan,nan
sim,2504,6,swing,left,roll,frequency,"[1.00,2.50)",0,,nan,nan,nan
sim,2504,6,swing,left,roll,frequency,"[2.50,5.00)",1,############,0.0167529,1.233321750704528,0.004593504230006174
sim,2504,6,swing,left,roll,frequency,"[5.00,8.00)",1,############,0.043132500000000004,0.37271613344762755,0.0649386125230315
sim,2504,6,swing,left,roll,frequency,"[8.00,12.00)",0,,nan,nan,nan
sim,2504,6,swing,left,roll,frequency,"[12.00,20.00)",2,########################,0.0038299999999999983,0.04093154199642028,0.29761893412967144
sim,2504,6,swing,left,roll,frequency,"[20.00,1000.00)",1,############,0.000711299999999998,nan,0.0006909152287606141
sim,2504,6,swing,left,roll,amplitude,"[0.000,0.005)",1,########,0.000711299999999998,nan,0.0006909152287606141
sim,2504,6,swing,left,roll,amplitude,"[0.005,0.010)",0,,nan,nan,nan
sim,2504,6,swing,left,roll,amplitude,"[0.010,0.020)",1,########,0.0167529,1.233321750704528,0.004593504230006174
sim,2504,6,swing,left,roll,amplitude,"[0.020,0.040)",0,,nan,nan,nan
sim,2504,6,swing,left,roll,amplitude,"[0.040,0.080)",0,,nan,nan,nan
sim,2504,6,swing,left,roll,amplitude,"[0.080,1.000)",3,########################,0.016930833333333336,0.1515264058134894,0.22005882692745815
sim,2504,6,swing,right,pitch,frequency,"[0.00,1.00)",0,,nan,nan,nan
sim,2504,6,swing,right,pitch,frequency,"[1.00,2.50)",0,,nan,nan,nan
sim,2504,6,swing,right,pitch,frequency,"[2.50,5.00)",1,########################,0.05125000000000002,1.481385131229046,0.7267181458387656
sim,2504,6,swing,right,pitch,frequency,"[5.00,8.00)",0,,nan,nan,nan
sim,2504,6,swing,right,pitch,frequency,"[8.00,12.00)",0,,nan,nan,nan
sim,2504,6,swing,right,pitch,frequency,"[12.00,20.00)",0,,nan,nan,nan
sim,2504,6,swing,right,pitch,frequency,"[20.00,1000.00)",0,,nan,nan,nan
sim,2504,6,swing,right,pitch,amplitude,"[0.000,0.005)",0,,nan,nan,nan
sim,2504,6,swing,right,pitch,amplitude,"[0.005,0.010)",0,,nan,nan,nan
sim,2504,6,swing,right,pitch,amplitude,"[0.010,0.020)",0,,nan,nan,nan
sim,2504,6,swing,right,pitch,amplitude,"[0.020,0.040)",1,########################,0.05125000000000002,1.481385131229046,0.7267181458387656
sim,2504,6,swing,right,pitch,amplitude,"[0.040,0.080)",0,,nan,nan,nan
sim,2504,6,swing,right,pitch,amplitude,"[0.080,1.000)",0,,nan,nan,nan
sim,2504,6,swing,right,roll,frequency,"[0.00,1.00)",0,,nan,nan,nan
sim,2504,6,swing,right,roll,frequency,"[1.00,2.50)",0,,nan,nan,nan
sim,2504,6,swing,right,roll,frequency,"[2.50,5.00)",1,######,0.03058735,0.07878232006602937,0.26953135982337945
sim,2504,6,swing,right,roll,frequency,"[5.00,8.00)",0,,nan,nan,nan
sim,2504,6,swing,right,roll,frequency,"[8.00,12.00)",0,,nan,nan,nan
sim,2504,6,swing,right,roll,frequency,"[12.00,20.00)",1,######,0.004661499999999999,0.11701433340864031,0.3815702820473641
sim,2504,6,swing,right,roll,frequency,"[20.00,1000.00)",4,########################,0.00773465,0.7401301492538231,0.2875052438783744
sim,2504,6,swing,right,roll,amplitude,"[0.000,0.005)",1,############,0.006886199999999999,nan,0.38967987796544823
sim,2504,6,swing,right,roll,amplitude,"[0.005,0.010)",1,############,0.007034150000000001,nan,0.33738383160332014
sim,2504,6,swing,right,roll,amplitude,"[0.010,0.020)",2,########################,0.008509125,0.7401301492538231,0.21147863297236458
sim,2504,6,swing,right,roll,amplitude,"[0.020,0.040)",1,############,0.004661499999999999,0.11701433340864031,0.3815702820473641
sim,2504,6,swing,right,roll,amplitude,"[0.040,0.080)",0,,nan,nan,nan
sim,2504,6,swing,right,roll,amplitude,"[0.080,1.000)",1,############,0.03058735,0.07878232006602937,0.26953135982337945
sim,2504,6,touchdown,left,pitch,frequency,"[0.00,1.00)",0,,nan,nan,nan
sim,2504,6,touchdown,left,pitch,frequency,"[1.00,2.50)",0,,nan,nan,nan
sim,2504,6,touchdown,left,pitch,frequency,"[2.50,5.00)",0,,nan,nan,nan
sim,2504,6,touchdown,left,pitch,frequency,"[5.00,8.00)",1,########################,0.06828299999999998,0.26571307828385216,0.4629323635844701
sim,2504,6,touchdown,left,pitch,frequency,"[8.00,12.00)",0,,nan,nan,nan
sim,2504,6,touchdown,left,pitch,frequency,"[12.00,20.00)",1,########################,0.01335200000000003,0.3012933817226036,0.2655278104487467
sim,2504,6,touchdown,left,pitch,frequency,"[20.00,1000.00)",1,########################,0.009811999999999987,0.18745771836904118,0.22469608442050557
sim,2504,6,touchdown,left,pitch,amplitude,"[0.000,0.005)",0,,nan,nan,nan
sim,2504,6,touchdown,left,pitch,amplitude,"[0.005,0.010)",0,,nan,nan,nan
sim,2504,6,touchdown,left,pitch,amplitude,"[0.010,0.020)",0,,nan,nan,nan
sim,2504,6,touchdown,left,pitch,amplitude,"[0.020,0.040)",0,,nan,nan,nan
sim,2504,6,touchdown,left,pitch,amplitude,"[0.040,0.080)",2,########################,0.011582000000000009,0.2443755500458224,0.2451119474346261
sim,2504,6,touchdown,left,pitch,amplitude,"[0.080,1.000)",1,############,0.06828299999999998,0.26571307828385216,0.4629323635844701
sim,2504,6,touchdown,left,roll,frequency,"[0.00,1.00)",0,,nan,nan,nan
sim,2504,6,touchdown,left,roll,frequency,"[1.00,2.50)",0,,nan,nan,nan
sim,2504,6,touchdown,left,roll,frequency,"[2.50,5.00)",0,,nan,nan,nan
sim,2504,6,touchdown,left,roll,frequency,"[5.00,8.00)",1,########################,0.04639671,0.4612916086697159,0.4254309157479294
sim,2504,6,touchdown,left,roll,frequency,"[8.00,12.00)",0,,nan,nan,nan
sim,2504,6,touchdown,left,roll,frequency,"[12.00,20.00)",0,,nan,nan,nan
sim,2504,6,touchdown,left,roll,frequency,"[20.00,1000.00)",0,,nan,nan,nan
sim,2504,6,touchdown,left,roll,amplitude,"[0.000,0.005)",0,,nan,nan,nan
sim,2504,6,touchdown,left,roll,amplitude,"[0.005,0.010)",0,,nan,nan,nan
sim,2504,6,touchdown,left,roll,amplitude,"[0.010,0.020)",0,,nan,nan,nan
sim,2504,6,touchdown,left,roll,amplitude,"[0.020,0.040)",0,,nan,nan,nan
sim,2504,6,touchdown,left,roll,amplitude,"[0.040,0.080)",0,,nan,nan,nan
sim,2504,6,touchdown,left,roll,amplitude,"[0.080,1.000)",1,########################,0.04639671,0.4612916086697159,0.4254309157479294
sim,2504,6,touchdown,right,pitch,frequency,"[0.00,1.00)",0,,nan,nan,nan
sim,2504,6,touchdown,right,pitch,frequency,"[1.00,2.50)",0,,nan,nan,nan
sim,2504,6,touchdown,right,pitch,frequency,"[2.50,5.00)",0,,nan,nan,nan
sim,2504,6,touchdown,right,pitch,frequency,"[5.00,8.00)",0,,nan,nan,nan
sim,2504,6,touchdown,right,pitch,frequency,"[8.00,12.00)",0,,nan,nan,nan
sim,2504,6,touchdown,right,pitch,frequency,"[12.00,20.00)",2,########################,0.005146000000000012,0.14335747077476466,0.006973096042605092
sim,2504,6,touchdown,right,pitch,frequency,"[20.00,1000.00)",2,########################,0.005586999999999981,0.40480325143173707,0.008444463750952131
sim,2504,6,touchdown,right,pitch,amplitude,"[0.000,0.005)",1,############,0.00021799999999999597,nan,0.004375828378718724
sim,2504,6,touchdown,right,pitch,amplitude,"[0.005,0.010)",1,############,0.0072630000000000194,nan,0.0037857437314218595
sim,2504,6,touchdown,right,pitch,amplitude,"[0.010,0.020)",0,,nan,nan,nan
sim,2504,6,touchdown,right,pitch,amplitude,"[0.020,0.040)",2,########################,0.006992499999999985,0.27408036110325085,0.011336773738486931
sim,2504,6,touchdown,right,pitch,amplitude,"[0.040,0.080)",0,,nan,nan,nan
sim,2504,6,touchdown,right,pitch,amplitude,"[0.080,1.000)",0,,nan,nan,nan
sim,2504,6,touchdown,right,roll,frequency,"[0.00,1.00)",0,,nan,nan,nan
sim,2504,6,touchdown,right,roll,frequency,"[1.00,2.50)",0,,nan,nan,nan
sim,2504,6,touchdown,right,roll,frequency,"[2.50,5.00)",0,,nan,nan,nan
sim,2504,6,touchdown,right,roll,frequency,"[5.00,8.00)",1,########################,0.031182710000000002,1.3524558950328676,0.014253372692582271
sim,2504,6,touchdown,right,roll,frequency,"[8.00,12.00)",0,,nan,nan,nan
sim,2504,6,touchdown,right,roll,frequency,"[12.00,20.00)",1,########################,0.002911510000000001,nan,0.00599880149294507
sim,2504,6,touchdown,right,roll,frequency,"[20.00,1000.00)",0,,nan,nan,nan
sim,2504,6,touchdown,right,roll,amplitude,"[0.000,0.005)",0,,nan,nan,nan
sim,2504,6,touchdown,right,roll,amplitude,"[0.005,0.010)",1,########################,0.002911510000000001,nan,0.00599880149294507
sim,2504,6,touchdown,right,roll,amplitude,"[0.010,0.020)",0,,nan,nan,nan
sim,2504,6,touchdown,right,roll,amplitude,"[0.020,0.040)",1,########################,0.031182710000000002,1.3524558950328676,0.014253372692582271
sim,2504,6,touchdown,right,roll,amplitude,"[0.040,0.080)",0,,nan,nan,nan
sim,2504,6,touchdown,right,roll,amplitude,"[0.080,1.000)",0,,nan,nan,nan
sim,3505,1,swing,left,pitch,frequency,"[0.00,1.00)",0,,nan,nan,nan
sim,3505,1,swing,left,pitch,frequency,"[1.00,2.50)",0,,nan,nan,nan
sim,3505,1,swing,left,pitch,frequency,"[2.50,5.00)",1,########################,0.168443,2.517305795498701,0.09604076572046545
sim,3505,1,swing,left,pitch,frequency,"[5.00,8.00)",1,########################,0.047528,0.3064641970532289,0.23931423076720698
sim,3505,1,swing,left,pitch,frequency,"[8.00,12.00)",0,,nan,nan,nan
sim,3505,1,swing,left,pitch,frequency,"[12.00,20.00)",0,,nan,nan,nan
sim,3505,1,swing,left,pitch,frequency,"[20.00,1000.00)",0,,nan,nan,nan
sim,3505,1,swing,left,pitch,amplitude,"[0.000,0.005)",0,,nan,nan,nan
sim,3505,1,swing,left,pitch,amplitude,"[0.005,0.010)",0,,nan,nan,nan
sim,3505,1,swing,left,pitch,amplitude,"[0.010,0.020)",0,,nan,nan,nan
sim,3505,1,swing,left,pitch,amplitude,"[0.020,0.040)",0,,nan,nan,nan
sim,3505,1,swing,left,pitch,amplitude,"[0.040,0.080)",1,########################,0.168443,2.517305795498701,0.09604076572046545
sim,3505,1,swing,left,pitch,amplitude,"[0.080,1.000)",1,########################,0.047528,0.3064641970532289,0.23931423076720698
sim,3505,1,swing,left,roll,frequency,"[0.00,1.00)",0,,nan,nan,nan
sim,3505,1,swing,left,roll,frequency,"[1.00,2.50)",0,,nan,nan,nan
sim,3505,1,swing,left,roll,frequency,"[2.50,5.00)",1,########################,0.11616349999999999,0.28295707541884474,0.12135577225692422
sim,3505,1,swing,left,roll,frequency,"[5.00,8.00)",0,,nan,nan,nan
sim,3505,1,swing,left,roll,frequency,"[8.00,12.00)",1,########################,0.03797843,nan,0.017498193602248937
sim,3505,1,swing,left,roll,frequency,"[12.00,20.00)",1,########################,0.00287897,nan,0.039861594011737916
sim,3505,1,swing,left,roll,frequency,"[20.00,1000.00)",0,,nan,nan,nan
sim,3505,1,swing,left,roll,amplitude,"[0.000,0.005)",2,########################,0.0204287,nan,0.02867989380699343
sim,3505,1,swing,left,roll,amplitude,"[0.005,0.010)",0,,nan,nan,nan
sim,3505,1,swing,left,roll,amplitude,"[0.010,0.020)",0,,nan,nan,nan
sim,3505,1,swing,left,roll,amplitude,"[0.020,0.040)",0,,nan,nan,nan
sim,3505,1,swing,left,roll,amplitude,"[0.040,0.080)",0,,nan,nan,nan
sim,3505,1,swing,left,roll,amplitude,"[0.080,1.000)",1,############,0.11616349999999999,0.28295707541884474,0.12135577225692422
sim,3505,1,swing,right,pitch,frequency,"[0.00,1.00)",0,,nan,nan,nan
sim,3505,1,swing,right,pitch,frequency,"[1.00,2.50)",0,,nan,nan,nan
sim,3505,1,swing,right,pitch,frequency,"[2.50,5.00)",1,############,0.05373999999999998,0.10239447595711394,0.23188788555543044
sim,3505,1,swing,right,pitch,frequency,"[5.00,8.00)",0,,nan,nan,nan
sim,3505,1,swing,right,pitch,frequency,"[8.00,12.00)",1,############,0.09540600000000002,0.21292417564023883,0.16598796904167984
sim,3505,1,swing,right,pitch,frequency,"[12.00,20.00)",0,,nan,nan,nan
sim,3505,1,swing,right,pitch,frequency,"[20.00,1000.00)",2,########################,0.007373000000000018,0.22952618158097618,0.026222967374625105
sim,3505,1,swing,right,pitch,amplitude,"[0.000,0.005)",0,,nan,nan,nan
sim,3505,1,swing,right,pitch,amplitude,"[0.005,0.010)",1,############,0.007005000000000039,nan,0.030825508473773276
sim,3505,1,swing,right,pitch,amplitude,"[0.010,0.020)",0,,nan,nan,nan
sim,3505,1,swing,right,pitch,amplitude,"[0.020,0.040)",1,############,0.007740999999999998,0.22952618158097618,0.021620426275476935
sim,3505,1,swing,right,pitch,amplitude,"[0.040,0.080)",0,,nan,nan,nan
sim,3505,1,swing,right,pitch,amplitude,"[0.080,1.000)",2,########################,0.074573,0.1576593257986764,0.19893792729855514
sim,3505,1,swing,right,roll,frequency,"[0.00,1.00)",0,,nan,nan,nan
sim,3505,1,swing,right,roll,frequency,"[1.00,2.50)",0,,nan,nan,nan
sim,3505,1,swing,right,roll,frequency,"[2.50,5.00)",0,,nan,nan,nan
sim,3505,1,swing,right,roll,frequency,"[5.00,8.00)",1,############,0.0515091,0.2478914898726544,0.07156356246166207
sim,3505,1,swing,right,roll,frequency,"[8.00,12.00)",1,############,0.0005409000000000004,0.04857219827586207,0.11197716113816841
sim,3505,1,swing,right,roll,frequency,"[12.00,20.00)",1,############,0.003021999999999997,nan,0.12006243782300315
sim,3505,1,swing,right,roll,frequency,"[20.00,1000.00)",2,########################,0.005158225000000001,0.14045420286672936,0.020001341127148232
sim,3505,1,swing,right,roll,amplitude,"[0.000,0.005)",1,########################,0.003021999999999997,nan,0.12006243782300315
sim,3505,1,swing,right,roll,amplitude,"[0.005,0.010)",0,,nan,nan,nan
sim,3505,1,swing,right,roll,amplitude,"[0.010,0.020)",1,########################,0.0005409000000000004,0.04857219827586207,0.11197716113816841
sim,3505,1,swing,right,roll,amplitude,"[0.020,0.040)",1,########################,0.00393745,0.1645438327352568,0.013679182222689094
sim,3505,1,swing,right,roll,amplitude,"[0.040,0.080)",1,########################,0.006379000000000001,0.11636457299820192,0.02632350003160737
sim,3505,1,swing,right,roll,amplitude,"[0.080,1.000)",1,########################,0.0515091,0.2478914898726544,0.07156356246166207
sim,3505,1,touchdown,left,pitch,frequency,"[0.00,1.00)",0,,nan,nan,nan
sim,3505,1,touchdown,left,pitch,frequency,"[1.00,2.50)",0,,nan,nan,nan
sim,3505,1,touchdown,left,pitch,frequency,"[2.50,5.00)",1,########################,0.048886999999999986,nan,0.2514639205109419
sim,3505,1,touchdown,left,pitch,frequency,"[5.00,8.00)",0,,nan,nan,nan
sim,3505,1,touchdown,left,pitch,frequency,"[8.00,12.00)",0,,nan,nan,nan
sim,3505,1,touchdown,left,pitch,frequency,"[12.00,20.00)",0,,nan,nan,nan
sim,3505,1,touchdown,left,pitch,frequency,"[20.00,1000.00)",0,,nan,nan,nan
sim,3505,1,touchdown,left,pitch,amplitude,"[0.000,0.005)",1,########################,0.048886999999999986,nan,0.2514639205109419
sim,3505,1,touchdown,left,pitch,amplitude,"[0.005,0.010)",0,,nan,nan,nan
sim,3505,1,touchdown,left,pitch,amplitude,"[0.010,0.020)",0,,nan,nan,nan
sim,3505,1,touchdown,left,pitch,amplitude,"[0.020,0.040)",0,,nan,nan,nan
sim,3505,1,touchdown,left,pitch,amplitude,"[0.040,0.080)",0,,nan,nan,nan
sim,3505,1,touchdown,left,pitch,amplitude,"[0.080,1.000)",0,,nan,nan,nan
sim,3505,1,touchdown,left,roll,frequency,"[0.00,1.00)",0,,nan,nan,nan
sim,3505,1,touchdown,left,roll,frequency,"[1.00,2.50)",0,,nan,nan,nan
sim,3505,1,touchdown,left,roll,frequency,"[2.50,5.00)",0,,nan,nan,nan
sim,3505,1,touchdown,left,roll,frequency,"[5.00,8.00)",0,,nan,nan,nan
sim,3505,1,touchdown,left,roll,frequency,"[8.00,12.00)",0,,nan,nan,nan
sim,3505,1,touchdown,left,roll,frequency,"[12.00,20.00)",2,########################,0.02016750000000002,0.41754419132243187,0.2304794575975183
sim,3505,1,touchdown,left,roll,frequency,"[20.00,1000.00)",1,############,0.0039939999999999976,nan,0.21597207715967973
sim,3505,1,touchdown,left,roll,amplitude,"[0.000,0.005)",1,########################,0.0039939999999999976,nan,0.21597207715967973
sim,3505,1,touchdown,left,roll,amplitude,"[0.005,0.010)",1,########################,0.018249000000000015,nan,0.2195457742312523
sim,3505,1,touchdown,left,roll,amplitude,"[0.010,0.020)",0,,nan,nan,nan
sim,3505,1,touchdown,left,roll,amplitude,"[0.020,0.040)",0,,nan,nan,nan
sim,3505,1,touchdown,left,roll,amplitude,"[0.040,0.080)",1,########################,0.022086000000000022,0.41754419132243187,0.24141314096378433
sim,3505,1,touchdown,left,roll,amplitude,"[0.080,1.000)",0,,nan,nan,nan
sim,3505,1,touchdown,right,pitch,frequency,"[0.00,1.00)",0,,nan,nan,nan
sim,3505,1,touchdown,right,pitch,frequency,"[1.00,2.50)",0,,nan,nan,nan
sim,3505,1,touchdown,right,pitch,frequency,"[2.50,5.00)",1,########################,0.07550699999999999,0.8100914084627927,0.006994350999849163
sim,3505,1,touchdown,right,pitch,frequency,"[5.00,8.00)",0,,nan,nan,nan
sim,3505,1,touchdown,right,pitch,frequency,"[8.00,12.00)",0,,nan,nan,nan
sim,3505,1,touchdown,right,pitch,frequency,"[12.00,20.00)",0,,nan,nan,nan
sim,3505,1,touchdown,right,pitch,frequency,"[20.00,1000.00)",0,,nan,nan,nan
sim,3505,1,touchdown,right,pitch,amplitude,"[0.000,0.005)",0,,nan,nan,nan
sim,3505,1,touchdown,right,pitch,amplitude,"[0.005,0.010)",0,,nan,nan,nan
sim,3505,1,touchdown,right,pitch,amplitude,"[0.010,0.020)",0,,nan,nan,nan
sim,3505,1,touchdown,right,pitch,amplitude,"[0.020,0.040)",0,,nan,nan,nan
sim,3505,1,touchdown,right,pitch,amplitude,"[0.040,0.080)",0,,nan,nan,nan
sim,3505,1,touchdown,right,pitch,amplitude,"[0.080,1.000)",1,########################,0.07550699999999999,0.8100914084627927,0.006994350999849163
sim,3505,1,touchdown,right,roll,frequency,"[0.00,1.00)",0,,nan,nan,nan
sim,3505,1,touchdown,right,roll,frequency,"[1.00,2.50)",0,,nan,nan,nan
sim,3505,1,touchdown,right,roll,frequency,"[2.50,5.00)",0,,nan,nan,nan
sim,3505,1,touchdown,right,roll,frequency,"[5.00,8.00)",0,,nan,nan,nan
sim,3505,1,touchdown,right,roll,frequency,"[8.00,12.00)",1,############,0.017892199999999997,0.7568836640678868,0.004301504345574929
sim,3505,1,touchdown,right,roll,frequency,"[12.00,20.00)",0,,nan,nan,nan
sim,3505,1,touchdown,right,roll,frequency,"[20.00,1000.00)",2,########################,0.0012919050000000003,nan,0.001169504836393605
sim,3505,1,touchdown,right,roll,amplitude,"[0.000,0.005)",2,########################,0.0012919050000000003,nan,0.001169504836393605
sim,3505,1,touchdown,right,roll,amplitude,"[0.005,0.010)",0,,nan,nan,nan
sim,3505,1,touchdown,right,roll,amplitude,"[0.010,0.020)",0,,nan,nan,nan
sim,3505,1,touchdown,right,roll,amplitude,"[0.020,0.040)",1,############,0.017892199999999997,0.7568836640678868,0.004301504345574929
sim,3505,1,touchdown,right,roll,amplitude,"[0.040,0.080)",0,,nan,nan,nan
sim,3505,1,touchdown,right,roll,amplitude,"[0.080,1.000)",0,,nan,nan,nan
sim,3505,2,swing,left,pitch,frequency,"[0.00,1.00)",0,,nan,nan,nan
sim,3505,2,swing,left,pitch,frequency,"[1.00,2.50)",0,,nan,nan,nan
sim,3505,2,swing,left,pitch,frequency,"[2.50,5.00)",1,########################,0.08465699999999998,0.2072060729342271,0.2000148814426358
sim,3505,2,swing,left,pitch,frequency,"[5.00,8.00)",0,,nan,nan,nan
sim,3505,2,swing,left,pitch,frequency,"[8.00,12.00)",0,,nan,nan,nan
sim,3505,2,swing,left,pitch,frequency,"[12.00,20.00)",0,,nan,nan,nan
sim,3505,2,swing,left,pitch,frequency,"[20.00,1000.00)",1,########################,0.018155000000000032,0.061751011757419955,0.20352037239480344
sim,3505,2,swing,left,pitch,amplitude,"[0.000,0.005)",0,,nan,nan,nan
sim,3505,2,swing,left,pitch,amplitude,"[0.005,0.010)",0,,nan,nan,nan
sim,3505,2,swing,left,pitch,amplitude,"[0.010,0.020)",0,,nan,nan,nan
sim,3505,2,swing,left,pitch,amplitude,"[0.020,0.040)",0,,nan,nan,nan
sim,3505,2,swing,left,pitch,amplitude,"[0.040,0.080)",0,,nan,nan,nan
sim,3505,2,swing,left,pitch,amplitude,"[0.080,1.000)",2,########################,0.05140600000000001,0.13447854234582352,0.20176762691871963
sim,3505,2,swing,left,roll,frequency,"[0.00,1.00)",0,,nan,nan,nan
sim,3505,2,swing,left,roll,frequency,"[1.00,2.50)",0,,nan,nan,nan
sim,3505,2,swing,left,roll,frequency,"[2.50,5.00)",0,,nan,nan,nan
sim,3505,2,swing,left,roll,frequency,"[5.00,8.00)",1,########,0.12382686,0.3341654172364642,0.12886133960138765
sim,3505,2,swing,left,roll,frequency,"[8.00,12.00)",1,########,0.015128000000000003,1.1053631448195211,0.24733219346120983
sim,3505,2,swing,left,roll,frequency,"[12.00,20.00)",3,########################,0.015574850000000001,0.4909076596096987,0.07884123365289956
sim,3505,2,swing,left,roll,frequency,"[20.00,1000.00)",0,,nan,nan,nan
sim,3505,2,swing,left,roll,amplitude,"[0.000,0.005)",0,,nan,nan,nan
sim,3505,2,swing,left,roll,amplitude,"[0.005,0.010)",1,############,0.018249000000000015,nan,0.2195457742312523
sim,3505,2,swing,left,roll,amplitude,"[0.010,0.020)",2,########################,0.01078795,0.7984225799330277,0.12637420157694118
sim,3505,2,swing,left,roll,amplitude,"[0.020,0.040)",0,,nan,nan,nan
sim,3505,2,swing,left,roll,amplitude,"[0.040,0.080)",1,############,0.022027649999999996,0.4903333041728632,0.011561717034773858
sim,3505,2,swing,left,roll,amplitude,"[0.080,1.000)",1,############,0.12382686,0.3341654172364642,0.12886133960138765
sim,3505,2,swing,right,pitch,frequency,"[0.00,1.00)",0,,nan,nan,nan
sim,3505,2,swing,right,pitch,frequency,"[1.00,2.50)",0,,nan,nan,nan
sim,3505,2,swing,right,pitch,frequency,"[2.50,5.00)",0,,nan,nan,nan
sim,3505,2,swing,right,pitch,frequency,"[5.00,8.00)",1,########################,0.04763500000000001,1.1355726137122157,0.03290972764548501
sim,3505,2,swing,right,pitch,frequency,"[8.00,12.00)",1,########################,0.016058000000000017,0.08587303539628989,0.10011945455518907
sim,3505,2,swing,right,pitch,frequency,"[12.00,20.00)",0,,nan,nan,nan
sim,3505,2,swing,right,pitch,frequency,"[20.00,1000.00)",0,,nan,nan,nan
sim,3505,2,swing,right,pitch,amplitude,"[0.000,0.005)",0,,nan,nan,nan
sim,3505,2,swing,right,pitch,amplitude,"[0.005,0.010)",0,,nan,nan,nan
sim,3505,2,swing,right,pitch,amplitude,"[0.010,0.020)",0,,nan,nan,nan
sim,3505,2,swing,right,pitch,amplitude,"[0.020,0.040)",0,,nan,nan,nan
sim,3505,2,swing,right,pitch,amplitude,"[0.040,0.080)",1,########################,0.04763500000000001,1.1355726137122157,0.03290972764548501
sim,3505,2,swing,right,pitch,amplitude,"[0.080,1.000)",1,########################,0.016058000000000017,0.08587303539628989,0.10011945455518907
sim,3505,2,swing,right,roll,frequency,"[0.00,1.00)",0,,nan,nan,nan
sim,3505,2,swing,right,roll,frequency,"[1.00,2.50)",0,,nan,nan,nan
sim,3505,2,swing,right,roll,frequency,"[2.50,5.00)",0,,nan,nan,nan
sim,3505,2,swing,right,roll,frequency,"[5.00,8.00)",0,,nan,nan,nan
sim,3505,2,swing,right,roll,frequency,"[8.00,12.00)",3,##################,0.06413163,0.5817445271790607,0.05513022142805877
sim,3505,2,swing,right,roll,frequency,"[12.00,20.00)",1,######,0.0017191000000000012,0.04255557214111392,0.02184095213126479
sim,3505,2,swing,right,roll,frequency,"[20.00,1000.00)",4,########################,0.002884499999999999,nan,0.019938622668256904
sim,3505,2,swing,right,roll,amplitude,"[0.000,0.005)",2,########################,0.004175750000000001,nan,0.026444769754024815
sim,3505,2,swing,right,roll,amplitude,"[0.005,0.010)",2,########################,0.0015932499999999974,nan,0.013432475582488996
sim,3505,2,swing,right,roll,amplitude,"[0.010,0.020)",1,############,0.015364389999999999,0.8512174582684667,0.01403337155750594
sim,3505,2,swing,right,roll,amplitude,"[0.020,0.040)",0,,nan,nan,nan
sim,3505,2,swing,right,roll,amplitude,"[0.040,0.080)",1,############,0.0017191000000000012,0.04255557214111392,0.02184095213126479
sim,3505,2,swing,right,roll,amplitude,"[0.080,1.000)",2,########################,0.08851525,0.44700806163435763,0.07567864636333518
sim,3505,2,touchdown,left,pitch,frequency,"[0.00,1.00)",0,,nan,nan,nan
sim,3505,2,touchdown,left,pitch,frequency,"[1.00,2.50)",0,,nan,nan,nan
sim,3505,2,touchdown,left,pitch,frequency,"[2.50,5.00)",0,,nan,nan,nan
sim,3505,2,touchdown,left,pitch,frequency,"[5.00,8.00)",1,########################,0.03029799999999999,0.3761063594721749,0.02682153900133249
sim,3505,2,touchdown,left,pitch,frequency,"[8.00,12.00)",0,,nan,nan,nan
sim,3505,2,touchdown,left,pitch,frequency,"[12.00,20.00)",1,########################,0.014460000000000028,nan,0.01321597366825463
sim,3505,2,touchdown,left,pitch,frequency,"[20.00,1000.00)",0,,nan,nan,nan
sim,3505,2,touchdown,left,pitch,amplitude,"[0.000,0.005)",1,########################,0.014460000000000028,nan,0.01321597366825463
sim,3505,2,touchdown,left,pitch,amplitude,"[0.005,0.010)",0,,nan,nan,nan
sim,3505,2,touchdown,left,pitch,amplitude,"[0.010,0.020)",0,,nan,nan,nan
sim,3505,2,touchdown,left,pitch,amplitude,"[0.020,0.040)",0,,nan,nan,nan
sim,3505,2,touchdown,left,pitch,amplitude,"[0.040,0.080)",0,,nan,nan,nan
sim,3505,2,touchdown,left,pitch,amplitude,"[0.080,1.000)",1,########################,0.03029799999999999,0.3761063594721749,0.02682153900133249
sim,3505,2,touchdown,left,roll,frequency,"[0.00,1.00)",0,,nan,nan,nan
sim,3505,2,touchdown,left,roll,frequency,"[1.00,2.50)",0,,nan,nan,nan
sim,3505,2,touchdown,left,roll,frequency,"[2.50,5.00)",0,,nan,nan,nan
sim,3505,2,touchdown,left,roll,frequency,"[5.00,8.00)",0,,nan,nan,nan
sim,3505,2,touchdown,left,roll,frequency,"[8.00,12.00)",1,########################,0.01361768,0.8468395749160945,0.0018058466986074508
sim,3505,2,touchdown,left,roll,frequency,"[12.00,20.00)",1,########################,0.0009978,nan,0.0012950663535124367
sim,3505,2,touchdown,left,roll,frequency,"[20.00,1000.00)",0,,nan,nan,nan
sim,3505,2,touchdown,left,roll,amplitude,"[0.000,0.005)",1,########################,0.0009978,nan,0.0012950663535124367
sim,3505,2,touchdown,left,roll,amplitude,"[0.005,0.010)",0,,nan,nan,nan
sim,3505,2,touchdown,left,roll,amplitude,"[0.010,0.020)",1,########################,0.01361768,0.8468395749160945,0.0018058466986074508
sim,3505,2,touchdown,left,roll,amplitude,"[0.020,0.040)",0,,nan,nan,nan
sim,3505,2,touchdown,left,roll,amplitude,"[0.040,0.080)",0,,nan,nan,nan
sim,3505,2,touchdown,left,roll,amplitude,"[0.080,1.000)",0,,nan,nan,nan
sim,3505,2,touchdown,right,pitch,frequency,"[0.00,1.00)",0,,nan,nan,nan
sim,3505,2,touchdown,right,pitch,frequency,"[1.00,2.50)",0,,nan,nan,nan
sim,3505,2,touchdown,right,pitch,frequency,"[2.50,5.00)",1,########################,0.047070999999999974,0.22327260308410363,0.08955711545102986
sim,3505,2,touchdown,right,pitch,frequency,"[5.00,8.00)",0,,nan,nan,nan
sim,3505,2,touchdown,right,pitch,frequency,"[8.00,12.00)",0,,nan,nan,nan
sim,3505,2,touchdown,right,pitch,frequency,"[12.00,20.00)",0,,nan,nan,nan
sim,3505,2,touchdown,right,pitch,frequency,"[20.00,1000.00)",0,,nan,nan,nan
sim,3505,2,touchdown,right,pitch,amplitude,"[0.000,0.005)",0,,nan,nan,nan
sim,3505,2,touchdown,right,pitch,amplitude,"[0.005,0.010)",0,,nan,nan,nan
sim,3505,2,touchdown,right,pitch,amplitude,"[0.010,0.020)",0,,nan,nan,nan
sim,3505,2,touchdown,right,pitch,amplitude,"[0.020,0.040)",0,,nan,nan,nan
sim,3505,2,touchdown,right,pitch,amplitude,"[0.040,0.080)",0,,nan,nan,nan
sim,3505,2,touchdown,right,pitch,amplitude,"[0.080,1.000)",1,########################,0.047070999999999974,0.22327260308410363,0.08955711545102986
sim,3505,2,touchdown,right,roll,frequency,"[0.00,1.00)",0,,nan,nan,nan
sim,3505,2,touchdown,right,roll,frequency,"[1.00,2.50)",0,,nan,nan,nan
sim,3505,2,touchdown,right,roll,frequency,"[2.50,5.00)",1,########################,0.001550700000000002,0.007931482466549379,0.11875573393136549
sim,3505,2,touchdown,right,roll,frequency,"[5.00,8.00)",0,,nan,nan,nan
sim,3505,2,touchdown,right,roll,frequency,"[8.00,12.00)",0,,nan,nan,nan
sim,3505,2,touchdown,right,roll,frequency,"[12.00,20.00)",0,,nan,nan,nan
sim,3505,2,touchdown,right,roll,frequency,"[20.00,1000.00)",0,,nan,nan,nan
sim,3505,2,touchdown,right,roll,amplitude,"[0.000,0.005)",0,,nan,nan,nan
sim,3505,2,touchdown,right,roll,amplitude,"[0.005,0.010)",0,,nan,nan,nan
sim,3505,2,touchdown,right,roll,amplitude,"[0.010,0.020)",0,,nan,nan,nan
sim,3505,2,touchdown,right,roll,amplitude,"[0.020,0.040)",0,,nan,nan,nan
sim,3505,2,touchdown,right,roll,amplitude,"[0.040,0.080)",0,,nan,nan,nan
sim,3505,2,touchdown,right,roll,amplitude,"[0.080,1.000)",1,########################,0.001550700000000002,0.007931482466549379,0.11875573393136549
sim,3505,3,swing,left,pitch,frequency,"[0.00,1.00)",0,,nan,nan,nan
sim,3505,3,swing,left,pitch,frequency,"[1.00,2.50)",0,,nan,nan,nan
sim,3505,3,swing,left,pitch,frequency,"[2.50,5.00)",1,########################,0.134944,1.2279357568588198,0.04271787441419185
sim,3505,3,swing,left,pitch,frequency,"[5.00,8.00)",0,,nan,nan,nan
sim,3505,3,swing,left,pitch,frequency,"[8.00,12.00)",1,########################,0.05454600000000001,0.29583308475385217,0.1560847290453703
sim,3505,3,swing,left,pitch,frequency,"[12.00,20.00)",1,########################,0.018633999999999984,nan,0.019597177062015837
sim,3505,3,swing,left,pitch,frequency,"[20.00,1000.00)",0,,nan,nan,nan
sim,3505,3,swing,left,pitch,amplitude,"[0.000,0.005)",1,############,0.018633999999999984,nan,0.019597177062015837
sim,3505,3,swing,left,pitch,amplitude,"[0.005,0.010)",0,,nan,nan,nan
sim,3505,3,swing,left,pitch,amplitude,"[0.010,0.020)",0,,nan,nan,nan
sim,3505,3,swing,left,pitch,amplitude,"[0.020,0.040)",0,,nan,nan,nan
sim,3505,3,swing,left,pitch,amplitude,"[0.040,0.080)",0,,nan,nan,nan
sim,3505,3,swing,left,pitch,amplitude,"[0.080,1.000)",2,########################,0.09474500000000001,0.761884420806336,0.09940130172978107
sim,3505,3,swing,left,roll,frequency,"[0.00,1.00)",0,,nan,nan,nan
sim,3505,3,swing,left,roll,frequency,"[1.00,2.50)",0,,nan,nan,nan
sim,3505,3,swing,left,roll,frequency,"[2.50,5.00)",1,############,0.013523870000000002,0.7430983609259697,0.004118083945583519
sim,3505,3,swing,left,roll,frequency,"[5.00,8.00)",0,,nan,nan,nan
sim,3505,3,swing,left,roll,frequency,"[8.00,12.00)",1,############,0.01737138,0.03623734010266222,0.21503359963949176
sim,3505,3,swing,left,roll,frequency,"[12.00,20.00)",1,############,0.007779499999999998,nan,0.0044709294686899265
sim,3505,3,swing,left,roll,frequency,"[20.00,1000.00)",2,########################,0.00955318,nan,0.0038919509090583745
sim,3505,3,swing,left,roll,amplitude,"[0.000,0.005)",3,########################,0.008961953333333333,nan,0.004084943762268892
sim,3505,3,swing,left,roll,amplitude,"[0.005,0.010)",0,,nan,nan,nan
sim,3505,3,swing,left,roll,amplitude,"[0.010,0.020)",1,########,0.013523870000000002,0.7430983609259697,0.004118083945583519
sim,3505,3,swing,left,roll,amplitude,"[0.020,0.040)",0,,nan,nan,nan
sim,3505,3,swing,left,roll,amplitude,"[0.040,0.080)",0,,nan,nan,nan
sim,3505,3,swing,left,roll,amplitude,"[0.080,1.000)",1,########,0.01737138,0.03623734010266222,0.21503359963949176
sim,3505,3,swing,right,pitch,frequency,"[0.00,1.00)",0,,nan,nan,nan
sim,3505,3,swing,right,pitch,frequency,"[1.00,2.50)",1,########################,0.08864,0.24678551014913766,0.3673008154545476
sim,3505,3,swing,right,pitch,frequency,"[2.50,5.00)",0,,nan,nan,nan
sim,3505,3,swing,right,pitch,frequency,"[5.00,8.00)",0,,nan,nan,nan
sim,3505,3,swing,right,pitch,frequency,"[8.00,12.00)",0,,nan,nan,nan
sim,3505,3,swing,right,pitch,frequency,"[12.00,20.00)",1,########################,0.020463999999999982,0.054968890627111085,0.14512664193874947
sim,3505,3,swing,right,pitch,frequency,"[20.00,1000.00)",0,,nan,nan,nan
sim,3505,3,swing,right,pitch,amplitude,"[0.000,0.005)",0,,nan,nan,nan
sim,3505,3,swing,right,pitch,amplitude,"[0.005,0.010)",0,,nan,nan,nan
sim,3505,3,swing,right,pitch,amplitude,"[0.010,0.020)",0,,nan,nan,nan
sim,3505,3,swing,right,pitch,amplitude,"[0.020,0.040)",0,,nan,nan,nan
sim,3505,3,swing,right,pitch,amplitude,"[0.040,0.080)",0,,nan,nan,nan
sim,3505,3,swing,right,pitch,amplitude,"[0.080,1.000)",2,########################,0.05455199999999999,0.15087720038812438,0.25621372869664855
sim,3505,3,swing,right,roll,frequency,"[0.00,1.00)",0,,nan,nan,nan
sim,3505,3,swing,right,roll,frequency,"[1.00,2.50)",0,,nan,nan,nan
sim,3505,3,swing,right,roll,frequency,"[2.50,5.00)",1,########################,0.0063035,0.031515766632835195,0.14806615014685162
sim,3505,3,swing,right,roll,frequency,"[5.00,8.00)",1,########################,0.03653269,0.1347182887722621,0.14297831852710594
sim,3505,3,swing,right,roll,frequency,"[8.00,12.00)",0,,nan,nan,nan
sim,3505,3,swing,right,roll,frequency,"[12.00,20.00)",0,,nan,nan,nan
sim,3505,3,swing,right,roll,frequency,"[20.00,1000.00)",0,,nan,nan,nan
sim,3505,3,swing,right,roll,amplitude,"[0.000,0.005)",0,,nan,nan,nan
sim,3505,3,swing,right,roll,amplitude,"[0.005,0.010)",0,,nan,nan,nan
sim,3505,3,swing,right,roll,amplitude,"[0.010,0.020)",0,,nan,nan,nan
sim,3505,3,swing,right,roll,amplitude,"[0.020,0.040)",0,,nan,nan,nan
sim,3505,3,swing,right,roll,amplitude,"[0.040,0.080)",0,,nan,nan,nan
sim,3505,3,swing,right,roll,amplitude,"[0.080,1.000)",2,########################,0.021418094999999998,0.08311702770254865,0.14552223433697878
sim,3505,3,touchdown,left,pitch,frequency,"[0.00,1.00)",0,,nan,nan,nan
sim,3505,3,touchdown,left,pitch,frequency,"[1.00,2.50)",0,,nan,nan,nan
sim,3505,3,touchdown,left,pitch,frequency,"[2.50,5.00)",0,,nan,nan,nan
sim,3505,3,touchdown,left,pitch,frequency,"[5.00,8.00)",1,########################,0.07726899999999998,0.3142345881230801,0.17859287022954498
sim,3505,3,touchdown,left,pitch,frequency,"[8.00,12.00)",0,,nan,nan,nan
sim,3505,3,touchdown,left,pitch,frequency,"[12.00,20.00)",0,,nan,nan,nan
sim,3505,3,touchdown,left,pitch,frequency,"[20.00,1000.00)",0,,nan,nan,nan
sim,3505,3,touchdown,left,pitch,amplitude,"[0.000,0.005)",0,,nan,nan,nan
sim,3505,3,touchdown,left,pitch,amplitude,"[0.005,0.010)",0,,nan,nan,nan
sim,3505,3,touchdown,left,pitch,amplitude,"[0.010,0.020)",0,,nan,nan,nan
sim,3505,3,touchdown,left,pitch,amplitude,"[0.020,0.040)",0,,nan,nan,nan
sim,3505,3,touchdown,left,pitch,amplitude,"[0.040,0.080)",0,,nan,nan,nan
sim,3505,3,touchdown,left,pitch,amplitude,"[0.080,1.000)",1,########################,0.07726899999999998,0.3142345881230801,0.17859287022954498
sim,3505,3,touchdown,left,roll,frequency,"[0.00,1.00)",0,,nan,nan,nan
sim,3505,3,touchdown,left,roll,frequency,"[1.00,2.50)",0,,nan,nan,nan
sim,3505,3,touchdown,left,roll,frequency,"[2.50,5.00)",0,,nan,nan,nan
sim,3505,3,touchdown,left,roll,frequency,"[5.00,8.00)",0,,nan,nan,nan
sim,3505,3,touchdown,left,roll,frequency,"[8.00,12.00)",0,,nan,nan,nan
sim,3505,3,touchdown,left,roll,frequency,"[12.00,20.00)",2,########################,0.0358291,2.9067689508403856,0.2781082792449148
sim,3505,3,touchdown,left,roll,frequency,"[20.00,1000.00)",2,########################,0.030139,nan,0.276272310009375
sim,3505,3,touchdown,left,roll,amplitude,"[0.000,0.005)",2,########################,0.030139,nan,0.276272310009375
sim,3505,3,touchdown,left,roll,amplitude,"[0.005,0.010)",0,,nan,nan,nan
sim,3505,3,touchdown,left,roll,amplitude,"[0.010,0.020)",1,############,0.05310519999999999,5.197220591113718,0.3294886959006674
sim,3505,3,touchdown,left,roll,amplitude,"[0.020,0.040)",1,############,0.018553000000000014,0.6163173105670537,0.2267278625891622
sim,3505,3,touchdown,left,roll,amplitude,"[0.040,0.080)",0,,nan,nan,nan
sim,3505,3,touchdown,left,roll,amplitude,"[0.080,1.000)",0,,nan,nan,nan
sim,3505,3,touchdown,right,pitch,frequency,"[0.00,1.00)",0,,nan,nan,nan
sim,3505,3,touchdown,right,pitch,frequency,"[1.00,2.50)",0,,nan,nan,nan
sim,3505,3,touchdown,right,pitch,frequency,"[2.50,5.00)",1,########################,0.072266,0.6941978866474545,0.016333856928289963
sim,3505,3,touchdown,right,pitch,frequency,"[5.00,8.00)",0,,nan,nan,nan
sim,3505,3,touchdown,right,pitch,frequency,"[8.00,12.00)",0,,nan,nan,nan
sim,3505,3,touchdown,right,pitch,frequency,"[12.00,20.00)",0,,nan,nan,nan
sim,3505,3,touchdown,right,pitch,frequency,"[20.00,1000.00)",0,,nan,nan,nan
sim,3505,3,touchdown,right,pitch,amplitude,"[0.000,0.005)",0,,nan,nan,nan
sim,3505,3,touchdown,right,pitch,amplitude,"[0.005,0.010)",0,,nan,nan,nan
sim,3505,3,touchdown,right,pitch,amplitude,"[0.010,0.020)",0,,nan,nan,nan
sim,3505,3,touchdown,right,pitch,amplitude,"[0.020,0.040)",0,,nan,nan,nan
sim,3505,3,touchdown,right,pitch,amplitude,"[0.040,0.080)",0,,nan,nan,nan
sim,3505,3,touchdown,right,pitch,amplitude,"[0.080,1.000)",1,########################,0.072266,0.6941978866474545,0.016333856928289963
sim,3505,3,touchdown,right,roll,frequency,"[0.00,1.00)",0,,nan,nan,nan
sim,3505,3,touchdown,right,roll,frequency,"[1.00,2.50)",0,,nan,nan,nan
sim,3505,3,touchdown,right,roll,frequency,"[2.50,5.00)",0,,nan,nan,nan
sim,3505,3,touchdown,right,roll,frequency,"[5.00,8.00)",0,,nan,nan,nan
sim,3505,3,touchdown,right,roll,frequency,"[8.00,12.00)",0,,nan,nan,nan
sim,3505,3,touchdown,right,roll,frequency,"[12.00,20.00)",2,########################,0.0053912505,nan,0.0026333373543896165
sim,3505,3,touchdown,right,roll,frequency,"[20.00,1000.00)",1,############,0.0017065600000000002,nan,0.002433961698746853
sim,3505,3,touchdown,right,roll,amplitude,"[0.000,0.005)",1,############,0.0017065600000000002,nan,0.002433961698746853
sim,3505,3,touchdown,right,roll,amplitude,"[0.005,0.010)",2,########################,0.0053912505,nan,0.0026333373543896165
sim,3505,3,touchdown,right,roll,amplitude,"[0.010,0.020)",0,,nan,nan,nan
sim,3505,3,touchdown,right,roll,amplitude,"[0.020,0.040)",0,,nan,nan,nan
sim,3505,3,touchdown,right,roll,amplitude,"[0.040,0.080)",0,,nan,nan,nan
sim,3505,3,touchdown,right,roll,amplitude,"[0.080,1.000)",0,,nan,nan,nan
sim,3505,4,swing,left,pitch,frequency,"[0.00,1.00)",0,,nan,nan,nan
sim,3505,4,swing,left,pitch,frequency,"[1.00,2.50)",0,,nan,nan,nan
sim,3505,4,swing,left,pitch,frequency,"[2.50,5.00)",1,########################,0.06985799999999998,0.15114203560788483,0.5286036314608532
sim,3505,4,swing,left,pitch,frequency,"[5.00,8.00)",0,,nan,nan,nan
sim,3505,4,swing,left,pitch,frequency,"[8.00,12.00)",0,,nan,nan,nan
sim,3505,4,swing,left,pitch,frequency,"[12.00,20.00)",1,########################,0.02026899999999998,0.02848357862459824,0.3962459020656769
sim,3505,4,swing,left,pitch,frequency,"[20.00,1000.00)",0,,nan,nan,nan
sim,3505,4,swing,left,pitch,amplitude,"[0.000,0.005)",0,,nan,nan,nan
sim,3505,4,swing,left,pitch,amplitude,"[0.005,0.010)",0,,nan,nan,nan
sim,3505,4,swing,left,pitch,amplitude,"[0.010,0.020)",0,,nan,nan,nan
sim,3505,4,swing,left,pitch,amplitude,"[0.020,0.040)",0,,nan,nan,nan
sim,3505,4,swing,left,pitch,amplitude,"[0.040,0.080)",0,,nan,nan,nan
sim,3505,4,swing,left,pitch,amplitude,"[0.080,1.000)",2,########################,0.04506349999999998,0.08981280711624154,0.46242476676326505
sim,3505,4,swing,left,roll,frequency,"[0.00,1.00)",0,,nan,nan,nan
sim,3505,4,swing,left,roll,frequency,"[1.00,2.50)",0,,nan,nan,nan
sim,3505,4,swing,left,roll,frequency,"[2.50,5.00)",1,############,0.1819221,0.4786636408485447,0.1138952341936625
sim,3505,4,swing,left,roll,frequency,"[5.00,8.00)",0,,nan,nan,nan
sim,3505,4,swing,left,roll,frequency,"[8.00,12.00)",1,############,0.04874500000000001,1.3592381908426747,0.23099369599468667
sim,3505,4,swing,left,roll,frequency,"[12.00,20.00)",2,########################,0.011688684999999996,1.4699852480328839,0.10102982265853382
sim,3505,4,swing,left,roll,frequency,"[20.00,1000.00)",2,########################,0.0011065234,nan,0.001965421411802428
sim,3505,4,swing,left,roll,amplitude,"[0.000,0.005)",3,########################,0.00198334893333333,nan,0.06533581588299912
sim,3505,4,swing,left,roll,amplitude,"[0.005,0.010)",0,,nan,nan,nan
sim,3505,4,swing,left,roll,amplitude,"[0.010,0.020)",1,########,0.01964037,1.4699852480328839,0.009983040491675118
sim,3505,4,swing,left,roll,amplitude,"[0.020,0.040)",1,########,0.04874500000000001,1.3592381908426747,0.23099369599468667
sim,3505,4,swing,left,roll,amplitude,"[0.040,0.080)",0,,nan,nan,nan
sim,3505,4,swing,left,roll,amplitude,"[0.080,1.000)",1,########,0.1819221,0.4786636408485447,0.1138952341936625
sim,3505,4,swing,right,pitch,frequency,"[0.00,1.00)",0,,nan,nan,nan
sim,3505,4,swing,right,pitch,frequency,"[1.00,2.50)",0,,nan,nan,nan
sim,3505,4,swing,right,pitch,frequency,"[2.50,5.00)",1,############,0.12125699999999998,0.2182498542085142,0.22067801262884282
sim,3505,4,swing,right,pitch,frequency,"[5.00,8.00)",0,,nan,nan,nan
sim,3505,4,swing,right,pitch,frequency,"[8.00,12.00)",0,,nan,nan,nan
sim,3505,4,swing,right,pitch,frequency,"[12.00,20.00)",2,########################,0.013011999999999996,0.3485819061621103,0.5328086847453939
sim,3505,4,swing,right,pitch,frequency,"[20.00,1000.00)",1,############,0.01575499999999999,0.1510170043900848,0.4873309708678487
sim,3505,4,swing,right,pitch,amplitude,"[0.000,0.005)",0,,nan,nan,nan
sim,3505,4,swing,right,pitch,amplitude,"[0.005,0.010)",0,,nan,nan,nan
sim,3505,4,swing,right,pitch,amplitude,"[0.010,0.020)",1,############,0.008529000000000009,0.4298891129032269,0.5547921755563068
sim,3505,4,swing,right,pitch,amplitude,"[0.020,0.040)",0,,nan,nan,nan
sim,3505,4,swing,right,pitch,amplitude,"[0.040,0.080)",1,############,0.017494999999999983,0.26727469942099374,0.5108251939344809
sim,3505,4,swing,right,pitch,amplitude,"[0.080,1.000)",2,########################,0.06850599999999998,0.1846334292992995,0.35400449174834575
sim,3505,4,swing,right,roll,frequency,"[0.00,1.00)",0,,nan,nan,nan
sim,3505,4,swing,right,roll,frequency,"[1.00,2.50)",0,,nan,nan,nan
sim,3505,4,swing,right,roll,frequency,"[2.50,5.00)",0,,nan,nan,nan
sim,3505,4,swing,right,roll,frequency,"[5.00,8.00)",0,,nan,nan,nan
sim,3505,4,swing,right,roll,frequency,"[8.00,12.00)",3,##############,0.011074493599999999,0.3689695282650511,0.02066173056441346
sim,3505,4,swing,right,roll,frequency,"[12.00,20.00)",1,#####,0.006551999999999995,0.04791144280571512,0.19070815450578532
sim,3505,4,swing,right,roll,frequency,"[20.00,1000.00)",5,########################,0.002182851999999999,0.12280839297721104,0.13979475154375437
sim,3505,4,swing,right,roll,amplitude,"[0.000,0.005)",2,################,0.0011797799999999988,nan,0.08438037776855095
sim,3505,4,swing,right,roll,amplitude,"[0.005,0.010)",0,,nan,nan,nan
sim,3505,4,swing,right,roll,amplitude,"[0.010,0.020)",3,########################,0.004101843599999999,0.3257390535294687,0.06736762364422975
sim,3505,4,swing,right,roll,amplitude,"[0.020,0.040)",1,########,0.003056699999999999,0.08790440859287375,0.1732180573599454
sim,3505,4,swing,right,roll,amplitude,"[0.040,0.080)",2,################,0.013207975,0.2051060972727533,0.1084386327911378
sim,3505,4,swing,right,roll,amplitude,"[0.080,1.000)",1,########,0.006551999999999995,0.04791144280571512,0.19070815450578532
sim,3505,4,touchdown,left,pitch,frequency,"[0.00,1.00)",0,,nan,nan,nan
sim,3505,4,touchdown,left,pitch,frequency,"[1.00,2.50)",0,,nan,nan,nan
sim,3505,4,touchdown,left,pitch,frequency,"[2.50,5.00)",0,,nan,nan,nan
sim,3505,4,touchdown,left,pitch,frequency,"[5.00,8.00)",1,########,0.0028409999999999824,0.06011298956856568,0.015886719493023106
sim,3505,4,touchdown,left,pitch,frequency,"[8.00,12.00)",0,,nan,nan,nan
sim,3505,4,touchdown,left,pitch,frequency,"[12.00,20.00)",0,,nan,nan,nan
sim,3505,4,touchdown,left,pitch,frequency,"[20.00,1000.00)",3,########################,0.007619000000000005,nan,0.018028997195657315
sim,3505,4,touchdown,left,pitch,amplitude,"[0.000,0.005)",2,########################,0.007636000000000004,nan,0.019125398941969185
sim,3505,4,touchdown,left,pitch,amplitude,"[0.005,0.010)",1,############,0.007585000000000008,nan,0.015836193703033574
sim,3505,4,touchdown,left,pitch,amplitude,"[0.010,0.020)",0,,nan,nan,nan
sim,3505,4,touchdown,left,pitch,amplitude,"[0.020,0.040)",0,,nan,nan,nan
sim,3505,4,touchdown,left,pitch,amplitude,"[0.040,0.080)",1,############,0.0028409999999999824,0.06011298956856568,0.015886719493023106
sim,3505,4,touchdown,left,pitch,amplitude,"[0.080,1.000)",0,,nan,nan,nan
sim,3505,4,touchdown,left,roll,frequency,"[0.00,1.00)",0,,nan,nan,nan
sim,3505,4,touchdown,left,roll,frequency,"[1.00,2.50)",0,,nan,nan,nan
sim,3505,4,touchdown,left,roll,frequency,"[2.50,5.00)",0,,nan,nan,nan
sim,3505,4,touchdown,left,roll,frequency,"[5.00,8.00)",0,,nan,nan,nan
sim,3505,4,touchdown,left,roll,frequency,"[8.00,12.00)",0,,nan,nan,nan
sim,3505,4,touchdown,left,roll,frequency,"[12.00,20.00)",2,########################,0.0026788996000000004,nan,0.0021120654841675925
sim,3505,4,touchdown,left,roll,frequency,"[20.00,1000.00)",1,############,0.001311164,nan,0.0009306343595028788
sim,3505,4,touchdown,left,roll,amplitude,"[0.000,0.005)",2,########################,0.0008522516,nan,0.0012449758049674388
sim,3505,4,touchdown,left,roll,amplitude,"[0.005,0.010)",1,############,0.00496446,nan,0.002664813717903186
sim,3505,4,touchdown,left,roll,amplitude,"[0.010,0.020)",0,,nan,nan,nan
sim,3505,4,touchdown,left,roll,amplitude,"[0.020,0.040)",0,,nan,nan,nan
sim,3505,4,touchdown,left,roll,amplitude,"[0.040,0.080)",0,,nan,nan,nan
sim,3505,4,touchdown,left,roll,amplitude,"[0.080,1.000)",0,,nan,nan,nan
sim,3505,4,touchdown,right,pitch,frequency,"[0.00,1.00)",0,,nan,nan,nan
sim,3505,4,touchdown,right,pitch,frequency,"[1.00,2.50)",0,,nan,nan,nan
sim,3505,4,touchdown,right,pitch,frequency,"[2.50,5.00)",1,########################,0.061282,0.9895365735507834,0.627202023121272
sim,3505,4,touchdown,right,pitch,frequency,"[5.00,8.00)",0,,nan,nan,nan
sim,3505,4,touchdown,right,pitch,frequency,"[8.00,12.00)",0,,nan,nan,nan
sim,3505,4,touchdown,right,pitch,frequency,"[12.00,20.00)",0,,nan,nan,nan
sim,3505,4,touchdown,right,pitch,frequency,"[20.00,1000.00)",0,,nan,nan,nan
sim,3505,4,touchdown,right,pitch,amplitude,"[0.000,0.005)",0,,nan,nan,nan
sim,3505,4,touchdown,right,pitch,amplitude,"[0.005,0.010)",0,,nan,nan,nan
sim,3505,4,touchdown,right,pitch,amplitude,"[0.010,0.020)",0,,nan,nan,nan
sim,3505,4,touchdown,right,pitch,amplitude,"[0.020,0.040)",0,,nan,nan,nan
sim,3505,4,touchdown,right,pitch,amplitude,"[0.040,0.080)",1,########################,0.061282,0.9895365735507834,0.627202023121272
sim,3505,4,touchdown,right,pitch,amplitude,"[0.080,1.000)",0,,nan,nan,nan
sim,3505,4,touchdown,right,roll,frequency,"[0.00,1.00)",0,,nan,nan,nan
sim,3505,4,touchdown,right,roll,frequency,"[1.00,2.50)",0,,nan,nan,nan
sim,3505,4,touchdown,right,roll,frequency,"[2.50,5.00)",0,,nan,nan,nan
sim,3505,4,touchdown,right,roll,frequency,"[5.00,8.00)",1,############,0.011048400000000002,0.09011378002528445,0.27367066487493646
sim,3505,4,touchdown,right,roll,frequency,"[8.00,12.00)",0,,nan,nan,nan
sim,3505,4,touchdown,right,roll,frequency,"[12.00,20.00)",0,,nan,nan,nan
sim,3505,4,touchdown,right,roll,frequency,"[20.00,1000.00)",2,########################,0.003794249999999999,0.1699304684063231,0.1760035814493401
sim,3505,4,touchdown,right,roll,amplitude,"[0.000,0.005)",0,,nan,nan,nan
sim,3505,4,touchdown,right,roll,amplitude,"[0.005,0.010)",0,,nan,nan,nan
sim,3505,4,touchdown,right,roll,amplitude,"[0.010,0.020)",1,########################,0.0036029999999999986,0.19148596938775503,0.16526263851057402
sim,3505,4,touchdown,right,roll,amplitude,"[0.020,0.040)",1,########################,0.0039854999999999995,0.14837496742489112,0.1867445243881062
sim,3505,4,touchdown,right,roll,amplitude,"[0.040,0.080)",0,,nan,nan,nan
sim,3505,4,touchdown,right,roll,amplitude,"[0.080,1.000)",1,########################,0.011048400000000002,0.09011378002528445,0.27367066487493646
sim,3505,5,swing,left,pitch,frequency,"[0.00,1.00)",0,,nan,nan,nan
sim,3505,5,swing,left,pitch,frequency,"[1.00,2.50)",0,,nan,nan,nan
sim,3505,5,swing,left,pitch,frequency,"[2.50,5.00)",1,############,0.161084,1.02845614102294,0.01201808991870662
sim,3505,5,swing,left,pitch,frequency,"[5.00,8.00)",0,,nan,nan,nan
sim,3505,5,swing,left,pitch,frequency,"[8.00,12.00)",0,,nan,nan,nan
sim,3505,5,swing,left,pitch,frequency,"[12.00,20.00)",2,########################,0.034169000000000005,0.17679196126371294,0.12110115118079366
sim,3505,5,swing,left,pitch,frequency,"[20.00,1000.00)",1,############,0.004695000000000005,nan,0.005741857568185856
sim,3505,5,swing,left,pitch,amplitude,"[0.000,0.005)",0,,nan,nan,nan
sim,3505,5,swing,left,pitch,amplitude,"[0.005,0.010)",1,########,0.004695000000000005,nan,0.005741857568185856
sim,3505,5,swing,left,pitch,amplitude,"[0.010,0.020)",0,,nan,nan,nan
sim,3505,5,swing,left,pitch,amplitude,"[0.020,0.040)",0,,nan,nan,nan
sim,3505,5,swing,left,pitch,amplitude,"[0.040,0.080)",0,,nan,nan,nan
sim,3505,5,swing,left,pitch,amplitude,"[0.080,1.000)",3,########################,0.076474,0.46068002118345525,0.08474013076009797
sim,3505,5,swing,left,roll,frequency,"[0.00,1.00)",0,,nan,nan,nan
sim,3505,5,swing,left,roll,frequency,"[1.00,2.50)",0,,nan,nan,nan
sim,3505,5,swing,left,roll,frequency,"[2.50,5.00)",0,,nan,nan,nan
sim,3505,5,swing,left,roll,frequency,"[5.00,8.00)",0,,nan,nan,nan
sim,3505,5,swing,left,roll,frequency,"[8.00,12.00)",1,#####,0.021426813,0.17115038472629038,0.06951974117599698
sim,3505,5,swing,left,roll,frequency,"[12.00,20.00)",5,########################,0.0043991263,0.4863898403130259,0.07640721755429584
sim,3505,5,swing,left,roll,frequency,"[20.00,1000.00)",3,##############,0.0026316923333333333,0.014453583252622314,0.18402735844238946
sim,3505,5,swing,left,roll,amplitude,"[0.000,0.005)",2,################,0.00227934475,nan,0.14505515790621407
sim,3505,5,swing,left,roll,amplitude,"[0.005,0.010)",3,########################,0.0027768806666666665,nan,0.0042142517780705165
sim,3505,5,swing,left,roll,amplitude,"[0.010,0.020)",1,########,0.012771600000000001,0.947012501668372,0.010591696891177543
sim,3505,5,swing,left,roll,amplitude,"[0.020,0.040)",0,,nan,nan,nan
sim,3505,5,swing,left,roll,amplitude,"[0.040,0.080)",1,########,0.0019465300000000001,0.025767178957679743,0.36190163059736885
sim,3505,5,swing,left,roll,amplitude,"[0.080,1.000)",2,################,0.011855029999999999,0.09280198398945634,0.16419575281972923
sim,3505,5,swing,right,pitch,frequency,"[0.00,1.00)",0,,nan,nan,nan
sim,3505,5,swing,right,pitch,frequency,"[1.00,2.50)",1,########################,0.030464000000000047,nan,0.7023671491265352
sim,3505,5,swing,right,pitch,frequency,"[2.50,5.00)",0,,nan,nan,nan
sim,3505,5,swing,right,pitch,frequency,"[5.00,8.00)",0,,nan,nan,nan
sim,3505,5,swing,right,pitch,frequency,"[8.00,12.00)",0,,nan,nan,nan
sim,3505,5,swing,right,pitch,frequency,"[12.00,20.00)",0,,nan,nan,nan
sim,3505,5,swing,right,pitch,frequency,"[20.00,1000.00)",1,########################,0.053898,0.19047477688179457,0.5125026242843933
sim,3505,5,swing,right,pitch,amplitude,"[0.000,0.005)",1,########################,0.030464000000000047,nan,0.7023671491265352
sim,3505,5,swing,right,pitch,amplitude,"[0.005,0.010)",0,,nan,nan,nan
sim,3505,5,swing,right,pitch,amplitude,"[0.010,0.020)",0,,nan,nan,nan
sim,3505,5,swing,right,pitch,amplitude,"[0.020,0.040)",0,,nan,nan,nan
sim,3505,5,swing,right,pitch,amplitude,"[0.040,0.080)",0,,nan,nan,nan
sim,3505,5,swing,right,pitch,amplitude,"[0.080,1.000)",1,########################,0.053898,0.19047477688179457,0.5125026242843933
sim,3505,5,swing,right,roll,frequency,"[0.00,1.00)",0,,nan,nan,nan
sim,3505,5,swing,right,roll,frequency,"[1.00,2.50)",0,,nan,nan,nan
sim,3505,5,swing,right,roll,frequency,"[2.50,5.00)",0,,nan,nan,nan
sim,3505,5,swing,right,roll,frequency,"[5.00,8.00)",2,########################,0.055249175,0.311704432718375,0.23054105774854505
sim,3505,5,swing,right,roll,frequency,"[8.00,12.00)",0,,nan,nan,nan
sim,3505,5,swing,right,roll,frequency,"[12.00,20.00)",0,,nan,nan,nan
sim,3505,5,swing,right,roll,frequency,"[20.00,1000.00)",2,########################,0.004752325000000001,0.1384572428427833,0.09820277894153198
sim,3505,5,swing,right,roll,amplitude,"[0.000,0.005)",0,,nan,nan,nan
sim,3505,5,swing,right,roll,amplitude,"[0.005,0.010)",1,############,0.00578555,nan,0.005859276409489485
sim,3505,5,swing,right,roll,amplitude,"[0.010,0.020)",0,,nan,nan,nan
sim,3505,5,swing,right,roll,amplitude,"[0.020,0.040)",1,############,0.0037191000000000012,0.1384572428427833,0.19054628147357447
sim,3505,5,swing,right,roll,amplitude,"[0.040,0.080)",0,,nan,nan,nan
sim,3505,5,swing,right,roll,amplitude,"[0.080,1.000)",2,########################,0.055249175,0.311704432718375,0.23054105774854505
sim,3505,5,touchdown,left,pitch,frequency,"[0.00,1.00)",0,,nan,nan,nan
sim,3505,5,touchdown,left,pitch,frequency,"[1.00,2.50)",0,,nan,nan,nan
sim,3505,5,touchdown,left,pitch,frequency,"[2.50,5.00)",0,,nan,nan,nan
sim,3505,5,touchdown,left,pitch,frequency,"[5.00,8.00)",0,,nan,nan,nan
sim,3505,5,touchdown,left,pitch,frequency,"[8.00,12.00)",0,,nan,nan,nan
sim,3505,5,touchdown,left,pitch,frequency,"[12.00,20.00)",1,########,0.026895999999999975,0.27649532715084163,0.2830314784442819
sim,3505,5,touchdown,left,pitch,frequency,"[20.00,1000.00)",3,########################,0.011064333333333324,0.3463620137727377,0.17068766630373064
sim,3505,5,touchdown,left,pitch,amplitude,"[0.000,0.005)",1,########################,0.01141399999999998,nan,0.1965151310330242
sim,3505,5,touchdown,left,pitch,amplitude,"[0.005,0.010)",0,,nan,nan,nan
sim,3505,5,touchdown,left,pitch,amplitude,"[0.010,0.020)",0,,nan,nan,nan
sim,3505,5,touchdown,left,pitch,amplitude,"[0.020,0.040)",1,########################,0.010842999999999992,0.44202656317518774,0.1361502690926953
sim,3505,5,touchdown,left,pitch,amplitude,"[0.040,0.080)",1,########################,0.010936000000000001,0.25069746437028767,0.1793975987854724
sim,3505,5,touchdown,left,pitch,amplitude,"[0.080,1.000)",1,########################,0.026895999999999975,0.27649532715084163,0.2830314784442819
sim,3505,5,touchdown,left,roll,frequency,"[0.00,1.00)",0,,nan,nan,nan
sim,3505,5,touchdown,left,roll,frequency,"[1.00,2.50)",0,,nan,nan,nan
sim,3505,5,touchdown,left,roll,frequency,"[2.50,5.00)",0,,nan,nan,nan
sim,3505,5,touchdown,left,roll,frequency,"[5.00,8.00)",1,########################,0.1251648,2.4975017958336663,0.3368112986014925
sim,3505,5,touchdown,left,roll,frequency,"[8.00,12.00)",0,,nan,nan,nan
sim,3505,5,touchdown,left,roll,frequency,"[12.00,20.00)",0,,nan,nan,nan
sim,3505,5,touchdown,left,roll,frequency,"[20.00,1000.00)",1,########################,0.029358999999999996,nan,0.26754003370586116
sim,3505,5,touchdown,left,roll,amplitude,"[0.000,0.005)",1,########################,0.029358999999999996,nan,0.26754003370586116
sim,3505,5,touchdown,left,roll,amplitude,"[0.005,0.010)",0,,nan,nan,nan
sim,3505,5,touchdown,left,roll,amplitude,"[0.010,0.020)",0,,nan,nan,nan
sim,3505,5,touchdown,left,roll,amplitude,"[0.020,0.040)",0,,nan,nan,nan
sim,3505,5,touchdown,left,roll,amplitude,"[0.040,0.080)",1,########################,0.1251648,2.4975017958336663,0.3368112986014925
sim,3505,5,touchdown,left,roll,amplitude,"[0.080,1.000)",0,,nan,nan,nan
sim,3505,5,touchdown,right,pitch,frequency,"[0.00,1.00)",0,,nan,nan,nan
sim,3505,5,touchdown,right,pitch,frequency,"[1.00,2.50)",0,,nan,nan,nan
sim,3505,5,touchdown,right,pitch,frequency,"[2.50,5.00)",0,,nan,nan,nan
sim,3505,5,touchdown,right,pitch,frequency,"[5.00,8.00)",1,########################,0.03223900000000002,0.5886896501351259,0.01322394935335128
sim,3505,5,touchdown,right,pitch,frequency,"[8.00,12.00)",0,,nan,nan,nan
sim,3505,5,touchdown,right,pitch,frequency,"[12.00,20.00)",1,########################,0.012856000000000034,0.5743901349298556,0.004879031410023917
sim,3505,5,touchdown,right,pitch,frequency,"[20.00,1000.00)",0,,nan,nan,nan
sim,3505,5,touchdown,right,pitch,amplitude,"[0.000,0.005)",0,,nan,nan,nan
sim,3505,5,touchdown,right,pitch,amplitude,"[0.005,0.010)",0,,nan,nan,nan
sim,3505,5,touchdown,right,pitch,amplitude,"[0.010,0.020)",0,,nan,nan,nan
sim,3505,5,touchdown,right,pitch,amplitude,"[0.020,0.040)",1,########################,0.012856000000000034,0.5743901349298556,0.004879031410023917
sim,3505,5,touchdown,right,pitch,amplitude,"[0.040,0.080)",1,########################,0.03223900000000002,0.5886896501351259,0.01322394935335128
sim,3505,5,touchdown,right,pitch,amplitude,"[0.080,1.000)",0,,nan,nan,nan
sim,3505,5,touchdown,right,roll,frequency,"[0.00,1.00)",0,,nan,nan,nan
sim,3505,5,touchdown,right,roll,frequency,"[1.00,2.50)",0,,nan,nan,nan
sim,3505,5,touchdown,right,roll,frequency,"[2.50,5.00)",0,,nan,nan,nan
sim,3505,5,touchdown,right,roll,frequency,"[5.00,8.00)",0,,nan,nan,nan
sim,3505,5,touchdown,right,roll,frequency,"[8.00,12.00)",0,,nan,nan,nan
sim,3505,5,touchdown,right,roll,frequency,"[12.00,20.00)",3,########################,0.005729076666666666,0.09606961364734642,0.0072718656824670505
sim,3505,5,touchdown,right,roll,frequency,"[20.00,1000.00)",1,########,0.00441455,nan,0.006386749068674223
sim,3505,5,touchdown,right,roll,amplitude,"[0.000,0.005)",2,########################,0.00464112,nan,0.006681496951996969
sim,3505,5,touchdown,right,roll,amplitude,"[0.005,0.010)",1,############,0.01127464,nan,0.010606044224114486
sim,3505,5,touchdown,right,roll,amplitude,"[0.010,0.020)",1,############,0.0010448999999999996,0.09606961364734642,0.004233307987966952
sim,3505,5,touchdown,right,roll,amplitude,"[0.020,0.040)",0,,nan,nan,nan
sim,3505,5,touchdown,right,roll,amplitude,"[0.040,0.080)",0,,nan,nan,nan
sim,3505,5,touchdown,right,roll,amplitude,"[0.080,1.000)",0,,nan,nan,nan
sim,3505,6,swing,left,pitch,frequency,"[0.00,1.00)",0,,nan,nan,nan
sim,3505,6,swing,left,pitch,frequency,"[1.00,2.50)",0,,nan,nan,nan
sim,3505,6,swing,left,pitch,frequency,"[2.50,5.00)",1,########################,0.08740300000000001,0.3028127917591184,0.5650221270875037
sim,3505,6,swing,left,pitch,frequency,"[5.00,8.00)",0,,nan,nan,nan
sim,3505,6,swing,left,pitch,frequency,"[8.00,12.00)",0,,nan,nan,nan
sim,3505,6,swing,left,pitch,frequency,"[12.00,20.00)",0,,nan,nan,nan
sim,3505,6,swing,left,pitch,frequency,"[20.00,1000.00)",0,,nan,nan,nan
sim,3505,6,swing,left,pitch,amplitude,"[0.000,0.005)",0,,nan,nan,nan
sim,3505,6,swing,left,pitch,amplitude,"[0.005,0.010)",0,,nan,nan,nan
sim,3505,6,swing,left,pitch,amplitude,"[0.010,0.020)",0,,nan,nan,nan
sim,3505,6,swing,left,pitch,amplitude,"[0.020,0.040)",0,,nan,nan,nan
sim,3505,6,swing,left,pitch,amplitude,"[0.040,0.080)",0,,nan,nan,nan
sim,3505,6,swing,left,pitch,amplitude,"[0.080,1.000)",1,########################,0.08740300000000001,0.3028127917591184,0.5650221270875037
sim,3505,6,swing,left,roll,frequency,"[0.00,1.00)",0,,nan,nan,nan
sim,3505,6,swing,left,roll,frequency,"[1.00,2.50)",1,############,0.19199334999999998,0.442411878064298,0.12553063139566104
sim,3505,6,swing,left,roll,frequency,"[2.50,5.00)",0,,nan,nan,nan
sim,3505,6,swing,left,roll,frequency,"[5.00,8.00)",0,,nan,nan,nan
sim,3505,6,swing,left,roll,frequency,"[8.00,12.00)",0,,nan,nan,nan
sim,3505,6,swing,left,roll,frequency,"[12.00,20.00)",1,############,0.05352599999999999,nan,0.256498027648947
sim,3505,6,swing,left,roll,frequency,"[20.00,1000.00)",2,########################,0.00333672,nan,0.004867194077062023
sim,3505,6,swing,left,roll,amplitude,"[0.000,0.005)",3,########################,0.020066479999999998,nan,0.08874413860102369
sim,3505,6,swing,left,roll,amplitude,"[0.005,0.010)",0,,nan,nan,nan
sim,3505,6,swing,left,roll,amplitude,"[0.010,0.020)",0,,nan,nan,nan
sim,3505,6,swing,left,roll,amplitude,"[0.020,0.040)",0,,nan,nan,nan
sim,3505,6,swing,left,roll,amplitude,"[0.040,0.080)",0,,nan,nan,nan
sim,3505,6,swing,left,roll,amplitude,"[0.080,1.000)",1,########,0.19199334999999998,0.442411878064298,0.12553063139566104
sim,3505,6,swing,right,pitch,frequency,"[0.00,1.00)",0,,nan,nan,nan
sim,3505,6,swing,right,pitch,frequency,"[1.00,2.50)",0,,nan,nan,nan
sim,3505,6,swing,right,pitch,frequency,"[2.50,5.00)",1,########,0.148172,0.3156396852379674,0.19027301864739243
sim,3505,6,swing,right,pitch,frequency,"[5.00,8.00)",0,,nan,nan,nan
sim,3505,6,swing,right,pitch,frequency,"[8.00,12.00)",0,,nan,nan,nan
sim,3505,6,swing,right,pitch,frequency,"[12.00,20.00)",1,########,0.007511999999999991,0.31369273813003684,0.35394092419957596
sim,3505,6,swing,right,pitch,frequency,"[20.00,1000.00)",3,########################,0.007373666666666667,0.2555420274369539,0.36570272594195097
sim,3505,6,swing,right,pitch,amplitude,"[0.000,0.005)",0,,nan,nan,nan
sim,3505,6,swing,right,pitch,amplitude,"[0.005,0.010)",1,########,0.006667000000000006,nan,0.38110564813622655
sim,3505,6,swing,right,pitch,amplitude,"[0.010,0.020)",0,,nan,nan,nan
sim,3505,6,swing,right,pitch,amplitude,"[0.020,0.040)",3,########################,0.007655333333333329,0.2749255976679816,0.35664781796306744
sim,3505,6,swing,right,pitch,amplitude,"[0.040,0.080)",0,,nan,nan,nan
sim,3505,6,swing,right,pitch,amplitude,"[0.080,1.000)",1,########,0.148172,0.3156396852379674,0.19027301864739243
sim,3505,6,swing,right,roll,frequency,"[0.00,1.00)",0,,nan,nan,nan
sim,3505,6,swing,right,roll,frequency,"[1.00,2.50)",0,,nan,nan,nan
sim,3505,6,swing,right,roll,frequency,"[2.50,5.00)",0,,nan,nan,nan
sim,3505,6,swing,right,roll,frequency,"[5.00,8.00)",0,,nan,nan,nan
sim,3505,6,swing,right,roll,frequency,"[8.00,12.00)",3,########################,0.006974036666666667,0.3925732756561562,0.018972351575885504
sim,3505,6,swing,right,roll,frequency,"[12.00,20.00)",1,########,0.006555699999999999,0.03947212349391243,0.18084413698418592
sim,3505,6,swing,right,roll,frequency,"[20.00,1000.00)",2,################,0.001233399999999999,0.05688234530880632,0.13357669131656258
sim,3505,6,swing,right,roll,amplitude,"[0.000,0.005)",0,,nan,nan,nan
sim,3505,6,swing,right,roll,amplitude,"[0.005,0.010)",0,,nan,nan,nan
sim,3505,6,swing,right,roll,amplitude,"[0.010,0.020)",2,########################,0.009316655,0.5608698239912795,0.005322487404878779
sim,3505,6,swing,right,roll,amplitude,"[0.020,0.040)",1,############,0.0021808999999999995,0.10751824097811082,0.10536920423706983
sim,3505,6,swing,right,roll,amplitude,"[0.040,0.080)",2,########################,0.0012873499999999996,0.031113314312705708,0.10402812915697715
sim,3505,6,swing,right,roll,amplitude,"[0.080,1.000)",1,############,0.006555699999999999,0.03947212349391243,0.18084413698418592
sim,3505,6,touchdown,left,pitch,frequency,"[0.00,1.00)",0,,nan,nan,nan
sim,3505,6,touchdown,left,pitch,frequency,"[1.00,2.50)",0,,nan,nan,nan
sim,3505,6,touchdown,left,pitch,frequency,"[2.50,5.00)",0,,nan,nan,nan
sim,3505,6,touchdown,left,pitch,frequency,"[5.00,8.00)",0,,nan,nan,nan
sim,3505,6,touchdown,left,pitch,frequency,"[8.00,12.00)",1,############,0.002016999999999991,0.055068665192344254,0.013325374789690314
sim,3505,6,touchdown,left,pitch,frequency,"[12.00,20.00)",1,############,0.018710999999999978,nan,0.023967935439874664
sim,3505,6,touchdown,left,pitch,frequency,"[20.00,1000.00)",2,########################,0.0049949999999999994,nan,0.012274327371395503
sim,3505,6,touchdown,left,pitch,amplitude,"[0.000,0.005)",2,########################,0.0049949999999999994,nan,0.012274327371395503
sim,3505,6,touchdown,left,pitch,amplitude,"[0.005,0.010)",1,############,0.018710999999999978,nan,0.023967935439874664
sim,3505,6,touchdown,left,pitch,amplitude,"[0.010,0.020)",0,,nan,nan,nan
sim,3505,6,touchdown,left,pitch,amplitude,"[0.020,0.040)",1,############,0.002016999999999991,0.055068665192344254,0.013325374789690314
sim,3505,6,touchdown,left,pitch,amplitude,"[0.040,0.080)",0,,nan,nan,nan
sim,3505,6,touchdown,left,pitch,amplitude,"[0.080,1.000)",0,,nan,nan,nan
sim,3505,6,touchdown,left,roll,frequency,"[0.00,1.00)",0,,nan,nan,nan
sim,3505,6,touchdown,left,roll,frequency,"[1.00,2.50)",0,,nan,nan,nan
sim,3505,6,touchdown,left,roll,frequency,"[2.50,5.00)",0,,nan,nan,nan
sim,3505,6,touchdown,left,roll,frequency,"[5.00,8.00)",1,########################,0.01320381,0.6464634941649025,0.0042528558887507725
sim,3505,6,touchdown,left,roll,frequency,"[8.00,12.00)",0,,nan,nan,nan
sim,3505,6,touchdown,left,roll,frequency,"[12.00,20.00)",1,########################,0.0007046199999999996,nan,0.0018330374592244424
sim,3505,6,touchdown,left,roll,frequency,"[20.00,1000.00)",0,,nan,nan,nan
sim,3505,6,touchdown,left,roll,amplitude,"[0.000,0.005)",1,########################,0.0007046199999999996,nan,0.0018330374592244424
sim,3505,6,touchdown,left,roll,amplitude,"[0.005,0.010)",0,,nan,nan,nan
sim,3505,6,touchdown,left,roll,amplitude,"[0.010,0.020)",0,,nan,nan,nan
sim,3505,6,touchdown,left,roll,amplitude,"[0.020,0.040)",1,########################,0.01320381,0.6464634941649025,0.0042528558887507725
sim,3505,6,touchdown,left,roll,amplitude,"[0.040,0.080)",0,,nan,nan,nan
sim,3505,6,touchdown,left,roll,amplitude,"[0.080,1.000)",0,,nan,nan,nan
sim,3505,6,touchdown,right,pitch,frequency,"[0.00,1.00)",0,,nan,nan,nan
sim,3505,6,touchdown,right,pitch,frequency,"[1.00,2.50)",0,,nan,nan,nan
sim,3505,6,touchdown,right,pitch,frequency,"[2.50,5.00)",0,,nan,nan,nan
sim,3505,6,touchdown,right,pitch,frequency,"[5.00,8.00)",0,,nan,nan,nan
sim,3505,6,touchdown,right,pitch,frequency,"[8.00,12.00)",0,,nan,nan,nan
sim,3505,6,touchdown,right,pitch,frequency,"[12.00,20.00)",0,,nan,nan,nan
sim,3505,6,touchdown,right,pitch,frequency,"[20.00,1000.00)",6,########################,0.0055674999999999935,0.2162399276357188,0.4349666340213973
sim,3505,6,touchdown,right,pitch,amplitude,"[0.000,0.005)",0,,nan,nan,nan
sim,3505,6,touchdown,right,pitch,amplitude,"[0.005,0.010)",1,#####,0.005755999999999983,nan,0.46920541254373155
sim,3505,6,touchdown,right,pitch,amplitude,"[0.010,0.020)",0,,nan,nan,nan
sim,3505,6,touchdown,right,pitch,amplitude,"[0.020,0.040)",5,########################,0.005529799999999996,0.2162399276357188,0.42811887831693046
sim,3505,6,touchdown,right,pitch,amplitude,"[0.040,0.080)",0,,nan,nan,nan
sim,3505,6,touchdown,right,pitch,amplitude,"[0.080,1.000)",0,,nan,nan,nan
sim,3505,6,touchdown,right,roll,frequency,"[0.00,1.00)",0,,nan,nan,nan
sim,3505,6,touchdown,right,roll,frequency,"[1.00,2.50)",0,,nan,nan,nan
sim,3505,6,touchdown,right,roll,frequency,"[2.50,5.00)",0,,nan,nan,nan
sim,3505,6,touchdown,right,roll,frequency,"[5.00,8.00)",1,########################,0.004021500000000001,0.02667254747202749,0.24720351933178772
sim,3505,6,touchdown,right,roll,frequency,"[8.00,12.00)",0,,nan,nan,nan
sim,3505,6,touchdown,right,roll,frequency,"[12.00,20.00)",1,########################,0.0035294000000000002,0.21249924739598997,0.15182998167927836
sim,3505,6,touchdown,right,roll,frequency,"[20.00,1000.00)",0,,nan,nan,nan
sim,3505,6,touchdown,right,roll,amplitude,"[0.000,0.005)",0,,nan,nan,nan
sim,3505,6,touchdown,right,roll,amplitude,"[0.005,0.010)",0,,nan,nan,nan
sim,3505,6,touchdown,right,roll,amplitude,"[0.010,0.020)",1,########################,0.0035294000000000002,0.21249924739598997,0.15182998167927836
sim,3505,6,touchdown,right,roll,amplitude,"[0.020,0.040)",0,,nan,nan,nan
sim,3505,6,touchdown,right,roll,amplitude,"[0.040,0.080)",0,,nan,nan,nan
sim,3505,6,touchdown,right,roll,amplitude,"[0.080,1.000)",1,########################,0.004021500000000001,0.02667254747202749,0.24720351933178772
sim,4005,1,swing,left,pitch,frequency,"[0.00,1.00)",0,,nan,nan,nan
sim,4005,1,swing,left,pitch,frequency,"[1.00,2.50)",0,,nan,nan,nan
sim,4005,1,swing,left,pitch,frequency,"[2.50,5.00)",1,########################,0.154454,1.7130150280042147,0.06442886038311299
sim,4005,1,swing,left,pitch,frequency,"[5.00,8.00)",1,########################,0.07357999999999998,0.4271772512728813,0.1718559936587736
sim,4005,1,swing,left,pitch,frequency,"[8.00,12.00)",0,,nan,nan,nan
sim,4005,1,swing,left,pitch,frequency,"[12.00,20.00)",0,,nan,nan,nan
sim,4005,1,swing,left,pitch,frequency,"[20.00,1000.00)",0,,nan,nan,nan
sim,4005,1,swing,left,pitch,amplitude,"[0.000,0.005)",0,,nan,nan,nan
sim,4005,1,swing,left,pitch,amplitude,"[0.005,0.010)",0,,nan,nan,nan
sim,4005,1,swing,left,pitch,amplitude,"[0.010,0.020)",0,,nan,nan,nan
sim,4005,1,swing,left,pitch,amplitude,"[0.020,0.040)",0,,nan,nan,nan
sim,4005,1,swing,left,pitch,amplitude,"[0.040,0.080)",0,,nan,nan,nan
sim,4005,1,swing,left,pitch,amplitude,"[0.080,1.000)",2,########################,0.114017,1.070096139638548,0.1181424270209433
sim,4005,1,swing,left,roll,frequency,"[0.00,1.00)",0,,nan,nan,nan
sim,4005,1,swing,left,roll,frequency,"[1.00,2.50)",0,,nan,nan,nan
sim,4005,1,swing,left,roll,frequency,"[2.50,5.00)",0,,nan,nan,nan
sim,4005,1,swing,left,roll,frequency,"[5.00,8.00)",1,############,0.13711785999999998,0.26271568955610275,0.19625386648743542
sim,4005,1,swing,left,roll,frequency,"[8.00,12.00)",2,########################,0.00530827,nan,0.009509270408386884
sim,4005,1,swing,left,roll,frequency,"[12.00,20.00)",1,############,0.0030279,nan,0.00461732511049417
sim,4005,1,swing,left,roll,frequency,"[20.00,1000.00)",1,############,0.002697100000000001,nan,0.005577406450433152
sim,4005,1,swing,left,roll,amplitude,"[0.000,0.005)",3,########################,0.004437880000000001,nan,0.008198649089068972
sim,4005,1,swing,left,roll,amplitude,"[0.005,0.010)",1,########,0.0030279,nan,0.00461732511049417
sim,4005,1,swing,left,roll,amplitude,"[0.010,0.020)",0,,nan,nan,nan
sim,4005,1,swing,left,roll,amplitude,"[0.020,0.040)",0,,nan,nan,nan
sim,4005,1,swing,left,roll,amplitude,"[0.040,0.080)",0,,nan,nan,nan
sim,4005,1,swing,left,roll,amplitude,"[0.080,1.000)",1,########,0.13711785999999998,0.26271568955610275,0.19625386648743542
sim,4005,1,swing,right,pitch,frequency,"[0.00,1.00)",0,,nan,nan,nan
sim,4005,1,swing,right,pitch,frequency,"[1.00,2.50)",0,,nan,nan,nan
sim,4005,1,swing,right,pitch,frequency,"[2.50,5.00)",1,########################,0.07356100000000002,0.13402873306671284,0.3068077377576736
sim,4005,1,swing,right,pitch,frequency,"[5.00,8.00)",0,,nan,nan,nan
sim,4005,1,swing,right,pitch,frequency,"[8.00,12.00)",0,,nan,nan,nan
sim,4005,1,swing,right,pitch,frequency,"[12.00,20.00)",1,########################,0.063282,0.1203182781796922,0.23389530451785476
sim,4005,1,swing,right,pitch,frequency,"[20.00,1000.00)",1,########################,0.009577000000000002,0.34564024830373896,0.020825934808950754
sim,4005,1,swing,right,pitch,amplitude,"[0.000,0.005)",0,,nan,nan,nan
sim,4005,1,swing,right,pitch,amplitude,"[0.005,0.010)",0,,nan,nan,nan
sim,4005,1,swing,right,pitch,amplitude,"[0.010,0.020)",0,,nan,nan,nan
sim,4005,1,swing,right,pitch,amplitude,"[0.020,0.040)",1,############,0.009577000000000002,0.34564024830373896,0.020825934808950754
sim,4005,1,swing,right,pitch,amplitude,"[0.040,0.080)",0,,nan,nan,nan
sim,4005,1,swing,right,pitch,amplitude,"[0.080,1.000)",2,########################,0.06842150000000001,0.1271735056232025,0.2703515211377642
sim,4005,1,swing,right,roll,frequency,"[0.00,1.00)",0,,nan,nan,nan
sim,4005,1,swing,right,roll,frequency,"[1.00,2.50)",0,,nan,nan,nan
sim,4005,1,swing,right,roll,frequency,"[2.50,5.00)",1,########################,0.02200221,0.0954343169888119,0.1658299515119293
sim,4005,1,swing,right,roll,frequency,"[5.00,8.00)",1,########################,0.0055177,0.07484265639411862,0.22157590372218236
sim,4005,1,swing,right,roll,frequency,"[8.00,12.00)",0,,nan,nan,nan
sim,4005,1,swing,right,roll,frequency,"[12.00,20.00)",0,,nan,nan,nan
sim,4005,1,swing,right,roll,frequency,"[20.00,1000.00)",0,,nan,nan,nan
sim,4005,1,swing,right,roll,amplitude,"[0.000,0.005)",0,,nan,nan,nan
sim,4005,1,swing,right,roll,amplitude,"[0.005,0.010)",0,,nan,nan,nan
sim,4005,1,swing,right,roll,amplitude,"[0.010,0.020)",0,,nan,nan,nan
sim,4005,1,swing,right,roll,amplitude,"[0.020,0.040)",0,,nan,nan,nan
sim,4005,1,swing,right,roll,amplitude,"[0.040,0.080)",1,########################,0.0055177,0.07484265639411862,0.22157590372218236
sim,4005,1,swing,right,roll,amplitude,"[0.080,1.000)",1,########################,0.02200221,0.0954343169888119,0.1658299515119293
sim,4005,1,touchdown,left,pitch,frequency,"[0.00,1.00)",0,,nan,nan,nan
sim,4005,1,touchdown,left,pitch,frequency,"[1.00,2.50)",0,,nan,nan,nan
sim,4005,1,touchdown,left,pitch,frequency,"[2.50,5.00)",0,,nan,nan,nan
sim,4005,1,touchdown,left,pitch,frequency,"[5.00,8.00)",1,########################,0.08628199999999997,0.42471228723037685,0.11146939373168353
sim,4005,1,touchdown,left,pitch,frequency,"[8.00,12.00)",0,,nan,nan,nan
sim,4005,1,touchdown,left,pitch,frequency,"[12.00,20.00)",0,,nan,nan,nan
sim,4005,1,touchdown,left,pitch,frequency,"[20.00,1000.00)",0,,nan,nan,nan
sim,4005,1,touchdown,left,pitch,amplitude,"[0.000,0.005)",0,,nan,nan,nan
sim,4005,1,touchdown,left,pitch,amplitude,"[0.005,0.010)",0,,nan,nan,nan
sim,4005,1,touchdown,left,pitch,amplitude,"[0.010,0.020)",0,,nan,nan,nan
sim,4005,1,touchdown,left,pitch,amplitude,"[0.020,0.040)",0,,nan,nan,nan
sim,4005,1,touchdown,left,pitch,amplitude,"[0.040,0.080)",0,,nan,nan,nan
sim,4005,1,touchdown,left,pitch,amplitude,"[0.080,1.000)",1,########################,0.08628199999999997,0.42471228723037685,0.11146939373168353
sim,4005,1,touchdown,left,roll,frequency,"[0.00,1.00)",0,,nan,nan,nan
sim,4005,1,touchdown,left,roll,frequency,"[1.00,2.50)",0,,nan,nan,nan
sim,4005,1,touchdown,left,roll,frequency,"[2.50,5.00)",0,,nan,nan,nan
sim,4005,1,touchdown,left,roll,frequency,"[5.00,8.00)",0,,nan,nan,nan
sim,4005,1,touchdown,left,roll,frequency,"[8.00,12.00)",0,,nan,nan,nan
sim,4005,1,touchdown,left,roll,frequency,"[12.00,20.00)",3,########################,0.019550999999999995,2.0860416083474815,0.17854530592091125
sim,4005,1,touchdown,left,roll,frequency,"[20.00,1000.00)",0,,nan,nan,nan
sim,4005,1,touchdown,left,roll,amplitude,"[0.000,0.005)",1,############,0.009649999999999992,nan,0.1625038383846671
sim,4005,1,touchdown,left,roll,amplitude,"[0.005,0.010)",0,,nan,nan,nan
sim,4005,1,touchdown,left,roll,amplitude,"[0.010,0.020)",2,########################,0.024501499999999996,2.0860416083474815,0.18656603968903335
sim,4005,1,touchdown,left,roll,amplitude,"[0.020,0.040)",0,,nan,nan,nan
sim,4005,1,touchdown,left,roll,amplitude,"[0.040,0.080)",0,,nan,nan,nan
sim,4005,1,touchdown,left,roll,amplitude,"[0.080,1.000)",0,,nan,nan,nan
sim,4005,1,touchdown,right,pitch,frequency,"[0.00,1.00)",0,,nan,nan,nan
sim,4005,1,touchdown,right,pitch,frequency,"[1.00,2.50)",0,,nan,nan,nan
sim,4005,1,touchdown,right,pitch,frequency,"[2.50,5.00)",1,########################,0.10407899999999998,0.8263779715116,0.01042961319070331
sim,4005,1,touchdown,right,pitch,frequency,"[5.00,8.00)",0,,nan,nan,nan
sim,4005,1,touchdown,right,pitch,frequency,"[8.00,12.00)",0,,nan,nan,nan
sim,4005,1,touchdown,right,pitch,frequency,"[12.00,20.00)",0,,nan,nan,nan
sim,4005,1,touchdown,right,pitch,frequency,"[20.00,1000.00)",0,,nan,nan,nan
sim,4005,1,touchdown,right,pitch,amplitude,"[0.000,0.005)",0,,nan,nan,nan
sim,4005,1,touchdown,right,pitch,amplitude,"[0.005,0.010)",0,,nan,nan,nan
sim,4005,1,touchdown,right,pitch,amplitude,"[0.010,0.020)",0,,nan,nan,nan
sim,4005,1,touchdown,right,pitch,amplitude,"[0.020,0.040)",0,,nan,nan,nan
sim,4005,1,touchdown,right,pitch,amplitude,"[0.040,0.080)",0,,nan,nan,nan
sim,4005,1,touchdown,right,pitch,amplitude,"[0.080,1.000)",1,########################,0.10407899999999998,0.8263779715116,0.01042961319070331
sim,4005,1,touchdown,right,roll,frequency,"[0.00,1.00)",0,,nan,nan,nan
sim,4005,1,touchdown,right,roll,frequency,"[1.00,2.50)",0,,nan,nan,nan
sim,4005,1,touchdown,right,roll,frequency,"[2.50,5.00)",0,,nan,nan,nan
sim,4005,1,touchdown,right,roll,frequency,"[5.00,8.00)",0,,nan,nan,nan
sim,4005,1,touchdown,right,roll,frequency,"[8.00,12.00)",1,########,0.0132335,0.7712773707738126,0.003977807179643327
sim,4005,1,touchdown,right,roll,frequency,"[12.00,20.00)",0,,nan,nan,nan
sim,4005,1,touchdown,right,roll,frequency,"[20.00,1000.00)",3,########################,0.0006178433333333333,nan,0.0017239802704773106
sim,4005,1,touchdown,right,roll,amplitude,"[0.000,0.005)",3,########################,0.0006178433333333333,nan,0.0017239802704773106
sim,4005,1,touchdown,right,roll,amplitude,"[0.005,0.010)",0,,nan,nan,nan
sim,4005,1,touchdown,right,roll,amplitude,"[0.010,0.020)",1,########,0.0132335,0.7712773707738126,0.003977807179643327
sim,4005,1,touchdown,right,roll,amplitude,"[0.020,0.040)",0,,nan,nan,nan
sim,4005,1,touchdown,right,roll,amplitude,"[0.040,0.080)",0,,nan,nan,nan
sim,4005,1,touchdown,right,roll,amplitude,"[0.080,1.000)",0,,nan,nan,nan
sim,4005,2,swing,left,pitch,frequency,"[0.00,1.00)",0,,nan,nan,nan
sim,4005,2,swing,left,pitch,frequency,"[1.00,2.50)",0,,nan,nan,nan
sim,4005,2,swing,left,pitch,frequency,"[2.50,5.00)",1,########################,0.015581000000000012,0.024561027398447947,0.42506840685465497
sim,4005,2,swing,left,pitch,frequency,"[5.00,8.00)",0,,nan,nan,nan
sim,4005,2,swing,left,pitch,frequency,"[8.00,12.00)",0,,nan,nan,nan
sim,4005,2,swing,left,pitch,frequency,"[12.00,20.00)",1,########################,0.026660000000000017,0.04259132932555211,0.30359315663843284
sim,4005,2,swing,left,pitch,frequency,"[20.00,1000.00)",0,,nan,nan,nan
sim,4005,2,swing,left,pitch,amplitude,"[0.000,0.005)",0,,nan,nan,nan
sim,4005,2,swing,left,pitch,amplitude,"[0.005,0.010)",0,,nan,nan,nan
sim,4005,2,swing,left,pitch,amplitude,"[0.010,0.020)",0,,nan,nan,nan
sim,4005,2,swing,left,pitch,amplitude,"[0.020,0.040)",0,,nan,nan,nan
sim,4005,2,swing,left,pitch,amplitude,"[0.040,0.080)",0,,nan,nan,nan
sim,4005,2,swing,left,pitch,amplitude,"[0.080,1.000)",2,########################,0.021120500000000014,0.033576178362000025,0.3643307817465439
sim,4005,2,swing,left,roll,frequency,"[0.00,1.00)",0,,nan,nan,nan
sim,4005,2,swing,left,roll,frequency,"[1.00,2.50)",0,,nan,nan,nan
sim,4005,2,swing,left,roll,frequency,"[2.50,5.00)",1,########,0.223684,0.5650667758651483,0.09786610256015295
sim,4005,2,swing,left,roll,frequency,"[5.00,8.00)",0,,nan,nan,nan
sim,4005,2,swing,left,roll,frequency,"[8.00,12.00)",1,########,0.015925999999999996,0.7324993100910665,0.1790021210623867
sim,4005,2,swing,left,roll,frequency,"[12.00,20.00)",3,########################,0.015935096666666666,1.3707398677576355,0.12058872785870561
sim,4005,2,swing,left,roll,frequency,"[20.00,1000.00)",1,########,0.01670671,0.8170876450408321,0.005346573634335546
sim,4005,2,swing,left,roll,amplitude,"[0.000,0.005)",2,########################,0.0164315,nan,0.1792417277686999
sim,4005,2,swing,left,roll,amplitude,"[0.005,0.010)",0,,nan,nan,nan
sim,4005,2,swing,left,roll,amplitude,"[0.010,0.020)",1,############,0.01494229,1.3707398677576355,0.003282728038717036
sim,4005,2,swing,left,roll,amplitude,"[0.020,0.040)",2,########################,0.016316354999999998,0.7747934775659493,0.09217434734836112
sim,4005,2,swing,left,roll,amplitude,"[0.040,0.080)",0,,nan,nan,nan
sim,4005,2,swing,left,roll,amplitude,"[0.080,1.000)",1,############,0.223684,0.5650667758651483,0.09786610256015295
sim,4005,2,swing,right,pitch,frequency,"[0.00,1.00)",0,,nan,nan,nan
sim,4005,2,swing,right,pitch,frequency,"[1.00,2.50)",0,,nan,nan,nan
sim,4005,2,swing,right,pitch,frequency,"[2.50,5.00)",1,########################,0.13846199999999997,0.5844919792868422,0.1044841452780341
sim,4005,2,swing,right,pitch,frequency,"[5.00,8.00)",0,,nan,nan,nan
sim,4005,2,swing,right,pitch,frequency,"[8.00,12.00)",0,,nan,nan,nan
sim,4005,2,swing,right,pitch,frequency,"[12.00,20.00)",0,,nan,nan,nan
sim,4005,2,swing,right,pitch,frequency,"[20.00,1000.00)",0,,nan,nan,nan
sim,4005,2,swing,right,pitch,amplitude,"[0.000,0.005)",0,,nan,nan,nan
sim,4005,2,swing,right,pitch,amplitude,"[0.005,0.010)",0,,nan,nan,nan
sim,4005,2,swing,right,pitch,amplitude,"[0.010,0.020)",0,,nan,nan,nan
sim,4005,2,swing,right,pitch,amplitude,"[0.020,0.040)",0,,nan,nan,nan
sim,4005,2,swing,right,pitch,amplitude,"[0.040,0.080)",0,,nan,nan,nan
sim,4005,2,swing,right,pitch,amplitude,"[0.080,1.000)",1,########################,0.13846199999999997,0.5844919792868422,0.1044841452780341
sim,4005,2,swing,right,roll,frequency,"[0.00,1.00)",0,,nan,nan,nan
sim,4005,2,swing,right,roll,frequency,"[1.00,2.50)",0,,nan,nan,nan
sim,4005,2,swing,right,roll,frequency,"[2.50,5.00)",0,,nan,nan,nan
sim,4005,2,swing,right,roll,frequency,"[5.00,8.00)",1,######,0.01374521,0.9611430049857004,0.005622843950453231
sim,4005,2,swing,right,roll,frequency,"[8.00,12.00)",1,######,0.02178114,0.31106773338177623,0.06478105669479764
sim,4005,2,swing,right,roll,frequency,"[12.00,20.00)",3,##################,0.0074297866666666644,0.042139331274504296,0.09631307381425391
sim,4005,2,swing,right,roll,frequency,"[20.00,1000.00)",4,########################,0.0015233775000000017,0.050858617634207404,0.07772838170033405
sim,4005,2,swing,right,roll,amplitude,"[0.000,0.005)",2,########################,0.0011079849999999997,nan,0.002311857958392012
sim,4005,2,swing,right,roll,amplitude,"[0.005,0.010)",0,,nan,nan,nan
sim,4005,2,swing,right,roll,amplitude,"[0.010,0.020)",1,############,0.01374521,0.9611430049857004,0.005622843950453231
sim,4005,2,swing,right,roll,amplitude,"[0.020,0.040)",2,########################,0.0018683000000000016,0.07157684329061265,0.08781050008690011
sim,4005,2,swing,right,roll,amplitude,"[0.040,0.080)",2,########################,0.011315169999999998,0.16357149931845189,0.09056267206539217
sim,4005,2,swing,right,roll,amplitude,"[0.080,1.000)",2,########################,0.010790550000000003,0.03881278180763899,0.1516318723587635
sim,4005,2,touchdown,left,pitch,frequency,"[0.00,1.00)",0,,nan,nan,nan
sim,4005,2,touchdown,left,pitch,frequency,"[1.00,2.50)",0,,nan,nan,nan
sim,4005,2,touchdown,left,pitch,frequency,"[2.50,5.00)",0,,nan,nan,nan
sim,4005,2,touchdown,left,pitch,frequency,"[5.00,8.00)",1,########,0.022258,0.34495156915924063,0.022767775966142243
sim,4005,2,touchdown,left,pitch,frequency,"[8.00,12.00)",0,,nan,nan,nan
sim,4005,2,touchdown,left,pitch,frequency,"[12.00,20.00)",0,,nan,nan,nan
sim,4005,2,touchdown,left,pitch,frequency,"[20.00,1000.00)",3,########################,0.00847933333333332,nan,0.01203464567890225
sim,4005,2,touchdown,left,pitch,amplitude,"[0.000,0.005)",3,########################,0.00847933333333332,nan,0.01203464567890225
sim,4005,2,touchdown,left,pitch,amplitude,"[0.005,0.010)",0,,nan,nan,nan
sim,4005,2,touchdown,left,pitch,amplitude,"[0.010,0.020)",0,,nan,nan,nan
sim,4005,2,touchdown,left,pitch,amplitude,"[0.020,0.040)",0,,nan,nan,nan
sim,4005,2,touchdown,left,pitch,amplitude,"[0.040,0.080)",1,########,0.022258,0.34495156915924063,0.022767775966142243
sim,4005,2,touchdown,left,pitch,amplitude,"[0.080,1.000)",0,,nan,nan,nan
sim,4005,2,touchdown,left,roll,frequency,"[0.00,1.00)",0,,nan,nan,nan
sim,4005,2,touchdown,left,roll,frequency,"[1.00,2.50)",0,,nan,nan,nan
sim,4005,2,touchdown,left,roll,frequency,"[2.50,5.00)",0,,nan,nan,nan
sim,4005,2,touchdown,left,roll,frequency,"[5.00,8.00)",0,,nan,nan,nan
sim,4005,2,touchdown,left,roll,frequency,"[8.00,12.00)",1,########################,0.01319253,0.5715896851097164,0.004589688667970846
sim,4005,2,touchdown,left,roll,frequency,"[12.00,20.00)",1,########################,0.00167967,nan,0.000699539038967805
sim,4005,2,touchdown,left,roll,frequency,"[20.00,1000.00)",1,########################,0.00270366,nan,0.004248908980569835
sim,4005,2,touchdown,left,roll,amplitude,"[0.000,0.005)",2,########################,0.002191665,nan,0.00247422400976882
sim,4005,2,touchdown,left,roll,amplitude,"[0.005,0.010)",0,,nan,nan,nan
sim,4005,2,touchdown,left,roll,amplitude,"[0.010,0.020)",0,,nan,nan,nan
sim,4005,2,touchdown,left,roll,amplitude,"[0.020,0.040)",1,############,0.01319253,0.5715896851097164,0.004589688667970846
sim,4005,2,touchdown,left,roll,amplitude,"[0.040,0.080)",0,,nan,nan,nan
sim,4005,2,touchdown,left,roll,amplitude,"[0.080,1.000)",0,,nan,nan,nan
sim,4005,2,touchdown,right,pitch,frequency,"[0.00,1.00)",0,,nan,nan,nan
sim,4005,2,touchdown,right,pitch,frequency,"[1.00,2.50)",0,,nan,nan,nan
sim,4005,2,touchdown,right,pitch,frequency,"[2.50,5.00)",0,,nan,nan,nan
sim,4005,2,touchdown,right,pitch,frequency,"[5.00,8.00)",1,########################,0.03402100000000002,0.3063878457118672,0.5226893074100308
sim,4005,2,touchdown,right,pitch,frequency,"[8.00,12.00)",0,,nan,nan,nan
sim,4005,2,touchdown,right,pitch,frequency,"[12.00,20.00)",1,########################,0.02101299999999995,0.5718912445908046,0.5678649058169557
sim,4005,2,touchdown,right,pitch,frequency,"[20.00,1000.00)",0,,nan,nan,nan
sim,4005,2,touchdown,right,pitch,amplitude,"[0.000,0.005)",0,,nan,nan,nan
sim,4005,2,touchdown,right,pitch,amplitude,"[0.005,0.010)",0,,nan,nan,nan
sim,4005,2,touchdown,right,pitch,amplitude,"[0.010,0.020)",0,,nan,nan,nan
sim,4005,2,touchdown,right,pitch,amplitude,"[0.020,0.040)",1,########################,0.02101299999999995,0.5718912445908046,0.5678649058169557
sim,4005,2,touchdown,right,pitch,amplitude,"[0.040,0.080)",0,,nan,nan,nan
sim,4005,2,touchdown,right,pitch,amplitude,"[0.080,1.000)",1,########################,0.03402100000000002,0.3063878457118672,0.5226893074100308
sim,4005,2,touchdown,right,roll,frequency,"[0.00,1.00)",0,,nan,nan,nan
sim,4005,2,touchdown,right,roll,frequency,"[1.00,2.50)",0,,nan,nan,nan
sim,4005,2,touchdown,right,roll,frequency,"[2.50,5.00)",0,,nan,nan,nan
sim,4005,2,touchdown,right,roll,frequency,"[5.00,8.00)",0,,nan,nan,nan
sim,4005,2,touchdown,right,roll,frequency,"[8.00,12.00)",1,########,0.024705300000000003,0.1978846107635746,0.24532073462863146
sim,4005,2,touchdown,right,roll,frequency,"[12.00,20.00)",0,,nan,nan,nan
sim,4005,2,touchdown,right,roll,frequency,"[20.00,1000.00)",3,########################,0.0019909333333333334,0.06532479756089157,0.13995251458017832
sim,4005,2,touchdown,right,roll,amplitude,"[0.000,0.005)",1,############,0.002220299999999998,nan,0.11152215751011098
sim,4005,2,touchdown,right,roll,amplitude,"[0.005,0.010)",0,,nan,nan,nan
sim,4005,2,touchdown,right,roll,amplitude,"[0.010,0.020)",0,,nan,nan,nan
sim,4005,2,touchdown,right,roll,amplitude,"[0.020,0.040)",2,########################,0.0018762500000000012,0.06532479756089157,0.154167693115212
sim,4005,2,touchdown,right,roll,amplitude,"[0.040,0.080)",0,,nan,nan,nan
sim,4005,2,touchdown,right,roll,amplitude,"[0.080,1.000)",1,############,0.024705300000000003,0.1978846107635746,0.24532073462863146
sim,4005,3,swing,left,pitch,frequency,"[0.00,1.00)",0,,nan,nan,nan
sim,4005,3,swing,left,pitch,frequency,"[1.00,2.50)",0,,nan,nan,nan
sim,4005,3,swing,left,pitch,frequency,"[2.50,5.00)",1,########,0.138954,0.9125980218307918,0.02585548295453984
sim,4005,3,swing,left,pitch,frequency,"[5.00,8.00)",0,,nan,nan,nan
sim,4005,3,swing,left,pitch,frequency,"[8.00,12.00)",1,########,0.05315800000000001,0.3481455769570828,0.14839975680685372
sim,4005,3,swing,left,pitch,frequency,"[12.00,20.00)",0,,nan,nan,nan
sim,4005,3,swing,left,pitch,frequency,"[20.00,1000.00)",3,########################,0.00778,nan,0.0335062593435947
sim,4005,3,swing,left,pitch,amplitude,"[0.000,0.005)",2,########################,0.005534000000000011,nan,0.008152883259155277
sim,4005,3,swing,left,pitch,amplitude,"[0.005,0.010)",1,############,0.012271999999999977,nan,0.08421301151247354
sim,4005,3,swing,left,pitch,amplitude,"[0.010,0.020)",0,,nan,nan,nan
sim,4005,3,swing,left,pitch,amplitude,"[0.020,0.040)",0,,nan,nan,nan
sim,4005,3,swing,left,pitch,amplitude,"[0.040,0.080)",0,,nan,nan,nan
sim,4005,3,swing,left,pitch,amplitude,"[0.080,1.000)",2,########################,0.096056,0.6303717993939373,0.08712761988069678
sim,4005,3,swing,left,roll,frequency,"[0.00,1.00)",0,,nan,nan,nan
sim,4005,3,swing,left,roll,frequency,"[1.00,2.50)",0,,nan,nan,nan
sim,4005,3,swing,left,roll,frequency,"[2.50,5.00)",0,,nan,nan,nan
sim,4005,3,swing,left,roll,frequency,"[5.00,8.00)",1,############,0.005675759999999999,0.2540920124168323,0.011946474796587486
sim,4005,3,swing,left,roll,frequency,"[8.00,12.00)",1,############,0.01275814,0.23891670310552723,0.05614706462149765
sim,4005,3,swing,left,roll,frequency,"[12.00,20.00)",2,########################,0.007062835,nan,0.015012227139072087
sim,4005,3,swing,left,roll,frequency,"[20.00,1000.00)",1,############,0.00234819,nan,0.010356215846710934
sim,4005,3,swing,left,roll,amplitude,"[0.000,0.005)",1,############,0.009334499999999999,nan,0.009087370176871855
sim,4005,3,swing,left,roll,amplitude,"[0.005,0.010)",2,########################,0.00356968,nan,0.015646649973991626
sim,4005,3,swing,left,roll,amplitude,"[0.010,0.020)",0,,nan,nan,nan
sim,4005,3,swing,left,roll,amplitude,"[0.020,0.040)",1,############,0.005675759999999999,0.2540920124168323,0.011946474796587486
sim,4005,3,swing,left,roll,amplitude,"[0.040,0.080)",1,############,0.01275814,0.23891670310552723,0.05614706462149765
sim,4005,3,swing,left,roll,amplitude,"[0.080,1.000)",0,,nan,nan,nan
sim,4005,3,swing,right,pitch,frequency,"[0.00,1.00)",0,,nan,nan,nan
sim,4005,3,swing,right,pitch,frequency,"[1.00,2.50)",0,,nan,nan,nan
sim,4005,3,swing,right,pitch,frequency,"[2.50,5.00)",0,,nan,nan,nan
sim,4005,3,swing,right,pitch,frequency,"[5.00,8.00)",1,############,0.03908499999999998,0.9741295516287407,0.6577904868022189
sim,4005,3,swing,right,pitch,frequency,"[8.00,12.00)",2,########################,0.04048899999999997,0.31798995754250275,0.4081502294231174
sim,4005,3,swing,right,pitch,frequency,"[12.00,20.00)",2,########################,0.026250999999999997,1.0419750801875154,0.6037956909673639
sim,4005,3,swing,right,pitch,frequency,"[20.00,1000.00)",0,,nan,nan,nan
sim,4005,3,swing,right,pitch,amplitude,"[0.000,0.005)",1,############,0.018716999999999984,nan,0.6150638848585162
sim,4005,3,swing,right,pitch,amplitude,"[0.005,0.010)",0,,nan,nan,nan
sim,4005,3,swing,right,pitch,amplitude,"[0.010,0.020)",0,,nan,nan,nan
sim,4005,3,swing,right,pitch,amplitude,"[0.020,0.040)",1,############,0.03378500000000001,1.0419750801875154,0.5925274970762117
sim,4005,3,swing,right,pitch,amplitude,"[0.040,0.080)",2,########################,0.038458999999999965,0.77113896112748,0.6094965521349478
sim,4005,3,swing,right,pitch,amplitude,"[0.080,1.000)",1,############,0.04314499999999999,0.06783154445878617,0.2550978413785581
sim,4005,3,swing,right,roll,frequency,"[0.00,1.00)",0,,nan,nan,nan
sim,4005,3,swing,right,roll,frequency,"[1.00,2.50)",0,,nan,nan,nan
sim,4005,3,swing,right,roll,frequency,"[2.50,5.00)",0,,nan,nan,nan
sim,4005,3,swing,right,roll,frequency,"[5.00,8.00)",2,################,0.0546052465,0.30719010783173145,0.20733904815778298
sim,4005,3,swing,right,roll,frequency,"[8.00,12.00)",0,,nan,nan,nan
sim,4005,3,swing,right,roll,frequency,"[12.00,20.00)",2,################,0.0111599,0.4374853925345289,0.012048248843428144
sim,4005,3,swing,right,roll,frequency,"[20.00,1000.00)",3,########################,0.005169131000000001,0.3611372327563491,0.11382616194503438
sim,4005,3,swing,right,roll,amplitude,"[0.000,0.005)",0,,nan,nan,nan
sim,4005,3,swing,right,roll,amplitude,"[0.005,0.010)",0,,nan,nan,nan
sim,4005,3,swing,right,roll,amplitude,"[0.010,0.020)",2,########################,0.0085656215,0.7202748050156399,0.01953917166774123
sim,4005,3,swing,right,roll,amplitude,"[0.020,0.040)",2,########################,0.0018762500000000012,0.06532479756089157,0.154167693115212
sim,4005,3,swing,right,roll,amplitude,"[0.040,0.080)",1,############,0.01694345,0.3871832781850423,0.01816125395605298
sim,4005,3,swing,right,roll,amplitude,"[0.080,1.000)",2,########################,0.0546052465,0.30719010783173145,0.20733904815778298
sim,4005,3,touchdown,left,pitch,frequency,"[0.00,1.00)",0,,nan,nan,nan
sim,4005,3,touchdown,left,pitch,frequency,"[1.00,2.50)",0,,nan,nan,nan
sim,4005,3,touchdown,left,pitch,frequency,"[2.50,5.00)",0,,nan,nan,nan
sim,4005,3,touchdown,left,pitch,frequency,"[5.00,8.00)",1,########################,0.04866599999999999,0.17303343620667583,0.2790891893443086
sim,4005,3,touchdown,left,pitch,frequency,"[8.00,12.00)",0,,nan,nan,nan
sim,4005,3,touchdown,left,pitch,frequency,"[12.00,20.00)",1,########################,0.017702000000000023,0.543639825563541,0.04652472282023827
sim,4005,3,touchdown,left,pitch,frequency,"[20.00,1000.00)",1,########################,0.012271999999999977,nan,0.01886146068928206
sim,4005,3,touchdown,left,pitch,amplitude,"[0.000,0.005)",1,########################,0.012271999999999977,nan,0.01886146068928206
sim,4005,3,touchdown,left,pitch,amplitude,"[0.005,0.010)",0,,nan,nan,nan
sim,4005,3,touchdown,left,pitch,amplitude,"[0.010,0.020)",0,,nan,nan,nan
sim,4005,3,touchdown,left,pitch,amplitude,"[0.020,0.040)",1,########################,0.017702000000000023,0.543639825563541,0.04652472282023827
sim,4005,3,touchdown,left,pitch,amplitude,"[0.040,0.080)",0,,nan,nan,nan
sim,4005,3,touchdown,left,pitch,amplitude,"[0.080,1.000)",1,########################,0.04866599999999999,0.17303343620667583,0.2790891893443086
sim,4005,3,touchdown,left,roll,frequency,"[0.00,1.00)",0,,nan,nan,nan
sim,4005,3,touchdown,left,roll,frequency,"[1.00,2.50)",0,,nan,nan,nan
sim,4005,3,touchdown,left,roll,frequency,"[2.50,5.00)",0,,nan,nan,nan
sim,4005,3,touchdown,left,roll,frequency,"[5.00,8.00)",0,,nan,nan,nan
sim,4005,3,touchdown,left,roll,frequency,"[8.00,12.00)",0,,nan,nan,nan
sim,4005,3,touchdown,left,roll,frequency,"[12.00,20.00)",1,############,0.0626699,1.7650012673557323,0.2839584363575988
sim,4005,3,touchdown,left,roll,frequency,"[20.00,1000.00)",2,########################,0.0158745,nan,0.19987507018476133
sim,4005,3,touchdown,left,roll,amplitude,"[0.000,0.005)",0,,nan,nan,nan
sim,4005,3,touchdown,left,roll,amplitude,"[0.005,0.010)",2,########################,0.0158745,nan,0.19987507018476133
sim,4005,3,touchdown,left,roll,amplitude,"[0.010,0.020)",0,,nan,nan,nan
sim,4005,3,touchdown,left,roll,amplitude,"[0.020,0.040)",1,############,0.0626699,1.7650012673557323,0.2839584363575988
sim,4005,3,touchdown,left,roll,amplitude,"[0.040,0.080)",0,,nan,nan,nan
sim,4005,3,touchdown,left,roll,amplitude,"[0.080,1.000)",0,,nan,nan,nan
sim,4005,3,touchdown,right,pitch,frequency,"[0.00,1.00)",0,,nan,nan,nan
sim,4005,3,touchdown,right,pitch,frequency,"[1.00,2.50)",0,,nan,nan,nan
sim,4005,3,touchdown,right,pitch,frequency,"[2.50,5.00)",1,########################,0.06751799999999997,0.6900858544562549,0.013423887113305498
sim,4005,3,touchdown,right,pitch,frequency,"[5.00,8.00)",0,,nan,nan,nan
sim,4005,3,touchdown,right,pitch,frequency,"[8.00,12.00)",0,,nan,nan,nan
sim,4005,3,touchdown,right,pitch,frequency,"[12.00,20.00)",0,,nan,nan,nan
sim,4005,3,touchdown,right,pitch,frequency,"[20.00,1000.00)",0,,nan,nan,nan
sim,4005,3,touchdown,right,pitch,amplitude,"[0.000,0.005)",0,,nan,nan,nan
sim,4005,3,touchdown,right,pitch,amplitude,"[0.005,0.010)",0,,nan,nan,nan
sim,4005,3,touchdown,right,pitch,amplitude,"[0.010,0.020)",0,,nan,nan,nan
sim,4005,3,touchdown,right,pitch,amplitude,"[0.020,0.040)",0,,nan,nan,nan
sim,4005,3,touchdown,right,pitch,amplitude,"[0.040,0.080)",0,,nan,nan,nan
sim,4005,3,touchdown,right,pitch,amplitude,"[0.080,1.000)",1,########################,0.06751799999999997,0.6900858544562549,0.013423887113305498
sim,4005,3,touchdown,right,roll,frequency,"[0.00,1.00)",0,,nan,nan,nan
sim,4005,3,touchdown,right,roll,frequency,"[1.00,2.50)",0,,nan,nan,nan
sim,4005,3,touchdown,right,roll,frequency,"[2.50,5.00)",0,,nan,nan,nan
sim,4005,3,touchdown,right,roll,frequency,"[5.00,8.00)",0,,nan,nan,nan
sim,4005,3,touchdown,right,roll,frequency,"[8.00,12.00)",0,,nan,nan,nan
sim,4005,3,touchdown,right,roll,frequency,"[12.00,20.00)",3,########################,0.005402115666666666,nan,0.0023159594117102495
sim,4005,3,touchdown,right,roll,frequency,"[20.00,1000.00)",1,########,0.0012534430000000001,nan,0.0011562568553473169
sim,4005,3,touchdown,right,roll,amplitude,"[0.000,0.005)",2,########################,0.0025974865,nan,0.002065396825168711
sim,4005,3,touchdown,right,roll,amplitude,"[0.005,0.010)",2,########################,0.0061324084999999995,nan,0.0019866707200703222
sim,4005,3,touchdown,right,roll,amplitude,"[0.010,0.020)",0,,nan,nan,nan
sim,4005,3,touchdown,right,roll,amplitude,"[0.020,0.040)",0,,nan,nan,nan
sim,4005,3,touchdown,right,roll,amplitude,"[0.040,0.080)",0,,nan,nan,nan
sim,4005,3,touchdown,right,roll,amplitude,"[0.080,1.000)",0,,nan,nan,nan
sim,4005,4,swing,left,pitch,frequency,"[0.00,1.00)",0,,nan,nan,nan
sim,4005,4,swing,left,pitch,frequency,"[1.00,2.50)",0,,nan,nan,nan
sim,4005,4,swing,left,pitch,frequency,"[2.50,5.00)",1,########################,0.06077199999999999,0.38983523796999825,0.527613320488453
sim,4005,4,swing,left,pitch,frequency,"[5.00,8.00)",0,,nan,nan,nan
sim,4005,4,swing,left,pitch,frequency,"[8.00,12.00)",0,,nan,nan,nan
sim,4005,4,swing,left,pitch,frequency,"[12.00,20.00)",0,,nan,nan,nan
sim,4005,4,swing,left,pitch,frequency,"[20.00,1000.00)",0,,nan,nan,nan
sim,4005,4,swing,left,pitch,amplitude,"[0.000,0.005)",0,,nan,nan,nan
sim,4005,4,swing,left,pitch,amplitude,"[0.005,0.010)",0,,nan,nan,nan
sim,4005,4,swing,left,pitch,amplitude,"[0.010,0.020)",0,,nan,nan,nan
sim,4005,4,swing,left,pitch,amplitude,"[0.020,0.040)",0,,nan,nan,nan
sim,4005,4,swing,left,pitch,amplitude,"[0.040,0.080)",0,,nan,nan,nan
sim,4005,4,swing,left,pitch,amplitude,"[0.080,1.000)",1,########################,0.06077199999999999,0.38983523796999825,0.527613320488453
sim,4005,4,swing,left,roll,frequency,"[0.00,1.00)",0,,nan,nan,nan
sim,4005,4,swing,left,roll,frequency,"[1.00,2.50)",0,,nan,nan,nan
sim,4005,4,swing,left,roll,frequency,"[2.50,5.00)",1,############,0.240974306,0.5755306976741853,0.0912253262796571
sim,4005,4,swing,left,roll,frequency,"[5.00,8.00)",0,,nan,nan,nan
sim,4005,4,swing,left,roll,frequency,"[8.00,12.00)",0,,nan,nan,nan
sim,4005,4,swing,left,roll,frequency,"[12.00,20.00)",2,########################,0.027486499999999997,2.349541737555569,0.19443924981515648
sim,4005,4,swing,left,roll,frequency,"[20.00,1000.00)",2,########################,0.003402217,nan,0.002840953379436531
sim,4005,4,swing,left,roll,amplitude,"[0.000,0.005)",3,########################,0.006322144666666668,nan,0.062128777770302866
sim,4005,4,swing,left,roll,amplitude,"[0.005,0.010)",0,,nan,nan,nan
sim,4005,4,swing,left,roll,amplitude,"[0.010,0.020)",1,########,0.04281099999999999,2.349541737555569,0.20817407307827746
sim,4005,4,swing,left,roll,amplitude,"[0.020,0.040)",0,,nan,nan,nan
sim,4005,4,swing,left,roll,amplitude,"[0.040,0.080)",0,,nan,nan,nan
sim,4005,4,swing,left,roll,amplitude,"[0.080,1.000)",1,########,0.240974306,0.5755306976741853,0.0912253262796571
sim,4005,4,swing,right,pitch,frequency,"[0.00,1.00)",0,,nan,nan,nan
sim,4005,4,swing,right,pitch,frequency,"[1.00,2.50)",0,,nan,nan,nan
sim,4005,4,swing,right,pitch,frequency,"[2.50,5.00)",1,#####,0.187683,0.47150810592583864,0.06978861773660217
sim,4005,4,swing,right,pitch,frequency,"[5.00,8.00)",0,,nan,nan,nan
sim,4005,4,swing,right,pitch,frequency,"[8.00,12.00)",0,,nan,nan,nan
sim,4005,4,swing,right,pitch,frequency,"[12.00,20.00)",1,#####,0.007157999999999998,0.0919637695124301,0.4057965655094311
sim,4005,4,swing,right,pitch,frequency,"[20.00,1000.00)",5,########################,0.0162926,0.15495790083764824,0.4325425268980556
sim,4005,4,swing,right,pitch,amplitude,"[0.000,0.005)",0,,nan,nan,nan
sim,4005,4,swing,right,pitch,amplitude,"[0.005,0.010)",0,,nan,nan,nan
sim,4005,4,swing,right,pitch,amplitude,"[0.010,0.020)",0,,nan,nan,nan
sim,4005,4,swing,right,pitch,amplitude,"[0.020,0.040)",0,,nan,nan,nan
sim,4005,4,swing,right,pitch,amplitude,"[0.040,0.080)",4,########################,0.007455749999999997,0.13515539485250952,0.4492049452872154
sim,4005,4,swing,right,pitch,amplitude,"[0.080,1.000)",3,##################,0.08216033333333334,0.2658799334054906,0.28049267886248336
sim,4005,4,swing,right,roll,frequency,"[0.00,1.00)",0,,nan,nan,nan
sim,4005,4,swing,right,roll,frequency,"[1.00,2.50)",0,,nan,nan,nan
sim,4005,4,swing,right,roll,frequency,"[2.50,5.00)",0,,nan,nan,nan
sim,4005,4,swing,right,roll,frequency,"[5.00,8.00)",1,############,0.002181229,0.14280114883607348,0.007521665302624162
sim,4005,4,swing,right,roll,frequency,"[8.00,12.00)",2,########################,0.0074090895,0.1951858156548615,0.033023532365652475
sim,4005,4,swing,right,roll,frequency,"[12.00,20.00)",2,########################,0.007891099999999998,0.11004891352117102,0.14147701844058694
sim,4005,4,swing,right,roll,frequency,"[20.00,1000.00)",2,########################,0.0021264000000000005,nan,0.14401910255701778
sim,4005,4,swing,right,roll,amplitude,"[0.000,0.005)",1,############,0.0017245000000000003,nan,0.15240166173562544
sim,4005,4,swing,right,roll,amplitude,"[0.005,0.010)",1,############,0.0025283000000000007,nan,0.13563654337841013
sim,4005,4,swing,right,roll,amplitude,"[0.010,0.020)",2,########################,0.003512574,0.20284992269624944,0.012089608172093985
sim,4005,4,swing,right,roll,amplitude,"[0.020,0.040)",1,############,0.0014178999999999997,0.05847492576707351,0.12842841172584243
sim,4005,4,swing,right,roll,amplitude,"[0.040,0.080)",1,############,0.00997426,0.12747293475329763,0.049389513689741135
sim,4005,4,swing,right,roll,amplitude,"[0.080,1.000)",1,############,0.014364299999999998,0.16162290127526852,0.15452562515533144
sim,4005,4,touchdown,left,pitch,frequency,"[0.00,1.00)",0,,nan,nan,nan
sim,4005,4,touchdown,left,pitch,frequency,"[1.00,2.50)",0,,nan,nan,nan
sim,4005,4,touchdown,left,pitch,frequency,"[2.50,5.00)",1,########################,0.038827999999999974,nan,0.01691572556152195
sim,4005,4,touchdown,left,pitch,frequency,"[5.00,8.00)",0,,nan,nan,nan
sim,4005,4,touchdown,left,pitch,frequency,"[8.00,12.00)",1,########################,0.012037999999999993,0.276544911555249,0.019538048576218305
sim,4005,4,touchdown,left,pitch,frequency,"[12.00,20.00)",0,,nan,nan,nan
sim,4005,4,touchdown,left,pitch,frequency,"[20.00,1000.00)",0,,nan,nan,nan
sim,4005,4,touchdown,left,pitch,amplitude,"[0.000,0.005)",1,########################,0.038827999999999974,nan,0.01691572556152195
sim,4005,4,touchdown,left,pitch,amplitude,"[0.005,0.010)",0,,nan,nan,nan
sim,4005,4,touchdown,left,pitch,amplitude,"[0.010,0.020)",0,,nan,nan,nan
sim,4005,4,touchdown,left,pitch,amplitude,"[0.020,0.040)",0,,nan,nan,nan
sim,4005,4,touchdown,left,pitch,amplitude,"[0.040,0.080)",1,########################,0.012037999999999993,0.276544911555249,0.019538048576218305
sim,4005,4,touchdown,left,pitch,amplitude,"[0.080,1.000)",0,,nan,nan,nan
sim,4005,4,touchdown,left,roll,frequency,"[0.00,1.00)",0,,nan,nan,nan
sim,4005,4,touchdown,left,roll,frequency,"[1.00,2.50)",0,,nan,nan,nan
sim,4005,4,touchdown,left,roll,frequency,"[2.50,5.00)",0,,nan,nan,nan
sim,4005,4,touchdown,left,roll,frequency,"[5.00,8.00)",0,,nan,nan,nan
sim,4005,4,touchdown,left,roll,frequency,"[8.00,12.00)",0,,nan,nan,nan
sim,4005,4,touchdown,left,roll,frequency,"[12.00,20.00)",2,########################,0.004185505,nan,0.0012541010069333693
sim,4005,4,touchdown,left,roll,frequency,"[20.00,1000.00)",0,,nan,nan,nan
sim,4005,4,touchdown,left,roll,amplitude,"[0.000,0.005)",2,########################,0.004185505,nan,0.0012541010069333693
sim,4005,4,touchdown,left,roll,amplitude,"[0.005,0.010)",0,,nan,nan,nan
sim,4005,4,touchdown,left,roll,amplitude,"[0.010,0.020)",0,,nan,nan,nan
sim,4005,4,touchdown,left,roll,amplitude,"[0.020,0.040)",0,,nan,nan,nan
sim,4005,4,touchdown,left,roll,amplitude,"[0.040,0.080)",0,,nan,nan,nan
sim,4005,4,touchdown,left,roll,amplitude,"[0.080,1.000)",0,,nan,nan,nan
sim,4005,4,touchdown,right,pitch,frequency,"[0.00,1.00)",0,,nan,nan,nan
sim,4005,4,touchdown,right,pitch,frequency,"[1.00,2.50)",0,,nan,nan,nan
sim,4005,4,touchdown,right,pitch,frequency,"[2.50,5.00)",0,,nan,nan,nan
sim,4005,4,touchdown,right,pitch,frequency,"[5.00,8.00)",0,,nan,nan,nan
sim,4005,4,touchdown,right,pitch,frequency,"[8.00,12.00)",1,############,0.026886999999999994,0.30795221569368547,0.4551547570032794
sim,4005,4,touchdown,right,pitch,frequency,"[12.00,20.00)",2,########################,0.004264500000000004,0.17384895064274114,0.4322380412945464
sim,4005,4,touchdown,right,pitch,frequency,"[20.00,1000.00)",1,############,0.005237999999999993,0.35783576991392185,0.48351784532975967
sim,4005,4,touchdown,right,pitch,amplitude,"[0.000,0.005)",0,,nan,nan,nan
sim,4005,4,touchdown,right,pitch,amplitude,"[0.005,0.010)",0,,nan,nan,nan
sim,4005,4,touchdown,right,pitch,amplitude,"[0.010,0.020)",2,########################,0.004605999999999999,0.2984151185388711,0.44710386949779435
sim,4005,4,touchdown,right,pitch,amplitude,"[0.020,0.040)",0,,nan,nan,nan
sim,4005,4,touchdown,right,pitch,amplitude,"[0.040,0.080)",1,############,0.0045550000000000035,0.10870343412166196,0.4537861889232637
sim,4005,4,touchdown,right,pitch,amplitude,"[0.080,1.000)",1,############,0.026886999999999994,0.30795221569368547,0.4551547570032794
sim,4005,4,touchdown,right,roll,frequency,"[0.00,1.00)",0,,nan,nan,nan
sim,4005,4,touchdown,right,roll,frequency,"[1.00,2.50)",0,,nan,nan,nan
sim,4005,4,touchdown,right,roll,frequency,"[2.50,5.00)",0,,nan,nan,nan
sim,4005,4,touchdown,right,roll,frequency,"[5.00,8.00)",1,########################,0.030567000000000004,0.18211336582343343,0.22295944785028632
sim,4005,4,touchdown,right,roll,frequency,"[8.00,12.00)",0,,nan,nan,nan
sim,4005,4,touchdown,right,roll,frequency,"[12.00,20.00)",0,,nan,nan,nan
sim,4005,4,touchdown,right,roll,frequency,"[20.00,1000.00)",1,########################,0.002094800000000001,nan,0.14475888237062806
sim,4005,4,touchdown,right,roll,amplitude,"[0.000,0.005)",1,########################,0.002094800000000001,nan,0.14475888237062806
sim,4005,4,touchdown,right,roll,amplitude,"[0.005,0.010)",0,,nan,nan,nan
sim,4005,4,touchdown,right,roll,amplitude,"[0.010,0.020)",0,,nan,nan,nan
sim,4005,4,touchdown,right,roll,amplitude,"[0.020,0.040)",0,,nan,nan,nan
sim,4005,4,touchdown,right,roll,amplitude,"[0.040,0.080)",0,,nan,nan,nan
sim,4005,4,touchdown,right,roll,amplitude,"[0.080,1.000)",1,########################,0.030567000000000004,0.18211336582343343,0.22295944785028632
sim,4005,5,swing,left,pitch,frequency,"[0.00,1.00)",0,,nan,nan,nan
sim,4005,5,swing,left,pitch,frequency,"[1.00,2.50)",0,,nan,nan,nan
sim,4005,5,swing,left,pitch,frequency,"[2.50,5.00)",2,########################,0.13950500000000002,0.7851862270507769,0.11203272084595918
sim,4005,5,swing,left,pitch,frequency,"[5.00,8.00)",0,,nan,nan,nan
sim,4005,5,swing,left,pitch,frequency,"[8.00,12.00)",0,,nan,nan,nan
sim,4005,5,swing,left,pitch,frequency,"[12.00,20.00)",1,############,0.018718999999999986,nan,0.012327774381452633
sim,4005,5,swing,left,pitch,frequency,"[20.00,1000.00)",0,,nan,nan,nan
sim,4005,5,swing,left,pitch,amplitude,"[0.000,0.005)",1,############,0.018718999999999986,nan,0.012327774381452633
sim,4005,5,swing,left,pitch,amplitude,"[0.005,0.010)",0,,nan,nan,nan
sim,4005,5,swing,left,pitch,amplitude,"[0.010,0.020)",0,,nan,nan,nan
sim,4005,5,swing,left,pitch,amplitude,"[0.020,0.040)",0,,nan,nan,nan
sim,4005,5,swing,left,pitch,amplitude,"[0.040,0.080)",0,,nan,nan,nan
sim,4005,5,swing,left,pitch,amplitude,"[0.080,1.000)",2,########################,0.13950500000000002,0.7851862270507769,0.11203272084595918
sim,4005,5,swing,left,roll,frequency,"[0.00,1.00)",0,,nan,nan,nan
sim,4005,5,swing,left,roll,frequency,"[1.00,2.50)",0,,nan,nan,nan
sim,4005,5,swing,left,roll,frequency,"[2.50,5.00)",0,,nan,nan,nan
sim,4005,5,swing,left,roll,frequency,"[5.00,8.00)",1,########,0.042202671399999996,nan,0.05603489988107609
sim,4005,5,swing,left,roll,frequency,"[8.00,12.00)",0,,nan,nan,nan
sim,4005,5,swing,left,roll,frequency,"[12.00,20.00)",3,########################,0.014107399999999999,0.47302526864828304,0.016794160070718687
sim,4005,5,swing,left,roll,frequency,"[20.00,1000.00)",1,########,0.0506906,0.13915456845162522,0.17801021637282505
sim,4005,5,swing,left,roll,amplitude,"[0.000,0.005)",3,########################,0.025736010466666664,nan,0.032353870462422635
sim,4005,5,swing,left,roll,amplitude,"[0.005,0.010)",0,,nan,nan,nan
sim,4005,5,swing,left,roll,amplitude,"[0.010,0.020)",1,########,0.00731684,0.47302526864828304,0.009355768705964251
sim,4005,5,swing,left,roll,amplitude,"[0.020,0.040)",0,,nan,nan,nan
sim,4005,5,swing,left,roll,amplitude,"[0.040,0.080)",0,,nan,nan,nan
sim,4005,5,swing,left,roll,amplitude,"[0.080,1.000)",1,########,0.0506906,0.13915456845162522,0.17801021637282505
sim,4005,5,swing,right,pitch,frequency,"[0.00,1.00)",0,,nan,nan,nan
sim,4005,5,swing,right,pitch,frequency,"[1.00,2.50)",0,,nan,nan,nan
sim,4005,5,swing,right,pitch,frequency,"[2.50,5.00)",0,,nan,nan,nan
sim,4005,5,swing,right,pitch,frequency,"[5.00,8.00)",1,############,0.044269,0.5388145082765335,0.48104014717825033
sim,4005,5,swing,right,pitch,frequency,"[8.00,12.00)",2,########################,0.022958000000000006,0.0765488830244273,0.39796865699310424
sim,4005,5,swing,right,pitch,frequency,"[12.00,20.00)",1,############,0.015095999999999998,0.7184466019417474,0.5011811216962886
sim,4005,5,swing,right,pitch,frequency,"[20.00,1000.00)",0,,nan,nan,nan
sim,4005,5,swing,right,pitch,amplitude,"[0.000,0.005)",0,,nan,nan,nan
sim,4005,5,swing,right,pitch,amplitude,"[0.005,0.010)",0,,nan,nan,nan
sim,4005,5,swing,right,pitch,amplitude,"[0.010,0.020)",0,,nan,nan,nan
sim,4005,5,swing,right,pitch,amplitude,"[0.020,0.040)",1,############,0.015095999999999998,0.7184466019417474,0.5011811216962886
sim,4005,5,swing,right,pitch,amplitude,"[0.040,0.080)",1,############,0.0044299999999999895,0.08398104265402825,0.5699780530719708
sim,4005,5,swing,right,pitch,amplitude,"[0.080,1.000)",2,########################,0.04287750000000001,0.30396561583567994,0.35349970404624403
sim,4005,5,swing,right,roll,frequency,"[0.00,1.00)",0,,nan,nan,nan
sim,4005,5,swing,right,roll,frequency,"[1.00,2.50)",0,,nan,nan,nan
sim,4005,5,swing,right,roll,frequency,"[2.50,5.00)",0,,nan,nan,nan
sim,4005,5,swing,right,roll,frequency,"[5.00,8.00)",2,################,0.076233735,0.44304006535088064,0.198150171988088
sim,4005,5,swing,right,roll,frequency,"[8.00,12.00)",0,,nan,nan,nan
sim,4005,5,swing,right,roll,frequency,"[12.00,20.00)",3,########################,0.02082874,0.9431137326298362,0.08468301330898274
sim,4005,5,swing,right,roll,frequency,"[20.00,1000.00)",0,,nan,nan,nan
sim,4005,5,swing,right,roll,amplitude,"[0.000,0.005)",0,,nan,nan,nan
sim,4005,5,swing,right,roll,amplitude,"[0.005,0.010)",0,,nan,nan,nan
sim,4005,5,swing,right,roll,amplitude,"[0.010,0.020)",2,########################,0.015328609999999998,1.1164474389354597,0.120042646343519
sim,4005,5,swing,right,roll,amplitude,"[0.020,0.040)",0,,nan,nan,nan
sim,4005,5,swing,right,roll,amplitude,"[0.040,0.080)",1,############,0.031828999999999996,0.596446320018589,0.01396374723991021
sim,4005,5,swing,right,roll,amplitude,"[0.080,1.000)",2,########################,0.076233735,0.44304006535088064,0.198150171988088
sim,4005,5,touchdown,left,pitch,frequency,"[0.00,1.00)",0,,nan,nan,nan
sim,4005,5,touchdown,left,pitch,frequency,"[1.00,2.50)",0,,nan,nan,nan
sim,4005,5,touchdown,left,pitch,frequency,"[2.50,5.00)",0,,nan,nan,nan
sim,4005,5,touchdown,left,pitch,frequency,"[5.00,8.00)",1,########################,0.056091999999999975,0.39802449512510096,0.13711095223941813
sim,4005,5,touchdown,left,pitch,frequency,"[8.00,12.00)",0,,nan,nan,nan
sim,4005,5,touchdown,left,pitch,frequency,"[12.00,20.00)",0,,nan,nan,nan
sim,4005,5,touchdown,left,pitch,frequency,"[20.00,1000.00)",0,,nan,nan,nan
sim,4005,5,touchdown,left,pitch,amplitude,"[0.000,0.005)",0,,nan,nan,nan
sim,4005,5,touchdown,left,pitch,amplitude,"[0.005,0.010)",0,,nan,nan,nan
sim,4005,5,touchdown,left,pitch,amplitude,"[0.010,0.020)",0,,nan,nan,nan
sim,4005,5,touchdown,left,pitch,amplitude,"[0.020,0.040)",0,,nan,nan,nan
sim,4005,5,touchdown,left,pitch,amplitude,"[0.040,0.080)",0,,nan,nan,nan
sim,4005,5,touchdown,left,pitch,amplitude,"[0.080,1.000)",1,########################,0.056091999999999975,0.39802449512510096,0.13711095223941813
sim,4005,5,touchdown,left,roll,frequency,"[0.00,1.00)",0,,nan,nan,nan
sim,4005,5,touchdown,left,roll,frequency,"[1.00,2.50)",0,,nan,nan,nan
sim,4005,5,touchdown,left,roll,frequency,"[2.50,5.00)",0,,nan,nan,nan
sim,4005,5,touchdown,left,roll,frequency,"[5.00,8.00)",0,,nan,nan,nan
sim,4005,5,touchdown,left,roll,frequency,"[8.00,12.00)",0,,nan,nan,nan
sim,4005,5,touchdown,left,roll,frequency,"[12.00,20.00)",1,############,0.044407,3.435213119826728,0.23205039374347117
sim,4005,5,touchdown,left,roll,frequency,"[20.00,1000.00)",2,########################,0.024038500000000004,nan,0.23282432270659809
sim,4005,5,touchdown,left,roll,amplitude,"[0.000,0.005)",2,########################,0.024038500000000004,nan,0.23282432270659809
sim,4005,5,touchdown,left,roll,amplitude,"[0.005,0.010)",0,,nan,nan,nan
sim,4005,5,touchdown,left,roll,amplitude,"[0.010,0.020)",1,############,0.044407,3.435213119826728,0.23205039374347117
sim,4005,5,touchdown,left,roll,amplitude,"[0.020,0.040)",0,,nan,nan,nan
sim,4005,5,touchdown,left,roll,amplitude,"[0.040,0.080)",0,,nan,nan,nan
sim,4005,5,touchdown,left,roll,amplitude,"[0.080,1.000)",0,,nan,nan,nan
sim,4005,5,touchdown,right,pitch,frequency,"[0.00,1.00)",0,,nan,nan,nan
sim,4005,5,touchdown,right,pitch,frequency,"[1.00,2.50)",0,,nan,nan,nan
sim,4005,5,touchdown,right,pitch,frequency,"[2.50,5.00)",1,########################,0.07056699999999999,0.733575200632043,0.014610035873698909
sim,4005,5,touchdown,right,pitch,frequency,"[5.00,8.00)",0,,nan,nan,nan
sim,4005,5,touchdown,right,pitch,frequency,"[8.00,12.00)",0,,nan,nan,nan
sim,4005,5,touchdown,right,pitch,frequency,"[12.00,20.00)",0,,nan,nan,nan
sim,4005,5,touchdown,right,pitch,frequency,"[20.00,1000.00)",0,,nan,nan,nan
sim,4005,5,touchdown,right,pitch,amplitude,"[0.000,0.005)",0,,nan,nan,nan
sim,4005,5,touchdown,right,pitch,amplitude,"[0.005,0.010)",0,,nan,nan,nan
sim,4005,5,touchdown,right,pitch,amplitude,"[0.010,0.020)",0,,nan,nan,nan
sim,4005,5,touchdown,right,pitch,amplitude,"[0.020,0.040)",0,,nan,nan,nan
sim,4005,5,touchdown,right,pitch,amplitude,"[0.040,0.080)",0,,nan,nan,nan
sim,4005,5,touchdown,right,pitch,amplitude,"[0.080,1.000)",1,########################,0.07056699999999999,0.733575200632043,0.014610035873698909
sim,4005,5,touchdown,right,roll,frequency,"[0.00,1.00)",0,,nan,nan,nan
sim,4005,5,touchdown,right,roll,frequency,"[1.00,2.50)",0,,nan,nan,nan
sim,4005,5,touchdown,right,roll,frequency,"[2.50,5.00)",0,,nan,nan,nan
sim,4005,5,touchdown,right,roll,frequency,"[5.00,8.00)",0,,nan,nan,nan
sim,4005,5,touchdown,right,roll,frequency,"[8.00,12.00)",0,,nan,nan,nan
sim,4005,5,touchdown,right,roll,frequency,"[12.00,20.00)",2,########################,0.005504215,0.7879475154722504,0.0020700079404721242
sim,4005,5,touchdown,right,roll,frequency,"[20.00,1000.00)",1,############,0.0009490900000000001,nan,0.002197503324375892
sim,4005,5,touchdown,right,roll,amplitude,"[0.000,0.005)",2,########################,0.001048865,nan,0.002327488690095952
sim,4005,5,touchdown,right,roll,amplitude,"[0.005,0.010)",0,,nan,nan,nan
sim,4005,5,touchdown,right,roll,amplitude,"[0.010,0.020)",1,############,0.00985979,0.7879475154722504,0.0016825418251282366
sim,4005,5,touchdown,right,roll,amplitude,"[0.020,0.040)",0,,nan,nan,nan
sim,4005,5,touchdown,right,roll,amplitude,"[0.040,0.080)",0,,nan,nan,nan
sim,4005,5,touchdown,right,roll,amplitude,"[0.080,1.000)",0,,nan,nan,nan
sim,4005,6,swing,left,pitch,frequency,"[0.00,1.00)",0,,nan,nan,nan
sim,4005,6,swing,left,pitch,frequency,"[1.00,2.50)",0,,nan,nan,nan
sim,4005,6,swing,left,pitch,frequency,"[2.50,5.00)",1,########################,0.022845999999999977,0.03615954771284447,0.4412429982715544
sim,4005,6,swing,left,pitch,frequency,"[5.00,8.00)",0,,nan,nan,nan
sim,4005,6,swing,left,pitch,frequency,"[8.00,12.00)",0,,nan,nan,nan
sim,4005,6,swing,left,pitch,frequency,"[12.00,20.00)",1,########################,0.03837799999999997,0.058915547422732584,0.3276429217673741
sim,4005,6,swing,left,pitch,frequency,"[20.00,1000.00)",0,,nan,nan,nan
sim,4005,6,swing,left,pitch,amplitude,"[0.000,0.005)",0,,nan,nan,nan
sim,4005,6,swing,left,pitch,amplitude,"[0.005,0.010)",0,,nan,nan,nan
sim,4005,6,swing,left,pitch,amplitude,"[0.010,0.020)",0,,nan,nan,nan
sim,4005,6,swing,left,pitch,amplitude,"[0.020,0.040)",0,,nan,nan,nan
sim,4005,6,swing,left,pitch,amplitude,"[0.040,0.080)",0,,nan,nan,nan
sim,4005,6,swing,left,pitch,amplitude,"[0.080,1.000)",2,########################,0.030611999999999973,0.047537547567788524,0.3844429600194642
sim,4005,6,swing,left,roll,frequency,"[0.00,1.00)",0,,nan,nan,nan
sim,4005,6,swing,left,roll,frequency,"[1.00,2.50)",0,,nan,nan,nan
sim,4005,6,swing,left,roll,frequency,"[2.50,5.00)",1,######,0.2793672,0.6935606480017199,0.11982377584398683
sim,4005,6,swing,left,roll,frequency,"[5.00,8.00)",0,,nan,nan,nan
sim,4005,6,swing,left,roll,frequency,"[8.00,12.00)",0,,nan,nan,nan
sim,4005,6,swing,left,roll,frequency,"[12.00,20.00)",4,########################,0.013664257500000002,0.7805143164084138,0.09610608695887482
sim,4005,6,swing,left,roll,frequency,"[20.00,1000.00)",1,######,0.01357418,0.6484711160921797,0.012021854572858825
sim,4005,6,swing,left,roll,amplitude,"[0.000,0.005)",2,########################,0.012936000000000003,nan,0.19022608069854535
sim,4005,6,swing,left,roll,amplitude,"[0.005,0.010)",0,,nan,nan,nan
sim,4005,6,swing,left,roll,amplitude,"[0.010,0.020)",1,############,0.010303600000000001,0.8089503022689801,0.00092843989170005
sim,4005,6,swing,left,roll,amplitude,"[0.020,0.040)",2,########################,0.016027805,0.7002747233200135,0.007532800559783669
sim,4005,6,swing,left,roll,amplitude,"[0.040,0.080)",0,,nan,nan,nan
sim,4005,6,swing,left,roll,amplitude,"[0.080,1.000)",1,############,0.2793672,0.6935606480017199,0.11982377584398683
sim,4005,6,swing,right,pitch,frequency,"[0.00,1.00)",0,,nan,nan,nan
sim,4005,6,swing,right,pitch,frequency,"[1.00,2.50)",0,,nan,nan,nan
sim,4005,6,swing,right,pitch,frequency,"[2.50,5.00)",1,######,0.19255699999999998,0.7336214628005909,0.029013149196477427
sim,4005,6,swing,right,pitch,frequency,"[5.00,8.00)",0,,nan,nan,nan
sim,4005,6,swing,right,pitch,frequency,"[8.00,12.00)",0,,nan,nan,nan
sim,4005,6,swing,right,pitch,frequency,"[12.00,20.00)",1,######,0.019994999999999985,0.8913605563480738,0.10307747704838337
sim,4005,6,swing,right,pitch,frequency,"[20.00,1000.00)",4,########################,0.013767999999999996,1.1582822496504777,0.12051542143845602
sim,4005,6,swing,right,pitch,amplitude,"[0.000,0.005)",1,########,0.004777999999999977,nan,0.1122172200239488
sim,4005,6,swing,right,pitch,amplitude,"[0.005,0.010)",0,,nan,nan,nan
sim,4005,6,swing,right,pitch,amplitude,"[0.010,0.020)",3,########################,0.016764666666666667,1.1582822496504777,0.12328148857662509
sim,4005,6,swing,right,pitch,amplitude,"[0.020,0.040)",1,########,0.019994999999999985,0.8913605563480738,0.10307747704838337
sim,4005,6,swing,right,pitch,amplitude,"[0.040,0.080)",0,,nan,nan,nan
sim,4005,6,swing,right,pitch,amplitude,"[0.080,1.000)",1,########,0.19255699999999998,0.7336214628005909,0.029013149196477427
sim,4005,6,swing,right,roll,frequency,"[0.00,1.00)",0,,nan,nan,nan
sim,4005,6,swing,right,roll,frequency,"[1.00,2.50)",0,,nan,nan,nan
sim,4005,6,swing,right,roll,frequency,"[2.50,5.00)",0,,nan,nan,nan
sim,4005,6,swing,right,roll,frequency,"[5.00,8.00)",0,,nan,nan,nan
sim,4005,6,swing,right,roll,frequency,"[8.00,12.00)",1,####,0.004569800000000001,0.3305597409802791,0.00864696270624795
sim,4005,6,swing,right,roll,frequency,"[12.00,20.00)",3,############,0.023424333333333335,0.12446973150168096,0.09447490848841124
sim,4005,6,swing,right,roll,frequency,"[20.00,1000.00)",6,########################,0.0018400333333333334,0.03902323852390666,0.06015386854266815
sim,4005,6,swing,right,roll,amplitude,"[0.000,0.005)",4,########################,0.0011722,nan,0.051884790188444
sim,4005,6,swing,right,roll,amplitude,"[0.005,0.010)",1,######,0.0024672999999999987,nan,0.01311538237019183
sim,4005,6,swing,right,roll,amplitude,"[0.010,0.020)",1,######,0.004569800000000001,0.3305597409802791,0.00864696270624795
sim,4005,6,swing,right,roll,amplitude,"[0.020,0.040)",1,######,0.0005485000000000004,0.015958220592941736,0.06316821778635993
sim,4005,6,swing,right,roll,amplitude,"[0.040,0.080)",0,,nan,nan,nan
sim,4005,6,swing,right,roll,amplitude,"[0.080,1.000)",3,##################,0.024536199999999998,0.13215807081200262,0.1201750586036383
sim,4005,6,touchdown,left,pitch,frequency,"[0.00,1.00)",0,,nan,nan,nan
sim,4005,6,touchdown,left,pitch,frequency,"[1.00,2.50)",0,,nan,nan,nan
sim,4005,6,touchdown,left,pitch,frequency,"[2.50,5.00)",0,,nan,nan,nan
sim,4005,6,touchdown,left,pitch,frequency,"[5.00,8.00)",1,########################,0.025187999999999988,0.4047110239889454,0.02206410779221916
sim,4005,6,touchdown,left,pitch,frequency,"[8.00,12.00)",1,########################,0.029168000000000027,nan,0.017514646566041053
sim,4005,6,touchdown,left,pitch,frequency,"[12.00,20.00)",0,,nan,nan,nan
sim,4005,6,touchdown,left,pitch,frequency,"[20.00,1000.00)",0,,nan,nan,nan
sim,4005,6,touchdown,left,pitch,amplitude,"[0.000,0.005)",1,########################,0.029168000000000027,nan,0.017514646566041053
sim,4005,6,touchdown,left,pitch,amplitude,"[0.005,0.010)",0,,nan,nan,nan
sim,4005,6,touchdown,left,pitch,amplitude,"[0.010,0.020)",0,,nan,nan,nan
sim,4005,6,touchdown,left,pitch,amplitude,"[0.020,0.040)",0,,nan,nan,nan
sim,4005,6,touchdown,left,pitch,amplitude,"[0.040,0.080)",1,########################,0.025187999999999988,0.4047110239889454,0.02206410779221916
sim,4005,6,touchdown,left,pitch,amplitude,"[0.080,1.000)",0,,nan,nan,nan
sim,4005,6,touchdown,left,roll,frequency,"[0.00,1.00)",0,,nan,nan,nan
sim,4005,6,touchdown,left,roll,frequency,"[1.00,2.50)",0,,nan,nan,nan
sim,4005,6,touchdown,left,roll,frequency,"[2.50,5.00)",0,,nan,nan,nan
sim,4005,6,touchdown,left,roll,frequency,"[5.00,8.00)",1,############,0.01577751,1.0112206808678645,0.001259946259831903
sim,4005,6,touchdown,left,roll,frequency,"[8.00,12.00)",0,,nan,nan,nan
sim,4005,6,touchdown,left,roll,frequency,"[12.00,20.00)",0,,nan,nan,nan
sim,4005,6,touchdown,left,roll,frequency,"[20.00,1000.00)",2,########################,0.0006643999999999999,nan,0.0022614763804225946
sim,4005,6,touchdown,left,roll,amplitude,"[0.000,0.005)",2,########################,0.0006643999999999999,nan,0.0022614763804225946
sim,4005,6,touchdown,left,roll,amplitude,"[0.005,0.010)",0,,nan,nan,nan
sim,4005,6,touchdown,left,roll,amplitude,"[0.010,0.020)",1,############,0.01577751,1.0112206808678645,0.001259946259831903
sim,4005,6,touchdown,left,roll,amplitude,"[0.020,0.040)",0,,nan,nan,nan
sim,4005,6,touchdown,left,roll,amplitude,"[0.040,0.080)",0,,nan,nan,nan
sim,4005,6,touchdown,left,roll,amplitude,"[0.080,1.000)",0,,nan,nan,nan
sim,4005,6,touchdown,right,pitch,frequency,"[0.00,1.00)",0,,nan,nan,nan
sim,4005,6,touchdown,right,pitch,frequency,"[1.00,2.50)",0,,nan,nan,nan
sim,4005,6,touchdown,right,pitch,frequency,"[2.50,5.00)",0,,nan,nan,nan
sim,4005,6,touchdown,right,pitch,frequency,"[5.00,8.00)",0,,nan,nan,nan
sim,4005,6,touchdown,right,pitch,frequency,"[8.00,12.00)",0,,nan,nan,nan
sim,4005,6,touchdown,right,pitch,frequency,"[12.00,20.00)",2,########################,0.013728000000000004,0.8795231101125792,0.15512232922387756
sim,4005,6,touchdown,right,pitch,frequency,"[20.00,1000.00)",2,########################,0.004642999999999994,0.4019848370585902,0.10536647753004352
sim,4005,6,touchdown,right,pitch,amplitude,"[0.000,0.005)",0,,nan,nan,nan
sim,4005,6,touchdown,right,pitch,amplitude,"[0.005,0.010)",0,,nan,nan,nan
sim,4005,6,touchdown,right,pitch,amplitude,"[0.010,0.020)",4,########################,0.0091855,0.6407539735855847,0.13024440337696055
sim,4005,6,touchdown,right,pitch,amplitude,"[0.020,0.040)",0,,nan,nan,nan
sim,4005,6,touchdown,right,pitch,amplitude,"[0.040,0.080)",0,,nan,nan,nan
sim,4005,6,touchdown,right,pitch,amplitude,"[0.080,1.000)",0,,nan,nan,nan
sim,4005,6,touchdown,right,roll,frequency,"[0.00,1.00)",0,,nan,nan,nan
sim,4005,6,touchdown,right,roll,frequency,"[1.00,2.50)",0,,nan,nan,nan
sim,4005,6,touchdown,right,roll,frequency,"[2.50,5.00)",0,,nan,nan,nan
sim,4005,6,touchdown,right,roll,frequency,"[5.00,8.00)",1,########################,0.0143643,0.09536591357229637,0.21082389338445193
sim,4005,6,touchdown,right,roll,frequency,"[8.00,12.00)",0,,nan,nan,nan
sim,4005,6,touchdown,right,roll,frequency,"[12.00,20.00)",0,,nan,nan,nan
sim,4005,6,touchdown,right,roll,frequency,"[20.00,1000.00)",1,########################,0.0007268999999999991,nan,0.0995600688993668
sim,4005,6,touchdown,right,roll,amplitude,"[0.000,0.005)",1,########################,0.0007268999999999991,nan,0.0995600688993668
sim,4005,6,touchdown,right,roll,amplitude,"[0.005,0.010)",0,,nan,nan,nan
sim,4005,6,touchdown,right,roll,amplitude,"[0.010,0.020)",0,,nan,nan,nan
sim,4005,6,touchdown,right,roll,amplitude,"[0.020,0.040)",0,,nan,nan,nan
sim,4005,6,touchdown,right,roll,amplitude,"[0.040,0.080)",0,,nan,nan,nan
sim,4005,6,touchdown,right,roll,amplitude,"[0.080,1.000)",1,########################,0.0143643,0.09536591357229637,0.21082389338445193
sim,5008,1,swing,left,pitch,frequency,"[0.00,1.00)",0,,nan,nan,nan
sim,5008,1,swing,left,pitch,frequency,"[1.00,2.50)",0,,nan,nan,nan
sim,5008,1,swing,left,pitch,frequency,"[2.50,5.00)",0,,nan,nan,nan
sim,5008,1,swing,left,pitch,frequency,"[5.00,8.00)",2,########################,0.0978015,1.6356682368531943,0.1502687018198648
sim,5008,1,swing,left,pitch,frequency,"[8.00,12.00)",0,,nan,nan,nan
sim,5008,1,swing,left,pitch,frequency,"[12.00,20.00)",0,,nan,nan,nan
sim,5008,1,swing,left,pitch,frequency,"[20.00,1000.00)",0,,nan,nan,nan
sim,5008,1,swing,left,pitch,amplitude,"[0.000,0.005)",0,,nan,nan,nan
sim,5008,1,swing,left,pitch,amplitude,"[0.005,0.010)",0,,nan,nan,nan
sim,5008,1,swing,left,pitch,amplitude,"[0.010,0.020)",0,,nan,nan,nan
sim,5008,1,swing,left,pitch,amplitude,"[0.020,0.040)",0,,nan,nan,nan
sim,5008,1,swing,left,pitch,amplitude,"[0.040,0.080)",1,########################,0.14551,2.9203042527143914,0.08998118252218576
sim,5008,1,swing,left,pitch,amplitude,"[0.080,1.000)",1,########################,0.050093,0.3510322209919973,0.2105562211175438
sim,5008,1,swing,left,roll,frequency,"[0.00,1.00)",0,,nan,nan,nan
sim,5008,1,swing,left,roll,frequency,"[1.00,2.50)",0,,nan,nan,nan
sim,5008,1,swing,left,roll,frequency,"[2.50,5.00)",1,########################,0.2274216,0.514740575246046,0.08463035268940457
sim,5008,1,swing,left,roll,frequency,"[5.00,8.00)",0,,nan,nan,nan
sim,5008,1,swing,left,roll,frequency,"[8.00,12.00)",1,########################,0.02349646,nan,0.010098470961417872
sim,5008,1,swing,left,roll,frequency,"[12.00,20.00)",1,########################,0.00361454,nan,0.0296710383744827
sim,5008,1,swing,left,roll,frequency,"[20.00,1000.00)",0,,nan,nan,nan
sim,5008,1,swing,left,roll,amplitude,"[0.000,0.005)",2,########################,0.0135555,nan,0.019884754667950286
sim,5008,1,swing,left,roll,amplitude,"[0.005,0.010)",0,,nan,nan,nan
sim,5008,1,swing,left,roll,amplitude,"[0.010,0.020)",0,,nan,nan,nan
sim,5008,1,swing,left,roll,amplitude,"[0.020,0.040)",0,,nan,nan,nan
sim,5008,1,swing,left,roll,amplitude,"[0.040,0.080)",0,,nan,nan,nan
sim,5008,1,swing,left,roll,amplitude,"[0.080,1.000)",1,############,0.2274216,0.514740575246046,0.08463035268940457
sim,5008,1,swing,right,pitch,frequency,"[0.00,1.00)",0,,nan,nan,nan
sim,5008,1,swing,right,pitch,frequency,"[1.00,2.50)",0,,nan,nan,nan
sim,5008,1,swing,right,pitch,frequency,"[2.50,5.00)",1,############,0.088387,0.21828220324973197,0.22456749171368903
sim,5008,1,swing,right,pitch,frequency,"[5.00,8.00)",0,,nan,nan,nan
sim,5008,1,swing,right,pitch,frequency,"[8.00,12.00)",0,,nan,nan,nan
sim,5008,1,swing,right,pitch,frequency,"[12.00,20.00)",1,############,0.061406000000000016,0.17976533138667092,0.1292154595802595
sim,5008,1,swing,right,pitch,frequency,"[20.00,1000.00)",2,########################,0.005819999999999992,0.25946939098210925,0.020176544375883045
sim,5008,1,swing,right,pitch,amplitude,"[0.000,0.005)",0,,nan,nan,nan
sim,5008,1,swing,right,pitch,amplitude,"[0.005,0.010)",0,,nan,nan,nan
sim,5008,1,swing,right,pitch,amplitude,"[0.010,0.020)",1,############,0.003047000000000022,0.19537060784816762,0.023802721202977332
sim,5008,1,swing,right,pitch,amplitude,"[0.020,0.040)",1,############,0.008592999999999962,0.3235681741160509,0.016550367548788754
sim,5008,1,swing,right,pitch,amplitude,"[0.040,0.080)",0,,nan,nan,nan
sim,5008,1,swing,right,pitch,amplitude,"[0.080,1.000)",2,########################,0.0748965,0.19902376731820143,0.17689147564697427
sim,5008,1,swing,right,roll,frequency,"[0.00,1.00)",0,,nan,nan,nan
sim,5008,1,swing,right,roll,frequency,"[1.00,2.50)",0,,nan,nan,nan
sim,5008,1,swing,right,roll,frequency,"[2.50,5.00)",1,########################,0.015801647000000002,0.07582534119166683,0.12466322019953734
sim,5008,1,swing,right,roll,frequency,"[5.00,8.00)",1,########################,0.010034753,0.49566574462830365,0.1935265259443382
sim,5008,1,swing,right,roll,frequency,"[8.00,12.00)",0,,nan,nan,nan
sim,5008,1,swing,right,roll,frequency,"[12.00,20.00)",1,########################,0.0065165399999999995,0.2738267521190821,0.015337055362924136
sim,5008,1,swing,right,roll,frequency,"[20.00,1000.00)",0,,nan,nan,nan
sim,5008,1,swing,right,roll,amplitude,"[0.000,0.005)",0,,nan,nan,nan
sim,5008,1,swing,right,roll,amplitude,"[0.005,0.010)",0,,nan,nan,nan
sim,5008,1,swing,right,roll,amplitude,"[0.010,0.020)",0,,nan,nan,nan
sim,5008,1,swing,right,roll,amplitude,"[0.020,0.040)",2,########################,0.0082756465,0.38474624837369287,0.10443179065363116
sim,5008,1,swing,right,roll,amplitude,"[0.040,0.080)",0,,nan,nan,nan
sim,5008,1,swing,right,roll,amplitude,"[0.080,1.000)",1,############,0.015801647000000002,0.07582534119166683,0.12466322019953734
sim,5008,1,touchdown,left,pitch,frequency,"[0.00,1.00)",0,,nan,nan,nan
sim,5008,1,touchdown,left,pitch,frequency,"[1.00,2.50)",0,,nan,nan,nan
sim,5008,1,touchdown,left,pitch,frequency,"[2.50,5.00)",1,########################,0.054179000000000005,nan,0.21699431346202858
sim,5008,1,touchdown,left,pitch,frequency,"[5.00,8.00)",0,,nan,nan,nan
sim,5008,1,touchdown,left,pitch,frequency,"[8.00,12.00)",0,,nan,nan,nan
sim,5008,1,touchdown,left,pitch,frequency,"[12.00,20.00)",0,,nan,nan,nan
sim,5008,1,touchdown,left,pitch,frequency,"[20.00,1000.00)",0,,nan,nan,nan
sim,5008,1,touchdown,left,pitch,amplitude,"[0.000,0.005)",1,########################,0.054179000000000005,nan,0.21699431346202858
sim,5008,1,touchdown,left,pitch,amplitude,"[0.005,0.010)",0,,nan,nan,nan
sim,5008,1,touchdown,left,pitch,amplitude,"[0.010,0.020)",0,,nan,nan,nan
sim,5008,1,touchdown,left,pitch,amplitude,"[0.020,0.040)",0,,nan,nan,nan
sim,5008,1,touchdown,left,pitch,amplitude,"[0.040,0.080)",0,,nan,nan,nan
sim,5008,1,touchdown,left,pitch,amplitude,"[0.080,1.000)",0,,nan,nan,nan
sim,5008,1,touchdown,left,roll,frequency,"[0.00,1.00)",0,,nan,nan,nan
sim,5008,1,touchdown,left,roll,frequency,"[1.00,2.50)",0,,nan,nan,nan
sim,5008,1,touchdown,left,roll,frequency,"[2.50,5.00)",0,,nan,nan,nan
sim,5008,1,touchdown,left,roll,frequency,"[5.00,8.00)",0,,nan,nan,nan
sim,5008,1,touchdown,left,roll,frequency,"[8.00,12.00)",0,,nan,nan,nan
sim,5008,1,touchdown,left,roll,frequency,"[12.00,20.00)",2,########################,0.0027105000000000046,0.0105489967230782,0.13639241764081877
sim,5008,1,touchdown,left,roll,frequency,"[20.00,1000.00)",2,########################,0.007076499999999986,nan,0.1292097746407789
sim,5008,1,touchdown,left,roll,amplitude,"[0.000,0.005)",2,########################,0.0069059999999999955,nan,0.12900108787809852
sim,5008,1,touchdown,left,roll,amplitude,"[0.005,0.010)",1,############,0.005526999999999976,nan,0.12596713128299247
sim,5008,1,touchdown,left,roll,amplitude,"[0.010,0.020)",0,,nan,nan,nan
sim,5008,1,touchdown,left,roll,amplitude,"[0.020,0.040)",1,############,0.00023500000000001298,0.0105489967230782,0.1472350775240058
sim,5008,1,touchdown,left,roll,amplitude,"[0.040,0.080)",0,,nan,nan,nan
sim,5008,1,touchdown,left,roll,amplitude,"[0.080,1.000)",0,,nan,nan,nan
sim,5008,1,touchdown,right,pitch,frequency,"[0.00,1.00)",0,,nan,nan,nan
sim,5008,1,touchdown,right,pitch,frequency,"[1.00,2.50)",0,,nan,nan,nan
sim,5008,1,touchdown,right,pitch,frequency,"[2.50,5.00)",0,,nan,nan,nan
sim,5008,1,touchdown,right,pitch,frequency,"[5.00,8.00)",1,########################,0.074539,0.9483695306436631,0.00859780076531202
sim,5008,1,touchdown,right,pitch,frequency,"[8.00,12.00)",0,,nan,nan,nan
sim,5008,1,touchdown,right,pitch,frequency,"[12.00,20.00)",0,,nan,nan,nan
sim,5008,1,touchdown,right,pitch,frequency,"[20.00,1000.00)",0,,nan,nan,nan
sim,5008,1,touchdown,right,pitch,amplitude,"[0.000,0.005)",0,,nan,nan,nan
sim,5008,1,touchdown,right,pitch,amplitude,"[0.005,0.010)",0,,nan,nan,nan
sim,5008,1,touchdown,right,pitch,amplitude,"[0.010,0.020)",0,,nan,nan,nan
sim,5008,1,touchdown,right,pitch,amplitude,"[0.020,0.040)",0,,nan,nan,nan
sim,5008,1,touchdown,right,pitch,amplitude,"[0.040,0.080)",1,########################,0.074539,0.9483695306436631,0.00859780076531202
sim,5008,1,touchdown,right,pitch,amplitude,"[0.080,1.000)",0,,nan,nan,nan
sim,5008,1,touchdown,right,roll,frequency,"[0.00,1.00)",0,,nan,nan,nan
sim,5008,1,touchdown,right,roll,frequency,"[1.00,2.50)",0,,nan,nan,nan
sim,5008,1,touchdown,right,roll,frequency,"[2.50,5.00)",0,,nan,nan,nan
sim,5008,1,touchdown,right,roll,frequency,"[5.00,8.00)",1,########################,0.01919753,0.8438634224734798,0.0034880206270892387
sim,5008,1,touchdown,right,roll,frequency,"[8.00,12.00)",0,,nan,nan,nan
sim,5008,1,touchdown,right,roll,frequency,"[12.00,20.00)",0,,nan,nan,nan
sim,5008,1,touchdown,right,roll,frequency,"[20.00,1000.00)",1,########################,0.00033228999999999984,nan,0.0020991013889519487
sim,5008,1,touchdown,right,roll,amplitude,"[0.000,0.005)",1,########################,0.00033228999999999984,nan,0.0020991013889519487
sim,5008,1,touchdown,right,roll,amplitude,"[0.005,0.010)",0,,nan,nan,nan
sim,5008,1,touchdown,right,roll,amplitude,"[0.010,0.020)",0,,nan,nan,nan
sim,5008,1,touchdown,right,roll,amplitude,"[0.020,0.040)",1,########################,0.01919753,0.8438634224734798,0.0034880206270892387
sim,5008,1,touchdown,right,roll,amplitude,"[0.040,0.080)",0,,nan,nan,nan
sim,5008,1,touchdown,right,roll,amplitude,"[0.080,1.000)",0,,nan,nan,nan
sim,5008,2,swing,left,pitch,frequency,"[0.00,1.00)",0,,nan,nan,nan
sim,5008,2,swing,left,pitch,frequency,"[1.00,2.50)",0,,nan,nan,nan
sim,5008,2,swing,left,pitch,frequency,"[2.50,5.00)",1,########################,0.018504999999999994,0.028047270373867603,0.25546957290745137
sim,5008,2,swing,left,pitch,frequency,"[5.00,8.00)",0,,nan,nan,nan
sim,5008,2,swing,left,pitch,frequency,"[8.00,12.00)",1,########################,0.05677399999999999,0.09762564741001602,0.23780295091472264
sim,5008,2,swing,left,pitch,frequency,"[12.00,20.00)",1,########################,0.03134100000000001,0.8648178807947023,0.027036412802921912
sim,5008,2,swing,left,pitch,frequency,"[20.00,1000.00)",1,########################,0.016900000000000026,0.5193927100620819,0.01872736317976097
sim,5008,2,swing,left,pitch,amplitude,"[0.000,0.005)",0,,nan,nan,nan
sim,5008,2,swing,left,pitch,amplitude,"[0.005,0.010)",0,,nan,nan,nan
sim,5008,2,swing,left,pitch,amplitude,"[0.010,0.020)",0,,nan,nan,nan
sim,5008,2,swing,left,pitch,amplitude,"[0.020,0.040)",2,########################,0.024120500000000017,0.6921052954283922,0.022881887991341443
sim,5008,2,swing,left,pitch,amplitude,"[0.040,0.080)",0,,nan,nan,nan
sim,5008,2,swing,left,pitch,amplitude,"[0.080,1.000)",2,########################,0.03763949999999999,0.06283645889194181,0.246636261911087
sim,5008,2,swing,left,roll,frequency,"[0.00,1.00)",0,,nan,nan,nan
sim,5008,2,swing,left,roll,frequency,"[1.00,2.50)",0,,nan,nan,nan
sim,5008,2,swing,left,roll,frequency,"[2.50,5.00)",0,,nan,nan,nan
sim,5008,2,swing,left,roll,frequency,"[5.00,8.00)",2,########################,0.11111455,0.40676066367354174,0.13564410022466733
sim,5008,2,swing,left,roll,frequency,"[8.00,12.00)",0,,nan,nan,nan
sim,5008,2,swing,left,roll,frequency,"[12.00,20.00)",1,############,0.007843300000000001,0.1736607291124667,0.015438480788924795
sim,5008,2,swing,left,roll,frequency,"[20.00,1000.00)",2,########################,0.01578975,1.3598883264757842,0.016407133182735692
sim,5008,2,swing,left,roll,amplitude,"[0.000,0.005)",0,,nan,nan,nan
sim,5008,2,swing,left,roll,amplitude,"[0.005,0.010)",0,,nan,nan,nan
sim,5008,2,swing,left,roll,amplitude,"[0.010,0.020)",2,########################,0.01578975,1.3598883264757842,0.016407133182735692
sim,5008,2,swing,left,roll,amplitude,"[0.020,0.040)",1,############,0.010109000000000007,0.2569779856627179,0.15187843311565558
sim,5008,2,swing,left,roll,amplitude,"[0.040,0.080)",1,############,0.007843300000000001,0.1736607291124667,0.015438480788924795
sim,5008,2,swing,left,roll,amplitude,"[0.080,1.000)",1,############,0.2121201,0.5565433416843656,0.11940976733367907
sim,5008,2,swing,right,pitch,frequency,"[0.00,1.00)",0,,nan,nan,nan
sim,5008,2,swing,right,pitch,frequency,"[1.00,2.50)",0,,nan,nan,nan
sim,5008,2,swing,right,pitch,frequency,"[2.50,5.00)",0,,nan,nan,nan
sim,5008,2,swing,right,pitch,frequency,"[5.00,8.00)",2,################,0.041769,0.6511880164312066,0.039806691248214184
sim,5008,2,swing,right,pitch,frequency,"[8.00,12.00)",0,,nan,nan,nan
sim,5008,2,swing,right,pitch,frequency,"[12.00,20.00)",2,################,0.003130999999999995,0.18933172606042237,0.02398667784909511
sim,5008,2,swing,right,pitch,frequency,"[20.00,1000.00)",3,########################,0.03242433333333334,1.6948031885311747,0.09208195204427394
sim,5008,2,swing,right,pitch,amplitude,"[0.000,0.005)",1,############,0.022845000000000004,nan,0.11481131907031933
sim,5008,2,swing,right,pitch,amplitude,"[0.005,0.010)",2,########################,0.011661500000000005,nan,0.059406168281034184
sim,5008,2,swing,right,pitch,amplitude,"[0.010,0.020)",1,############,0.0025129999999999875,0.18933172606042237,0.005730772766390236
sim,5008,2,swing,right,pitch,amplitude,"[0.020,0.040)",1,############,0.054854000000000014,1.6948031885311747,0.08486478343223415
sim,5008,2,swing,right,pitch,amplitude,"[0.040,0.080)",1,############,0.057193999999999995,1.1104552956023688,0.016082942516840632
sim,5008,2,swing,right,pitch,amplitude,"[0.080,1.000)",1,############,0.026344000000000006,0.19192073726004452,0.06353043997958774
sim,5008,2,swing,right,roll,frequency,"[0.00,1.00)",0,,nan,nan,nan
sim,5008,2,swing,right,roll,frequency,"[1.00,2.50)",0,,nan,nan,nan
sim,5008,2,swing,right,roll,frequency,"[2.50,5.00)",0,,nan,nan,nan
sim,5008,2,swing,right,roll,frequency,"[5.00,8.00)",1,######,0.021261969999999998,1.2903403366954325,0.008889736188054801
sim,5008,2,swing,right,roll,frequency,"[8.00,12.00)",1,######,0.054213300000000006,0.3986313094399502,0.07896117544883326
sim,5008,2,swing,right,roll,frequency,"[12.00,20.00)",4,########################,0.030770975,0.24837678920348316,0.034911805063358316
sim,5008,2,swing,right,roll,frequency,"[20.00,1000.00)",0,,nan,nan,nan
sim,5008,2,swing,right,roll,amplitude,"[0.000,0.005)",0,,nan,nan,nan
sim,5008,2,swing,right,roll,amplitude,"[0.005,0.010)",1,############,0.001857000000000001,nan,0.007350940332535695
sim,5008,2,swing,right,roll,amplitude,"[0.010,0.020)",1,############,0.021261969999999998,1.2903403366954325,0.008889736188054801
sim,5008,2,swing,right,roll,amplitude,"[0.020,0.040)",0,,nan,nan,nan
sim,5008,2,swing,right,roll,amplitude,"[0.040,0.080)",2,########################,0.003154650000000002,0.06980115288112704,0.04020505867365655
sim,5008,2,swing,right,roll,amplitude,"[0.080,1.000)",2,########################,0.08456545000000001,0.5020796856440728,0.06542366901120886
sim,5008,2,touchdown,left,pitch,frequency,"[0.00,1.00)",0,,nan,nan,nan
sim,5008,2,touchdown,left,pitch,frequency,"[1.00,2.50)",0,,nan,nan,nan
sim,5008,2,touchdown,left,pitch,frequency,"[2.50,5.00)",1,########################,0.05050199999999999,0.37582604036435074,0.032106098800500506
sim,5008,2,touchdown,left,pitch,frequency,"[5.00,8.00)",0,,nan,nan,nan
sim,5008,2,touchdown,left,pitch,frequency,"[8.00,12.00)",0,,nan,nan,nan
sim,5008,2,touchdown,left,pitch,frequency,"[12.00,20.00)",0,,nan,nan,nan
sim,5008,2,touchdown,left,pitch,frequency,"[20.00,1000.00)",0,,nan,nan,nan
sim,5008,2,touchdown,left,pitch,amplitude,"[0.000,0.005)",0,,nan,nan,nan
sim,5008,2,touchdown,left,pitch,amplitude,"[0.005,0.010)",0,,nan,nan,nan
sim,5008,2,touchdown,left,pitch,amplitude,"[0.010,0.020)",0,,nan,nan,nan
sim,5008,2,touchdown,left,pitch,amplitude,"[0.020,0.040)",0,,nan,nan,nan
sim,5008,2,touchdown,left,pitch,amplitude,"[0.040,0.080)",0,,nan,nan,nan
sim,5008,2,touchdown,left,pitch,amplitude,"[0.080,1.000)",1,########################,0.05050199999999999,0.37582604036435074,0.032106098800500506
sim,5008,2,touchdown,left,roll,frequency,"[0.00,1.00)",0,,nan,nan,nan
sim,5008,2,touchdown,left,roll,frequency,"[1.00,2.50)",0,,nan,nan,nan
sim,5008,2,touchdown,left,roll,frequency,"[2.50,5.00)",0,,nan,nan,nan
sim,5008,2,touchdown,left,roll,frequency,"[5.00,8.00)",1,########################,0.0213547,0.8510527217729884,0.001969076560709887
sim,5008,2,touchdown,left,roll,frequency,"[8.00,12.00)",0,,nan,nan,nan
sim,5008,2,touchdown,left,roll,frequency,"[12.00,20.00)",1,########################,0.0016939,nan,0.0016152838156187914
sim,5008,2,touchdown,left,roll,frequency,"[20.00,1000.00)",1,########################,0.0012759999999999994,nan,0.00343872022366849
sim,5008,2,touchdown,left,roll,amplitude,"[0.000,0.005)",2,########################,0.0014849499999999996,nan,0.002527002019643641
sim,5008,2,touchdown,left,roll,amplitude,"[0.005,0.010)",0,,nan,nan,nan
sim,5008,2,touchdown,left,roll,amplitude,"[0.010,0.020)",0,,nan,nan,nan
sim,5008,2,touchdown,left,roll,amplitude,"[0.020,0.040)",1,############,0.0213547,0.8510527217729884,0.001969076560709887
sim,5008,2,touchdown,left,roll,amplitude,"[0.040,0.080)",0,,nan,nan,nan
sim,5008,2,touchdown,left,roll,amplitude,"[0.080,1.000)",0,,nan,nan,nan
sim,5008,2,touchdown,right,pitch,frequency,"[0.00,1.00)",0,,nan,nan,nan
sim,5008,2,touchdown,right,pitch,frequency,"[1.00,2.50)",0,,nan,nan,nan
sim,5008,2,touchdown,right,pitch,frequency,"[2.50,5.00)",0,,nan,nan,nan
sim,5008,2,touchdown,right,pitch,frequency,"[5.00,8.00)",0,,nan,nan,nan
sim,5008,2,touchdown,right,pitch,frequency,"[8.00,12.00)",1,########################,0.028633999999999993,0.22921980092763808,0.3142224353235219
sim,5008,2,touchdown,right,pitch,frequency,"[12.00,20.00)",1,########################,0.012268000000000001,0.30218758390336314,0.1759589773763618
sim,5008,2,touchdown,right,pitch,frequency,"[20.00,1000.00)",0,,nan,nan,nan
sim,5008,2,touchdown,right,pitch,amplitude,"[0.000,0.005)",0,,nan,nan,nan
sim,5008,2,touchdown,right,pitch,amplitude,"[0.005,0.010)",0,,nan,nan,nan
sim,5008,2,touchdown,right,pitch,amplitude,"[0.010,0.020)",0,,nan,nan,nan
sim,5008,2,touchdown,right,pitch,amplitude,"[0.020,0.040)",0,,nan,nan,nan
sim,5008,2,touchdown,right,pitch,amplitude,"[0.040,0.080)",1,########################,0.012268000000000001,0.30218758390336314,0.1759589773763618
sim,5008,2,touchdown,right,pitch,amplitude,"[0.080,1.000)",1,########################,0.028633999999999993,0.22921980092763808,0.3142224353235219
sim,5008,2,touchdown,right,roll,frequency,"[0.00,1.00)",0,,nan,nan,nan
sim,5008,2,touchdown,right,roll,frequency,"[1.00,2.50)",0,,nan,nan,nan
sim,5008,2,touchdown,right,roll,frequency,"[2.50,5.00)",1,########################,0.010948,0.0474005877880707,0.10838872533715549
sim,5008,2,touchdown,right,roll,frequency,"[5.00,8.00)",0,,nan,nan,nan
sim,5008,2,touchdown,right,roll,frequency,"[8.00,12.00)",0,,nan,nan,nan
sim,5008,2,touchdown,right,roll,frequency,"[12.00,20.00)",0,,nan,nan,nan
sim,5008,2,touchdown,right,roll,frequency,"[20.00,1000.00)",0,,nan,nan,nan
sim,5008,2,touchdown,right,roll,amplitude,"[0.000,0.005)",0,,nan,nan,nan
sim,5008,2,touchdown,right,roll,amplitude,"[0.005,0.010)",0,,nan,nan,nan
sim,5008,2,touchdown,right,roll,amplitude,"[0.010,0.020)",0,,nan,nan,nan
sim,5008,2,touchdown,right,roll,amplitude,"[0.020,0.040)",0,,nan,nan,nan
sim,5008,2,touchdown,right,roll,amplitude,"[0.040,0.080)",0,,nan,nan,nan
sim,5008,2,touchdown,right,roll,amplitude,"[0.080,1.000)",1,########################,0.010948,0.0474005877880707,0.10838872533715549
sim,5008,3,swing,left,pitch,frequency,"[0.00,1.00)",0,,nan,nan,nan
sim,5008,3,swing,left,pitch,frequency,"[1.00,2.50)",0,,nan,nan,nan
sim,5008,3,swing,left,pitch,frequency,"[2.50,5.00)",1,########################,0.144655,1.0398754924231532,0.0326553114768486
sim,5008,3,swing,left,pitch,frequency,"[5.00,8.00)",0,,nan,nan,nan
sim,5008,3,swing,left,pitch,frequency,"[8.00,12.00)",1,########################,0.0562,0.4014715862413829,0.13134673120091975
sim,5008,3,swing,left,pitch,frequency,"[12.00,20.00)",0,,nan,nan,nan
sim,5008,3,swing,left,pitch,frequency,"[20.00,1000.00)",1,########################,0.01460800000000001,0.9216403785488947,0.07032870686521496
sim,5008,3,swing,left,pitch,amplitude,"[0.000,0.005)",0,,nan,nan,nan
sim,5008,3,swing,left,pitch,amplitude,"[0.005,0.010)",0,,nan,nan,nan
sim,5008,3,swing,left,pitch,amplitude,"[0.010,0.020)",1,############,0.01460800000000001,0.9216403785488947,0.07032870686521496
sim,5008,3,swing,left,pitch,amplitude,"[0.020,0.040)",0,,nan,nan,nan
sim,5008,3,swing,left,pitch,amplitude,"[0.040,0.080)",0,,nan,nan,nan
sim,5008,3,swing,left,pitch,amplitude,"[0.080,1.000)",2,########################,0.1004275,0.7206735393322681,0.08200102133888418
sim,5008,3,swing,left,roll,frequency,"[0.00,1.00)",0,,nan,nan,nan
sim,5008,3,swing,left,roll,frequency,"[1.00,2.50)",0,,nan,nan,nan
sim,5008,3,swing,left,roll,frequency,"[2.50,5.00)",1,########,0.006714779200000001,0.4097658186096553,0.014038273515207556
sim,5008,3,swing,left,roll,frequency,"[5.00,8.00)",0,,nan,nan,nan
sim,5008,3,swing,left,roll,frequency,"[8.00,12.00)",0,,nan,nan,nan
sim,5008,3,swing,left,roll,frequency,"[12.00,20.00)",2,################,0.0079048531,0.4002217746576934,0.009313810774245979
sim,5008,3,swing,left,roll,frequency,"[20.00,1000.00)",3,########################,0.04974693333333333,0.487511317798468,0.07654041898486678
sim,5008,3,swing,left,roll,amplitude,"[0.000,0.005)",2,########################,0.0068676896,nan,0.005611463771806612
sim,5008,3,swing,left,roll,amplitude,"[0.005,0.010)",0,,nan,nan,nan
sim,5008,3,swing,left,roll,amplitude,"[0.010,0.020)",2,########################,0.0062258531,0.4049937966336743,0.011396854658759791
sim,5008,3,swing,left,roll,amplitude,"[0.020,0.040)",0,,nan,nan,nan
sim,5008,3,swing,left,roll,amplitude,"[0.040,0.080)",0,,nan,nan,nan
sim,5008,3,swing,left,roll,amplitude,"[0.080,1.000)",2,########################,0.0727891,0.487511317798468,0.11413525757858352
sim,5008,3,swing,right,pitch,frequency,"[0.00,1.00)",0,,nan,nan,nan
sim,5008,3,swing,right,pitch,frequency,"[1.00,2.50)",0,,nan,nan,nan
sim,5008,3,swing,right,pitch,frequency,"[2.50,5.00)",1,########################,0.061396000000000006,2.9103837311274914,0.5135701474584616
sim,5008,3,swing,right,pitch,frequency,"[5.00,8.00)",0,,nan,nan,nan
sim,5008,3,swing,right,pitch,frequency,"[8.00,12.00)",1,########################,0.014104000000000005,0.04144296993063358,0.1377125231796356
sim,5008,3,swing,right,pitch,frequency,"[12.00,20.00)",1,########################,0.012268000000000001,0.30218758390336314,0.1759589773763618
sim,5008,3,swing,right,pitch,frequency,"[20.00,1000.00)",0,,nan,nan,nan
sim,5008,3,swing,right,pitch,amplitude,"[0.000,0.005)",0,,nan,nan,nan
sim,5008,3,swing,right,pitch,amplitude,"[0.005,0.010)",0,,nan,nan,nan
sim,5008,3,swing,right,pitch,amplitude,"[0.010,0.020)",0,,nan,nan,nan
sim,5008,3,swing,right,pitch,amplitude,"[0.020,0.040)",1,########################,0.061396000000000006,2.9103837311274914,0.5135701474584616
sim,5008,3,swing,right,pitch,amplitude,"[0.040,0.080)",1,########################,0.012268000000000001,0.30218758390336314,0.1759589773763618
sim,5008,3,swing,right,pitch,amplitude,"[0.080,1.000)",1,########################,0.014104000000000005,0.04144296993063358,0.1377125231796356
sim,5008,3,swing,right,roll,frequency,"[0.00,1.00)",0,,nan,nan,nan
sim,5008,3,swing,right,roll,frequency,"[1.00,2.50)",0,,nan,nan,nan
sim,5008,3,swing,right,roll,frequency,"[2.50,5.00)",1,########################,0.0001572999999999991,0.0006572223851699173,0.1279026430962182
sim,5008,3,swing,right,roll,frequency,"[5.00,8.00)",1,########################,0.05131172,0.2373844634277797,0.1373711151862305
sim,5008,3,swing,right,roll,frequency,"[8.00,12.00)",0,,nan,nan,nan
sim,5008,3,swing,right,roll,frequency,"[12.00,20.00)",0,,nan,nan,nan
sim,5008,3,swing,right,roll,frequency,"[20.00,1000.00)",0,,nan,nan,nan
sim,5008,3,swing,right,roll,amplitude,"[0.000,0.005)",0,,nan,nan,nan
sim,5008,3,swing,right,roll,amplitude,"[0.005,0.010)",0,,nan,nan,nan
sim,5008,3,swing,right,roll,amplitude,"[0.010,0.020)",0,,nan,nan,nan
sim,5008,3,swing,right,roll,amplitude,"[0.020,0.040)",0,,nan,nan,nan
sim,5008,3,swing,right,roll,amplitude,"[0.040,0.080)",0,,nan,nan,nan
sim,5008,3,swing,right,roll,amplitude,"[0.080,1.000)",2,########################,0.02573451,0.1190208429064748,0.13263687914122435
sim,5008,3,touchdown,left,pitch,frequency,"[0.00,1.00)",0,,nan,nan,nan
sim,5008,3,touchdown,left,pitch,frequency,"[1.00,2.50)",0,,nan,nan,nan
sim,5008,3,touchdown,left,pitch,frequency,"[2.50,5.00)",1,########################,0.08753500000000003,0.2005085153413582,0.28953485211080127
sim,5008,3,touchdown,left,pitch,frequency,"[5.00,8.00)",0,,nan,nan,nan
sim,5008,3,touchdown,left,pitch,frequency,"[8.00,12.00)",0,,nan,nan,nan
sim,5008,3,touchdown,left,pitch,frequency,"[12.00,20.00)",0,,nan,nan,nan
sim,5008,3,touchdown,left,pitch,frequency,"[20.00,1000.00)",1,########################,0.016347999999999974,nan,0.01486826267591474
sim,5008,3,touchdown,left,pitch,amplitude,"[0.000,0.005)",1,########################,0.016347999999999974,nan,0.01486826267591474
sim,5008,3,touchdown,left,pitch,amplitude,"[0.005,0.010)",0,,nan,nan,nan
sim,5008,3,touchdown,left,pitch,amplitude,"[0.010,0.020)",0,,nan,nan,nan
sim,5008,3,touchdown,left,pitch,amplitude,"[0.020,0.040)",0,,nan,nan,nan
sim,5008,3,touchdown,left,pitch,amplitude,"[0.040,0.080)",0,,nan,nan,nan
sim,5008,3,touchdown,left,pitch,amplitude,"[0.080,1.000)",1,########################,0.08753500000000003,0.2005085153413582,0.28953485211080127
sim,5008,3,touchdown,left,roll,frequency,"[0.00,1.00)",0,,nan,nan,nan
sim,5008,3,touchdown,left,roll,frequency,"[1.00,2.50)",0,,nan,nan,nan
sim,5008,3,touchdown,left,roll,frequency,"[2.50,5.00)",0,,nan,nan,nan
sim,5008,3,touchdown,left,roll,frequency,"[5.00,8.00)",0,,nan,nan,nan
sim,5008,3,touchdown,left,roll,frequency,"[8.00,12.00)",0,,nan,nan,nan
sim,5008,3,touchdown,left,roll,frequency,"[12.00,20.00)",3,########################,0.03460033333333332,1.3002516112051934,0.1591735896308811
sim,5008,3,touchdown,left,roll,frequency,"[20.00,1000.00)",0,,nan,nan,nan
sim,5008,3,touchdown,left,roll,amplitude,"[0.000,0.005)",0,,nan,nan,nan
sim,5008,3,touchdown,left,roll,amplitude,"[0.005,0.010)",0,,nan,nan,nan
sim,5008,3,touchdown,left,roll,amplitude,"[0.010,0.020)",0,,nan,nan,nan
sim,5008,3,touchdown,left,roll,amplitude,"[0.020,0.040)",3,########################,0.03460033333333332,1.3002516112051934,0.1591735896308811
sim,5008,3,touchdown,left,roll,amplitude,"[0.040,0.080)",0,,nan,nan,nan
sim,5008,3,touchdown,left,roll,amplitude,"[0.080,1.000)",0,,nan,nan,nan
sim,5008,3,touchdown,right,pitch,frequency,"[0.00,1.00)",0,,nan,nan,nan
sim,5008,3,touchdown,right,pitch,frequency,"[1.00,2.50)",0,,nan,nan,nan
sim,5008,3,touchdown,right,pitch,frequency,"[2.50,5.00)",1,########################,0.11852599999999996,0.6786914721224925,0.037786614041052956
sim,5008,3,touchdown,right,pitch,frequency,"[5.00,8.00)",0,,nan,nan,nan
sim,5008,3,touchdown,right,pitch,frequency,"[8.00,12.00)",0,,nan,nan,nan
sim,5008,3,touchdown,right,pitch,frequency,"[12.00,20.00)",0,,nan,nan,nan
sim,5008,3,touchdown,right,pitch,frequency,"[20.00,1000.00)",0,,nan,nan,nan
sim,5008,3,touchdown,right,pitch,amplitude,"[0.000,0.005)",0,,nan,nan,nan
sim,5008,3,touchdown,right,pitch,amplitude,"[0.005,0.010)",0,,nan,nan,nan
sim,5008,3,touchdown,right,pitch,amplitude,"[0.010,0.020)",0,,nan,nan,nan
sim,5008,3,touchdown,right,pitch,amplitude,"[0.020,0.040)",0,,nan,nan,nan
sim,5008,3,touchdown,right,pitch,amplitude,"[0.040,0.080)",0,,nan,nan,nan
sim,5008,3,touchdown,right,pitch,amplitude,"[0.080,1.000)",1,########################,0.11852599999999996,0.6786914721224925,0.037786614041052956
sim,5008,3,touchdown,right,roll,frequency,"[0.00,1.00)",0,,nan,nan,nan
sim,5008,3,touchdown,right,roll,frequency,"[1.00,2.50)",0,,nan,nan,nan
sim,5008,3,touchdown,right,roll,frequency,"[2.50,5.00)",0,,nan,nan,nan
sim,5008,3,touchdown,right,roll,frequency,"[5.00,8.00)",0,,nan,nan,nan
sim,5008,3,touchdown,right,roll,frequency,"[8.00,12.00)",1,############,0.00803736,nan,0.0016790682117794281
sim,5008,3,touchdown,right,roll,frequency,"[12.00,20.00)",2,########################,0.00392547,nan,0.0017166706992690645
sim,5008,3,touchdown,right,roll,frequency,"[20.00,1000.00)",0,,nan,nan,nan
sim,5008,3,touchdown,right,roll,amplitude,"[0.000,0.005)",1,############,0.00320653,nan,0.0016789667608234536
sim,5008,3,touchdown,right,roll,amplitude,"[0.005,0.010)",2,########################,0.006340885,nan,0.0017167214247470518
sim,5008,3,touchdown,right,roll,amplitude,"[0.010,0.020)",0,,nan,nan,nan
sim,5008,3,touchdown,right,roll,amplitude,"[0.020,0.040)",0,,nan,nan,nan
sim,5008,3,touchdown,right,roll,amplitude,"[0.040,0.080)",0,,nan,nan,nan
sim,5008,3,touchdown,right,roll,amplitude,"[0.080,1.000)",0,,nan,nan,nan
sim,5008,4,swing,left,pitch,frequency,"[0.00,1.00)",0,,nan,nan,nan
sim,5008,4,swing,left,pitch,frequency,"[1.00,2.50)",0,,nan,nan,nan
sim,5008,4,swing,left,pitch,frequency,"[2.50,5.00)",1,########################,0.07483899999999999,0.21180449425482537,0.5153294548252516
sim,5008,4,swing,left,pitch,frequency,"[5.00,8.00)",0,,nan,nan,nan
sim,5008,4,swing,left,pitch,frequency,"[8.00,12.00)",0,,nan,nan,nan
sim,5008,4,swing,left,pitch,frequency,"[12.00,20.00)",1,########################,0.022782000000000024,0.04319435754507711,0.25948928043466457
sim,5008,4,swing,left,pitch,frequency,"[20.00,1000.00)",0,,nan,nan,nan
sim,5008,4,swing,left,pitch,amplitude,"[0.000,0.005)",0,,nan,nan,nan
sim,5008,4,swing,left,pitch,amplitude,"[0.005,0.010)",0,,nan,nan,nan
sim,5008,4,swing,left,pitch,amplitude,"[0.010,0.020)",0,,nan,nan,nan
sim,5008,4,swing,left,pitch,amplitude,"[0.020,0.040)",0,,nan,nan,nan
sim,5008,4,swing,left,pitch,amplitude,"[0.040,0.080)",0,,nan,nan,nan
sim,5008,4,swing,left,pitch,amplitude,"[0.080,1.000)",2,########################,0.04881050000000001,0.12749942589995122,0.3874093676299581
sim,5008,4,swing,left,roll,frequency,"[0.00,1.00)",0,,nan,nan,nan
sim,5008,4,swing,left,roll,frequency,"[1.00,2.50)",0,,nan,nan,nan
sim,5008,4,swing,left,roll,frequency,"[2.50,5.00)",1,########,0.28659908,0.711095983800854,0.05898038987159889
sim,5008,4,swing,left,roll,frequency,"[5.00,8.00)",0,,nan,nan,nan
sim,5008,4,swing,left,roll,frequency,"[8.00,12.00)",1,########,0.0027710000000000234,0.12214581680331595,0.12735111776632876
sim,5008,4,swing,left,roll,frequency,"[12.00,20.00)",0,,nan,nan,nan
sim,5008,4,swing,left,roll,frequency,"[20.00,1000.00)",3,########################,0.008662059666666657,nan,0.0936773826471441
sim,5008,4,swing,left,roll,amplitude,"[0.000,0.005)",1,############,0.003115179,nan,0.0036438736737644545
sim,5008,4,swing,left,roll,amplitude,"[0.005,0.010)",2,########################,0.011435499999999987,nan,0.13869413713383394
sim,5008,4,swing,left,roll,amplitude,"[0.010,0.020)",0,,nan,nan,nan
sim,5008,4,swing,left,roll,amplitude,"[0.020,0.040)",1,############,0.0027710000000000234,0.12214581680331595,0.12735111776632876
sim,5008,4,swing,left,roll,amplitude,"[0.040,0.080)",0,,nan,nan,nan
sim,5008,4,swing,left,roll,amplitude,"[0.080,1.000)",1,############,0.28659908,0.711095983800854,0.05898038987159889
sim,5008,4,swing,right,pitch,frequency,"[0.00,1.00)",0,,nan,nan,nan
sim,5008,4,swing,right,pitch,frequency,"[1.00,2.50)",1,############,0.09845600000000002,0.17489359585610043,0.23095658010622028
sim,5008,4,swing,right,pitch,frequency,"[2.50,5.00)",0,,nan,nan,nan
sim,5008,4,swing,right,pitch,frequency,"[5.00,8.00)",0,,nan,nan,nan
sim,5008,4,swing,right,pitch,frequency,"[8.00,12.00)",0,,nan,nan,nan
sim,5008,4,swing,right,pitch,frequency,"[12.00,20.00)",2,########################,0.01234600000000001,0.33733524166015005,0.5227149812282587
sim,5008,4,swing,right,pitch,frequency,"[20.00,1000.00)",1,############,0.00456899999999999,0.1376702422562369,0.5416528021728187
sim,5008,4,swing,right,pitch,amplitude,"[0.000,0.005)",0,,nan,nan,nan
sim,5008,4,swing,right,pitch,amplitude,"[0.005,0.010)",0,,nan,nan,nan
sim,5008,4,swing,right,pitch,amplitude,"[0.010,0.020)",0,,nan,nan,nan
sim,5008,4,swing,right,pitch,amplitude,"[0.020,0.040)",3,########################,0.00975366666666667,0.2707802418588457,0.5290275882097787
sim,5008,4,swing,right,pitch,amplitude,"[0.040,0.080)",0,,nan,nan,nan
sim,5008,4,swing,right,pitch,amplitude,"[0.080,1.000)",1,########,0.09845600000000002,0.17489359585610043,0.23095658010622028
sim,5008,4,swing,right,roll,frequency,"[0.00,1.00)",0,,nan,nan,nan
sim,5008,4,swing,right,roll,frequency,"[1.00,2.50)",0,,nan,nan,nan
sim,5008,4,swing,right,roll,frequency,"[2.50,5.00)",0,,nan,nan,nan
sim,5008,4,swing,right,roll,frequency,"[5.00,8.00)",1,######,0.0024117599999999998,0.17450270462695247,0.005974901862840083
sim,5008,4,swing,right,roll,frequency,"[8.00,12.00)",1,######,0.019350150000000003,0.9389776044659081,0.025253583350779776
sim,5008,4,swing,right,roll,frequency,"[12.00,20.00)",4,########################,0.004322900000000001,0.08510392351715579,0.07003287844899327
sim,5008,4,swing,right,roll,frequency,"[20.00,1000.00)",2,############,0.0030387999999999978,0.1294315986271846,0.10578806402364198
sim,5008,4,swing,right,roll,amplitude,"[0.000,0.005)",0,,nan,nan,nan
sim,5008,4,swing,right,roll,amplitude,"[0.005,0.010)",1,########,0.002426,nan,0.008023467008144299
sim,5008,4,swing,right,roll,amplitude,"[0.010,0.020)",3,########################,0.002128586666666666,0.1573927088974821,0.05834992641209528
sim,5008,4,swing,right,roll,amplitude,"[0.020,0.040)",2,################,0.010231825000000003,0.49149473108670905,0.057076454058408894
sim,5008,4,swing,right,roll,amplitude,"[0.040,0.080)",1,########,0.004302899999999998,0.09983989976333005,0.12156168381983416
sim,5008,4,swing,right,roll,amplitude,"[0.080,1.000)",1,########,0.011552799999999998,0.0726477882695026,0.10414828887579478
sim,5008,4,touchdown,left,pitch,frequency,"[0.00,1.00)",0,,nan,nan,nan
sim,5008,4,touchdown,left,pitch,frequency,"[1.00,2.50)",0,,nan,nan,nan
sim,5008,4,touchdown,left,pitch,frequency,"[2.50,5.00)",0,,nan,nan,nan
sim,5008,4,touchdown,left,pitch,frequency,"[5.00,8.00)",1,########################,0.004699999999999982,0.1006251605720643,0.016075164201684266
sim,5008,4,touchdown,left,pitch,frequency,"[8.00,12.00)",0,,nan,nan,nan
sim,5008,4,touchdown,left,pitch,frequency,"[12.00,20.00)",1,########################,0.00848199999999999,nan,0.01444843549489011
sim,5008,4,touchdown,left,pitch,frequency,"[20.00,1000.00)",1,########################,0.011220000000000008,nan,0.017882774449173144
sim,5008,4,touchdown,left,pitch,amplitude,"[0.000,0.005)",1,########################,0.011220000000000008,nan,0.017882774449173144
sim,5008,4,touchdown,left,pitch,amplitude,"[0.005,0.010)",1,########################,0.00848199999999999,nan,0.01444843549489011
sim,5008,4,touchdown,left,pitch,amplitude,"[0.010,0.020)",0,,nan,nan,nan
sim,5008,4,touchdown,left,pitch,amplitude,"[0.020,0.040)",0,,nan,nan,nan
sim,5008,4,touchdown,left,pitch,amplitude,"[0.040,0.080)",1,########################,0.004699999999999982,0.1006251605720643,0.016075164201684266
sim,5008,4,touchdown,left,pitch,amplitude,"[0.080,1.000)",0,,nan,nan,nan
sim,5008,4,touchdown,left,roll,frequency,"[0.00,1.00)",0,,nan,nan,nan
sim,5008,4,touchdown,left,roll,frequency,"[1.00,2.50)",0,,nan,nan,nan
sim,5008,4,touchdown,left,roll,frequency,"[2.50,5.00)",0,,nan,nan,nan
sim,5008,4,touchdown,left,roll,frequency,"[5.00,8.00)",0,,nan,nan,nan
sim,5008,4,touchdown,left,roll,frequency,"[8.00,12.00)",1,########################,0.01398017,0.7279681655789803,0.001684564565707362
sim,5008,4,touchdown,left,roll,frequency,"[12.00,20.00)",1,########################,0.00256436,nan,0.0012602681268186538
sim,5008,4,touchdown,left,roll,frequency,"[20.00,1000.00)",1,########################,0.0003751500000000003,nan,0.0018112979922972367
sim,5008,4,touchdown,left,roll,amplitude,"[0.000,0.005)",2,########################,0.001469755,nan,0.0015357830595579451
sim,5008,4,touchdown,left,roll,amplitude,"[0.005,0.010)",0,,nan,nan,nan
sim,5008,4,touchdown,left,roll,amplitude,"[0.010,0.020)",1,############,0.01398017,0.7279681655789803,0.001684564565707362
sim,5008,4,touchdown,left,roll,amplitude,"[0.020,0.040)",0,,nan,nan,nan
sim,5008,4,touchdown,left,roll,amplitude,"[0.040,0.080)",0,,nan,nan,nan
sim,5008,4,touchdown,left,roll,amplitude,"[0.080,1.000)",0,,nan,nan,nan
sim,5008,4,touchdown,right,pitch,frequency,"[0.00,1.00)",0,,nan,nan,nan
sim,5008,4,touchdown,right,pitch,frequency,"[1.00,2.50)",0,,nan,nan,nan
sim,5008,4,touchdown,right,pitch,frequency,"[2.50,5.00)",0,,nan,nan,nan
sim,5008,4,touchdown,right,pitch,frequency,"[5.00,8.00)",1,########################,0.03635099999999997,nan,0.6300300966390415
sim,5008,4,touchdown,right,pitch,frequency,"[8.00,12.00)",0,,nan,nan,nan
sim,5008,4,touchdown,right,pitch,frequency,"[12.00,20.00)",1,########################,0.009052999999999978,0.11372115517479593,0.569687812461176
sim,5008,4,touchdown,right,pitch,frequency,"[20.00,1000.00)",1,########################,0.014432,0.47248322147651023,0.63884953785405
sim,5008,4,touchdown,right,pitch,amplitude,"[0.000,0.005)",1,########################,0.03635099999999997,nan,0.6300300966390415
sim,5008,4,touchdown,right,pitch,amplitude,"[0.005,0.010)",0,,nan,nan,nan
sim,5008,4,touchdown,right,pitch,amplitude,"[0.010,0.020)",0,,nan,nan,nan
sim,5008,4,touchdown,right,pitch,amplitude,"[0.020,0.040)",1,########################,0.014432,0.47248322147651023,0.63884953785405
sim,5008,4,touchdown,right,pitch,amplitude,"[0.040,0.080)",1,########################,0.009052999999999978,0.11372115517479593,0.569687812461176
sim,5008,4,touchdown,right,pitch,amplitude,"[0.080,1.000)",0,,nan,nan,nan
sim,5008,4,touchdown,right,roll,frequency,"[0.00,1.00)",0,,nan,nan,nan
sim,5008,4,touchdown,right,roll,frequency,"[1.00,2.50)",0,,nan,nan,nan
sim,5008,4,touchdown,right,roll,frequency,"[2.50,5.00)",0,,nan,nan,nan
sim,5008,4,touchdown,right,roll,frequency,"[5.00,8.00)",0,,nan,nan,nan
sim,5008,4,touchdown,right,roll,frequency,"[8.00,12.00)",1,########################,0.0230902,0.1735713748778471,0.1890311521579975
sim,5008,4,touchdown,right,roll,frequency,"[12.00,20.00)",1,########################,0.0024772999999999983,0.11242568640798722,0.09839498134912673
sim,5008,4,touchdown,right,roll,frequency,"[20.00,1000.00)",1,########################,0.0023907000000000025,nan,0.07677828590717127
sim,5008,4,touchdown,right,roll,amplitude,"[0.000,0.005)",0,,nan,nan,nan
sim,5008,4,touchdown,right,roll,amplitude,"[0.005,0.010)",1,########################,0.0023907000000000025,nan,0.07677828590717127
sim,5008,4,touchdown,right,roll,amplitude,"[0.010,0.020)",0,,nan,nan,nan
sim,5008,4,touchdown,right,roll,amplitude,"[0.020,0.040)",1,########################,0.0024772999999999983,0.11242568640798722,0.09839498134912673
sim,5008,4,touchdown,right,roll,amplitude,"[0.040,0.080)",0,,nan,nan,nan
sim,5008,4,touchdown,right,roll,amplitude,"[0.080,1.000)",1,########################,0.0230902,0.1735713748778471,0.1890311521579975
sim,5008,5,swing,left,pitch,frequency,"[0.00,1.00)",0,,nan,nan,nan
sim,5008,5,swing,left,pitch,frequency,"[1.00,2.50)",0,,nan,nan,nan
sim,5008,5,swing,left,pitch,frequency,"[2.50,5.00)",1,############,0.13659500000000002,0.7792115186053543,0.03970548096555288
sim,5008,5,swing,left,pitch,frequency,"[5.00,8.00)",0,,nan,nan,nan
sim,5008,5,swing,left,pitch,frequency,"[8.00,12.00)",1,############,0.047401,0.2582696299847984,0.13537530462446487
sim,5008,5,swing,left,pitch,frequency,"[12.00,20.00)",0,,nan,nan,nan
sim,5008,5,swing,left,pitch,frequency,"[20.00,1000.00)",2,########################,0.008162000000000003,0.20104242931353103,0.03808649666325756
sim,5008,5,swing,left,pitch,amplitude,"[0.000,0.005)",1,############,0.00479099999999999,nan,0.008749834817488464
sim,5008,5,swing,left,pitch,amplitude,"[0.005,0.010)",0,,nan,nan,nan
sim,5008,5,swing,left,pitch,amplitude,"[0.010,0.020)",0,,nan,nan,nan
sim,5008,5,swing,left,pitch,amplitude,"[0.020,0.040)",0,,nan,nan,nan
sim,5008,5,swing,left,pitch,amplitude,"[0.040,0.080)",1,############,0.011533000000000015,0.20104242931353103,0.06742315850902665
sim,5008,5,swing,left,pitch,amplitude,"[0.080,1.000)",2,########################,0.09199800000000001,0.5187405742950764,0.08754039279500887
sim,5008,5,swing,left,roll,frequency,"[0.00,1.00)",0,,nan,nan,nan
sim,5008,5,swing,left,roll,frequency,"[1.00,2.50)",0,,nan,nan,nan
sim,5008,5,swing,left,roll,frequency,"[2.50,5.00)",0,,nan,nan,nan
sim,5008,5,swing,left,roll,frequency,"[5.00,8.00)",1,############,0.00109728,0.040012441897396646,0.012172213460176703
sim,5008,5,swing,left,roll,frequency,"[8.00,12.00)",1,############,0.03939627,0.5338234947394437,0.061564962855176805
sim,5008,5,swing,left,roll,frequency,"[12.00,20.00)",2,########################,0.055048910000000006,0.27501906868175047,0.07728327233478648
sim,5008,5,swing,left,roll,frequency,"[20.00,1000.00)",1,############,0.007360134,nan,0.013552883553047497
sim,5008,5,swing,left,roll,amplitude,"[0.000,0.005)",2,########################,0.004914827,nan,0.016966864588927256
sim,5008,5,swing,left,roll,amplitude,"[0.005,0.010)",0,,nan,nan,nan
sim,5008,5,swing,left,roll,amplitude,"[0.010,0.020)",0,,nan,nan,nan
sim,5008,5,swing,left,roll,amplitude,"[0.020,0.040)",1,############,0.00109728,0.040012441897396646,0.012172213460176703
sim,5008,5,swing,left,roll,amplitude,"[0.040,0.080)",1,############,0.03939627,0.5338234947394437,0.061564962855176805
sim,5008,5,swing,left,roll,amplitude,"[0.080,1.000)",1,############,0.10762830000000001,0.27501906868175047,0.13418569904476593
sim,5008,5,swing,right,pitch,frequency,"[0.00,1.00)",0,,nan,nan,nan
sim,5008,5,swing,right,pitch,frequency,"[1.00,2.50)",0,,nan,nan,nan
sim,5008,5,swing,right,pitch,frequency,"[2.50,5.00)",0,,nan,nan,nan
sim,5008,5,swing,right,pitch,frequency,"[5.00,8.00)",1,############,0.05933699999999997,nan,0.6652766926085883
sim,5008,5,swing,right,pitch,frequency,"[8.00,12.00)",2,########################,0.045979500000000006,0.1742653971283567,0.4779545113945458
sim,5008,5,swing,right,pitch,frequency,"[12.00,20.00)",1,############,0.033274000000000026,1.8701663669064732,0.6905471689886217
sim,5008,5,swing,right,pitch,frequency,"[20.00,1000.00)",1,############,0.0023159999999999847,nan,0.7201116103653655
sim,5008,5,swing,right,pitch,amplitude,"[0.000,0.005)",1,############,0.05933699999999997,nan,0.6652766926085883
sim,5008,5,swing,right,pitch,amplitude,"[0.005,0.010)",1,############,0.0023159999999999847,nan,0.7201116103653655
sim,5008,5,swing,right,pitch,amplitude,"[0.010,0.020)",1,############,0.033274000000000026,1.8701663669064732,0.6905471689886217
sim,5008,5,swing,right,pitch,amplitude,"[0.020,0.040)",0,,nan,nan,nan
sim,5008,5,swing,right,pitch,amplitude,"[0.040,0.080)",0,,nan,nan,nan
sim,5008,5,swing,right,pitch,amplitude,"[0.080,1.000)",2,########################,0.045979500000000006,0.1742653971283567,0.4779545113945458
sim,5008,5,swing,right,roll,frequency,"[0.00,1.00)",0,,nan,nan,nan
sim,5008,5,swing,right,roll,frequency,"[1.00,2.50)",0,,nan,nan,nan
sim,5008,5,swing,right,roll,frequency,"[2.50,5.00)",1,######,0.05154380000000001,0.199582587954681,0.13633912466554982
sim,5008,5,swing,right,roll,frequency,"[5.00,8.00)",1,######,0.049149700000000004,0.36761456704986584,0.19594592791233392
sim,5008,5,swing,right,roll,frequency,"[8.00,12.00)",0,,nan,nan,nan
sim,5008,5,swing,right,roll,frequency,"[12.00,20.00)",0,,nan,nan,nan
sim,5008,5,swing,right,roll,frequency,"[20.00,1000.00)",4,########################,0.005218685000000001,0.3300782604852029,0.037004282210859885
sim,5008,5,swing,right,roll,amplitude,"[0.000,0.005)",1,############,0.0021552900000000002,nan,0.0013200039872919578
sim,5008,5,swing,right,roll,amplitude,"[0.005,0.010)",1,############,0.0032993500000000004,nan,0.004370856295925701
sim,5008,5,swing,right,roll,amplitude,"[0.010,0.020)",1,############,0.001616300000000001,0.12490726429675426,0.11139778537430624
sim,5008,5,swing,right,roll,amplitude,"[0.020,0.040)",1,############,0.0138038,0.5352492566736515,0.030928483185915644
sim,5008,5,swing,right,roll,amplitude,"[0.040,0.080)",0,,nan,nan,nan
sim,5008,5,swing,right,roll,amplitude,"[0.080,1.000)",2,########################,0.05034675000000001,0.2835985775022734,0.16614252628894188
sim,5008,5,touchdown,left,pitch,frequency,"[0.00,1.00)",0,,nan,nan,nan
sim,5008,5,touchdown,left,pitch,frequency,"[1.00,2.50)",0,,nan,nan,nan
sim,5008,5,touchdown,left,pitch,frequency,"[2.50,5.00)",0,,nan,nan,nan
sim,5008,5,touchdown,left,pitch,frequency,"[5.00,8.00)",0,,nan,nan,nan
sim,5008,5,touchdown,left,pitch,frequency,"[8.00,12.00)",1,########################,0.039876999999999996,0.2062246679600291,0.2057458329077541
sim,5008,5,touchdown,left,pitch,frequency,"[12.00,20.00)",1,########################,0.011907000000000001,0.34798491977671925,0.06457643041389018
sim,5008,5,touchdown,left,pitch,frequency,"[20.00,1000.00)",0,,nan,nan,nan
sim,5008,5,touchdown,left,pitch,amplitude,"[0.000,0.005)",0,,nan,nan,nan
sim,5008,5,touchdown,left,pitch,amplitude,"[0.005,0.010)",0,,nan,nan,nan
sim,5008,5,touchdown,left,pitch,amplitude,"[0.010,0.020)",0,,nan,nan,nan
sim,5008,5,touchdown,left,pitch,amplitude,"[0.020,0.040)",1,########################,0.011907000000000001,0.34798491977671925,0.06457643041389018
sim,5008,5,touchdown,left,pitch,amplitude,"[0.040,0.080)",0,,nan,nan,nan
sim,5008,5,touchdown,left,pitch,amplitude,"[0.080,1.000)",1,########################,0.039876999999999996,0.2062246679600291,0.2057458329077541
sim,5008,5,touchdown,left,roll,frequency,"[0.00,1.00)",0,,nan,nan,nan
sim,5008,5,touchdown,left,roll,frequency,"[1.00,2.50)",0,,nan,nan,nan
sim,5008,5,touchdown,left,roll,frequency,"[2.50,5.00)",0,,nan,nan,nan
sim,5008,5,touchdown,left,roll,frequency,"[5.00,8.00)",0,,nan,nan,nan
sim,5008,5,touchdown,left,roll,frequency,"[8.00,12.00)",0,,nan,nan,nan
sim,5008,5,touchdown,left,roll,frequency,"[12.00,20.00)",2,########################,0.04208849999999999,nan,0.1783585721958238
sim,5008,5,touchdown,left,roll,frequency,"[20.00,1000.00)",2,########################,0.013454500000000008,nan,0.13801248190393622
sim,5008,5,touchdown,left,roll,amplitude,"[0.000,0.005)",0,,nan,nan,nan
sim,5008,5,touchdown,left,roll,amplitude,"[0.005,0.010)",4,########################,0.027771499999999998,nan,0.15818552704988
sim,5008,5,touchdown,left,roll,amplitude,"[0.010,0.020)",0,,nan,nan,nan
sim,5008,5,touchdown,left,roll,amplitude,"[0.020,0.040)",0,,nan,nan,nan
sim,5008,5,touchdown,left,roll,amplitude,"[0.040,0.080)",0,,nan,nan,nan
sim,5008,5,touchdown,left,roll,amplitude,"[0.080,1.000)",0,,nan,nan,nan
sim,5008,5,touchdown,right,pitch,frequency,"[0.00,1.00)",0,,nan,nan,nan
sim,5008,5,touchdown,right,pitch,frequency,"[1.00,2.50)",0,,nan,nan,nan
sim,5008,5,touchdown,right,pitch,frequency,"[2.50,5.00)",1,########################,0.07904299999999997,0.7255845121492236,0.02401186944312846
sim,5008,5,touchdown,right,pitch,frequency,"[5.00,8.00)",0,,nan,nan,nan
sim,5008,5,touchdown,right,pitch,frequency,"[8.00,12.00)",0,,nan,nan,nan
sim,5008,5,touchdown,right,pitch,frequency,"[12.00,20.00)",0,,nan,nan,nan
sim,5008,5,touchdown,right,pitch,frequency,"[20.00,1000.00)",0,,nan,nan,nan
sim,5008,5,touchdown,right,pitch,amplitude,"[0.000,0.005)",0,,nan,nan,nan
sim,5008,5,touchdown,right,pitch,amplitude,"[0.005,0.010)",0,,nan,nan,nan
sim,5008,5,touchdown,right,pitch,amplitude,"[0.010,0.020)",0,,nan,nan,nan
sim,5008,5,touchdown,right,pitch,amplitude,"[0.020,0.040)",0,,nan,nan,nan
sim,5008,5,touchdown,right,pitch,amplitude,"[0.040,0.080)",0,,nan,nan,nan
sim,5008,5,touchdown,right,pitch,amplitude,"[0.080,1.000)",1,########################,0.07904299999999997,0.7255845121492236,0.02401186944312846
sim,5008,5,touchdown,right,roll,frequency,"[0.00,1.00)",0,,nan,nan,nan
sim,5008,5,touchdown,right,roll,frequency,"[1.00,2.50)",0,,nan,nan,nan
sim,5008,5,touchdown,right,roll,frequency,"[2.50,5.00)",0,,nan,nan,nan
sim,5008,5,touchdown,right,roll,frequency,"[5.00,8.00)",0,,nan,nan,nan
sim,5008,5,touchdown,right,roll,frequency,"[8.00,12.00)",0,,nan,nan,nan
sim,5008,5,touchdown,right,roll,frequency,"[12.00,20.00)",2,########################,0.006304205,0.8355609509650596,0.0018710763455984944
sim,5008,5,touchdown,right,roll,frequency,"[20.00,1000.00)",1,############,0.00238572,nan,0.0032637264709377838
sim,5008,5,touchdown,right,roll,amplitude,"[0.000,0.005)",2,########################,0.00230392,nan,0.0024584526235684185
sim,5008,5,touchdown,right,roll,amplitude,"[0.005,0.010)",0,,nan,nan,nan
sim,5008,5,touchdown,right,roll,amplitude,"[0.010,0.020)",1,############,0.01038629,0.8355609509650596,0.0020889739149979355
sim,5008,5,touchdown,right,roll,amplitude,"[0.020,0.040)",0,,nan,nan,nan
sim,5008,5,touchdown,right,roll,amplitude,"[0.040,0.080)",0,,nan,nan,nan
sim,5008,5,touchdown,right,roll,amplitude,"[0.080,1.000)",0,,nan,nan,nan
sim,5008,6,swing,left,pitch,frequency,"[0.00,1.00)",0,,nan,nan,nan
sim,5008,6,swing,left,pitch,frequency,"[1.00,2.50)",0,,nan,nan,nan
sim,5008,6,swing,left,pitch,frequency,"[2.50,5.00)",1,########################,0.054983000000000004,0.11101912744292358,0.5001515359778518
sim,5008,6,swing,left,pitch,frequency,"[5.00,8.00)",0,,nan,nan,nan
sim,5008,6,swing,left,pitch,frequency,"[8.00,12.00)",0,,nan,nan,nan
sim,5008,6,swing,left,pitch,frequency,"[12.00,20.00)",1,########################,0.04022699999999996,0.06780966701166817,0.4228966175532739
sim,5008,6,swing,left,pitch,frequency,"[20.00,1000.00)",0,,nan,nan,nan
sim,5008,6,swing,left,pitch,amplitude,"[0.000,0.005)",0,,nan,nan,nan
sim,5008,6,swing,left,pitch,amplitude,"[0.005,0.010)",0,,nan,nan,nan
sim,5008,6,swing,left,pitch,amplitude,"[0.010,0.020)",0,,nan,nan,nan
sim,5008,6,swing,left,pitch,amplitude,"[0.020,0.040)",0,,nan,nan,nan
sim,5008,6,swing,left,pitch,amplitude,"[0.040,0.080)",0,,nan,nan,nan
sim,5008,6,swing,left,pitch,amplitude,"[0.080,1.000)",2,########################,0.04760499999999998,0.08941439722729588,0.46152407676556284
sim,5008,6,swing,left,roll,frequency,"[0.00,1.00)",0,,nan,nan,nan
sim,5008,6,swing,left,roll,frequency,"[1.00,2.50)",0,,nan,nan,nan
sim,5008,6,swing,left,roll,frequency,"[2.50,5.00)",1,########,0.261074,0.6427447911191446,0.08595847869248219
sim,5008,6,swing,left,roll,frequency,"[5.00,8.00)",0,,nan,nan,nan
sim,5008,6,swing,left,roll,frequency,"[8.00,12.00)",0,,nan,nan,nan
sim,5008,6,swing,left,roll,frequency,"[12.00,20.00)",1,########,0.0225065,0.9966367688182637,0.006496006297232308
sim,5008,6,swing,left,roll,frequency,"[20.00,1000.00)",3,########################,0.009775166666666666,nan,0.09511988470913901
sim,5008,6,swing,left,roll,amplitude,"[0.000,0.005)",2,########################,0.006886750000000022,nan,0.0737353362528637
sim,5008,6,swing,left,roll,amplitude,"[0.005,0.010)",1,############,0.015551999999999955,nan,0.13788898162168964
sim,5008,6,swing,left,roll,amplitude,"[0.010,0.020)",0,,nan,nan,nan
sim,5008,6,swing,left,roll,amplitude,"[0.020,0.040)",1,############,0.0225065,0.9966367688182637,0.006496006297232308
sim,5008,6,swing,left,roll,amplitude,"[0.040,0.080)",0,,nan,nan,nan
sim,5008,6,swing,left,roll,amplitude,"[0.080,1.000)",1,############,0.261074,0.6427447911191446,0.08595847869248219
sim,5008,6,swing,right,pitch,frequency,"[0.00,1.00)",0,,nan,nan,nan
sim,5008,6,swing,right,pitch,frequency,"[1.00,2.50)",0,,nan,nan,nan
sim,5008,6,swing,right,pitch,frequency,"[2.50,5.00)",1,############,0.187616,0.4468071020076503,0.08335312871833811
sim,5008,6,swing,right,pitch,frequency,"[5.00,8.00)",0,,nan,nan,nan
sim,5008,6,swing,right,pitch,frequency,"[8.00,12.00)",0,,nan,nan,nan
sim,5008,6,swing,right,pitch,frequency,"[12.00,20.00)",2,########################,0.008558499999999997,0.16596007437329396,0.2831016829983548
sim,5008,6,swing,right,pitch,frequency,"[20.00,1000.00)",2,########################,0.004721000000000003,0.0602598435218767,0.3371569148613227
sim,5008,6,swing,right,pitch,amplitude,"[0.000,0.005)",1,############,0.012306000000000011,nan,0.30723327269643586
sim,5008,6,swing,right,pitch,amplitude,"[0.005,0.010)",0,,nan,nan,nan
sim,5008,6,swing,right,pitch,amplitude,"[0.010,0.020)",1,############,0.0014450000000000018,0.07423351964491212,0.272221613297524
sim,5008,6,swing,right,pitch,amplitude,"[0.020,0.040)",1,############,0.004810999999999982,0.16596007437329396,0.25897009330027376
sim,5008,6,swing,right,pitch,amplitude,"[0.040,0.080)",0,,nan,nan,nan
sim,5008,6,swing,right,pitch,amplitude,"[0.080,1.000)",2,########################,0.0978065,0.24654663470324578,0.24272267257172975
sim,5008,6,swing,right,roll,frequency,"[0.00,1.00)",0,,nan,nan,nan
sim,5008,6,swing,right,roll,frequency,"[1.00,2.50)",0,,nan,nan,nan
sim,5008,6,swing,right,roll,frequency,"[2.50,5.00)",0,,nan,nan,nan
sim,5008,6,swing,right,roll,frequency,"[5.00,8.00)",1,########,0.00980347,0.6271692053763922,0.0544539391096948
sim,5008,6,swing,right,roll,frequency,"[8.00,12.00)",2,################,0.000900375,0.05427104679549037,0.008782355009387868
sim,5008,6,swing,right,roll,frequency,"[12.00,20.00)",2,################,0.005350435000000001,0.04478780172906356,0.09375552096582945
sim,5008,6,swing,right,roll,frequency,"[20.00,1000.00)",3,########################,0.0012922666666666655,0.061386808066007915,0.06815646424119719
sim,5008,6,swing,right,roll,amplitude,"[0.000,0.005)",1,########,0.000534299999999998,nan,0.054270754616859096
sim,5008,6,swing,right,roll,amplitude,"[0.005,0.010)",0,,nan,nan,nan
sim,5008,6,swing,right,roll,amplitude,"[0.010,0.020)",3,########################,0.0038680733333333332,0.245237099655791,0.024006216376156842
sim,5008,6,swing,right,roll,amplitude,"[0.020,0.040)",2,################,0.0016712499999999991,0.061386808066007915,0.07509931905336623
sim,5008,6,swing,right,roll,amplitude,"[0.040,0.080)",1,########,0.0002348999999999997,0.0036206474007327563,0.05369355204170236
sim,5008,6,swing,right,roll,amplitude,"[0.080,1.000)",1,########,0.010465970000000002,0.08595495605739437,0.13381748988995654
sim,5008,6,touchdown,left,pitch,frequency,"[0.00,1.00)",0,,nan,nan,nan
sim,5008,6,touchdown,left,pitch,frequency,"[1.00,2.50)",0,,nan,nan,nan
sim,5008,6,touchdown,left,pitch,frequency,"[2.50,5.00)",0,,nan,nan,nan
sim,5008,6,touchdown,left,pitch,frequency,"[5.00,8.00)",0,,nan,nan,nan
sim,5008,6,touchdown,left,pitch,frequency,"[8.00,12.00)",2,########################,0.021843500000000016,0.2609263072416704,0.01606887880745006
sim,5008,6,touchdown,left,pitch,frequency,"[12.00,20.00)",0,,nan,nan,nan
sim,5008,6,touchdown,left,pitch,frequency,"[20.00,1000.00)",0,,nan,nan,nan
sim,5008,6,touchdown,left,pitch,amplitude,"[0.000,0.005)",0,,nan,nan,nan
sim,5008,6,touchdown,left,pitch,amplitude,"[0.005,0.010)",1,########################,0.03469,nan,0.018840001687139764
sim,5008,6,touchdown,left,pitch,amplitude,"[0.010,0.020)",0,,nan,nan,nan
sim,5008,6,touchdown,left,pitch,amplitude,"[0.020,0.040)",1,########################,0.008997000000000033,0.2609263072416704,0.013297755927760353
sim,5008,6,touchdown,left,pitch,amplitude,"[0.040,0.080)",0,,nan,nan,nan
sim,5008,6,touchdown,left,pitch,amplitude,"[0.080,1.000)",0,,nan,nan,nan
sim,5008,6,touchdown,left,roll,frequency,"[0.00,1.00)",0,,nan,nan,nan
sim,5008,6,touchdown,left,roll,frequency,"[1.00,2.50)",0,,nan,nan,nan
sim,5008,6,touchdown,left,roll,frequency,"[2.50,5.00)",0,,nan,nan,nan
sim,5008,6,touchdown,left,roll,frequency,"[5.00,8.00)",1,########################,0.015334546,0.6424967067664636,0.0037433138978296356
sim,5008,6,touchdown,left,roll,frequency,"[8.00,12.00)",1,########################,0.0034239000000000006,nan,0.0018105597269905242
sim,5008,6,touchdown,left,roll,frequency,"[12.00,20.00)",0,,nan,nan,nan
sim,5008,6,touchdown,left,roll,frequency,"[20.00,1000.00)",0,,nan,nan,nan
sim,5008,6,touchdown,left,roll,amplitude,"[0.000,0.005)",1,########################,0.0034239000000000006,nan,0.0018105597269905242
sim,5008,6,touchdown,left,roll,amplitude,"[0.005,0.010)",0,,nan,nan,nan
sim,5008,6,touchdown,left,roll,amplitude,"[0.010,0.020)",0,,nan,nan,nan
sim,5008,6,touchdown,left,roll,amplitude,"[0.020,0.040)",1,########################,0.015334546,0.6424967067664636,0.0037433138978296356
sim,5008,6,touchdown,left,roll,amplitude,"[0.040,0.080)",0,,nan,nan,nan
sim,5008,6,touchdown,left,roll,amplitude,"[0.080,1.000)",0,,nan,nan,nan
sim,5008,6,touchdown,right,pitch,frequency,"[0.00,1.00)",0,,nan,nan,nan
sim,5008,6,touchdown,right,pitch,frequency,"[1.00,2.50)",0,,nan,nan,nan
sim,5008,6,touchdown,right,pitch,frequency,"[2.50,5.00)",0,,nan,nan,nan
sim,5008,6,touchdown,right,pitch,frequency,"[5.00,8.00)",0,,nan,nan,nan
sim,5008,6,touchdown,right,pitch,frequency,"[8.00,12.00)",1,########,0.015632000000000007,0.16837686084867462,0.25948199689756823
sim,5008,6,touchdown,right,pitch,frequency,"[12.00,20.00)",1,########,0.0021140000000000048,0.04507952890399606,0.2859336491171597
sim,5008,6,touchdown,right,pitch,frequency,"[20.00,1000.00)",3,########################,0.002413666666666666,0.14229490106669648,0.2903257847086496
sim,5008,6,touchdown,right,pitch,amplitude,"[0.000,0.005)",0,,nan,nan,nan
sim,5008,6,touchdown,right,pitch,amplitude,"[0.005,0.010)",0,,nan,nan,nan
sim,5008,6,touchdown,right,pitch,amplitude,"[0.010,0.020)",2,########################,0.002897999999999998,0.18558155915812816,0.3062248328484088
sim,5008,6,touchdown,right,pitch,amplitude,"[0.020,0.040)",1,############,0.0014450000000000018,0.05572158488383309,0.2585276884291313
sim,5008,6,touchdown,right,pitch,amplitude,"[0.040,0.080)",1,############,0.0021140000000000048,0.04507952890399606,0.2859336491171597
sim,5008,6,touchdown,right,pitch,amplitude,"[0.080,1.000)",1,############,0.015632000000000007,0.16837686084867462,0.25948199689756823
sim,5008,6,touchdown,right,roll,frequency,"[0.00,1.00)",0,,nan,nan,nan
sim,5008,6,touchdown,right,roll,frequency,"[1.00,2.50)",0,,nan,nan,nan
sim,5008,6,touchdown,right,roll,frequency,"[2.50,5.00)",0,,nan,nan,nan
sim,5008,6,touchdown,right,roll,frequency,"[5.00,8.00)",1,########################,0.0222793,0.11563684529867993,0.1498269901180959
sim,5008,6,touchdown,right,roll,frequency,"[8.00,12.00)",0,,nan,nan,nan
sim,5008,6,touchdown,right,roll,frequency,"[12.00,20.00)",0,,nan,nan,nan
sim,5008,6,touchdown,right,roll,frequency,"[20.00,1000.00)",1,########################,0.0014595999999999984,nan,0.0558636421464802
sim,5008,6,touchdown,right,roll,amplitude,"[0.000,0.005)",1,########################,0.0014595999999999984,nan,0.0558636421464802
sim,5008,6,touchdown,right,roll,amplitude,"[0.005,0.010)",0,,nan,nan,nan
sim,5008,6,touchdown,right,roll,amplitude,"[0.010,0.020)",0,,nan,nan,nan
sim,5008,6,touchdown,right,roll,amplitude,"[0.020,0.040)",0,,nan,nan,nan
sim,5008,6,touchdown,right,roll,amplitude,"[0.040,0.080)",0,,nan,nan,nan
sim,5008,6,touchdown,right,roll,amplitude,"[0.080,1.000)",1,########################,0.0222793,0.11563684529867993,0.1498269901180959
