dataset,kp_case,window,role,step_index,joint,case_count,curve_count,mean_target_direction_change_rate_hz,mean_joint_direction_change_rate_hz,mean_target_dominant_freq_hz,mean_joint_dominant_freq_hz,mean_target_extrema_rate_hz,mean_joint_extrema_rate_hz,mean_target_range_rad,mean_joint_range_rad,mean_target_path_rate_radps,mean_joint_path_rate_radps,mean_tracking_err_rms_rad
real,kp25_kd0.4,swing,event_leg,1,ankle_pitch,1,1,34.37667199160726,6.250303998474047,3.030450423502568,3.030450423502568,31.251519992370234,6.250303998474047,0.641534,0.3154128,6.101800838167902,1.217273267494814,0.1952995359034915
real,kp25_kd0.4,swing,event_leg,1,ankle_roll,1,1,28.12636799313321,18.75091199542214,3.030450423502568,3.030450423502568,28.12636799313321,18.75091199542214,0.6296726,0.0665162,3.759061580944661,0.4668281428025084,0.3759978871333276
real,kp25_kd0.4,swing,event_leg,1,hip_pitch,1,1,34.37667199160726,3.1251519992370236,3.030450423502568,3.030450423502568,34.37667199160726,0.0,1.5074830000000001,0.337097,14.640080805321759,1.260817572876183,0.5238020135294671
real,kp25_kd0.4,swing,event_leg,1,hip_roll,1,1,18.75091199542214,0.0,3.030450423502568,3.030450423502568,12.500607996948094,0.0,1.7,0.130199,11.091895730860017,0.40808984842516866,0.8098514682959421
real,kp25_kd0.4,swing,event_leg,1,knee_pitch,1,1,28.12636799313321,6.250303998474047,3.030450423502568,3.030450423502568,28.12636799313321,6.250303998474047,0.591305,0.940919,4.779469960945137,3.2599085534441232,0.5149626906186623
real,kp25_kd0.4,swing,event_leg,2,ankle_pitch,1,1,21.876063994659162,6.250303998474047,6.060900847005136,3.030450423502568,15.625759996185117,3.1251519992370236,0.533567,0.329162,6.1239537906296935,1.3537302169046999,0.13169516492397174
real,kp25_kd0.4,swing,event_leg,2,ankle_roll,1,1,37.50182399084428,12.500607996948094,3.030450423502568,3.030450423502568,34.37667199160726,9.37545599771107,0.573896,0.20601419999999998,5.375447385231635,1.3002876175961469,0.09491068177000564
real,kp25_kd0.4,swing,event_leg,2,hip_pitch,1,1,21.876063994659162,3.1251519992370236,3.030450423502568,3.030450423502568,21.876063994659162,3.1251519992370236,1.27795,0.25253500000000006,13.899391655134597,1.4184189881977067,0.46197865433333213
real,kp25_kd0.4,swing,event_leg,2,hip_roll,1,1,40.626975990081306,9.37545599771107,3.030450423502568,3.030450423502568,37.50182399084428,6.250303998474047,1.7,0.0617438,12.838028783214515,0.4386541474929067,0.5852612801430023
real,kp25_kd0.4,swing,event_leg,2,knee_pitch,1,1,34.37667199160726,3.1251519992370236,3.030450423502568,3.030450423502568,34.37667199160726,3.1251519992370236,0.684488,0.879558,4.803811769867195,4.669942758827877,0.5012549262663085
real,kp25_kd0.4,swing,event_leg,3,ankle_pitch,1,1,34.37667199160726,6.250303998474047,15.152252117512841,3.030450423502568,31.251519992370234,3.1251519992370236,0.35604719999999995,0.3444693,3.4648228949428956,1.801551060241768,0.1574778574624671
real,kp25_kd0.4,swing,event_leg,3,ankle_roll,1,1,40.626975990081306,6.250303998474047,3.030450423502568,3.030450423502568,37.50182399084428,6.250303998474047,0.4595439,0.374813,2.153343170491881,2.237067242612241,0.18719362688512234
real,kp25_kd0.4,swing,event_leg,3,hip_pitch,1,1,40.626975990081306,3.1251519992370236,3.030450423502568,3.030450423502568,40.626975990081306,3.1251519992370236,0.888466,0.289927,8.41411924080017,1.402843230633509,0.2928300692192477
real,kp25_kd0.4,swing,event_leg,3,hip_roll,1,1,21.876063994659162,0.0,3.030450423502568,3.030450423502568,18.75091199542214,0.0,1.21835,0.0726733,6.611143423761952,0.23190721686178206,0.298277931758009
real,kp25_kd0.4,swing,event_leg,3,knee_pitch,1,1,21.876063994659162,3.1251519992370236,3.030450423502568,3.030450423502568,21.876063994659162,3.1251519992370236,0.9133089999999999,0.8703600000000001,4.799177169452325,3.6722286076154593,0.40694944924020854
real,kp25_kd0.4,swing,event_leg,4,ankle_pitch,1,1,18.75091199542214,3.1251519992370236,3.030450423502568,3.030450423502568,15.625759996185117,3.1251519992370236,0.14399799999999996,0.3452978,1.1515497583748597,1.9105923012231465,0.11863087750829922
real,kp25_kd0.4,swing,event_leg,4,ankle_roll,1,1,46.87727998855535,15.625759996185117,9.091351270507705,3.030450423502568,46.87727998855535,12.500607996948094,0.2951728,0.1219535,2.371955990748909,0.8818863301494957,0.06132075795755817
real,kp25_kd0.4,swing,event_leg,4,hip_pitch,1,1,31.251519992370234,3.1251519992370236,3.030450423502568,3.030450423502568,31.251519992370234,3.1251519992370236,0.905274,0.18810800000000005,10.231469506974081,0.9006750564841091,0.3447199788491488
real,kp25_kd0.4,swing,event_leg,4,hip_roll,1,1,25.00121599389619,9.37545599771107,6.060900847005136,3.030450423502568,21.876063994659162,0.0,1.7,0.0542655,9.008306890536707,0.23250662101523561,0.4089952174145111
real,kp25_kd0.4,swing,event_leg,4,knee_pitch,1,1,28.12636799313321,3.1251519992370236,3.030450423502568,3.030450423502568,28.12636799313321,3.1251519992370236,1.31753,0.728269,5.747754555780739,4.451228996161275,0.5242249640229938
real,kp25_kd0.4,swing,event_leg,5,ankle_pitch,1,1,41.93752360266457,6.451926708102242,3.1251519992370236,3.1251519992370236,38.71156024861345,6.451926708102242,0.25523999999999997,0.39065750000000005,1.8499093296004905,1.5135620028024008,0.12539534125604881
real,kp25_kd0.4,swing,event_leg,5,ankle_roll,1,1,29.03367018646009,6.451926708102242,3.1251519992370236,3.1251519992370236,29.03367018646009,6.451926708102242,0.10939289999999999,0.453157,1.6516506222982665,3.2171274404243753,0.16516994886915506
real,kp25_kd0.4,swing,event_leg,5,hip_pitch,1,1,48.38945031076681,3.225963354051121,3.1251519992370236,3.1251519992370236,48.38945031076681,3.225963354051121,0.9806549999999998,0.18254599999999999,12.241963159073695,0.9693116609184487,0.30760145429958347
real,kp25_kd0.4,swing,event_leg,5,hip_roll,1,1,45.163486956715694,3.225963354051121,3.1251519992370236,3.1251519992370236,41.93752360266457,3.225963354051121,0.354808,0.09184835570000001,5.372029475041791,0.386608983329372,0.1611020679210978
real,kp25_kd0.4,swing,event_leg,5,knee_pitch,1,1,22.581743478357847,3.225963354051121,3.1251519992370236,3.1251519992370236,22.581743478357847,3.225963354051121,1.033075,0.6490739999999999,6.473092253668173,3.4411512395831005,0.5149015382056674
real,kp25_kd0.4,swing,event_leg,6,ankle_pitch,1,1,24.243603388020546,6.060900847005136,2.9413195286936693,2.9413195286936693,21.213152964517977,3.030450423502568,0.17841899999999997,0.5603758,1.114487539098575,2.7104100090872243,0.187130281133374
real,kp25_kd0.4,swing,event_leg,6,ankle_roll,1,1,30.304504235025682,12.121801694010273,2.9413195286936693,2.9413195286936693,27.274053811523114,12.121801694010273,0.5772655,0.2261495,3.007507125782264,1.3933649211484245,0.11578272200056305
real,kp25_kd0.4,swing,event_leg,6,hip_pitch,1,1,45.45675635253852,6.060900847005136,2.9413195286936693,2.9413195286936693,45.45675635253852,3.030450423502568,1.0024929999999999,0.17621899999999996,7.350654486346982,0.681618000605468,0.2786111276693313
real,kp25_kd0.4,swing,event_leg,6,hip_roll,1,1,33.33495465852825,12.121801694010273,2.9413195286936693,2.9413195286936693,30.304504235025682,3.030450423502568,1.7,0.02876279,8.710384195808917,0.10459626910772929,0.3904557059064965
real,kp25_kd0.4,swing,event_leg,6,knee_pitch,1,1,30.304504235025682,3.030450423502568,2.9413195286936693,2.9413195286936693,30.304504235025682,3.030450423502568,1.027191,0.927114,3.891392297468377,5.189140265027422,0.5228163426420016
real,kp25_kd0.4,swing,opposite_leg,1,ankle_pitch,1,1,18.75091199542214,18.75091199542214,3.030450423502568,3.030450423502568,9.37545599771107,3.1251519992370236,0.76,0.062247,6.0019669200066765,0.27185384726162953,0.24515204669151325
real,kp25_kd0.4,swing,opposite_leg,1,ankle_roll,1,1,34.37667199160726,18.75091199542214,3.030450423502568,3.030450423502568,31.251519992370234,12.500607996948094,0.4035521,0.0382167,1.9043679359862664,0.26104675913306796,0.17352525273258348
real,kp25_kd0.4,swing,opposite_leg,1,hip_pitch,1,1,18.75091199542214,9.37545599771107,3.030450423502568,3.030450423502568,18.75091199542214,3.1251519992370236,1.69372,0.182164,15.479208493302497,0.6178300496411625,0.5484541961847017
real,kp25_kd0.4,swing,opposite_leg,1,hip_roll,1,1,31.251519992370234,6.250303998474047,3.030450423502568,3.030450423502568,28.12636799313321,0.0,0.6647080000000001,0.13422542,5.397728781440595,0.4734064940063423,0.2311896685216931
real,kp25_kd0.4,swing,opposite_leg,1,knee_pitch,1,1,9.37545599771107,3.1251519992370236,3.030450423502568,3.030450423502568,9.37545599771107,0.0,1.135456,0.730191,6.84339534488925,2.303533912877614,0.3870374521620888
real,kp25_kd0.4,swing,opposite_leg,2,ankle_pitch,1,1,31.251519992370234,6.250303998474047,6.060900847005136,3.030450423502568,28.12636799313321,6.250303998474047,0.668166,0.3351678,7.471790908409435,1.2594943835197066,0.22540021834807256
real,kp25_kd0.4,swing,opposite_leg,2,ankle_roll,1,1,34.37667199160726,9.37545599771107,3.030450423502568,3.030450423502568,34.37667199160726,6.250303998474047,0.6054452,0.1800893,3.6056204304675608,0.9066303461338547,0.38926530448260505
real,kp25_kd0.4,swing,opposite_leg,2,hip_pitch,1,1,31.251519992370234,3.1251519992370236,3.030450423502568,3.030450423502568,31.251519992370234,3.1251519992370236,1.5894270000000001,0.267109,17.358046750091788,1.3453185577835531,0.5169548131870381
real,kp25_kd0.4,swing,opposite_leg,2,hip_roll,1,1,28.12636799313321,9.37545599771107,3.030450423502568,3.030450423502568,25.00121599389619,6.250303998474047,1.7,0.0786176,11.032604722100094,0.3427722965499154,0.6262658634123547
real,kp25_kd0.4,swing,opposite_leg,2,knee_pitch,1,1,34.37667199160726,3.1251519992370236,6.060900847005136,3.030450423502568,34.37667199160726,3.1251519992370236,0.675905,0.584648,3.9943192732648236,2.093183056960969,0.2388795959953022
real,kp25_kd0.4,swing,opposite_leg,3,ankle_pitch,1,1,21.876063994659162,6.250303998474047,3.030450423502568,3.030450423502568,15.625759996185117,0.0,0.76,0.1356724,4.709775633694952,0.4561024961350467,0.3109532815758244
real,kp25_kd0.4,swing,opposite_leg,3,ankle_roll,1,1,34.37667199160726,28.12636799313321,3.030450423502568,3.030450423502568,34.37667199160726,25.00121599389619,0.6513789999999999,0.0649685,3.929818323606972,0.4870811903578837,0.2697866588580171
real,kp25_kd0.4,swing,opposite_leg,3,hip_pitch,1,1,56.25273598626642,6.250303998474047,3.030450423502568,6.060900847005136,56.25273598626642,3.1251519992370236,1.207819,0.023776999999999993,13.258322975227102,0.18336516840323294,0.2580079007837715
real,kp25_kd0.4,swing,opposite_leg,3,hip_roll,1,1,28.12636799313321,12.500607996948094,3.030450423502568,3.030450423502568,25.00121599389619,6.250303998474047,1.6139,0.0803432,9.51795042826828,0.287039585856322,0.8223129810884434
real,kp25_kd0.4,swing,opposite_leg,3,knee_pitch,1,1,50.00243198779238,6.250303998474047,3.030450423502568,3.030450423502568,46.87727998855535,3.1251519992370236,0.8543100000000001,0.13710299999999997,4.970535503874491,0.5579115103597911,0.1724419350577305
real,kp25_kd0.4,swing,opposite_leg,4,ankle_pitch,1,1,12.500607996948094,6.250303998474047,3.030450423502568,3.030450423502568,9.37545599771107,3.1251519992370236,0.25523999999999997,0.312523,1.4729403899763953,1.2693414249541017,0.36171924593468585
real,kp25_kd0.4,swing,opposite_leg,4,ankle_roll,1,1,9.37545599771107,9.37545599771107,3.030450423502568,3.030450423502568,9.37545599771107,9.37545599771107,0.6660648,0.44566,2.5878249275506073,2.8633830174769317,0.37875515296605555
real,kp25_kd0.4,swing,opposite_leg,4,hip_pitch,1,1,56.25273598626642,3.1251519992370236,3.030450423502568,3.030450423502568,56.25273598626642,0.0,1.2001753,0.27727100000000005,15.076004194997736,1.1751290302091035,0.5036256294125622
real,kp25_kd0.4,swing,opposite_leg,4,hip_roll,1,1,21.876063994659162,12.500607996948094,3.030450423502568,3.030450423502568,18.75091199542214,6.250303998474047,1.7,0.118885,10.636198566939271,0.5920637964378531,0.6381576554683221
real,kp25_kd0.4,swing,opposite_leg,4,knee_pitch,1,1,50.00243198779238,3.1251519992370236,3.030450423502568,3.030450423502568,50.00243198779238,0.0,1.1712941,0.330003,5.960274267184856,1.090031141269879,0.29733809310550635
real,kp25_kd0.4,swing,opposite_leg,5,ankle_pitch,1,1,0.0,16.129816770255605,25.00121599389619,3.1251519992370236,0.0,16.129816770255605,0.0,0.539007,0.0,1.8000114188253704,0.49743449200792517
real,kp25_kd0.4,swing,opposite_leg,5,ankle_roll,1,1,41.93752360266457,29.03367018646009,6.250303998474047,3.1251519992370236,41.93752360266457,29.03367018646009,0.5402462,0.0601578,7.118322990845973,0.5684306405312161,0.22244321678738857
real,kp25_kd0.4,swing,opposite_leg,5,hip_pitch,1,1,61.293303726971295,3.225963354051121,3.1251519992370236,3.1251519992370236,61.293303726971295,3.225963354051121,1.1807808,0.10968099999999997,13.942832981717023,0.6488896248139666,0.22644151921733982
real,kp25_kd0.4,swing,opposite_leg,5,hip_roll,1,1,41.93752360266457,6.451926708102242,6.250303998474047,3.1251519992370236,38.71156024861345,3.225963354051121,1.42618,0.1004772,16.559282819653717,0.5295054311815909,0.7702305986975923
real,kp25_kd0.4,swing,opposite_leg,5,knee_pitch,1,1,45.163486956715694,3.225963354051121,3.1251519992370236,3.1251519992370236,45.163486956715694,3.225963354051121,0.411277,0.488197,4.561708966392882,2.0227596720739043,0.18062374445558438
real,kp25_kd0.4,swing,opposite_leg,6,ankle_pitch,1,1,6.060900847005136,6.060900847005136,2.9413195286936693,5.882639057387339,6.060900847005136,0.0,0.19632999999999998,0.11705190000000001,0.7620916116015788,0.6469990441025019,0.447089721148353
real,kp25_kd0.4,swing,opposite_leg,6,ankle_roll,1,1,21.213152964517977,21.213152964517977,2.9413195286936693,2.9413195286936693,21.213152964517977,15.152252117512841,0.773813,0.1010056,4.288469792099579,0.5466117372834711,0.2748135560235531
real,kp25_kd0.4,swing,opposite_leg,6,hip_pitch,1,1,27.274053811523114,3.030450423502568,2.9413195286936693,2.9413195286936693,27.274053811523114,0.0,1.419692,0.426837,12.543128246840261,1.3707969750175752,0.5132836213696677
real,kp25_kd0.4,swing,opposite_leg,6,hip_roll,1,1,27.274053811523114,9.091351270507705,2.9413195286936693,2.9413195286936693,21.213152964517977,6.060900847005136,1.7,0.1624121,13.143088942514193,0.7850518192352459,0.5700566915764178
real,kp25_kd0.4,swing,opposite_leg,6,knee_pitch,1,1,24.243603388020546,9.091351270507705,2.9413195286936693,2.9413195286936693,24.243603388020546,3.030450423502568,1.0718052,0.233169,5.18134412826792,1.068624702389287,0.3211530257837014
real,kp25_kd0.4,touchdown,landing_leg,1,ankle_pitch,1,1,21.429613709053875,0.0,6.66699093170565,6.66699093170565,21.429613709053875,0.0,0.5299499999999999,0.2304559,5.046104715077982,1.646193637990783,0.15878446222544992
real,kp25_kd0.4,touchdown,landing_leg,1,ankle_roll,1,1,14.28640913936925,0.0,6.66699093170565,6.66699093170565,14.28640913936925,0.0,0.272561,0.1711163,1.9644884047318176,1.2223187361075252,0.42375999989851104
real,kp25_kd0.4,touchdown,landing_leg,1,hip_pitch,1,1,28.5728182787385,7.143204569684625,13.3339818634113,6.66699093170565,28.5728182787385,7.143204569684625,1.30975,0.07401600000000003,12.695488904018227,0.7560867740874087,0.4392674749321496
real,kp25_kd0.4,touchdown,landing_leg,1,hip_roll,1,1,14.28640913936925,7.143204569684625,6.66699093170565,6.66699093170565,14.28640913936925,0.0,1.0939176000000002,0.013422500000000004,7.823520515619561,0.14655998543804735,0.4832948683370688
real,kp25_kd0.4,touchdown,landing_leg,1,knee_pitch,1,1,35.71602284842312,0.0,6.66699093170565,6.66699093170565,35.71602284842312,0.0,0.09126800000000002,0.306609,1.6087211011386746,2.190170809906433,0.25148236526550594
real,kp25_kd0.4,touchdown,landing_leg,2,ankle_pitch,1,1,35.71602284842312,14.28640913936925,6.66699093170565,6.66699093170565,35.71602284842312,0.0,0.3270229,0.0425517,4.177744623166557,0.3919397772135687,0.2702355249981653
real,kp25_kd0.4,touchdown,landing_leg,2,ankle_roll,1,1,42.85922741810775,42.85922741810775,6.66699093170565,6.66699093170565,42.85922741810775,35.71602284842312,0.305897,0.0376371,5.781824069975849,0.5362882265168416,0.289622309526246
real,kp25_kd0.4,touchdown,landing_leg,2,hip_pitch,1,1,42.85922741810775,0.0,13.3339818634113,6.66699093170565,42.85922741810775,0.0,0.5105270000000001,0.07535799999999998,8.395294039477225,0.5547269804725683,0.14460573125594528
real,kp25_kd0.4,touchdown,landing_leg,2,hip_roll,1,1,42.85922741810775,21.429613709053875,26.6679637268226,6.66699093170565,42.85922741810775,14.28640913936925,0.689247,0.036048899999999995,18.47642721662744,0.3163989602482398,1.2657700146010933
real,kp25_kd0.4,touchdown,landing_leg,2,knee_pitch,1,1,35.71602284842312,7.143204569684625,13.3339818634113,6.66699093170565,35.71602284842312,7.143204569684625,0.286429,0.07574199999999998,3.6382626698866085,0.8492341616760958,0.07038435398960008
real,kp25_kd0.4,touchdown,landing_leg,3,ankle_pitch,1,1,21.429613709053875,7.143204569684625,6.66699093170565,6.66699093170565,21.429613709053875,7.143204569684625,0.07503699999999996,0.2327519,1.089995871697315,3.21293912611662,0.49645671839590105
real,kp25_kd0.4,touchdown,landing_leg,3,ankle_roll,1,1,35.71602284842312,14.28640913936925,6.66699093170565,6.66699093170565,28.5728182787385,14.28640913936925,0.464002,0.374054,6.224081294498735,3.5479882791758497,0.6159913305950901
real,kp25_kd0.4,touchdown,landing_leg,3,hip_pitch,1,1,57.145636557477,0.0,6.66699093170565,6.66699093170565,57.145636557477,0.0,0.7709575,0.19731100000000001,13.274106332174108,1.4094328368490432,0.3051021333452303
real,kp25_kd0.4,touchdown,landing_leg,3,hip_roll,1,1,35.71602284842312,14.28640913936925,6.66699093170565,6.66699093170565,28.5728182787385,7.143204569684625,0.988778,0.088397,20.18579607015297,0.7903241535899068,1.0631736823813236
real,kp25_kd0.4,touchdown,landing_leg,3,knee_pitch,1,1,42.85922741810775,7.143204569684625,6.66699093170565,6.66699093170565,42.85922741810775,0.0,0.298944,0.14515499999999998,4.6419900599958455,1.1902650342419792,0.21134564389643803
real,kp25_kd0.4,touchdown,landing_leg,4,ankle_pitch,1,1,0.0,15.3853636885515,28.5728182787385,7.143204569684625,0.0,15.3853636885515,0.0,0.29163700000000004,0.0,2.2734213425115506,0.4769853500393189
real,kp25_kd0.4,touchdown,landing_leg,4,ankle_roll,1,1,38.46340922137875,15.3853636885515,7.143204569684625,14.28640913936925,38.46340922137875,15.3853636885515,0.42764749999999996,0.048799800000000004,9.513743492884693,0.6882236887886682,0.21975693987722975
real,kp25_kd0.4,touchdown,landing_leg,4,hip_pitch,1,1,46.1560910656545,7.69268184427575,7.143204569684625,7.143204569684625,46.1560910656545,7.69268184427575,0.8101048000000001,0.04889699999999997,15.025723119649765,0.4027042018659911,0.27070863972790005
real,kp25_kd0.4,touchdown,landing_leg,4,hip_roll,1,1,46.1560910656545,0.0,7.143204569684625,7.143204569684625,38.46340922137875,0.0,1.393712,0.0987515,23.050405726960765,0.7596638711449969,1.0543641572343678
real,kp25_kd0.4,touchdown,landing_leg,4,knee_pitch,1,1,38.46340922137875,7.69268184427575,14.28640913936925,7.143204569684625,38.46340922137875,7.69268184427575,0.212795,0.35416400000000003,4.473032941263644,2.749549115508416,0.1537906368836264
real,kp25_kd0.4,touchdown,landing_leg,5,ankle_pitch,1,1,13.3339818634113,0.0,18.75091199542214,6.250303998474047,6.66699093170565,0.0,0.120836,0.4805733,2.0007973135595236,3.2039778331198585,0.31480498675474616
real,kp25_kd0.4,touchdown,landing_leg,5,ankle_roll,1,1,33.33495465852825,20.00097279511695,6.250303998474047,6.250303998474047,33.33495465852825,13.3339818634113,0.662844,0.2028917,5.902655089738442,2.273053222043029,0.39205802911186793
real,kp25_kd0.4,touchdown,landing_leg,5,hip_pitch,1,1,53.3359274536452,0.0,6.250303998474047,6.250303998474047,53.3359274536452,0.0,0.783223,0.312554,14.659166316924567,2.083794683668328,0.31184440116366524
real,kp25_kd0.4,touchdown,landing_leg,5,hip_roll,1,1,26.6679637268226,6.66699093170565,6.250303998474047,6.250303998474047,20.00097279511695,6.66699093170565,1.7,0.0519647,18.692469152914807,0.6008498904372015,0.9340238441347998
real,kp25_kd0.4,touchdown,landing_leg,5,knee_pitch,1,1,33.33495465852825,0.0,12.500607996948094,6.250303998474047,33.33495465852825,0.0,0.32388500000000003,0.650417,6.53674459686385,4.336324240827194,0.31402796425159335
real,kp25_kd0.4,touchdown,landing_leg,6,ankle_pitch,1,1,35.71602284842312,14.28640913936925,6.66699093170565,6.66699093170565,35.71602284842312,14.28640913936925,0.3407167,0.2254715,7.088397618303262,1.905103373541744,0.14883304312134227
real,kp25_kd0.4,touchdown,landing_leg,6,ankle_roll,1,1,35.71602284842312,21.429613709053875,20.00097279511695,6.66699093170565,35.71602284842312,21.429613709053875,0.61342824,0.1340016,14.042999300549955,1.6663156166713102,0.2651390012951095
real,kp25_kd0.4,touchdown,landing_leg,6,hip_pitch,1,1,50.00243198779238,0.0,6.66699093170565,6.66699093170565,50.00243198779238,0.0,1.134201,0.21476099999999998,21.65541040550161,1.5340817565900395,0.4555283293730889
real,kp25_kd0.4,touchdown,landing_leg,6,hip_roll,1,1,42.85922741810775,14.28640913936925,6.66699093170565,6.66699093170565,28.5728182787385,7.143204569684625,1.5855022,0.0866713,25.28811137631026,0.6355487685762652,1.0132624712605085
real,kp25_kd0.4,touchdown,landing_leg,6,knee_pitch,1,1,35.71602284842312,0.0,6.66699093170565,6.66699093170565,35.71602284842312,0.0,0.406954,0.45233900000000005,6.015221136085725,3.231150011846574,0.2202030224844034
real,kp25_kd0.4,touchdown,stance_leg,1,ankle_pitch,1,1,21.429613709053875,7.143204569684625,6.66699093170565,6.66699093170565,21.429613709053875,7.143204569684625,0.23532499999999998,0.05884099999999998,2.91004868003011,0.7363215270430907,0.11713910505690801
real,kp25_kd0.4,touchdown,stance_leg,1,ankle_roll,1,1,28.5728182787385,0.0,6.66699093170565,6.66699093170565,28.5728182787385,0.0,0.1099183,0.1419996,0.9451852570583846,1.0143321916133887,0.036516736885054954
real,kp25_kd0.4,touchdown,stance_leg,1,hip_pitch,1,1,0.0,7.143204569684625,6.66699093170565,6.66699093170565,0.0,7.143204569684625,1.228917,0.13058200000000003,8.77840553016312,0.9752331470807638,0.4200719335955054
real,kp25_kd0.4,touchdown,stance_leg,1,hip_roll,1,1,35.71602284842312,0.0,13.3339818634113,6.66699093170565,35.71602284842312,0.0,0.1856298,0.0356659,4.4209650242006635,0.2575118104166739,0.0541443228679979
real,kp25_kd0.4,touchdown,stance_leg,1,knee_pitch,1,1,28.5728182787385,7.143204569684625,6.66699093170565,6.66699093170565,28.5728182787385,7.143204569684625,0.39007600000000003,0.45444799999999996,3.6933939227554364,4.243334956166314,0.7092475517814166
real,kp25_kd0.4,touchdown,stance_leg,2,ankle_pitch,1,1,42.85922741810775,7.143204569684625,6.66699093170565,6.66699093170565,42.85922741810775,0.0,0.09504000000000001,0.1576,2.478856279385667,1.1853933687254543,0.1147844767687106
real,kp25_kd0.4,touchdown,stance_leg,2,ankle_roll,1,1,57.145636557477,7.143204569684625,6.66699093170565,6.66699093170565,50.00243198779238,7.143204569684625,0.03155242,0.1721317,0.7186918124369268,1.2858811133299504,0.07380229801540215
real,kp25_kd0.4,touchdown,stance_leg,2,hip_pitch,1,1,57.145636557477,0.0,6.66699093170565,6.66699093170565,57.145636557477,0.0,0.3431740000000001,0.19270900000000002,7.03553504720577,1.3765598094193545,0.23518100884085008
real,kp25_kd0.4,touchdown,stance_leg,2,hip_roll,1,1,42.85922741810775,0.0,6.66699093170565,6.66699093170565,42.85922741810775,0.0,0.357649,0.06634570000000001,10.155878955446939,0.4739209074189252,0.11751737703658423
real,kp25_kd0.4,touchdown,stance_leg,2,knee_pitch,1,1,21.429613709053875,0.0,6.66699093170565,6.66699093170565,21.429613709053875,0.0,0.552533,0.3384379999999999,8.034333626161919,2.4175318681549243,0.2588367444067141
real,kp25_kd0.4,touchdown,stance_leg,3,ankle_pitch,1,1,28.5728182787385,7.143204569684625,6.66699093170565,6.66699093170565,28.5728182787385,0.0,0.7419709999999999,0.116448,6.159485295575074,1.0849099100437005,0.22687154878938437
real,kp25_kd0.4,touchdown,stance_leg,3,ankle_roll,1,1,42.85922741810775,7.143204569684625,20.00097279511695,6.66699093170565,42.85922741810775,7.143204569684625,0.19681477,0.15988170000000002,3.6309997452083365,1.4719223047451016,0.08229041225614321
real,kp25_kd0.4,touchdown,stance_leg,3,hip_pitch,1,1,35.71602284842312,7.143204569684625,6.66699093170565,6.66699093170565,35.71602284842312,0.0,0.897241,0.08072700000000005,14.203376529451237,0.8574417037266643,0.42850047771680877
real,kp25_kd0.4,touchdown,stance_leg,3,hip_roll,1,1,50.00243198779238,7.143204569684625,6.66699093170565,6.66699093170565,50.00243198779238,0.0,0.347416,0.02550264,6.706537617057975,0.2794225189534958,0.1423787499036268
real,kp25_kd0.4,touchdown,stance_leg,3,knee_pitch,1,1,21.429613709053875,7.143204569684625,6.66699093170565,6.66699093170565,21.429613709053875,0.0,0.7483460000000001,0.43450700000000003,9.938304801779367,3.1421313964991637,0.508811398815383
real,kp25_kd0.4,touchdown,stance_leg,4,ankle_pitch,1,1,38.46340922137875,7.69268184427575,7.143204569684625,7.143204569684625,38.46340922137875,7.69268184427575,0.10469600000000001,0.20051349999999998,1.7648704540774316,1.6529719347024117,0.1645298195753606
real,kp25_kd0.4,touchdown,stance_leg,4,ankle_roll,1,1,30.770727377103,7.69268184427575,7.143204569684625,7.143204569684625,30.770727377103,7.69268184427575,0.10939289999999999,0.38331899999999997,2.3257051162270805,3.3807490461949294,0.17686965289910517
real,kp25_kd0.4,touchdown,stance_leg,4,hip_pitch,1,1,46.1560910656545,0.0,21.429613709053875,7.143204569684625,46.1560910656545,0.0,0.5828659999999999,0.14285399999999993,15.794483587075616,1.0989303721821675,0.325342557733164
real,kp25_kd0.4,touchdown,stance_leg,4,hip_roll,1,1,53.84877290993025,7.69268184427575,14.28640913936925,7.143204569684625,53.84877290993025,7.69268184427575,0.341563,0.07459070000000001,7.568844590385688,0.5973998251991351,0.11627995249313214
real,kp25_kd0.4,touchdown,stance_leg,4,knee_pitch,1,1,30.770727377103,0.0,7.143204569684625,7.143204569684625,30.770727377103,0.0,0.596376,0.535368,7.704805510862331,4.118415693606219,0.42622012600399006
real,kp25_kd0.4,touchdown,stance_leg,5,ankle_pitch,1,1,20.00097279511695,0.0,6.250303998474047,6.250303998474047,20.00097279511695,0.0,0.32997639999999995,0.27297499999999997,5.564402638021982,1.81992184958235,0.42898160682416653
real,kp25_kd0.4,touchdown,stance_leg,5,ankle_roll,1,1,33.33495465852825,13.3339818634113,6.250303998474047,6.250303998474047,33.33495465852825,13.3339818634113,0.41580399999999995,0.0773166,6.73481343041498,0.5276123283533216,0.10748337088394307
real,kp25_kd0.4,touchdown,stance_leg,5,hip_pitch,1,1,40.0019455902339,6.66699093170565,6.250303998474047,6.250303998474047,40.0019455902339,0.0,0.9987304,0.07113999999999998,22.57201131038694,0.5177518487653285,0.3129924103304975
real,kp25_kd0.4,touchdown,stance_leg,5,hip_roll,1,1,20.00097279511695,20.00097279511695,6.250303998474047,6.250303998474047,13.3339818634113,6.66699093170565,0.431627,0.0291462,7.56248768633067,0.24417487602870702,0.15384680959196134
real,kp25_kd0.4,touchdown,stance_leg,5,knee_pitch,1,1,13.3339818634113,0.0,6.250303998474047,6.250303998474047,13.3339818634113,0.0,0.994691,0.20517400000000002,7.49146436527503,1.3678931974217752,0.47294412232029326
real,kp25_kd0.4,touchdown,stance_leg,6,ankle_pitch,1,1,42.85922741810775,7.143204569684625,6.66699093170565,6.66699093170565,42.85922741810775,7.143204569684625,0.12176000000000001,0.1985304,2.828580431912857,1.7667144998109592,0.3320335461577541
real,kp25_kd0.4,touchdown,stance_leg,6,ankle_roll,1,1,42.85922741810775,7.143204569684625,6.66699093170565,6.66699093170565,35.71602284842312,7.143204569684625,0.1027927,0.1360969,2.6860492138521117,0.994487654998348,0.07438942792447746
real,kp25_kd0.4,touchdown,stance_leg,6,hip_pitch,1,1,21.429613709053875,0.0,6.66699093170565,6.66699093170565,21.429613709053875,0.0,0.9343899999999999,0.07324900000000001,16.02001488599972,0.5341902673347249,0.3185474382279663
real,kp25_kd0.4,touchdown,stance_leg,6,hip_roll,1,1,42.85922741810775,21.429613709053875,6.66699093170565,6.66699093170565,35.71602284842312,21.429613709053875,0.615932,0.08705439999999999,12.073285784539507,0.647870082138514,0.18912754322610986
real,kp25_kd0.4,touchdown,stance_leg,6,knee_pitch,1,1,42.85922741810775,0.0,6.66699093170565,6.66699093170565,42.85922741810775,0.0,0.7541799999999999,0.5948100000000001,8.255344375547963,4.248849510094113,0.5247168936582215
real,kp30_kd0.4,swing,event_leg,1,ankle_pitch,1,1,31.251892562082,6.2503785124163995,3.0304865514746178,3.0304865514746178,28.126703305873797,3.1251892562081998,0.6337269999999999,0.32742600000000005,6.097323618669305,1.2624092618829057,0.10923384052656852
real,kp30_kd0.4,swing,event_leg,1,ankle_roll,1,1,28.126703305873797,18.751135537249198,3.0304865514746178,3.0304865514746178,25.001514049665598,18.751135537249198,0.6129174,0.1103335,4.377995436544628,0.8473993795820269,0.32752713002683076
real,kp30_kd0.4,swing,event_leg,1,hip_pitch,1,1,28.126703305873797,3.1251892562081998,3.0304865514746178,3.0304865514746178,28.126703305873797,3.1251892562081998,1.6232250000000001,0.293762,13.498066170198255,1.2122984147542355,0.42948764218026325
real,kp30_kd0.4,swing,event_leg,1,hip_roll,1,1,25.001514049665598,3.1251892562081998,3.0304865514746178,3.0304865514746178,21.8763247934574,0.0,1.7,0.1351838,14.2377528393796,0.4380549653723728,0.6869867146831362
real,kp30_kd0.4,swing,event_leg,1,knee_pitch,1,1,34.37708181829019,6.2503785124163995,3.0304865514746178,3.0304865514746178,34.37708181829019,6.2503785124163995,0.5952054,0.9161870000000001,5.716229915275211,3.4055937370322256,0.5138048585349149
real,kp30_kd0.4,swing,event_leg,2,ankle_pitch,1,1,22.58201269002054,3.226001812860077,6.2503785124163995,3.1251892562081998,19.35601087716046,0.0,0.4301992,0.3287339,4.818093065939882,1.5595812198107073,0.11475411945228943
real,kp30_kd0.4,swing,event_leg,2,ankle_roll,1,1,35.486019941460846,12.904007251440309,9.375567768624599,3.1251892562081998,32.26001812860077,9.67800543858023,0.388482,0.16652899999999998,3.482237201012217,1.0545657982159824,0.07268874819126271
real,kp30_kd0.4,swing,event_leg,2,hip_pitch,1,1,22.58201269002054,3.226001812860077,3.1251892562081998,3.1251892562081998,22.58201269002054,0.0,1.270356,0.22339000000000003,9.260199491793097,1.0565510797316169,0.44747597971643954
real,kp30_kd0.4,swing,event_leg,2,hip_roll,1,1,45.16402538004108,6.452003625720154,15.625946281041,3.1251892562081998,35.486019941460846,6.452003625720154,0.8647100000000001,0.0673044,7.3615206400255975,0.39157113224441226,0.20545992430744223
real,kp30_kd0.4,swing,event_leg,2,knee_pitch,1,1,32.26001812860077,3.226001812860077,3.1251892562081998,3.1251892562081998,32.26001812860077,3.226001812860077,0.8754770000000001,0.788865,6.1922556377541,4.610353388800032,0.4316508571578712
real,kp30_kd0.4,swing,event_leg,3,ankle_pitch,1,1,37.502271074498395,6.2503785124163995,6.0609731029492355,3.0304865514746178,37.502271074498395,3.1251892562081998,0.55967,0.251881,6.266634496851493,1.318379838866966,0.13595458069619273
real,kp30_kd0.4,swing,event_leg,3,ankle_roll,1,1,43.7526495869148,6.2503785124163995,9.091459654423854,3.0304865514746178,40.6274603307066,6.2503785124163995,0.19192489999999998,0.376726,1.5332506323310402,2.393857467984406,0.12596717755833287
real,kp30_kd0.4,swing,event_leg,3,hip_pitch,1,1,59.378595867955795,3.1251892562081998,3.0304865514746178,3.0304865514746178,59.378595867955795,3.1251892562081998,1.7507819999999998,0.26941,17.124643289612656,1.1176176810481515,0.380984774818476
real,kp30_kd0.4,swing,event_leg,3,hip_roll,1,1,34.37708181829019,6.2503785124163995,3.0304865514746178,3.0304865514746178,34.37708181829019,3.1251892562081998,0.452943,0.07669970000000001,6.196199793944279,0.2588766146326344,0.1490254225585511
real,kp30_kd0.4,swing,event_leg,3,knee_pitch,1,1,21.8763247934574,3.1251892562081998,3.0304865514746178,3.0304865514746178,21.8763247934574,3.1251892562081998,1.0132869999999998,0.47055500000000006,7.366108579153803,2.7350000020028378,0.45562344825411444
real,kp30_kd0.4,swing,event_leg,4,ankle_pitch,1,1,12.121946205898471,6.0609731029492355,2.9413545940783057,2.9413545940783057,9.091459654423854,3.0304865514746178,0.31744269999999997,0.4077216,2.3220963798292895,1.786457578807496,0.18304364842862447
real,kp30_kd0.4,swing,event_leg,4,ankle_roll,1,1,24.243892411796942,9.091459654423854,2.9413545940783057,2.9413545940783057,24.243892411796942,6.0609731029492355,0.44780299999999995,0.2445948,3.7790834003929814,1.7819326381180267,0.10401955184723886
real,kp30_kd0.4,swing,event_leg,4,hip_pitch,1,1,30.30486551474618,6.0609731029492355,5.882709188156611,2.9413545940783057,30.30486551474618,3.0304865514746178,1.1497182000000001,0.20229699999999995,15.376463293982786,0.8257409145727006,0.3774187702765874
real,kp30_kd0.4,swing,event_leg,4,hip_roll,1,1,24.243892411796942,3.0304865514746178,2.9413545940783057,2.9413545940783057,21.213405860322325,3.0304865514746178,1.7,0.0883971,13.075840335759933,0.5328680271677808,0.4727409037365005
real,kp30_kd0.4,swing,event_leg,4,knee_pitch,1,1,27.274378963271563,3.0304865514746178,2.9413545940783057,2.9413545940783057,27.274378963271563,3.0304865514746178,1.318692,0.8088009999999999,8.207924330827982,3.9008877463564002,0.5785867182009614
real,kp30_kd0.4,swing,event_leg,5,ankle_pitch,1,1,22.58201269002054,6.452003625720154,3.1251892562081998,3.1251892562081998,22.58201269002054,6.452003625720154,0.4837622,0.7241470000000001,4.127596411913498,3.354362811992872,0.34810935242778956
real,kp30_kd0.4,swing,event_leg,5,ankle_roll,1,1,35.486019941460846,3.226001812860077,3.1251892562081998,3.1251892562081998,32.26001812860077,3.226001812860077,0.6070921,0.503968,5.143210173840282,2.7163709504716937,0.3237882857552672
real,kp30_kd0.4,swing,event_leg,5,hip_pitch,1,1,51.616029005761234,3.226001812860077,3.1251892562081998,3.1251892562081998,51.616029005761234,0.0,1.0106747,0.6153279999999999,12.503609455635727,2.1279449938042028,0.35591212048374293
real,kp30_kd0.4,swing,event_leg,5,hip_roll,1,1,48.39002719290116,12.904007251440309,3.1251892562081998,3.1251892562081998,45.16402538004108,9.67800543858023,1.7,0.051197000000000006,19.54497328814838,0.24866860733996815,0.6812046829122383
real,kp30_kd0.4,swing,event_leg,5,knee_pitch,1,1,41.938023567181006,3.226001812860077,9.375567768624599,3.1251892562081998,41.938023567181006,3.226001812860077,0.522815,1.091634,7.206500929711869,3.989883556125401,0.38411480428475914
real,kp30_kd0.4,swing,event_leg,6,ankle_pitch,1,1,38.71202175432092,3.226001812860077,3.1251892562081998,3.1251892562081998,38.71202175432092,3.226001812860077,0.095525,0.44429129999999994,1.3684280309916779,2.675004897025932,0.1755168060494929
real,kp30_kd0.4,swing,event_leg,6,ankle_roll,1,1,32.26001812860077,22.58201269002054,3.1251892562081998,6.2503785124163995,29.034016315740693,22.58201269002054,0.1165509,0.1296632,1.1897208216866983,0.6417272490202903,0.04326620518620317
real,kp30_kd0.4,swing,event_leg,6,hip_pitch,1,1,38.71202175432092,3.226001812860077,3.1251892562081998,3.1251892562081998,38.71202175432092,3.226001812860077,1.172466,0.322908,9.635270592565275,1.2749094644386765,0.39673296124873153
real,kp30_kd0.4,swing,event_leg,6,hip_roll,1,1,41.938023567181006,3.226001812860077,6.2503785124163995,3.1251892562081998,38.71202175432092,0.0,0.320606,0.1119829,5.540537719199526,0.36868103638126354,0.1058915851916791
real,kp30_kd0.4,swing,event_leg,6,knee_pitch,1,1,41.938023567181006,3.226001812860077,3.1251892562081998,3.1251892562081998,38.71202175432092,0.0,0.9339740000000001,0.7838749999999999,4.391291735697769,4.868278685741821,0.41658759545723845
real,kp30_kd0.4,swing,opposite_leg,1,ankle_pitch,1,1,25.001514049665598,6.2503785124163995,3.0304865514746178,3.0304865514746178,25.001514049665598,0.0,0.603726,0.132251,5.427419300389838,0.47800082192630017,0.16251492897050468
real,kp30_kd0.4,swing,opposite_leg,1,ankle_roll,1,1,25.001514049665598,18.751135537249198,3.0304865514746178,3.0304865514746178,25.001514049665598,18.751135537249198,0.39209530000000004,0.0422258,1.9541086500351692,0.2935905918527438,0.16848377014652724
real,kp30_kd0.4,swing,opposite_leg,1,hip_pitch,1,1,25.001514049665598,3.1251892562081998,3.0304865514746178,3.0304865514746178,25.001514049665598,0.0,1.4415751,0.18983299999999997,14.202396323248413,0.6352103422705975,0.43227542399817165
real,kp30_kd0.4,swing,opposite_leg,1,hip_roll,1,1,40.6274603307066,6.2503785124163995,3.0304865514746178,3.0304865514746178,31.251892562082,3.1251892562081998,0.733924,0.1319244,7.288592634918515,0.4979850008845863,0.2005808302845973
real,kp30_kd0.4,swing,opposite_leg,1,knee_pitch,1,1,12.500757024832799,6.2503785124163995,3.0304865514746178,3.0304865514746178,12.500757024832799,0.0,1.006308,0.6724680000000001,5.90179177758968,2.1255599703389327,0.32925714126835903
real,kp30_kd0.4,swing,opposite_leg,2,ankle_pitch,1,1,25.808014502880617,6.452003625720154,3.1251892562081998,3.1251892562081998,22.58201269002054,6.452003625720154,0.6495529999999999,0.301875,7.552591888398581,1.1439276614331133,0.21637240097756413
real,kp30_kd0.4,swing,opposite_leg,2,ankle_roll,1,1,35.486019941460846,12.904007251440309,3.1251892562081998,3.1251892562081998,35.486019941460846,9.67800543858023,0.54612233,0.24924020000000002,4.129096276936353,1.0949503083501626,0.3934773759409268
real,kp30_kd0.4,swing,opposite_leg,2,hip_pitch,1,1,45.16402538004108,3.226001812860077,3.1251892562081998,3.1251892562081998,45.16402538004108,0.0,1.821303,0.19251799999999997,20.43403616055956,1.218002792459825,0.514716062267694
real,kp30_kd0.4,swing,opposite_leg,2,hip_roll,1,1,35.486019941460846,9.67800543858023,3.1251892562081998,3.1251892562081998,32.26001812860077,0.0,1.7,0.084178,12.946674351417194,0.3977495709164019,0.6647945811402076
real,kp30_kd0.4,swing,opposite_leg,2,knee_pitch,1,1,41.938023567181006,3.226001812860077,6.2503785124163995,3.1251892562081998,41.938023567181006,3.226001812860077,0.591866,0.43795799999999996,4.671950667414784,1.8328755119891424,0.20024060896417525
real,kp30_kd0.4,swing,opposite_leg,3,ankle_pitch,1,1,3.1251892562081998,9.375567768624599,3.0304865514746178,3.0304865514746178,3.1251892562081998,6.2503785124163995,0.4301992,0.36295130000000003,2.6889078357387253,1.4982776081734843,0.4331025403184391
real,kp30_kd0.4,swing,opposite_leg,3,ankle_roll,1,1,34.37708181829019,28.126703305873797,3.0304865514746178,3.0304865514746178,34.37708181829019,28.126703305873797,0.734138,0.12756271,9.335868176984059,0.5639523082538359,0.21239453351644938
real,kp30_kd0.4,swing,opposite_leg,3,hip_pitch,1,1,56.25340661174759,3.1251892562081998,9.091459654423854,3.0304865514746178,56.25340661174759,3.1251892562081998,0.5370889999999999,0.16605599999999998,8.443967602484475,0.7820317335272589,0.1743948415817777
real,kp30_kd0.4,swing,opposite_leg,3,hip_roll,1,1,40.6274603307066,9.375567768624599,3.0304865514746178,9.091459654423854,34.37708181829019,9.375567768624599,1.5823754,0.018600000000000005,14.946425130382325,0.1594024656453786,0.934050790126078
real,kp30_kd0.4,swing,opposite_leg,3,knee_pitch,1,1,43.7526495869148,3.1251892562081998,3.0304865514746178,3.0304865514746178,43.7526495869148,0.0,0.5037079999999999,0.329236,4.436906191580928,1.6102037612331748,0.13037783726457453
real,kp30_kd0.4,swing,opposite_leg,4,ankle_pitch,1,1,12.121946205898471,6.0609731029492355,2.9413545940783057,2.9413545940783057,12.121946205898471,3.0304865514746178,0.275981,0.1806002,1.27029813924127,0.9892132384242759,0.4528222884922442
real,kp30_kd0.4,swing,opposite_leg,4,ankle_roll,1,1,27.274378963271563,15.15243275737309,2.9413545940783057,2.9413545940783057,24.243892411796942,12.121946205898471,0.82222,0.457938,4.884977341168098,2.3876585319812014,0.3742716960162436
real,kp30_kd0.4,swing,opposite_leg,4,hip_pitch,1,1,27.274378963271563,3.0304865514746178,2.9413545940783057,2.9413545940783057,27.274378963271563,3.0304865514746178,1.973482,0.669977,16.94832333166936,2.314512890282879,0.83291973495909
real,kp30_kd0.4,swing,opposite_leg,4,hip_roll,1,1,21.213405860322325,9.091459654423854,2.9413545940783057,2.9413545940783057,18.18291930884771,6.0609731029492355,1.7,0.20210430000000001,15.375925079571243,0.8943041575565386,0.6304923166260484
real,kp30_kd0.4,swing,opposite_leg,4,knee_pitch,1,1,30.30486551474618,3.0304865514746178,2.9413545940783057,2.9413545940783057,30.30486551474618,3.0304865514746178,1.307781,0.530382,7.510342692517144,1.9553941729600341,0.3785995251796221
real,kp30_kd0.4,swing,opposite_leg,5,ankle_pitch,1,1,29.034016315740693,9.67800543858023,3.1251892562081998,3.1251892562081998,29.034016315740693,3.226001812860077,0.532969,0.4541478,4.265709937126752,1.5240781020596383,0.14064543169891133
real,kp30_kd0.4,swing,opposite_leg,5,ankle_roll,1,1,25.808014502880617,32.26001812860077,3.1251892562081998,3.1251892562081998,25.808014502880617,29.034016315740693,0.6051567,0.1012689,2.8151702239122005,0.5003112657512121,0.18130848959945262
real,kp30_kd0.4,swing,opposite_leg,5,hip_pitch,1,1,48.39002719290116,9.67800543858023,3.1251892562081998,3.1251892562081998,48.39002719290116,9.67800543858023,1.665361,0.2770790000000001,17.958713484985573,1.026852507042427,0.43126431955140054
real,kp30_kd0.4,swing,opposite_leg,5,hip_roll,1,1,22.58201269002054,3.226001812860077,3.1251892562081998,3.1251892562081998,19.35601087716046,3.226001812860077,1.5585,0.1292395,10.399078782989267,0.5004367572217323,0.4495522605619724
real,kp30_kd0.4,swing,opposite_leg,5,knee_pitch,1,1,35.486019941460846,3.226001812860077,3.1251892562081998,3.1251892562081998,35.486019941460846,3.226001812860077,0.7834850000000001,0.9259590000000001,6.174557791808753,3.105297729030105,0.3565130878365477
real,kp30_kd0.4,swing,opposite_leg,6,ankle_pitch,1,1,0.0,12.904007251440309,18.751135537249198,3.1251892562081998,0.0,9.67800543858023,0.07649499999999998,0.21640310000000001,0.24677300867473154,0.8384572271732111,0.3965630123941683
real,kp30_kd0.4,swing,opposite_leg,6,ankle_roll,1,1,29.034016315740693,3.226001812860077,3.1251892562081998,3.1251892562081998,29.034016315740693,3.226001812860077,0.58172735,0.2440421,4.363284717059152,1.505807640792505,0.2751594388080696
real,kp30_kd0.4,swing,opposite_leg,6,hip_pitch,1,1,41.938023567181006,3.226001812860077,3.1251892562081998,3.1251892562081998,41.938023567181006,0.0,1.050085,0.39500699999999994,9.049651257474972,1.507500969144075,0.4729528966604444
real,kp30_kd0.4,swing,opposite_leg,6,hip_roll,1,1,35.486019941460846,16.130009064300385,6.2503785124163995,3.1251892562081998,35.486019941460846,9.67800543858023,1.5382849,0.0398845,15.486145879479805,0.26784783331778395,0.6218772321667099
real,kp30_kd0.4,swing,opposite_leg,6,knee_pitch,1,1,35.486019941460846,6.452003625720154,3.1251892562081998,3.1251892562081998,35.486019941460846,6.452003625720154,0.38371500000000003,0.393472,4.32163267855268,1.5081139094885188,0.23624233558830804
real,kp30_kd0.4,touchdown,landing_leg,1,ankle_pitch,1,1,7.143289728475885,0.0,6.66707041324416,6.66707041324416,0.0,0.0,0.48253729999999995,0.19713081,4.13665265158839,1.4081624902391312,0.2701233420360485
real,kp30_kd0.4,touchdown,landing_leg,1,ankle_roll,1,1,35.716448642379426,0.0,6.66707041324416,6.66707041324416,35.716448642379426,0.0,0.14356200000000002,0.21257,1.670172571414947,1.518449097582119,0.43536309497496845
real,kp30_kd0.4,touchdown,landing_leg,1,hip_pitch,1,1,28.57315891390354,7.143289728475885,6.66707041324416,6.66707041324416,28.57315891390354,0.0,1.189166,0.07995999999999998,11.092978915013958,0.6437747001994318,0.42858605209393674
real,kp30_kd0.4,touchdown,landing_leg,1,hip_roll,1,1,35.716448642379426,21.429869185427656,6.66707041324416,6.66707041324416,35.716448642379426,0.0,0.751709,0.006519399999999995,7.820266439333274,0.10820512414900693,0.5349692215197805
real,kp30_kd0.4,touchdown,landing_leg,1,knee_pitch,1,1,21.429869185427656,0.0,6.66707041324416,6.66707041324416,21.429869185427656,0.0,0.167528,0.27171,2.0417450732210773,1.9409032521241827,0.15793062250389145
real,kp30_kd0.4,touchdown,landing_leg,2,ankle_pitch,1,1,0.0,14.28657945695177,6.66707041324416,13.33414082648832,0.0,7.143289728475885,0.4301992,0.23810930000000002,3.073037526558543,2.0645714555484216,0.4430614416517954
real,kp30_kd0.4,touchdown,landing_leg,2,ankle_roll,1,1,42.85973837085531,35.716448642379426,6.66707041324416,6.66707041324416,42.85973837085531,35.716448642379426,0.717203,0.06623029999999999,14.99902974460077,0.5947167293311784,0.26244002281517204
real,kp30_kd0.4,touchdown,landing_leg,2,hip_pitch,1,1,64.28960755628296,7.143289728475885,6.66707041324416,6.66707041324416,64.28960755628296,7.143289728475885,0.47920699999999994,0.13729400000000003,10.998023164653327,1.0423702670483868,0.18367754776618722
real,kp30_kd0.4,touchdown,landing_leg,2,hip_roll,1,1,57.14631782780708,14.28657945695177,6.66707041324416,6.66707041324416,42.85973837085531,14.28657945695177,0.851372,0.016874299999999995,22.2893569488476,0.23833443313265212,1.2397011662278425
real,kp30_kd0.4,touchdown,landing_leg,2,knee_pitch,1,1,42.85973837085531,7.143289728475885,6.66707041324416,6.66707041324416,42.85973837085531,0.0,0.39951299999999995,0.23661999999999997,4.572691200207095,1.7683213722842048,0.06734487517250293
real,kp30_kd0.4,touchdown,landing_leg,3,ankle_pitch,1,1,21.429869185427656,7.143289728475885,6.66707041324416,6.66707041324416,21.429869185427656,7.143289728475885,0.19776099999999996,0.466183,2.5052945735710623,3.53284965772259,0.3075940641520306
real,kp30_kd0.4,touchdown,landing_leg,3,ankle_roll,1,1,21.429869185427656,7.143289728475885,6.66707041324416,6.66707041324416,21.429869185427656,7.143289728475885,0.6646432,0.519899,5.55892792504538,4.211662194040196,0.5348254112930645
real,kp30_kd0.4,touchdown,landing_leg,3,hip_pitch,1,1,50.003028099331196,0.0,6.66707041324416,6.66707041324416,50.003028099331196,0.0,0.535891,0.345726,10.539752555412685,2.4696209846670536,0.29298029355163124
real,kp30_kd0.4,touchdown,landing_leg,3,hip_roll,1,1,28.57315891390354,7.143289728475885,6.66707041324416,6.66707041324416,21.429869185427656,7.143289728475885,1.67814,0.0329809,17.597148510877485,0.3218844927838247,0.7160492454630374
real,kp30_kd0.4,touchdown,landing_leg,3,knee_pitch,1,1,57.14631782780708,0.0,33.3353520662208,6.66707041324416,57.14631782780708,0.0,0.21111300000000002,0.643132,6.394801544146725,4.594078209654152,0.22252384455154464
real,kp30_kd0.4,touchdown,landing_leg,4,ankle_pitch,1,1,57.14631782780708,0.0,13.33414082648832,6.66707041324416,57.14631782780708,0.0,0.5874459999999999,0.17611670000000001,11.410631437231043,1.2581669067587244,0.17036035433719762
real,kp30_kd0.4,touchdown,landing_leg,4,ankle_roll,1,1,50.003028099331196,35.716448642379426,26.66828165297664,6.66707041324416,50.003028099331196,35.716448642379426,0.567883,0.0727389,14.223468492200688,1.1933979273153428,0.27459097552064204
real,kp30_kd0.4,touchdown,landing_leg,4,hip_pitch,1,1,57.14631782780708,0.0,6.66707041324416,6.66707041324416,57.14631782780708,0.0,1.317552,0.21360999999999997,30.163395930269925,1.5258781188997335,0.7119375772780111
real,kp30_kd0.4,touchdown,landing_leg,4,hip_roll,1,1,50.003028099331196,0.0,6.66707041324416,6.66707041324416,35.716448642379426,0.0,1.631929,0.1568523,27.156315969419257,1.1204414234778182,1.0098274853686926
real,kp30_kd0.4,touchdown,landing_leg,4,knee_pitch,1,1,42.85973837085531,0.0,13.33414082648832,6.66707041324416,42.85973837085531,0.0,0.371964,0.42894600000000005,8.615636034150421,3.0640855558708173,0.25186432291665817
real,kp30_kd0.4,touchdown,landing_leg,5,ankle_pitch,1,1,0.0,14.28657945695177,46.669492892709115,6.66707041324416,0.0,7.143289728475885,0.0,0.0403018,0.0,0.31555053778158515,0.3577068778238284
real,kp30_kd0.4,touchdown,landing_leg,5,ankle_roll,1,1,28.57315891390354,7.143289728475885,6.66707041324416,6.66707041324416,28.57315891390354,7.143289728475885,0.199065,0.1016147,1.8889072461906065,1.0078088883551017,0.19824865674905845
real,kp30_kd0.4,touchdown,landing_leg,5,hip_pitch,1,1,50.003028099331196,0.0,13.33414082648832,6.66707041324416,50.003028099331196,0.0,0.3284600000000001,0.271518,5.564844140464299,1.9395317404963153,0.5485462467069967
real,kp30_kd0.4,touchdown,landing_leg,5,hip_roll,1,1,21.429869185427656,7.143289728475885,6.66707041324416,6.66707041324416,21.429869185427656,0.0,0.6513177,0.01093000000000001,8.805607538505399,0.11368688468663954,0.41767650030122994
real,kp30_kd0.4,touchdown,landing_leg,5,knee_pitch,1,1,35.716448642379426,0.0,6.66707041324416,6.66707041324416,35.716448642379426,0.0,0.12879200000000002,0.270752,2.004214228987664,1.9340599805643028,0.24262601412764187
real,kp30_kd0.4,touchdown,landing_leg,6,ankle_pitch,1,1,14.28657945695177,0.0,6.66707041324416,6.66707041324416,14.28657945695177,0.0,0.20942899999999998,0.446741,3.75683465044868,3.1912003965890454,0.48979623128675187
real,kp30_kd0.4,touchdown,landing_leg,6,ankle_roll,1,1,42.85973837085531,21.429869185427656,20.001211239732477,13.33414082648832,42.85973837085531,21.429869185427656,0.27317020000000003,0.07098476999999999,8.088309814446657,1.2674584694401423,0.10012032646928225
real,kp30_kd0.4,touchdown,landing_leg,6,hip_pitch,1,1,71.43289728475885,0.0,6.66707041324416,6.66707041324416,71.43289728475885,0.0,0.574635,0.22051300000000001,16.345632721184945,1.575188247895403,0.40655278948121526
real,kp30_kd0.4,touchdown,landing_leg,6,hip_roll,1,1,42.85973837085531,14.28657945695177,6.66707041324416,6.66707041324416,42.85973837085531,7.143289728475885,1.585526,0.0418014,26.854276249830107,0.3643449212588582,0.8983389046123857
real,kp30_kd0.4,touchdown,landing_leg,6,knee_pitch,1,1,28.57315891390354,0.0,6.66707041324416,6.66707041324416,28.57315891390354,0.0,0.295132,0.6101499,5.114066842148827,4.358477513500588,0.2566166685245602
real,kp30_kd0.4,touchdown,stance_leg,1,ankle_pitch,1,1,21.429869185427656,7.143289728475885,6.66707041324416,6.66707041324416,21.429869185427656,0.0,0.19423500000000002,0.06528899999999999,2.6564180110666986,0.9240130995372694,0.10849287831312554
real,kp30_kd0.4,touchdown,stance_leg,1,ankle_roll,1,1,35.716448642379426,7.143289728475885,6.66707041324416,6.66707041324416,28.57315891390354,0.0,0.03850733,0.130926,0.726437277534739,1.054656011052392,0.054389698961982993
real,kp30_kd0.4,touchdown,stance_leg,1,hip_pitch,1,1,14.28657945695177,7.143289728475885,6.66707041324416,6.66707041324416,14.28657945695177,0.0,0.8331099999999999,0.08437099999999997,6.9652289454141645,0.6602114098646549,0.3337592761420522
real,kp30_kd0.4,touchdown,stance_leg,1,hip_roll,1,1,35.716448642379426,0.0,6.66707041324416,13.33414082648832,28.57315891390354,0.0,0.24631240000000001,0.026844500000000007,3.431489233791409,0.19724408762754037,0.09250929789907826
real,kp30_kd0.4,touchdown,stance_leg,1,knee_pitch,1,1,28.57315891390354,7.143289728475885,13.33414082648832,6.66707041324416,28.57315891390354,7.143289728475885,0.36067399999999994,0.358769,3.84461853792192,3.4641312105346516,0.5535954456629859
real,kp30_kd0.4,touchdown,stance_leg,2,ankle_pitch,1,1,42.85973837085531,0.0,26.66828165297664,6.66707041324416,42.85973837085531,0.0,0.549571,0.16236199999999998,8.05998095604147,1.1597988068948013,0.17409776407620328
real,kp30_kd0.4,touchdown,stance_leg,2,ankle_roll,1,1,50.003028099331196,0.0,33.3353520662208,6.66707041324416,50.003028099331196,0.0,0.191293,0.346916,2.6449856044536557,2.4781214994439402,0.11384255841031556
real,kp30_kd0.4,touchdown,stance_leg,2,hip_pitch,1,1,50.003028099331196,0.0,20.001211239732477,6.66707041324416,50.003028099331196,0.0,1.287362,0.19309300000000001,17.663841121098425,1.379319243540594,0.31866788087024606
real,kp30_kd0.4,touchdown,stance_leg,2,hip_roll,1,1,50.003028099331196,14.28657945695177,6.66707041324416,6.66707041324416,50.003028099331196,7.143289728475885,0.452943,0.054841100000000004,12.448480001881306,0.4328383548203493,0.1509859116058771
real,kp30_kd0.4,touchdown,stance_leg,2,knee_pitch,1,1,21.429869185427656,0.0,6.66707041324416,6.66707041324416,21.429869185427656,0.0,0.6725079999999999,0.25042600000000004,8.914168398482884,1.7888654735433023,0.3203049587778289
real,kp30_kd0.4,touchdown,stance_leg,3,ankle_pitch,1,1,7.143289728475885,7.143289728475885,6.66707041324416,6.66707041324416,7.143289728475885,7.143289728475885,0.21822599999999998,0.0477581,2.7513451882684143,0.57030853692636,0.36948500007543844
real,kp30_kd0.4,touchdown,stance_leg,3,ankle_roll,1,1,42.85973837085531,14.28657945695177,6.66707041324416,6.66707041324416,42.85973837085531,14.28657945695177,0.607461,0.15188290000000002,10.606957910970339,1.1050490627708984,0.24420105800056596
real,kp30_kd0.4,touchdown,stance_leg,3,hip_pitch,1,1,64.28960755628296,7.143289728475885,6.66707041324416,6.66707041324416,64.28960755628296,7.143289728475885,1.1760920000000001,0.05138900000000002,25.587663831625417,0.5506262021401067,0.3335881146989502
real,kp30_kd0.4,touchdown,stance_leg,3,hip_roll,1,1,42.85973837085531,14.28657945695177,6.66707041324416,6.66707041324416,35.716448642379426,7.143289728475885,0.532009,0.02627,9.376860704065454,0.315036220921135,0.249418728576602
real,kp30_kd0.4,touchdown,stance_leg,3,knee_pitch,1,1,28.57315891390354,14.28657945695177,6.66707041324416,6.66707041324416,28.57315891390354,14.28657945695177,1.28511,0.037584000000000006,13.199599345549052,0.5424257055318166,0.5027841491956563
real,kp30_kd0.4,touchdown,stance_leg,4,ankle_pitch,1,1,42.85973837085531,7.143289728475885,20.001211239732477,6.66707041324416,42.85973837085531,0.0,0.134878,0.2804296,2.922376974237312,2.1373630065395366,0.2775429918109539
real,kp30_kd0.4,touchdown,stance_leg,4,ankle_roll,1,1,71.43289728475885,7.143289728475885,26.66828165297664,6.66707041324416,71.43289728475885,7.143289728475885,0.1069893,0.376209,2.0029077212963267,3.211915936801625,0.1523402195301222
real,kp30_kd0.4,touchdown,stance_leg,4,hip_pitch,1,1,42.85973837085531,7.143289728475885,20.001211239732477,6.66707041324416,42.85973837085531,0.0,0.7167600000000001,0.10162700000000002,16.635435985469215,0.9889313165896589,0.3329585574439157
real,kp30_kd0.4,touchdown,stance_leg,4,hip_roll,1,1,28.57315891390354,14.28657945695177,26.66828165297664,6.66707041324416,28.57315891390354,14.28657945695177,0.458372,0.0743987,8.967769501618449,0.5424092759654408,0.1775627594986202
real,kp30_kd0.4,touchdown,stance_leg,4,knee_pitch,1,1,35.716448642379426,0.0,6.66707041324416,6.66707041324416,35.716448642379426,0.0,0.657253,0.7207929999999999,9.815951580385136,5.148833233257318,0.4378736886001868
real,kp30_kd0.4,touchdown,stance_leg,5,ankle_pitch,1,1,35.716448642379426,7.143289728475885,13.33414082648832,6.66707041324416,35.716448642379426,7.143289728475885,0.027859999999999996,0.19011099999999997,0.6769338511190176,1.8143455880047752,0.213810247440887
real,kp30_kd0.4,touchdown,stance_leg,5,ankle_roll,1,1,21.429869185427656,14.28657945695177,6.66707041324416,6.66707041324416,14.28657945695177,14.28657945695177,0.0909539,0.040309899999999996,0.7152540288674261,0.4187024987766683,0.049524829030626175
real,kp30_kd0.4,touchdown,stance_leg,5,hip_pitch,1,1,28.57315891390354,7.143289728475885,6.66707041324416,6.66707041324416,28.57315891390354,7.143289728475885,0.593545,0.08360400000000001,4.965222114076574,0.7396662215144921,0.3033125174999102
real,kp30_kd0.4,touchdown,stance_leg,5,hip_roll,1,1,42.85973837085531,0.0,6.66707041324416,6.66707041324416,35.716448642379426,0.0,0.19593179000000002,0.0285711,2.7638779472312307,0.20409164516125736,0.11058392915321472
real,kp30_kd0.4,touchdown,stance_leg,5,knee_pitch,1,1,50.003028099331196,7.143289728475885,6.66707041324416,6.66707041324416,42.85973837085531,0.0,0.22792899999999994,0.36298299999999994,2.160909432471511,3.2640762383989546,0.4959258385009463
real,kp30_kd0.4,touchdown,stance_leg,6,ankle_pitch,1,1,35.716448642379426,7.143289728475885,20.001211239732477,6.66707041324416,35.716448642379426,7.143289728475885,0.20771699999999998,0.10923568,3.2367817283464495,1.2976618699358786,0.2721598936306737
real,kp30_kd0.4,touchdown,stance_leg,6,ankle_roll,1,1,50.003028099331196,21.429869185427656,13.33414082648832,13.33414082648832,50.003028099331196,21.429869185427656,0.2188161,0.056312600000000004,3.855472766664339,0.9541797835238017,0.040258840753158324
real,kp30_kd0.4,touchdown,stance_leg,6,hip_pitch,1,1,50.003028099331196,14.28657945695177,6.66707041324416,13.33414082648832,50.003028099331196,7.143289728475885,1.192195,0.06960599999999995,21.617952003978424,0.5437900738699554,0.38926313260590284
real,kp30_kd0.4,touchdown,stance_leg,6,hip_roll,1,1,21.429869185427656,0.0,13.33414082648832,6.66707041324416,14.28657945695177,0.0,0.339743,0.07133102,7.272288969024486,0.5122768797696056,0.12930211346310402
real,kp30_kd0.4,touchdown,stance_leg,6,knee_pitch,1,1,28.57315891390354,7.143289728475885,6.66707041324416,6.66707041324416,28.57315891390354,0.0,0.949751,0.15934499999999996,11.32429292300146,1.338223897732672,0.3700279492298746
real,kp35_kd0.5,swing,event_leg,1,ankle_pitch,1,1,28.12502682211573,6.250005960470162,3.030305920227957,3.030305920227957,21.875020861645567,3.125002980235081,0.6513,0.537684,6.008400730057459,2.5126711462699376,0.3006948178438222
real,kp35_kd0.5,swing,event_leg,1,ankle_roll,1,1,40.62503874305605,12.500011920940324,3.030305920227957,3.030305920227957,40.62503874305605,12.500011920940324,0.5140353,0.342381,2.870312518593328,2.058117587773884,0.24475848991831806
real,kp35_kd0.5,swing,event_leg,1,hip_pitch,1,1,40.62503874305605,3.125002980235081,3.030305920227957,3.030305920227957,40.62503874305605,3.125002980235081,1.5150730000000001,0.291461,14.609524557728346,0.974332179195575,0.4082297302561334
real,kp35_kd0.5,swing,event_leg,1,hip_roll,1,1,40.62503874305605,9.375008940705243,3.030305920227957,3.030305920227957,37.50003576282097,6.250005960470162,1.7,0.09760089999999999,13.739347477862818,0.3217796818730181,0.7306027543378638
real,kp35_kd0.5,swing,event_leg,1,knee_pitch,1,1,34.37503278258589,6.250005960470162,6.060611840455914,3.030305920227957,34.37503278258589,6.250005960470162,0.553518,0.948779,5.653586641680376,3.292703140166416,0.4628658829320046
real,kp35_kd0.5,swing,event_leg,2,ankle_pitch,1,1,31.25002980235081,6.250005960470162,12.121223680911829,3.030305920227957,28.12502682211573,3.125002980235081,0.4991098,0.30019799999999996,3.147727376906754,1.4339013674749064,0.136312307718002
real,kp35_kd0.5,swing,event_leg,2,ankle_roll,1,1,18.750017881410486,9.375008940705243,9.090917760683872,3.030305920227957,18.750017881410486,9.375008940705243,0.18303360000000002,0.26480360000000003,1.3575914197000694,1.9412438513144032,0.09488991981449744
real,kp35_kd0.5,swing,event_leg,2,hip_pitch,1,1,34.37503278258589,6.250005960470162,3.030305920227957,3.030305920227957,34.37503278258589,3.125002980235081,1.4354,0.283408,12.85379350833274,0.9971072009155281,0.4693867372097922
real,kp35_kd0.5,swing,event_leg,2,hip_roll,1,1,43.75004172329113,3.125002980235081,6.060611840455914,3.030305920227957,34.37503278258589,3.125002980235081,0.26518780000000003,0.11179053,4.366876789578238,0.46319209798440747,0.09836499927079728
real,kp35_kd0.5,swing,event_leg,2,knee_pitch,1,1,15.625014901175405,3.125002980235081,3.030305920227957,3.030305920227957,15.625014901175405,0.0,1.180221,0.7346010000000001,5.924430649977349,3.8026848765229007,0.5003738000395608
real,kp35_kd0.5,swing,event_leg,3,ankle_pitch,1,1,41.935523863799794,6.451619055969199,3.125002980235081,3.125002980235081,41.935523863799794,3.2258095279845995,0.25323399999999996,0.3872934,3.0152383594263488,1.8637946806789236,0.1216710291783712
real,kp35_kd0.5,swing,event_leg,3,ankle_roll,1,1,29.032285751861398,6.451619055969199,3.125002980235081,3.125002980235081,25.806476223876796,3.2258095279845995,0.1320844,0.5853079999999999,1.6876958030605285,4.669301227186204,0.20118657661505387
real,kp35_kd0.5,swing,event_leg,3,hip_pitch,1,1,41.935523863799794,3.2258095279845995,3.125002980235081,3.125002980235081,41.935523863799794,3.2258095279845995,0.9257831000000001,0.17123300000000008,9.505579710388522,0.9723622176394543,0.29806128697507517
real,kp35_kd0.5,swing,event_leg,3,hip_roll,1,1,38.7097143358152,12.903238111938398,3.125002980235081,3.125002980235081,38.7097143358152,9.6774285839538,0.375209,0.0669207,4.152526347254501,0.2684486431093505,0.18663226471370098
real,kp35_kd0.5,swing,event_leg,3,knee_pitch,1,1,29.032285751861398,9.6774285839538,3.125002980235081,3.125002980235081,29.032285751861398,3.2258095279845995,0.977135,0.437763,8.097827077528411,2.2558376352053826,0.41186795949547805
real,kp35_kd0.5,swing,event_leg,4,ankle_pitch,1,1,33.33336512250753,3.030305920227957,2.9411792755153705,2.9411792755153705,33.33336512250753,3.030305920227957,0.23313399999999998,0.5793233,2.0459413451011077,3.334385907190928,0.29576524318844094
real,kp35_kd0.5,swing,event_leg,4,ankle_roll,1,1,45.45458880341936,3.030305920227957,2.9411792755153705,2.9411792755153705,45.45458880341936,3.030305920227957,0.5011181,0.375111,2.573933666815641,2.1175253527628763,0.1571592125758432
real,kp35_kd0.5,swing,event_leg,4,hip_pitch,1,1,30.303059202279574,3.030305920227957,5.882358551030741,2.9411792755153705,30.303059202279574,0.0,1.0480778,0.17756000000000005,9.714996537669958,0.8326583698424775,0.25638217534148233
real,kp35_kd0.5,swing,event_leg,4,hip_roll,1,1,27.272753282051614,12.121223680911829,2.9411792755153705,2.9411792755153705,24.242447361823658,3.030305920227957,0.7763770000000001,0.021667900000000004,6.219949568169788,0.14933499090179392,0.22384073598577917
real,kp35_kd0.5,swing,event_leg,4,knee_pitch,1,1,21.2121414415957,3.030305920227957,2.9411792755153705,2.9411792755153705,21.2121414415957,3.030305920227957,1.1029419999999999,1.108514,6.288184784759115,5.261547442045084,0.6914959736411426
real,kp35_kd0.5,swing,event_leg,5,ankle_pitch,1,1,32.258095279845996,3.2258095279845995,3.125002980235081,3.125002980235081,29.032285751861398,3.2258095279845995,0.730898,0.35165,3.170261087912705,1.8014178469981916,0.25094929895181267
real,kp35_kd0.5,swing,event_leg,5,ankle_roll,1,1,25.806476223876796,6.451619055969199,3.125002980235081,3.125002980235081,25.806476223876796,6.451619055969199,0.64923845,0.202189,2.533954513341532,1.3006418855500512,0.1996811705407039
real,kp35_kd0.5,swing,event_leg,5,hip_pitch,1,1,38.7097143358152,0.0,3.125002980235081,3.125002980235081,38.7097143358152,0.0,2.00346,0.36892800000000003,11.38638182664184,1.1900914575403025,0.4107242646080747
real,kp35_kd0.5,swing,event_leg,5,hip_roll,1,1,6.451619055969199,9.6774285839538,3.125002980235081,3.125002980235081,3.2258095279845995,0.0,1.7,0.0847539,6.360204130079455,0.3878339182543437,0.5219603072765977
real,kp35_kd0.5,swing,event_leg,5,knee_pitch,1,1,29.032285751861398,6.451619055969199,3.125002980235081,3.125002980235081,29.032285751861398,6.451619055969199,0.533787,0.692215,4.799549738497639,3.320351553630772,0.3708683384199506
real,kp35_kd0.5,swing,event_leg,6,ankle_pitch,1,1,3.125002980235081,0.0,3.030305920227957,nan,0.0,0.0,0.76,0.0,4.750004529957322,0.0,0.34989615561545434
real,kp35_kd0.5,swing,event_leg,6,ankle_roll,1,1,25.000023841880648,0.0,3.030305920227957,nan,25.000023841880648,0.0,0.665224,0.0,4.608812957806547,0.0,0.1638676150694283
real,kp35_kd0.5,swing,event_leg,6,hip_pitch,1,1,34.37503278258589,3.125002980235081,3.030305920227957,3.030305920227957,31.25002980235081,0.0,2.915959,1.069968,18.64568315690913,3.8559874273561743,1.3601863231665314
real,kp35_kd0.5,swing,event_leg,6,hip_roll,1,1,21.875020861645567,9.375008940705243,3.030305920227957,3.030305920227957,15.625014901175405,6.250005960470162,0.6406229999999999,0.0778507,5.046029812269032,0.39968163116610644,0.2394173588763177
real,kp35_kd0.5,swing,event_leg,6,knee_pitch,1,1,18.750017881410486,3.125002980235081,3.030305920227957,3.030305920227957,15.625014901175405,3.125002980235081,1.33546,0.868436,7.3169357279736795,3.5365846227499214,0.793221025234563
real,kp35_kd0.5,swing,opposite_leg,1,ankle_pitch,1,1,34.37503278258589,6.250005960470162,3.030305920227957,3.030305920227957,28.12502682211573,6.250005960470162,0.76,0.25149199999999994,5.778384260696659,1.038235365138402,0.23593644894713092
real,kp35_kd0.5,swing,opposite_leg,1,ankle_roll,1,1,31.25002980235081,9.375008940705243,3.030305920227957,3.030305920227957,31.25002980235081,9.375008940705243,0.4581927,0.0971939,2.3919925936819015,0.7974383854965071,0.17150183465490712
real,kp35_kd0.5,swing,opposite_leg,1,hip_pitch,1,1,40.62503874305605,9.375008940705243,3.030305920227957,3.030305920227957,40.62503874305605,0.0,1.6815929,0.22665000000000002,13.388050642840048,0.7867788753308061,0.46640069264999723
real,kp35_kd0.5,swing,opposite_leg,1,hip_roll,1,1,34.37503278258589,12.500011920940324,3.030305920227957,3.030305920227957,28.12502682211573,6.250005960470162,0.8616779999999999,0.1340331,6.484546809145744,0.46619013209355553,0.26665251990286126
real,kp35_kd0.5,swing,opposite_leg,1,knee_pitch,1,1,21.875020861645567,3.125002980235081,3.030305920227957,3.030305920227957,21.875020861645567,0.0,1.051186,0.7098580000000001,6.45723115809551,2.3075928256920104,0.3590961538381658
real,kp35_kd0.5,swing,opposite_leg,2,ankle_pitch,1,1,18.750017881410486,6.250005960470162,3.030305920227957,3.030305920227957,12.500011920940324,6.250005960470162,0.6513,0.359826,4.983593502725126,2.2802584246238946,0.33147943826351134
real,kp35_kd0.5,swing,opposite_leg,2,ankle_roll,1,1,40.62503874305605,15.625014901175405,3.030305920227957,6.060611840455914,40.62503874305605,15.625014901175405,0.411158,0.496092,3.5615158965262386,2.4161929292611406,0.2613054702189664
real,kp35_kd0.5,swing,opposite_leg,2,hip_pitch,1,1,40.62503874305605,3.125002980235081,3.030305920227957,3.030305920227957,40.62503874305605,0.0,2.04329,0.23527899999999996,16.50485136525284,1.393195078654364,0.6100491219380777
real,kp35_kd0.5,swing,opposite_leg,2,hip_roll,1,1,46.875044703526214,9.375008940705243,3.030305920227957,3.030305920227957,46.875044703526214,3.125002980235081,1.7,0.1257882,14.018738369310732,0.4080669516629712,0.7460423094213177
real,kp35_kd0.5,swing,opposite_leg,2,knee_pitch,1,1,34.37503278258589,3.125002980235081,3.030305920227957,3.030305920227957,34.37503278258589,3.125002980235081,0.558334,0.416866,4.931945328469589,2.129036405407339,0.24512567045590014
real,kp35_kd0.5,swing,opposite_leg,3,ankle_pitch,1,1,0.0,3.2258095279845995,25.000023841880648,3.125002980235081,0.0,3.2258095279845995,0.0,0.5548109999999999,0.0,1.8738856580443655,0.551888948223641
real,kp35_kd0.5,swing,opposite_leg,3,ankle_roll,1,1,48.387142919769,16.129047639922998,3.125002980235081,6.250005960470162,48.387142919769,12.903238111938398,0.458578,0.20961249999999998,6.012456701667468,1.4693252722255163,0.19122629440247646
real,kp35_kd0.5,swing,opposite_leg,3,hip_pitch,1,1,38.7097143358152,3.2258095279845995,3.125002980235081,3.125002980235081,38.7097143358152,0.0,0.9673305000000001,0.13595200000000002,13.271326850071949,0.721232945885853,0.21103481732583398
real,kp35_kd0.5,swing,opposite_leg,3,hip_roll,1,1,35.4839048078306,9.6774285839538,3.125002980235081,3.125002980235081,35.4839048078306,6.451619055969199,1.5972984,0.09414958,16.3492546241223,0.45587224120526093,0.7465844517642055
real,kp35_kd0.5,swing,opposite_leg,3,knee_pitch,1,1,38.7097143358152,3.2258095279845995,3.125002980235081,3.125002980235081,38.7097143358152,3.2258095279845995,0.2805521,0.613602,3.1284842738776826,2.2948247691606034,0.2033565613563288
real,kp35_kd0.5,swing,opposite_leg,4,ankle_pitch,1,1,6.060611840455914,12.121223680911829,2.9411792755153705,5.882358551030741,6.060611840455914,6.060611840455914,0.278653,0.1096279,1.0768676936477282,0.4408776931810053,0.3595193796571001
real,kp35_kd0.5,swing,opposite_leg,4,ankle_roll,1,1,27.272753282051614,15.151529601139787,2.9411792755153705,2.9411792755153705,27.272753282051614,12.121223680911829,0.867869,0.2678018,4.607242939263807,1.2412448807130596,0.19467563006259217
real,kp35_kd0.5,swing,opposite_leg,4,hip_pitch,1,1,48.484894723647315,3.030305920227957,2.9411792755153705,2.9411792755153705,48.484894723647315,3.030305920227957,1.4340603,0.506413,13.24808596769266,1.853007827772034,0.5845475796761412
real,kp35_kd0.5,swing,opposite_leg,4,hip_roll,1,1,39.39397696296344,6.060611840455914,2.9411792755153705,2.9411792755153705,33.33336512250753,3.030305920227957,1.5279,0.1762189,11.668753552432992,1.0220906717113194,0.6244817444643174
real,kp35_kd0.5,swing,opposite_leg,4,knee_pitch,1,1,30.303059202279574,9.090917760683872,2.9411792755153705,2.9411792755153705,30.303059202279574,3.030305920227957,1.142456,0.22013,5.49529918011963,1.0279009802827646,0.3495621683999017
real,kp35_kd0.5,swing,opposite_leg,5,ankle_pitch,1,1,3.2258095279845995,0.0,3.125002980235081,nan,0.0,0.0,0.579125,0.0,3.223665654972301,0.0,0.32493787173507466
real,kp35_kd0.5,swing,opposite_leg,5,ankle_roll,1,1,38.7097143358152,0.0,3.125002980235081,nan,38.7097143358152,0.0,0.619163,0.0,5.567278341628431,0.0,0.285807001476043
real,kp35_kd0.5,swing,opposite_leg,5,hip_pitch,1,1,41.935523863799794,0.0,3.125002980235081,3.125002980235081,41.935523863799794,0.0,2.915959,0.49299099999999996,15.949751985062372,1.590295065010656,0.6794170973103949
real,kp35_kd0.5,swing,opposite_leg,5,hip_roll,1,1,16.129047639922998,6.451619055969199,3.125002980235081,3.125002980235081,16.129047639922998,6.451619055969199,0.9519299999999999,0.03240590000000001,7.114258849202075,0.2189673055976891,0.4000717847930214
real,kp35_kd0.5,swing,opposite_leg,5,knee_pitch,1,1,25.806476223876796,3.2258095279845995,3.125002980235081,3.125002980235081,22.580666695892198,0.0,1.119954,0.10469499999999993,4.5467785296942935,0.597516698868587,0.24208982691464445
real,kp35_kd0.5,swing,opposite_leg,6,ankle_pitch,1,1,9.375008940705243,6.250005960470162,3.030305920227957,3.030305920227957,6.250005960470162,3.125002980235081,0.682447,0.128589,4.370785418305795,0.8922789759435426,0.5024356812334315
real,kp35_kd0.5,swing,opposite_leg,6,ankle_roll,1,1,9.375008940705243,3.125002980235081,3.030305920227957,3.030305920227957,6.250005960470162,0.0,0.5965457000000001,0.3147654,3.776106101175405,1.3748275611377343,0.3573749426463378
real,kp35_kd0.5,swing,opposite_leg,6,hip_pitch,1,1,34.37503278258589,3.125002980235081,3.030305920227957,3.030305920227957,31.25002980235081,0.0,2.00346,0.33824800000000005,13.670638037336388,1.08938228891591,0.6848981050551646
real,kp35_kd0.5,swing,opposite_leg,6,hip_roll,1,1,3.125002980235081,9.375008940705243,3.030305920227957,3.030305920227957,0.0,3.125002980235081,1.7,0.1046959,10.625010132799277,0.6082124550365974,1.2067488352033269
real,kp35_kd0.5,swing,opposite_leg,6,knee_pitch,1,1,15.625014901175405,3.125002980235081,3.030305920227957,3.030305920227957,15.625014901175405,3.125002980235081,0.7309240000000001,0.345151,5.817543048041389,1.5939265200867843,0.23032258424350413
real,kp35_kd0.5,touchdown,landing_leg,1,ankle_pitch,1,1,0.0,7.142863954823042,46.66671117151054,6.666673024501506,0.0,7.142863954823042,0.0,0.138785,0.0,1.0581081519477114,0.2629973757803171
real,kp35_kd0.5,touchdown,landing_leg,1,ankle_roll,1,1,28.57145581929217,14.285727909646084,6.666673024501506,6.666673024501506,28.57145581929217,14.285727909646084,0.284194,0.21192699999999998,2.437545181767093,2.2578592961195634,0.22492899470810782
real,kp35_kd0.5,touchdown,landing_leg,1,hip_pitch,1,1,21.428591864469126,7.142863954823042,6.666673024501506,6.666673024501506,21.428591864469126,0.0,0.761952,0.17219199999999996,8.658522543124853,1.2367940366415642,0.7044502509429131
real,kp35_kd0.5,touchdown,landing_leg,1,hip_roll,1,1,35.71431977411521,7.142863954823042,6.666673024501506,6.666673024501506,35.71431977411521,0.0,1.0364,0.0333643,8.07642913085446,0.24653166368234442,0.3968828183437485
real,kp35_kd0.5,touchdown,landing_leg,1,knee_pitch,1,1,28.57145581929217,0.0,6.666673024501506,6.666673024501506,28.57145581929217,0.0,0.21591100000000002,0.335372,2.4999809555962007,2.3955165702569134,0.2315596103404046
real,kp35_kd0.5,touchdown,landing_leg,2,ankle_pitch,1,1,0.0,0.0,25.000023841880648,6.250005960470162,0.0,0.0,0.0,0.5873360000000001,0.0,3.9155770675186163,0.4328943443884929
real,kp35_kd0.5,touchdown,landing_leg,2,ankle_roll,1,1,53.33338419601205,13.333346049003012,6.250005960470162,6.250005960470162,53.33338419601205,13.333346049003012,0.458578,0.20961249999999998,9.255882827097727,3.3435031886131172,0.20868567124901827
real,kp35_kd0.5,touchdown,landing_leg,2,hip_pitch,1,1,40.000038147009036,0.0,18.750017881410486,6.250005960470162,40.000038147009036,0.0,0.9231677,0.15071600000000002,19.30585441149751,1.0047742915607691,0.2383295681217621
real,kp35_kd0.5,touchdown,landing_leg,2,hip_roll,1,1,33.33336512250753,13.333346049003012,6.250005960470162,6.250005960470162,33.33336512250753,13.333346049003012,1.7,0.0569501,24.111662994673726,0.5369038453647408,0.9553710668480038
real,kp35_kd0.5,touchdown,landing_leg,2,knee_pitch,1,1,40.000038147009036,0.0,6.250005960470162,6.250005960470162,40.000038147009036,0.0,0.2805521,0.696439,5.199799625582021,4.642931094510805,0.3334664672127329
real,kp35_kd0.5,touchdown,landing_leg,3,ankle_pitch,1,1,0.0,14.285727909646084,46.66671117151054,6.666673024501506,0.0,7.142863954823042,0.0,0.3353762,0.0,2.4511480518826567,0.2734408619023609
real,kp35_kd0.5,touchdown,landing_leg,3,ankle_roll,1,1,35.71431977411521,14.285727909646084,6.666673024501506,6.666673024501506,35.71431977411521,14.285727909646084,0.5866757,0.498284,6.849697246666054,3.6648892093964247,0.3320208907991403
real,kp35_kd0.5,touchdown,landing_leg,3,hip_pitch,1,1,50.000047683761295,0.0,6.666673024501506,6.666673024501506,50.000047683761295,0.0,0.9287998,0.297214,17.53671101002517,2.1229591674687756,0.4492980164356311
real,kp35_kd0.5,touchdown,landing_leg,3,hip_roll,1,1,35.71431977411521,7.142863954823042,6.666673024501506,6.666673024501506,35.71431977411521,0.0,1.5016070000000001,0.0811105,19.54154006483629,0.7683764470665972,0.8433323617987715
real,kp35_kd0.5,touchdown,landing_leg,3,knee_pitch,1,1,35.71431977411521,0.0,13.333346049003012,6.666673024501506,35.71431977411521,0.0,0.17025600000000002,0.49279900000000004,4.5346828960391825,3.5199962140728407,0.39841963584500534
real,kp35_kd0.5,touchdown,landing_leg,4,ankle_pitch,1,1,42.85718372893825,0.0,13.333346049003012,nan,42.85718372893825,0.0,0.4749598,0.0,11.230752139051297,0.0,0.2607649213471006
real,kp35_kd0.5,touchdown,landing_leg,4,ankle_roll,1,1,35.71431977411521,0.0,20.000019073504518,nan,35.71431977411521,0.0,0.3267559,0.0,7.331735277801916,0.0,0.15119441236495415
real,kp35_kd0.5,touchdown,landing_leg,4,hip_pitch,1,1,64.28577559340738,0.0,6.666673024501506,6.666673024501506,64.28577559340738,0.0,1.488117,0.2928029999999999,30.107805141611916,2.091451994564051,0.4118203688314231
real,kp35_kd0.5,touchdown,landing_leg,4,hip_roll,1,1,28.57145581929217,21.428591864469126,13.333346049003012,6.666673024501506,28.57145581929217,14.285727909646084,0.935719,0.014573099999999999,17.36165941451153,0.21229805960606404,0.4882636995701065
real,kp35_kd0.5,touchdown,landing_leg,4,knee_pitch,1,1,57.14291163858434,0.0,6.666673024501506,6.666673024501506,57.14291163858434,0.0,0.40927800000000003,0.42626200000000003,6.715720690324625,3.0447314751107797,0.4429970491812182
real,kp35_kd0.5,touchdown,landing_leg,5,ankle_pitch,1,1,6.666673024501506,6.666673024501506,6.250005960470162,6.250005960470162,0.0,6.666673024501506,0.07965,0.117647,0.8439808048828169,0.9104675349561708,0.66031273337038
real,kp35_kd0.5,touchdown,landing_leg,5,ankle_roll,1,1,6.666673024501506,6.666673024501506,6.250005960470162,6.250005960470162,0.0,0.0,0.12463199999999997,0.20119579999999998,1.1145343962361618,1.3704666403121697,0.4868607046863688
real,kp35_kd0.5,touchdown,landing_leg,5,hip_pitch,1,1,33.33336512250753,0.0,6.250005960470162,6.250005960470162,26.666692098006024,0.0,1.0611048,0.17468400000000006,13.585838289798371,1.1645611106120215,0.9211448199204051
real,kp35_kd0.5,touchdown,landing_leg,5,hip_roll,1,1,0.0,20.000019073504518,25.000023841880648,12.500011920940324,0.0,6.666673024501506,0.32536999999999994,0.021283999999999997,2.1691354019820546,0.22116021091481303,1.6540935330795423
real,kp35_kd0.5,touchdown,landing_leg,5,knee_pitch,1,1,6.666673024501506,0.0,6.250005960470162,6.250005960470162,6.666673024501506,0.0,0.48380000000000006,0.099518,5.331305084328732,0.6634539660523409,0.14671280367737166
real,kp35_kd0.5,touchdown,landing_leg,6,ankle_pitch,1,1,0.0,0.0,46.66671117151054,nan,0.0,0.0,0.0,0.0,0.0,0.0,0.35000000000000003
real,kp35_kd0.5,touchdown,landing_leg,6,ankle_roll,1,1,35.71431977411521,0.0,6.666673024501506,nan,35.71431977411521,0.0,0.8429530000000001,0.0,10.733710236463772,0.0,0.35678912772243127
real,kp35_kd0.5,touchdown,landing_leg,6,hip_pitch,1,1,35.71431977411521,7.142863954823042,13.333346049003012,6.666673024501506,35.71431977411521,7.142863954823042,1.466036,0.24697500000000006,30.24860956160776,2.443452330257731,0.9376654496344596
real,kp35_kd0.5,touchdown,landing_leg,6,hip_roll,1,1,14.285727909646084,0.0,6.666673024501506,6.666673024501506,7.142863954823042,0.0,1.1142699999999999,0.41590699999999997,18.615424895909758,2.970767118858587,0.9912481850850126
real,kp35_kd0.5,touchdown,landing_leg,6,knee_pitch,1,1,14.285727909646084,0.0,6.666673024501506,6.666673024501506,14.285727909646084,0.0,0.5816527,0.4097660000000001,8.061834116935568,2.926902791312019,0.718628596693291
real,kp35_kd0.5,touchdown,stance_leg,1,ankle_pitch,1,1,21.428591864469126,7.142863954823042,6.666673024501506,6.666673024501506,21.428591864469126,0.0,0.17965099999999998,0.09749400000000003,2.127587743311501,1.2027368613049683,0.12163374101539423
real,kp35_kd0.5,touchdown,stance_leg,1,ankle_roll,1,1,14.285727909646084,7.142863954823042,6.666673024501506,6.666673024501506,14.285727909646084,7.142863954823042,0.06516522,0.2102916,0.9243911672824002,2.592504615262209,0.10833716588298083
real,kp35_kd0.5,touchdown,stance_leg,1,hip_pitch,1,1,21.428591864469126,7.142863954823042,6.666673024501506,6.666673024501506,21.428591864469126,7.142863954823042,0.732194,0.08302799999999999,6.792599335070383,0.7204364013474067,0.3176247203705446
real,kp35_kd0.5,touchdown,stance_leg,1,hip_roll,1,1,42.85718372893825,0.0,6.666673024501506,6.666673024501506,35.71431977411521,0.0,0.20402837000000001,0.02531140000000001,3.474436456337955,0.1835244607368504,0.0875459135520478
real,kp35_kd0.5,touchdown,stance_leg,1,knee_pitch,1,1,14.285727909646084,7.142863954823042,6.666673024501506,6.666673024501506,14.285727909646084,0.0,0.43691,0.34131999999999996,4.371332740256334,3.1365744198418946,0.5317365671909979
real,kp35_kd0.5,touchdown,stance_leg,2,ankle_pitch,1,1,46.66671117151054,6.666673024501506,18.750017881410486,6.250005960470162,46.66671117151054,6.666673024501506,0.25323399999999996,0.11084639999999998,5.188798281756986,1.336733274808192,0.16177745786252368
real,kp35_kd0.5,touchdown,stance_leg,2,ankle_roll,1,1,26.666692098006024,6.666673024501506,12.500011920940324,6.250005960470162,26.666692098006024,6.666673024501506,0.2545884,0.46957,3.384025227257945,4.732049846167735,0.13364355034106234
real,kp35_kd0.5,touchdown,stance_leg,2,hip_pitch,1,1,53.33338419601205,0.0,6.250005960470162,6.250005960470162,53.33338419601205,0.0,0.656442,0.17660200000000004,16.724769283316245,1.177347789473015,0.2433615797871554
real,kp35_kd0.5,touchdown,stance_leg,2,hip_roll,1,1,26.666692098006024,26.666692098006024,6.250005960470162,6.250005960470162,26.666692098006024,20.000019073504518,0.375209,0.021859100000000006,6.138137187117119,0.25949491414030174,0.19305193554568995
real,kp35_kd0.5,touchdown,stance_leg,2,knee_pitch,1,1,40.000038147009036,13.333346049003012,6.250005960470162,6.250005960470162,40.000038147009036,6.666673024501506,0.980344,0.21495200000000003,12.894638963952664,1.4432547097282822,0.35030162533879283
real,kp35_kd0.5,touchdown,stance_leg,3,ankle_pitch,1,1,28.57145581929217,0.0,6.666673024501506,6.666673024501506,21.428591864469126,0.0,0.24437299999999998,0.44322700000000004,5.090904855065208,3.165931590696217,0.44611058219711996
real,kp35_kd0.5,touchdown,stance_leg,3,ankle_roll,1,1,35.71431977411521,0.0,6.666673024501506,6.666673024501506,35.71431977411521,0.0,0.5044051,0.3338954,9.65731063850055,2.3849694173412215,0.19315605079466283
real,kp35_kd0.5,touchdown,stance_leg,3,hip_pitch,1,1,42.85718372893825,0.0,6.666673024501506,6.666673024501506,42.85718372893825,0.0,0.7968868,0.09299899999999994,15.727240712951248,0.6642792049345877,0.252152706546151
real,kp35_kd0.5,touchdown,stance_leg,3,hip_roll,1,1,14.285727909646084,7.142863954823042,6.666673024501506,6.666673024501506,7.142863954823042,7.142863954823042,0.384404,0.0239687,4.667753022944744,0.3369338927537712,0.14358922726921403
real,kp35_kd0.5,touchdown,stance_leg,3,knee_pitch,1,1,14.285727909646084,0.0,6.666673024501506,6.666673024501506,14.285727909646084,0.0,1.04653,0.22933400000000004,8.495279530301328,1.6381015622153878,0.5497436679027781
real,kp35_kd0.5,touchdown,stance_leg,4,ankle_pitch,1,1,57.14291163858434,7.142863954823042,6.666673024501506,6.666673024501506,57.14291163858434,7.142863954823042,0.20164700000000002,0.22113829999999998,3.631867749333279,1.6357858457212338,0.22529114323049387
real,kp35_kd0.5,touchdown,stance_leg,4,ankle_roll,1,1,28.57145581929217,7.142863954823042,20.000019073504518,6.666673024501506,28.57145581929217,7.142863954823042,0.29339550000000003,0.1074224,5.759361206840576,0.8882884899950614,0.07354624573638367
real,kp35_kd0.5,touchdown,stance_leg,4,hip_pitch,1,1,42.85718372893825,7.142863954823042,6.666673024501506,6.666673024501506,42.85718372893825,7.142863954823042,0.945055,0.099518,16.633415862861497,0.9025937179233041,0.3102379096391456
real,kp35_kd0.5,touchdown,stance_leg,4,hip_roll,1,1,42.85718372893825,7.142863954823042,13.333346049003012,6.666673024501506,42.85718372893825,0.0,0.5890880000000001,0.12214548,13.13786252924207,0.877947122989908,0.24993750046339722
real,kp35_kd0.5,touchdown,stance_leg,4,knee_pitch,1,1,42.85718372893825,0.0,6.666673024501506,6.666673024501506,42.85718372893825,0.0,0.516534,0.7025720000000001,8.530329563727648,5.018376214467935,0.5094882325267189
real,kp35_kd0.5,touchdown,stance_leg,5,ankle_pitch,1,1,6.666673024501506,0.0,6.250005960470162,nan,0.0,0.0,0.76,0.0,6.687639711163563,0.0,0.3674671137784951
real,kp35_kd0.5,touchdown,stance_leg,5,ankle_roll,1,1,33.33336512250753,0.0,12.500011920940324,nan,33.33336512250753,0.0,0.08126177000000001,0.0,1.0529021374590593,0.0,0.05560743932632738
real,kp35_kd0.5,touchdown,stance_leg,5,hip_pitch,1,1,33.33336512250753,6.666673024501506,6.250005960470162,6.250005960470162,26.666692098006024,0.0,1.1122109999999998,0.468255,11.87448465772437,3.356916534738415,1.8397521512958739
real,kp35_kd0.5,touchdown,stance_leg,5,hip_roll,1,1,33.33336512250753,0.0,6.250005960470162,6.250005960470162,33.33336512250753,0.0,0.2699699,0.0650037,3.649543480475884,0.4333584132827885,0.10262689736945184
real,kp35_kd0.5,touchdown,stance_leg,5,knee_pitch,1,1,6.666673024501506,0.0,6.250005960470162,6.250005960470162,6.666673024501506,0.0,1.023431,0.727888,9.55848244901255,4.852591294458352,0.5798655890951153
real,kp35_kd0.5,touchdown,stance_leg,6,ankle_pitch,1,1,28.57145581929217,0.0,13.333346049003012,6.666673024501506,28.57145581929217,0.0,0.396226349,0.211005,7.186797553864244,1.507180008787436,0.14668668631463908
real,kp35_kd0.5,touchdown,stance_leg,6,ankle_roll,1,1,42.85718372893825,7.142863954823042,6.666673024501506,6.666673024501506,42.85718372893825,7.142863954823042,0.3174779,0.2147655,4.883937514828629,1.8122277997036795,0.09397886192148831
real,kp35_kd0.5,touchdown,stance_leg,6,hip_pitch,1,1,21.428591864469126,0.0,13.333346049003012,6.666673024501506,21.428591864469126,0.0,1.6857849999999999,0.181971,26.6569611363449,1.2997940967231039,0.6957611541730874
real,kp35_kd0.5,touchdown,stance_leg,6,hip_roll,1,1,21.428591864469126,21.428591864469126,13.333346049003012,6.666673024501506,14.285727909646084,7.142863954823042,0.428228,0.0389256,8.791386955548516,0.5711455446868368,0.14197839415123228
real,kp35_kd0.5,touchdown,stance_leg,6,knee_pitch,1,1,50.000047683761295,7.142863954823042,6.666673024501506,6.666673024501506,50.000047683761295,7.142863954823042,0.45894200000000007,0.31408900000000006,10.83028175713298,2.3393522309801402,0.2000614104538904
real,kp40_kd0.8,swing,event_leg,1,ankle_pitch,1,1,25.002408259615155,18.751806194711367,3.030594940559413,3.030594940559413,21.87710722716326,6.250602064903789,0.31663929999999996,0.186231,3.118627264627196,0.9244984237106273,0.14249396784692434
real,kp40_kd0.8,swing,event_leg,1,ankle_roll,1,1,34.37831135697084,18.751806194711367,3.030594940559413,3.030594940559413,34.37831135697084,9.375903097355684,0.5533677,0.1828801,2.978706599814015,0.9417832136007056,0.2756128766131269
real,kp40_kd0.8,swing,event_leg,1,hip_pitch,1,1,34.37831135697084,3.1253010324518944,3.030594940559413,3.030594940559413,34.37831135697084,3.1253010324518944,1.061323,0.21149999999999997,13.706495224778845,0.9234827008750802,0.33124423455597596
real,kp40_kd0.8,swing,event_leg,1,hip_roll,1,1,40.62891342187463,3.1253010324518944,3.030594940559413,3.030594940559413,37.503612389422734,0.0,1.7,0.09779260000000001,13.020206933231599,0.31641797772955965,0.6952545690718861
real,kp40_kd0.8,swing,event_leg,1,knee_pitch,1,1,28.12770929206705,6.250602064903789,3.030594940559413,3.030594940559413,28.12770929206705,6.250602064903789,0.429385,0.585415,4.189137877393356,2.4498547227163265,0.3894678323440302
real,kp40_kd0.8,swing,event_leg,2,ankle_pitch,1,1,31.253010324518943,3.1253010324518944,6.061189881118826,3.030594940559413,31.253010324518943,3.1253010324518944,0.31553319999999996,0.14646000000000003,2.7226034941796415,0.8570044226137965,0.10818874784418257
real,kp40_kd0.8,swing,event_leg,2,ankle_roll,1,1,34.37831135697084,25.002408259615155,9.091784821678239,3.030594940559413,34.37831135697084,15.626505162259472,0.1731354,0.05575965,1.2282803093178183,0.4211153435456259,0.03988859528105744
real,kp40_kd0.8,swing,event_leg,2,hip_pitch,1,1,31.253010324518943,3.1253010324518944,3.030594940559413,3.030594940559413,31.253010324518943,3.1253010324518944,1.2044546999999999,0.190216,10.382639129783731,0.8018303581868904,0.38511154139372394
real,kp40_kd0.8,swing,event_leg,2,hip_roll,1,1,37.503612389422734,9.375903097355684,6.061189881118826,3.030594940559413,34.37831135697084,3.1253010324518944,0.23963,0.05311490000000001,4.777203833056584,0.2295283584253321,0.08855640742135099
real,kp40_kd0.8,swing,event_leg,2,knee_pitch,1,1,25.002408259615155,3.1253010324518944,3.030594940559413,3.030594940559413,25.002408259615155,3.1253010324518944,0.765137,0.6586639999999999,3.6521111503850823,3.7071383256634634,0.35901414488952604
real,kp40_kd0.8,swing,event_leg,3,ankle_pitch,1,1,31.253010324518943,6.250602064903789,9.091784821678239,3.030594940559413,25.002408259615155,6.250602064903789,0.76,0.284139,3.947355213619782,1.8029392861060107,0.2234166539850952
real,kp40_kd0.8,swing,event_leg,3,ankle_roll,1,1,40.62891342187463,9.375903097355684,3.030594940559413,6.061189881118826,40.62891342187463,9.375903097355684,0.13663350000000002,0.411339,1.3352409243825554,3.7539584604306255,0.14619104306587874
real,kp40_kd0.8,swing,event_leg,3,hip_pitch,1,1,43.75421445432652,3.1253010324518944,3.030594940559413,3.030594940559413,43.75421445432652,3.1253010324518944,1.101051,0.35071100000000005,12.361412539927038,1.3112169228641601,0.39715619644806116
real,kp40_kd0.8,swing,event_leg,3,hip_roll,1,1,25.002408259615155,6.250602064903789,3.030594940559413,3.030594940559413,18.751806194711367,0.0,0.33849700000000005,0.0510053,4.217836891714156,0.1917664711585875,0.1527973451864823
real,kp40_kd0.8,swing,event_leg,3,knee_pitch,1,1,28.12770929206705,3.1253010324518944,3.030594940559413,3.030594940559413,28.12770929206705,3.1253010324518944,1.18068,0.5775500000000001,7.5416670467107,3.431449270988818,0.450435208189241
real,kp40_kd0.8,swing,event_leg,4,ankle_pitch,1,1,29.03505475310147,22.582820363523368,3.1253010324518944,3.1253010324518944,29.03505475310147,22.582820363523368,0.169642,0.14662199999999997,1.6806651093285254,0.6813043336643309,0.07086429857084243
real,kp40_kd0.8,swing,event_leg,4,ankle_roll,1,1,19.356703168734313,9.678351584367157,3.1253010324518944,6.250602064903789,19.356703168734313,9.678351584367157,0.11503089999999999,0.474725,1.0376627875369835,3.6409181166145297,0.13504145752830135
real,kp40_kd0.8,swing,event_leg,4,hip_pitch,1,1,32.261171947890524,6.452234389578105,3.1253010324518944,3.1253010324518944,32.261171947890524,3.2261171947890523,0.930906,0.04755400000000004,8.043474756384272,0.32476999188221933,0.3014870444231912
real,kp40_kd0.8,swing,event_leg,4,hip_roll,1,1,41.93952353225768,3.2261171947890523,3.1253010324518944,3.1253010324518944,38.713406337468626,0.0,0.615305,0.0498557,5.52902901380238,0.17445196469649854,0.12453105451094061
real,kp40_kd0.8,swing,event_leg,4,knee_pitch,1,1,29.03505475310147,3.2261171947890523,3.1253010324518944,3.1253010324518944,29.03505475310147,3.2261171947890523,1.06238,0.562786,4.401579771483161,3.185826217143332,0.4534373532767403
real,kp40_kd0.8,swing,event_leg,5,ankle_pitch,1,1,36.367139286712955,12.122379762237651,2.941459795248842,2.941459795248842,36.367139286712955,12.122379762237651,0.25143099999999996,0.404957,1.5581773580936815,1.4699406772208121,0.11841286437537842
real,kp40_kd0.8,swing,event_leg,5,ankle_roll,1,1,39.397734227272366,9.091784821678239,2.941459795248842,5.882919590497684,39.397734227272366,9.091784821678239,0.22595179999999998,0.279471,1.7456778244065703,2.5575105846722552,0.11504651468758537
real,kp40_kd0.8,swing,event_leg,5,hip_pitch,1,1,30.305949405594127,3.030594940559413,2.941459795248842,2.941459795248842,30.305949405594127,3.030594940559413,0.949494,0.2180209999999999,11.95816091419356,0.9408330463219665,0.2853173651756832
real,kp40_kd0.8,swing,event_leg,5,hip_roll,1,1,27.275354465034717,15.152974702797064,2.941459795248842,2.941459795248842,24.244759524475302,9.091784821678239,0.59341,0.0483208,6.652617454137359,0.26615169663183263,0.1684741797747362
real,kp40_kd0.8,swing,event_leg,5,knee_pitch,1,1,36.367139286712955,3.030594940559413,2.941459795248842,2.941459795248842,36.367139286712955,3.030594940559413,1.24061,0.6559799999999999,7.718649529465233,3.877228004343971,0.5349381458223768
real,kp40_kd0.8,swing,event_leg,6,ankle_pitch,1,1,53.130117551682204,21.87710722716326,3.030594940559413,3.030594940559413,53.130117551682204,18.751806194711367,0.192399,0.212332,2.1598986688285358,1.5207433546817997,0.09738257721279542
real,kp40_kd0.8,swing,event_leg,6,ankle_roll,1,1,40.62891342187463,12.501204129807578,3.030594940559413,6.061189881118826,37.503612389422734,12.501204129807578,0.1066006,0.924572,0.9060648356670401,10.982907885834187,0.29148246938100963
real,kp40_kd0.8,swing,event_leg,6,hip_pitch,1,1,46.879515486778416,3.1253010324518944,3.030594940559413,3.030594940559413,46.879515486778416,0.0,0.8435190000000001,0.08111000000000002,7.176891286106012,0.5009920061041038,0.27532451157002485
real,kp40_kd0.8,swing,event_leg,6,hip_roll,1,1,34.37831135697084,0.0,3.030594940559413,3.030594940559413,28.12770929206705,0.0,0.626259,0.080152,4.651125501552254,0.2552945902572784,0.14960404856661294
real,kp40_kd0.8,swing,event_leg,6,knee_pitch,1,1,31.253010324518943,3.1253010324518944,6.061189881118826,3.030594940559413,31.253010324518943,3.1253010324518944,0.9324960999999999,0.724431,4.643022533565419,4.450822458141587,0.3744272872909193
real,kp40_kd0.8,swing,opposite_leg,1,ankle_pitch,1,1,37.503612389422734,6.250602064903789,3.030594940559413,3.030594940559413,37.503612389422734,3.1253010324518944,0.3898985,0.11857000000000001,4.158345536441023,0.383568195712821,0.1337464940786294
real,kp40_kd0.8,swing,opposite_leg,1,ankle_roll,1,1,31.253010324518943,25.002408259615155,3.030594940559413,3.030594940559413,31.253010324518943,15.626505162259472,0.4077027,0.0791876,1.9078340771882971,0.37824608933164844,0.10455981406673892
real,kp40_kd0.8,swing,opposite_leg,1,hip_pitch,1,1,40.62891342187463,0.0,3.030594940559413,3.030594940559413,40.62891342187463,0.0,1.2044546999999999,0.213036,11.187078801802613,0.6682018619423448,0.32643474071447104
real,kp40_kd0.8,swing,opposite_leg,1,hip_roll,1,1,31.253010324518943,6.250602064903789,6.061189881118826,3.030594940559413,28.12770929206705,6.250602064903789,1.063875,0.0943412,7.38920354875796,0.3541730027728272,0.25195700982606195
real,kp40_kd0.8,swing,opposite_leg,1,knee_pitch,1,1,25.002408259615155,0.0,3.030594940559413,3.030594940559413,25.002408259615155,0.0,0.7775049999999999,0.6172470000000001,4.842350795584061,1.9290826863778348,0.24799052960888843
real,kp40_kd0.8,swing,opposite_leg,2,ankle_pitch,1,1,28.12770929206705,12.501204129807578,6.061189881118826,3.030594940559413,25.002408259615155,6.250602064903789,0.76,0.16796999999999998,5.50432580774935,0.9443065816543075,0.28801175317863914
real,kp40_kd0.8,swing,opposite_leg,2,ankle_roll,1,1,34.37831135697084,15.626505162259472,3.030594940559413,3.030594940559413,31.253010324518943,6.250602064903789,0.5161235000000001,0.205036,2.9795729332602114,1.0832687166408352,0.3071271150863202
real,kp40_kd0.8,swing,opposite_leg,2,hip_pitch,1,1,25.002408259615155,3.1253010324518944,3.030594940559413,3.030594940559413,25.002408259615155,0.0,1.357046,0.16989099999999996,11.489384795250242,0.8317988697870715,0.420191183601997
real,kp40_kd0.8,swing,opposite_leg,2,hip_roll,1,1,28.12770929206705,3.1253010324518944,6.061189881118826,3.030594940559413,28.12770929206705,0.0,1.7,0.07804259999999999,10.590613849638759,0.32420935320346217,0.7405332736975775
real,kp40_kd0.8,swing,opposite_leg,2,knee_pitch,1,1,25.002408259615155,3.1253010324518944,3.030594940559413,3.030594940559413,25.002408259615155,3.1253010324518944,0.34061500000000006,0.284174,2.6766546933403284,1.4208899866949616,0.06504541412899238
real,kp40_kd0.8,swing,opposite_leg,3,ankle_pitch,1,1,3.1253010324518944,12.501204129807578,3.030594940559413,3.030594940559413,3.1253010324518944,6.250602064903789,0.306467,0.29085249999999996,1.915603263024869,1.61278847056916,0.35716662530134513
real,kp40_kd0.8,swing,opposite_leg,3,ankle_roll,1,1,31.253010324518943,28.12770929206705,3.030594940559413,3.030594940559413,31.253010324518943,21.87710722716326,0.666254,0.0986217,7.200255786600537,0.8051021108257231,0.24140294327527304
real,kp40_kd0.8,swing,opposite_leg,3,hip_pitch,1,1,56.2554185841341,3.1253010324518944,21.21416458391589,3.030594940559413,56.2554185841341,3.1253010324518944,0.69270972,0.17641,13.172372652501974,0.7395087302987674,0.20031814348939117
real,kp40_kd0.8,swing,opposite_leg,3,hip_roll,1,1,34.37831135697084,15.626505162259472,3.030594940559413,3.030594940559413,34.37831135697084,3.1253010324518944,1.663429,0.122912,21.189344106058797,0.42908195464841786,0.6948632595054551
real,kp40_kd0.8,swing,opposite_leg,3,knee_pitch,1,1,50.00481651923031,3.1253010324518944,3.030594940559413,3.030594940559413,50.00481651923031,3.1253010324518944,0.321781,0.340549,4.109227055294594,1.8487749510479512,0.10987276625026264
real,kp40_kd0.8,swing,opposite_leg,4,ankle_pitch,1,1,0.0,6.452234389578105,3.1253010324518944,3.1253010324518944,0.0,3.2261171947890523,0.25143099999999996,0.2358777,0.8111458724030061,1.2504992752796449,0.4241208560380913
real,kp40_kd0.8,swing,opposite_leg,4,ankle_roll,1,1,32.261171947890524,9.678351584367157,3.1253010324518944,3.1253010324518944,32.261171947890524,9.678351584367157,0.5747145,0.3300228,3.292831040095253,1.5383055906506298,0.19280345354983192
real,kp40_kd0.8,swing,opposite_leg,4,hip_pitch,1,1,35.48728914267957,3.2261171947890523,3.1253010324518944,3.1253010324518944,35.48728914267957,0.0,1.2500792,0.281682,8.942027112392577,1.313933011093685,0.4970372002772353
real,kp40_kd0.8,swing,opposite_leg,4,hip_roll,1,1,25.80893755831242,9.678351584367157,3.1253010324518944,3.1253010324518944,19.356703168734313,0.0,1.7,0.09606690000000001,8.688220729997251,0.34642014176472896,0.9512652628014664
real,kp40_kd0.8,swing,opposite_leg,4,knee_pitch,1,1,29.03505475310147,3.2261171947890523,3.1253010324518944,3.1253010324518944,29.03505475310147,3.2261171947890523,0.9321998,0.401525,5.001461101103368,1.7098356610038081,0.2477377238372166
real,kp40_kd0.8,swing,opposite_leg,5,ankle_pitch,1,1,24.244759524475302,9.091784821678239,2.941459795248842,5.882919590497684,24.244759524475302,9.091784821678239,0.517166,0.415371,4.84099871459255,2.603087095864339,0.3178360745319951
real,kp40_kd0.8,swing,opposite_leg,5,ankle_roll,1,1,33.33654434615354,12.122379762237651,2.941459795248842,2.941459795248842,33.33654434615354,12.122379762237651,0.49447702,0.561462,6.446561000491246,4.000079837568416,0.3180177506105688
real,kp40_kd0.8,swing,opposite_leg,5,hip_pitch,1,1,39.397734227272366,9.091784821678239,2.941459795248842,2.941459795248842,39.397734227272366,3.030594940559413,2.164274,0.07957600000000004,19.653441526072136,0.4852285559329678,0.41537732172793884
real,kp40_kd0.8,swing,opposite_leg,5,hip_roll,1,1,39.397734227272366,12.122379762237651,2.941459795248842,2.941459795248842,36.367139286712955,12.122379762237651,1.63861,0.1175432,21.5519565143476,0.6647991250960593,0.7104589166345309
real,kp40_kd0.8,swing,opposite_leg,5,knee_pitch,1,1,39.397734227272366,3.030594940559413,2.941459795248842,2.941459795248842,39.397734227272366,3.030594940559413,0.513634,0.4820610000000001,4.677381742703653,1.8729440404050044,0.22162762534755628
real,kp40_kd0.8,swing,opposite_leg,6,ankle_pitch,1,1,3.1253010324518944,6.250602064903789,3.030594940559413,3.030594940559413,0.0,0.0,0.3938448,0.11954419999999999,1.3805323494027035,0.5117930464722573,0.26974424287888915
real,kp40_kd0.8,swing,opposite_leg,6,ankle_roll,1,1,37.503612389422734,18.751806194711367,3.030594940559413,3.030594940559413,37.503612389422734,18.751806194711367,0.713454,0.136521,3.3210761397267463,1.0231110471875815,0.20564141552084902
real,kp40_kd0.8,swing,opposite_leg,6,hip_pitch,1,1,62.506020649037886,6.250602064903789,3.030594940559413,3.030594940559413,62.506020649037886,6.250602064903789,0.8992707,0.24141400000000007,11.074521397648967,0.9001148250554383,0.3176446250997475
real,kp40_kd0.8,swing,opposite_leg,6,hip_roll,1,1,21.87710722716326,9.375903097355684,3.030594940559413,3.030594940559413,21.87710722716326,6.250602064903789,1.7,0.1114068,11.726273237607,0.5345532387591503,0.6769236186566234
real,kp40_kd0.8,swing,opposite_leg,6,knee_pitch,1,1,28.12770929206705,6.250602064903789,3.030594940559413,3.030594940559413,28.12770929206705,3.1253010324518944,0.6410407,0.28321500000000005,3.9076495141228933,1.0289553601182675,0.23949751254511006
real,kp40_kd0.8,touchdown,landing_leg,1,ankle_pitch,1,1,21.430635651098704,0.0,6.667308869230708,6.667308869230708,21.430635651098704,0.0,0.507565,0.13810000000000003,5.199207936315669,0.9865235944722439,0.1965927198974248
real,kp40_kd0.8,touchdown,landing_leg,1,ankle_roll,1,1,28.574180868131606,7.1435452170329015,6.667308869230708,6.667308869230708,21.430635651098704,0.0,0.165088,0.1339498,1.53271906176658,0.9964516936148758,0.2691884428986802
real,kp40_kd0.8,touchdown,landing_leg,1,hip_pitch,1,1,14.287090434065803,7.1435452170329015,6.667308869230708,6.667308869230708,14.287090434065803,0.0,0.7514021,0.04736199999999996,7.977276237212549,0.4095608779281467,0.26145091237604684
real,kp40_kd0.8,touchdown,landing_leg,1,hip_roll,1,1,7.1435452170329015,7.1435452170329015,6.667308869230708,6.667308869230708,7.1435452170329015,0.0,0.642885,0.0118886,5.638557397798844,0.097254367648251,0.5216110377312767
real,kp40_kd0.8,touchdown,landing_leg,1,knee_pitch,1,1,14.287090434065803,0.0,13.334617738461416,6.667308869230708,14.287090434065803,0.0,0.08469400000000005,0.18081999999999998,1.5308474529197167,1.2916958461438892,0.06735111040361547
real,kp40_kd0.8,touchdown,landing_leg,2,ankle_pitch,1,1,7.1435452170329015,7.1435452170329015,6.667308869230708,6.667308869230708,7.1435452170329015,7.1435452170329015,0.306467,0.29085249999999996,4.378521744056844,2.400315486756616,0.36644418779862503
real,kp40_kd0.8,touchdown,landing_leg,2,ankle_roll,1,1,50.00481651923031,28.574180868131606,6.667308869230708,13.334617738461416,50.00481651923031,21.430635651098704,0.666254,0.053504399999999994,12.143790560480152,1.190293221073753,0.22907898634849433
real,kp40_kd0.8,touchdown,landing_leg,2,hip_pitch,1,1,42.86127130219741,0.0,6.667308869230708,6.667308869230708,42.86127130219741,0.0,0.69270972,0.17641,20.05101876487443,1.2601928117367742,0.28091951171942453
real,kp40_kd0.8,touchdown,landing_leg,2,hip_roll,1,1,42.86127130219741,14.287090434065803,13.334617738461416,6.667308869230708,42.86127130219741,7.1435452170329015,1.663429,0.0814934,31.97925884900859,0.6273539988595681,0.9135202018067893
real,kp40_kd0.8,touchdown,landing_leg,2,knee_pitch,1,1,42.86127130219741,7.1435452170329015,6.667308869230708,6.667308869230708,42.86127130219741,7.1435452170329015,0.321781,0.340549,7.118914273124573,2.4368418621603487,0.10608334380947841
real,kp40_kd0.8,touchdown,landing_leg,3,ankle_pitch,1,1,14.287090434065803,7.1435452170329015,33.33654434615354,6.667308869230708,7.1435452170329015,7.1435452170329015,0.11981899999999995,0.451642,2.089479832436906,3.2725866477366785,0.37595004298040735
real,kp40_kd0.8,touchdown,landing_leg,3,ankle_roll,1,1,42.86127130219741,7.1435452170329015,6.667308869230708,6.667308869230708,42.86127130219741,7.1435452170329015,0.498962,0.484688,4.414510924860255,3.4686341026729304,0.15712431048268163
real,kp40_kd0.8,touchdown,landing_leg,3,hip_pitch,1,1,57.14836173626321,0.0,13.334617738461416,6.667308869230708,57.14836173626321,0.0,0.427506,0.31984,9.026286564761746,2.2847915022158034,0.39212060767465323
real,kp40_kd0.8,touchdown,landing_leg,3,hip_roll,1,1,42.86127130219741,7.1435452170329015,6.667308869230708,6.667308869230708,35.71772608516451,0.0,1.690323,0.03873344,24.001704727887102,0.3972328333344007,1.0696086782007688
real,kp40_kd0.8,touchdown,landing_leg,3,knee_pitch,1,1,35.71772608516451,0.0,6.667308869230708,6.667308869230708,35.71772608516451,0.0,0.6194801,0.5856060000000001,8.41033294971404,4.183302940365769,0.32634057068040745
real,kp40_kd0.8,touchdown,landing_leg,4,ankle_pitch,1,1,6.667308869230708,6.667308869230708,6.250602064903789,6.250602064903789,6.667308869230708,6.667308869230708,0.10154599999999997,0.4146719,1.3540770928698025,3.088250130334692,0.3358449226239592
real,kp40_kd0.8,touchdown,landing_leg,4,ankle_roll,1,1,53.338470953845665,13.334617738461416,18.751806194711367,6.250602064903789,53.338470953845665,13.334617738461416,0.4442822,0.482752,8.086558239566353,5.678888330137898,0.33032578889442427
real,kp40_kd0.8,touchdown,landing_leg,4,hip_pitch,1,1,53.338470953845665,0.0,6.250602064903789,6.250602064903789,53.338470953845665,0.0,1.688026,0.08322000000000002,28.987838807359893,0.5548534440973797,0.4572832164005264
real,kp40_kd0.8,touchdown,landing_leg,4,hip_roll,1,1,53.338470953845665,13.334617738461416,6.250602064903789,6.250602064903789,53.338470953845665,13.334617738461416,1.559713,0.10507910000000001,26.922959915941405,0.7734658344179244,0.9277976861868352
real,kp40_kd0.8,touchdown,landing_leg,4,knee_pitch,1,1,53.338470953845665,0.0,6.250602064903789,6.250602064903789,53.338470953845665,0.0,0.411803,0.581197,5.381422344551846,3.87501991287028,0.35453656032044933
real,kp40_kd0.8,touchdown,landing_leg,5,ankle_pitch,1,1,20.001926607692123,26.669235476922832,50.00481651923031,6.250602064903789,20.001926607692123,26.669235476922832,0.04788299999999995,0.3486905,1.0262055119165125,2.498841357829864,0.2423762529659697
real,kp40_kd0.8,touchdown,landing_leg,5,ankle_roll,1,1,33.33654434615354,13.334617738461416,6.250602064903789,6.250602064903789,33.33654434615354,13.334617738461416,0.5291112,0.18996476,7.833375852758847,2.7333207431435818,0.2955815853516778
real,kp40_kd0.8,touchdown,landing_leg,5,hip_pitch,1,1,66.67308869230708,0.0,6.250602064903789,6.250602064903789,66.67308869230708,0.0,0.877084,0.310061,18.519571825640096,2.0672724553025423,0.22622308206536554
real,kp40_kd0.8,touchdown,landing_leg,5,hip_roll,1,1,20.001926607692123,6.667308869230708,6.250602064903789,6.250602064903789,13.334617738461416,6.667308869230708,1.622546,0.0379663,20.29024771243314,0.38481019867725347,0.9959565805710328
real,kp40_kd0.8,touchdown,landing_leg,5,knee_pitch,1,1,46.671162084614956,0.0,6.250602064903789,6.250602064903789,46.671162084614956,0.0,0.5088949,0.5719909999999999,6.210230176238823,3.8136406674201413,0.33886348129237553
real,kp40_kd0.8,touchdown,landing_leg,6,ankle_pitch,1,1,7.1435452170329015,0.0,6.667308869230708,6.667308869230708,7.1435452170329015,0.0,0.016159999999999952,0.4400145,0.16776615942201714,3.1432634769001235,0.25236003216686753
real,kp40_kd0.8,touchdown,landing_leg,6,ankle_roll,1,1,35.71772608516451,7.1435452170329015,6.667308869230708,6.667308869230708,35.71772608516451,7.1435452170329015,0.45759465000000005,0.785339,8.681178323554278,8.257081045463991,0.4181753214918341
real,kp40_kd0.8,touchdown,landing_leg,6,hip_pitch,1,1,64.29190695329612,0.0,13.334617738461416,6.667308869230708,64.29190695329612,0.0,0.7771743,0.17238399999999998,24.191234412167336,1.2314328986929997,0.21049697887537325
real,kp40_kd0.8,touchdown,landing_leg,6,hip_roll,1,1,42.86127130219741,7.1435452170329015,6.667308869230708,6.667308869230708,35.71772608516451,0.0,1.7,0.0937662,37.271554323047425,0.6931081895187908,0.9497361731713646
real,kp40_kd0.8,touchdown,landing_leg,6,knee_pitch,1,1,50.00481651923031,0.0,6.667308869230708,6.667308869230708,50.00481651923031,0.0,0.40574,0.48417000000000004,6.470758984947527,3.4586902877308203,0.2559807729141924
real,kp40_kd0.8,touchdown,stance_leg,1,ankle_pitch,1,1,7.1435452170329015,7.1435452170329015,6.667308869230708,6.667308869230708,7.1435452170329015,7.1435452170329015,0.13099200000000003,0.076125,1.8651010771699033,1.07077456676193,0.08930604960322305
real,kp40_kd0.8,touchdown,stance_leg,1,ankle_roll,1,1,21.430635651098704,21.430635651098704,6.667308869230708,6.667308869230708,21.430635651098704,21.430635651098704,0.03905797,0.04053665,0.5478947023951113,0.35422090466357603,0.02029680138197051
real,kp40_kd0.8,touchdown,stance_leg,1,hip_pitch,1,1,21.430635651098704,7.1435452170329015,6.667308869230708,6.667308869230708,21.430635651098704,7.1435452170329015,0.6771389999999999,0.04563600000000001,5.38776895586447,0.4314701311087873,0.26943706809346035
real,kp40_kd0.8,touchdown,stance_leg,1,hip_roll,1,1,21.430635651098704,14.287090434065803,6.667308869230708,13.334617738461416,21.430635651098704,0.0,0.1698229,0.0047941999999999985,2.2649138732948875,0.06713218053158844,0.08065680692056107
real,kp40_kd0.8,touchdown,stance_leg,1,knee_pitch,1,1,14.287090434065803,7.1435452170329015,6.667308869230708,6.667308869230708,14.287090434065803,7.1435452170329015,0.315223,0.3422759999999999,2.328217113590146,2.912180504446933,0.4603483792047062
real,kp40_kd0.8,touchdown,stance_leg,2,ankle_pitch,1,1,21.430635651098704,7.1435452170329015,6.667308869230708,6.667308869230708,14.287090434065803,7.1435452170329015,0.76,0.16428399999999999,7.155132047374927,1.7765782648404314,0.31807782267977125
real,kp40_kd0.8,touchdown,stance_leg,2,ankle_roll,1,1,35.71772608516451,7.1435452170329015,13.334617738461416,6.667308869230708,35.71772608516451,7.1435452170329015,0.1217368,0.36251500000000003,2.154739118283493,4.12923487532709,0.11603636313394869
real,kp40_kd0.8,touchdown,stance_leg,2,hip_pitch,1,1,57.14836173626321,0.0,40.00385321538425,6.667308869230708,57.14836173626321,0.0,1.07423,0.253686,22.5884614598754,1.8122174119282088,0.46280020614717393
real,kp40_kd0.8,touchdown,stance_leg,2,hip_roll,1,1,28.574180868131606,0.0,13.334617738461416,6.667308869230708,21.430635651098704,0.0,0.318533,0.037007767000000004,5.683350283727726,0.2643666569459181,0.14393897080033116
real,kp40_kd0.8,touchdown,stance_leg,2,knee_pitch,1,1,35.71772608516451,0.0,13.334617738461416,6.667308869230708,35.71772608516451,0.0,0.831881,0.399416,11.61043975896966,2.8532462564064134,0.30593949862709785
real,kp40_kd0.8,touchdown,stance_leg,3,ankle_pitch,1,1,50.00481651923031,21.430635651098704,6.667308869230708,6.667308869230708,50.00481651923031,21.430635651098704,0.76,0.079348,16.20422366588753,0.6622995077067717,0.2098756545287999
real,kp40_kd0.8,touchdown,stance_leg,3,ankle_roll,1,1,21.430635651098704,14.287090434065803,13.334617738461416,6.667308869230708,21.430635651098704,14.287090434065803,0.464136,0.2100143,6.284547477420608,2.1077194464395568,0.1120282080530394
real,kp40_kd0.8,touchdown,stance_leg,3,hip_pitch,1,1,57.14836173626321,14.287090434065803,6.667308869230708,6.667308869230708,57.14836173626321,14.287090434065803,0.9601017,0.024736000000000036,15.195395065829624,0.27532651975488226,0.2906770792545088
real,kp40_kd0.8,touchdown,stance_leg,3,hip_roll,1,1,35.71772608516451,0.0,6.667308869230708,6.667308869230708,28.574180868131606,0.0,0.492493,0.0383506,9.617082042264105,0.273959245200342,0.1641861828646552
real,kp40_kd0.8,touchdown,stance_leg,3,knee_pitch,1,1,28.574180868131606,0.0,6.667308869230708,6.667308869230708,28.574180868131606,0.0,0.777498,0.16164499999999998,7.010525261546533,1.1547183666072833,0.3358194007509592
real,kp40_kd0.8,touchdown,stance_leg,4,ankle_pitch,1,1,46.671162084614956,6.667308869230708,6.250602064903789,6.250602064903789,46.671162084614956,6.667308869230708,0.25143099999999996,0.181618,3.6106811181318896,1.5246515227875408,0.19078940492312293
real,kp40_kd0.8,touchdown,stance_leg,4,ankle_roll,1,1,40.00385321538425,6.667308869230708,6.250602064903789,6.250602064903789,40.00385321538425,6.667308869230708,0.1476148,0.253251,2.671271079784716,2.580989270407655,0.1079769120107325
real,kp40_kd0.8,touchdown,stance_leg,4,hip_pitch,1,1,40.00385321538425,0.0,6.250602064903789,6.250602064903789,40.00385321538425,0.0,0.9072779999999999,0.11275000000000002,18.53127828655269,0.7517390750057624,0.268076797082711
real,kp40_kd0.8,touchdown,stance_leg,4,hip_roll,1,1,46.671162084614956,6.667308869230708,6.250602064903789,6.250602064903789,46.671162084614956,6.667308869230708,0.59341,0.041225899999999996,8.815890489655292,0.4244422160770007,0.17193621575809007
real,kp40_kd0.8,touchdown,stance_leg,4,knee_pitch,1,1,33.33654434615354,0.0,6.250602064903789,6.250602064903789,33.33654434615354,0.0,0.966159,0.44428600000000007,12.635170366917034,2.962191988275035,0.436186764721905
real,kp40_kd0.8,touchdown,stance_leg,5,ankle_pitch,1,1,46.671162084614956,0.0,6.250602064903789,6.250602064903789,46.671162084614956,0.0,0.3525076,0.420935,10.713289249202255,2.806503658869628,0.20351084168546157
real,kp40_kd0.8,touchdown,stance_leg,5,ankle_roll,1,1,40.00385321538425,6.667308869230708,6.250602064903789,6.250602064903789,40.00385321538425,6.667308869230708,0.18144359999999998,0.741455,2.8969439035073474,6.473163502267578,0.26575945791698474
real,kp40_kd0.8,touchdown,stance_leg,5,hip_pitch,1,1,33.33654434615354,13.334617738461416,6.250602064903789,6.250602064903789,33.33654434615354,13.334617738461416,1.439084,0.09779299999999996,24.213585612678735,0.6929267434702789,0.39710958099747873
real,kp40_kd0.8,touchdown,stance_leg,5,hip_roll,1,1,33.33654434615354,26.669235476922832,6.250602064903789,6.250602064903789,26.669235476922832,20.001926607692123,0.48333000000000004,0.030487999999999998,6.712463885278459,0.4628029776946517,0.1777609497883909
real,kp40_kd0.8,touchdown,stance_leg,5,knee_pitch,1,1,33.33654434615354,0.0,6.250602064903789,6.250602064903789,33.33654434615354,0.0,0.690682,0.42722,8.121415597065578,2.848407695112743,0.37738282785264954
real,kp40_kd0.8,touchdown,stance_leg,6,ankle_pitch,1,1,42.86127130219741,7.1435452170329015,13.334617738461416,6.667308869230708,42.86127130219741,0.0,0.3938448,0.066562,6.809724491622866,0.823950792423009,0.13679150567835952
real,kp40_kd0.8,touchdown,stance_leg,6,ankle_roll,1,1,50.00481651923031,14.287090434065803,6.667308869230708,6.667308869230708,50.00481651923031,14.287090434065803,0.39298479999999997,0.22222999999999998,5.155906622628102,2.0847272318040146,0.19520019243535766
real,kp40_kd0.8,touchdown,stance_leg,6,hip_pitch,1,1,42.86127130219741,14.287090434065803,6.667308869230708,6.667308869230708,42.86127130219741,7.1435452170329015,1.2688014,0.09165699999999999,20.960946124369745,0.6876376625915872,0.37289919535427263
real,kp40_kd0.8,touchdown,stance_leg,6,hip_roll,1,1,28.574180868131606,0.0,13.334617738461416,6.667308869230708,21.430635651098704,0.0,0.604758,0.0465953,14.355847771134266,0.33833330292363406,0.21387191259382762
real,kp40_kd0.8,touchdown,stance_leg,6,knee_pitch,1,1,21.430635651098704,7.1435452170329015,6.667308869230708,6.667308869230708,21.430635651098704,7.1435452170329015,1.231583,0.32636,15.489934864800238,2.384793991709046,0.49178555547162356
sim,kp25_kd0.4,swing,event_leg,1,ankle_pitch,1,1,3.125002980235081,12.500011920940324,3.030305920227957,3.030305920227957,3.125002980235081,9.375008940705243,0.15532399999999996,0.2640849,0.704878797224805,1.2966099865436427,0.18751622585855432
sim,kp25_kd0.4,swing,event_leg,1,ankle_roll,1,1,15.625014901175405,18.750017881410486,3.030305920227957,3.030305920227957,9.375008940705243,12.500011920940324,0.6731286,0.0494498,2.918559658355387,0.33461075660968453,0.3005874784845207
sim,kp25_kd0.4,swing,event_leg,1,hip_pitch,1,1,21.875020861645567,9.375008940705243,6.060611840455914,3.030305920227957,21.875020861645567,6.250005960470162,0.47917299999999996,0.18978799999999996,4.3488822724173275,0.7117381787664208,0.13653638701659515
sim,kp25_kd0.4,swing,event_leg,1,hip_roll,1,1,28.12502682211573,9.375008940705243,3.030305920227957,3.030305920227957,25.000023841880648,6.250005960470162,1.7,0.06148100000000001,9.25893695501037,0.41159383002646455,0.6493337430655851
sim,kp25_kd0.4,swing,event_leg,1,knee_pitch,1,1,12.500011920940324,9.375008940705243,3.030305920227957,3.030305920227957,12.500011920940324,6.250005960470162,0.8372753000000001,0.45378899999999994,3.7542179553012427,1.6020515278353953,0.2870616859020237
sim,kp25_kd0.4,swing,event_leg,2,ankle_pitch,1,1,3.030305920227957,12.121223680911829,2.9411792755153705,2.9411792755153705,3.030305920227957,12.121223680911829,0.15602499999999997,0.20656600000000003,0.678452162173917,1.130428350787758,0.1623149438763672
sim,kp25_kd0.4,swing,event_leg,2,ankle_roll,1,1,27.272753282051614,12.121223680911829,2.9411792755153705,2.9411792755153705,21.2121414415957,6.060611840455914,0.6323242,0.042260900000000004,2.5970733858530957,0.2391387735150519,0.2793951027062662
sim,kp25_kd0.4,swing,event_leg,2,hip_pitch,1,1,33.33336512250753,15.151529601139787,2.9411792755153705,2.9411792755153705,33.33336512250753,9.090917760683872,0.5723050000000001,0.224418,3.8970915953440426,0.7317037281100829,0.14025092941959003
sim,kp25_kd0.4,swing,event_leg,2,hip_roll,1,1,21.2121414415957,9.090917760683872,2.9411792755153705,2.9411792755153705,15.151529601139787,3.030305920227957,1.7,0.05614909999999999,8.567129382372467,0.38410521479612664,0.6245979123238528
sim,kp25_kd0.4,swing,event_leg,2,knee_pitch,1,1,18.181835521367745,9.090917760683872,2.9411792755153705,2.9411792755153705,18.181835521367745,6.060611840455914,0.8173921,0.42200499999999996,3.5754403795026284,1.4795589867749808,0.2773055501254172
sim,kp25_kd0.4,swing,event_leg,3,ankle_pitch,1,1,30.303059202279574,9.090917760683872,2.9411792755153705,2.9411792755153705,30.303059202279574,6.060611840455914,0.167061,0.15547799999999998,1.6982137407549498,0.8716159827529277,0.06404628054383799
sim,kp25_kd0.4,swing,event_leg,3,ankle_roll,1,1,21.2121414415957,12.121223680911829,2.9411792755153705,2.9411792755153705,15.151529601139787,6.060611840455914,0.18966859,0.0676132,1.1119663331810055,0.32167091282989396,0.04190632676591906
sim,kp25_kd0.4,swing,event_leg,3,hip_pitch,1,1,30.303059202279574,3.030305920227957,2.9411792755153705,2.9411792755153705,30.303059202279574,3.030305920227957,0.7922500000000001,0.28601299999999996,4.08144025600111,1.2234435910091546,0.28317406244922927
sim,kp25_kd0.4,swing,event_leg,3,hip_roll,1,1,30.303059202279574,12.121223680911829,14.70589637757685,5.882358551030741,30.303059202279574,6.060611840455914,0.7170749999999999,0.052470600000000006,5.824786161009566,0.2885572448866029,0.1278119803332131
sim,kp25_kd0.4,swing,event_leg,3,knee_pitch,1,1,18.181835521367745,3.030305920227957,2.9411792755153705,2.9411792755153705,18.181835521367745,3.030305920227957,1.020322,0.36825600000000003,3.4580578433154963,2.0428322512269537,0.3051064034787941
sim,kp25_kd0.4,swing,event_leg,4,ankle_pitch,1,1,28.12502682211573,6.250005960470162,6.060611840455914,3.030305920227957,21.875020861645567,3.125002980235081,0.27255999999999997,0.18315199999999998,2.643327520873566,0.9572821629354124,0.08204715214269946
sim,kp25_kd0.4,swing,event_leg,4,ankle_roll,1,1,25.000023841880648,9.375008940705243,3.030305920227957,3.030305920227957,25.000023841880648,6.250005960470162,0.4245889,0.0289351,1.894735306960399,0.17906929577378822,0.20118756063059906
sim,kp25_kd0.4,swing,event_leg,4,hip_pitch,1,1,28.12502682211573,3.125002980235081,3.030305920227957,3.030305920227957,25.000023841880648,3.125002980235081,0.702312,0.17803100000000005,3.2521999765395893,0.6987225413537422,0.1634335181623996
sim,kp25_kd0.4,swing,event_leg,4,hip_roll,1,1,25.000023841880648,9.375008940705243,3.030305920227957,3.030305920227957,21.875020861645567,9.375008940705243,1.67533,0.0953998,8.895217233140214,0.5115879878883247,0.5585254749604681
sim,kp25_kd0.4,swing,event_leg,4,knee_pitch,1,1,18.750017881410486,9.375008940705243,3.030305920227957,3.030305920227957,18.750017881410486,9.375008940705243,0.848555,0.43285,3.668594123643992,1.5763827533557448,0.286901628134527
sim,kp25_kd0.4,swing,event_leg,5,ankle_pitch,1,1,18.181835521367745,3.030305920227957,2.9411792755153705,2.9411792755153705,18.181835521367745,3.030305920227957,0.6541410000000001,0.217579,3.024187732575017,1.0938858916957284,0.3453192560046155
sim,kp25_kd0.4,swing,event_leg,5,ankle_roll,1,1,36.36367104273549,15.151529601139787,2.9411792755153705,2.9411792755153705,33.33336512250753,3.030305920227957,0.451135,0.020218439999999997,3.4607217246438484,0.20911654791392936,0.1934978022679603
sim,kp25_kd0.4,swing,event_leg,5,hip_pitch,1,1,21.2121414415957,3.030305920227957,2.9411792755153705,2.9411792755153705,21.2121414415957,3.030305920227957,0.756084,0.21187699999999998,7.45089498451506,1.0847434587344007,0.24727683282459906
sim,kp25_kd0.4,swing,event_leg,5,hip_roll,1,1,36.36367104273549,3.030305920227957,2.9411792755153705,2.9411792755153705,33.33336512250753,3.030305920227957,1.69686,0.1155219,13.78014102055445,0.625265444784444,0.7398285237690129
sim,kp25_kd0.4,swing,event_leg,5,knee_pitch,1,1,27.272753282051614,6.060611840455914,2.9411792755153705,2.9411792755153705,27.272753282051614,6.060611840455914,0.62098,0.32239399999999996,3.7554369147970657,1.1313283516460646,0.24932724696918962
sim,kp25_kd0.4,swing,event_leg,6,ankle_pitch,1,1,25.806476223876796,6.451619055969199,3.125002980235081,3.125002980235081,25.806476223876796,3.2258095279845995,0.430559,0.16806699999999997,4.015286732501637,0.9354331501630857,0.1214278481898537
sim,kp25_kd0.4,swing,event_leg,6,ankle_roll,1,1,19.3548571679076,9.6774285839538,3.125002980235081,3.125002980235081,12.903238111938398,6.451619055969199,0.4647043,0.055438299999999996,2.151304503256755,0.317730593334087,0.18277944894678286
sim,kp25_kd0.4,swing,event_leg,6,hip_pitch,1,1,22.580666695892198,3.2258095279845995,3.125002980235081,3.125002980235081,22.580666695892198,0.0,0.7512406,0.14024599999999998,5.7993932726679,0.7076587393920934,0.18812110704370405
sim,kp25_kd0.4,swing,event_leg,6,hip_roll,1,1,16.129047639922998,9.6774285839538,3.125002980235081,3.125002980235081,12.903238111938398,3.2258095279845995,1.5821699999999999,0.104962,9.377904427337562,0.5928441137673016,0.541168488356435
sim,kp25_kd0.4,swing,event_leg,6,knee_pitch,1,1,22.580666695892198,9.6774285839538,3.125002980235081,3.125002980235081,22.580666695892198,9.6774285839538,0.787768,0.4936670000000001,4.171262042541605,1.7970113911829655,0.3155239634369611
sim,kp25_kd0.4,swing,opposite_leg,1,ankle_pitch,1,1,12.500011920940324,6.250005960470162,3.030305920227957,3.030305920227957,9.375008940705243,3.125002980235081,0.4820633,0.15882500000000002,3.100836082187732,0.5420223919128342,0.20401148488102258
sim,kp25_kd0.4,swing,opposite_leg,1,ankle_roll,1,1,21.875020861645567,6.250005960470162,3.030305920227957,3.030305920227957,18.750017881410486,3.125002980235081,0.2304738,0.0531647,1.2660612074100566,0.2274527169158143,0.08216258251582455
sim,kp25_kd0.4,swing,opposite_leg,1,hip_pitch,1,1,34.37503278258589,3.125002980235081,3.030305920227957,3.030305920227957,31.25002980235081,3.125002980235081,0.9569521000000001,0.18478100000000003,5.090855480018121,0.81434765162244,0.24439173614731494
sim,kp25_kd0.4,swing,opposite_leg,1,hip_roll,1,1,25.000023841880648,12.500011920940324,3.030305920227957,3.030305920227957,21.875020861645567,9.375008940705243,0.723951,0.12538186,5.7818967640464445,0.4586240311279594,0.3363826715452462
sim,kp25_kd0.4,swing,opposite_leg,1,knee_pitch,1,1,12.500011920940324,3.125002980235081,3.030305920227957,3.030305920227957,12.500011920940324,0.0,1.074023,0.419691,4.846385871873731,1.5092233143075124,0.35770132747371025
sim,kp25_kd0.4,swing,opposite_leg,2,ankle_pitch,1,1,15.151529601139787,6.060611840455914,2.9411792755153705,2.9411792755153705,15.151529601139787,0.0,0.5874729999999999,0.130429,3.7759217828178064,0.42627616410438685,0.18293032359850278
sim,kp25_kd0.4,swing,opposite_leg,2,ankle_roll,1,1,15.151529601139787,12.121223680911829,2.9411792755153705,2.9411792755153705,15.151529601139787,3.030305920227957,0.2227829,0.0323564,1.4876639338984,0.1780369273650026,0.09844039358551537
sim,kp25_kd0.4,swing,opposite_leg,2,hip_pitch,1,1,27.272753282051614,3.030305920227957,2.9411792755153705,2.9411792755153705,27.272753282051614,3.030305920227957,1.01017332,0.232396,5.74748620850271,0.9618978870342795,0.2850795727317732
sim,kp25_kd0.4,swing,opposite_leg,2,hip_roll,1,1,18.181835521367745,6.060611840455914,2.9411792755153705,2.9411792755153705,15.151529601139787,3.030305920227957,0.859998,0.10082922,6.129286451403674,0.34852684753261826,0.38273700659107296
sim,kp25_kd0.4,swing,opposite_leg,2,knee_pitch,1,1,27.272753282051614,3.030305920227957,2.9411792755153705,2.9411792755153705,24.242447361823658,0.0,1.0654489999999999,0.418871,4.720334804692371,1.4408377377263082,0.3436481842993431
sim,kp25_kd0.4,swing,opposite_leg,3,ankle_pitch,1,1,3.030305920227957,6.060611840455914,2.9411792755153705,2.9411792755153705,3.030305920227957,6.060611840455914,0.741304,0.218291,3.5670791594075357,0.8219462384144717,0.2902572008657433
sim,kp25_kd0.4,swing,opposite_leg,3,ankle_roll,1,1,27.272753282051614,18.181835521367745,5.882358551030741,2.9411792755153705,21.2121414415957,9.090917760683872,0.59046119,0.0651298,3.0486792407804253,0.4089783597291273,0.3982604671120941
sim,kp25_kd0.4,swing,opposite_leg,3,hip_pitch,1,1,48.484894723647315,12.121223680911829,2.9411792755153705,2.9411792755153705,48.484894723647315,6.060611840455914,0.697311,0.07528099999999999,3.8636006543136814,0.3389700202366992,0.18651159130955783
sim,kp25_kd0.4,swing,opposite_leg,3,hip_roll,1,1,21.2121414415957,12.121223680911829,5.882358551030741,2.9411792755153705,18.181835521367745,9.090917760683872,1.7,0.1430505,8.449153512286152,0.5021562364692631,0.708063742111494
sim,kp25_kd0.4,swing,opposite_leg,3,knee_pitch,1,1,24.242447361823658,6.060611840455914,2.9411792755153705,2.9411792755153705,24.242447361823658,3.030305920227957,0.6958120000000001,0.163775,2.5612933517305954,0.6028884537471126,0.16251940543706667
sim,kp25_kd0.4,swing,opposite_leg,4,ankle_pitch,1,1,18.750017881410486,9.375008940705243,3.030305920227957,3.030305920227957,12.500011920940324,9.375008940705243,0.76,0.14140700000000003,4.613682524950529,0.6751756438976706,0.28867736575901903
sim,kp25_kd0.4,swing,opposite_leg,4,ankle_roll,1,1,21.875020861645567,9.375008940705243,3.030305920227957,3.030305920227957,21.875020861645567,6.250005960470162,0.35832630000000004,0.035913,1.9465972314197837,0.19135136998688698,0.21539951228300477
sim,kp25_kd0.4,swing,opposite_leg,4,hip_pitch,1,1,28.12502682211573,3.125002980235081,3.030305920227957,3.030305920227957,28.12502682211573,3.125002980235081,1.0188198,0.200851,5.347196349483822,1.2282417963426555,0.34856149532162073
sim,kp25_kd0.4,swing,opposite_leg,4,hip_roll,1,1,21.875020861645567,9.375008940705243,3.030305920227957,3.030305920227957,18.750017881410486,6.250005960470162,0.909078,0.0939575,5.51698026140238,0.5854861833631355,0.44754688192169356
sim,kp25_kd0.4,swing,opposite_leg,4,knee_pitch,1,1,9.375008940705243,3.125002980235081,3.030305920227957,3.030305920227957,9.375008940705243,0.0,1.058605,0.385521,4.6487888084304885,1.359120046157881,0.31697984038564514
sim,kp25_kd0.4,swing,opposite_leg,5,ankle_pitch,1,1,24.242447361823658,12.121223680911829,2.9411792755153705,2.9411792755153705,21.2121414415957,9.090917760683872,0.716426,0.16932599999999998,4.354086576622962,1.16463141370937,0.4652616696183923
sim,kp25_kd0.4,swing,opposite_leg,5,ankle_roll,1,1,30.303059202279574,9.090917760683872,2.9411792755153705,2.9411792755153705,27.272753282051614,9.090917760683872,0.45953443,0.1183652,1.6684524396450884,0.6981142112281387,0.28017167114317454
sim,kp25_kd0.4,swing,opposite_leg,5,hip_pitch,1,1,24.242447361823658,3.030305920227957,2.9411792755153705,2.9411792755153705,24.242447361823658,3.030305920227957,0.7268125,0.23841400000000001,3.9972068423365346,1.034097955889631,0.23532350273708008
sim,kp25_kd0.4,swing,opposite_leg,5,hip_roll,1,1,30.303059202279574,3.030305920227957,2.9411792755153705,2.9411792755153705,27.272753282051614,3.030305920227957,0.9714149999999999,0.130081,5.40454576023709,0.7826995343192311,0.38019846110764083
sim,kp25_kd0.4,swing,opposite_leg,5,knee_pitch,1,1,15.151529601139787,3.030305920227957,2.9411792755153705,2.9411792755153705,15.151529601139787,0.0,1.0214379999999998,0.540299,4.49751338007209,1.6523258182049378,0.24949837710688744
sim,kp25_kd0.4,swing,opposite_leg,6,ankle_pitch,1,1,25.806476223876796,9.6774285839538,3.125002980235081,3.125002980235081,16.129047639922998,9.6774285839538,0.76,0.148719,3.3597219137579173,0.9594622053370434,0.5714807234893406
sim,kp25_kd0.4,swing,opposite_leg,6,ankle_roll,1,1,32.258095279845996,9.6774285839538,3.125002980235081,6.250005960470162,32.258095279845996,9.6774285839538,0.41498379999999996,0.07478467999999999,1.873555496439176,0.5603957763705427,0.2726067039257517
sim,kp25_kd0.4,swing,opposite_leg,6,hip_pitch,1,1,32.258095279845996,3.2258095279845995,3.125002980235081,3.125002980235081,29.032285751861398,3.2258095279845995,0.9678739000000001,0.280332,4.78014978451253,1.557591808015948,0.39705968878005443
sim,kp25_kd0.4,swing,opposite_leg,6,hip_roll,1,1,16.129047639922998,9.6774285839538,3.125002980235081,3.125002980235081,12.903238111938398,9.6774285839538,1.042066,0.13017610000000002,5.399192245845168,0.7820242619254856,0.4113555452052613
sim,kp25_kd0.4,swing,opposite_leg,6,knee_pitch,1,1,16.129047639922998,3.2258095279845995,3.125002980235081,3.125002980235081,16.129047639922998,0.0,0.9413109999999999,0.3725710000000001,4.24861050340362,1.3613593628095895,0.27428739630056603
sim,kp25_kd0.4,touchdown,landing_leg,1,ankle_pitch,1,1,0.0,13.333346049003012,25.000023841880648,6.250005960470162,0.0,0.0,0.0,0.013096999999999998,0.0,0.11574677705139508,0.3015090267289895
sim,kp25_kd0.4,touchdown,landing_leg,1,ankle_roll,1,1,26.666692098006024,6.666673024501506,6.250005960470162,6.250005960470162,26.666692098006024,0.0,0.086868,0.0572489,0.7579807228667473,0.586906559717712,0.38375346284371703
sim,kp25_kd0.4,touchdown,landing_leg,1,hip_pitch,1,1,13.333346049003012,6.666673024501506,6.250005960470162,6.250005960470162,13.333346049003012,0.0,0.300094,0.012722000000000011,2.7602359656994815,0.14882014192594736,0.13468393425999256
sim,kp25_kd0.4,touchdown,landing_leg,1,hip_roll,1,1,33.33336512250753,0.0,6.250005960470162,6.250005960470162,33.33336512250753,0.0,0.20024799999999998,0.0879074,3.7651769240858615,0.5860498922340637,0.49959668671700597
sim,kp25_kd0.4,touchdown,landing_leg,1,knee_pitch,1,1,40.000038147009036,6.666673024501506,6.250005960470162,6.250005960470162,40.000038147009036,0.0,0.05180299999999999,0.02734000000000003,0.7655207300574587,0.23618022523901513,0.19026679033645755
sim,kp25_kd0.4,touchdown,landing_leg,2,ankle_pitch,1,1,0.0,0.0,18.750017881410486,6.250005960470162,0.0,0.0,0.0045540000000000025,0.07402799999999998,0.030360028953579875,0.49352047065779736,0.2105677830184677
sim,kp25_kd0.4,touchdown,landing_leg,2,ankle_roll,1,1,26.666692098006024,13.333346049003012,6.250005960470162,12.500011920940324,20.000019073504518,6.666673024501506,0.052613999999999994,0.02333313,0.6115472498835728,0.2176233408751242,0.4252480404205893
sim,kp25_kd0.4,touchdown,landing_leg,2,hip_pitch,1,1,46.66671117151054,0.0,6.250005960470162,6.250005960470162,46.66671117151054,0.0,0.194758,0.066417,1.6590615822044192,0.44278042226831654,0.09067524876792454
sim,kp25_kd0.4,touchdown,landing_leg,2,hip_roll,1,1,26.666692098006024,0.0,6.250005960470162,6.250005960470162,26.666692098006024,0.0,0.19136799999999998,0.08548059999999999,2.5846891316183074,0.5698712101382034,0.6069666908638444
sim,kp25_kd0.4,touchdown,landing_leg,2,knee_pitch,1,1,20.000019073504518,6.666673024501506,6.250005960470162,6.250005960470162,20.000019073504518,0.0,0.12441399999999997,0.026830999999999994,1.0362009881982694,0.29148027797725473,0.16816927415999627
sim,kp25_kd0.4,touchdown,landing_leg,3,ankle_pitch,1,1,42.85718372893825,14.285727909646084,6.666673024501506,6.666673024501506,42.85718372893825,14.285727909646084,0.13838599999999995,0.081283,3.0291243173694897,1.1805796973171072,0.13604435249138425
sim,kp25_kd0.4,touchdown,landing_leg,3,ankle_roll,1,1,35.71431977411521,21.428591864469126,6.666673024501506,6.666673024501506,35.71431977411521,14.285727909646084,0.35246500000000003,0.0657818,5.282367894801449,0.6073901506809584,0.10997228265240354
sim,kp25_kd0.4,touchdown,landing_leg,3,hip_pitch,1,1,21.428591864469126,14.285727909646084,13.333346049003012,13.333346049003012,21.428591864469126,7.142863954823042,0.5269957,0.06746900000000006,8.562953880554902,0.5512648114413787,0.25909640295512787
sim,kp25_kd0.4,touchdown,landing_leg,3,hip_roll,1,1,35.71431977411521,14.285727909646084,13.333346049003012,6.666673024501506,35.71431977411521,14.285727909646084,1.696374,0.057920099999999995,22.41736423600737,0.6137834424923618,0.8404014374511338
sim,kp25_kd0.4,touchdown,landing_leg,3,knee_pitch,1,1,42.85718372893825,14.285727909646084,13.333346049003012,13.333346049003012,42.85718372893825,7.142863954823042,0.07291800000000004,0.06588899999999998,1.6699801640457639,0.8920151364062116,0.25533650440650535
sim,kp25_kd0.4,touchdown,landing_leg,4,ankle_pitch,1,1,7.142863954823042,0.0,6.666673024501506,6.666673024501506,7.142863954823042,0.0,0.38111300000000004,0.10487800000000003,2.9859385618986316,0.7491292858539312,0.2888114540054578
sim,kp25_kd0.4,touchdown,landing_leg,4,ankle_roll,1,1,35.71431977411521,7.142863954823042,6.666673024501506,6.666673024501506,35.71431977411521,0.0,0.07859700000000003,0.0544394,0.9770723603802441,0.4634282991025234,0.44048737496607876
sim,kp25_kd0.4,touchdown,landing_leg,4,hip_pitch,1,1,42.85718372893825,0.0,6.666673024501506,6.666673024501506,42.85718372893825,0.0,0.1713765,0.13232699999999997,2.7405311850027756,0.9451937585498685,0.20633842862786533
sim,kp25_kd0.4,touchdown,landing_leg,4,hip_roll,1,1,50.000047683761295,0.0,6.666673024501506,6.666673024501506,50.000047683761295,0.0,0.19665699999999997,0.11575909999999999,4.217754022363683,0.826851502832756,0.6449282570533166
sim,kp25_kd0.4,touchdown,landing_leg,4,knee_pitch,1,1,7.142863954823042,7.142863954823042,6.666673024501506,6.666673024501506,7.142863954823042,0.0,0.20486899999999997,0.028199000000000085,1.6051515307917885,0.2471930928845622,0.160609058534069
sim,kp25_kd0.4,touchdown,landing_leg,5,ankle_pitch,1,1,7.142863954823042,0.0,6.666673024501506,6.666673024501506,7.142863954823042,0.0,0.08615699999999998,0.07653399999999999,0.7223721174791639,0.5466719499184266,0.6289455397517341
sim,kp25_kd0.4,touchdown,landing_leg,5,ankle_roll,1,1,42.85718372893825,7.142863954823042,6.666673024501506,6.666673024501506,42.85718372893825,7.142863954823042,0.09880099999999997,0.0323059,1.6123729662501136,0.2838531278462948,0.3618807042343095
sim,kp25_kd0.4,touchdown,landing_leg,5,hip_pitch,1,1,28.57145581929217,0.0,6.666673024501506,6.666673024501506,28.57145581929217,0.0,0.31687689999999996,0.14432300000000003,3.251593100960828,1.0308795545519263,0.36162183413901067
sim,kp25_kd0.4,touchdown,landing_leg,5,hip_roll,1,1,28.57145581929217,0.0,6.666673024501506,6.666673024501506,28.57145581929217,0.0,0.673227,0.1395958,6.1434987160397965,0.9971138080646865,0.7081319629707311
sim,kp25_kd0.4,touchdown,landing_leg,5,knee_pitch,1,1,28.57145581929217,0.0,6.666673024501506,6.666673024501506,28.57145581929217,0.0,0.07784600000000003,0.07505499999999998,0.7171292553363241,0.5361076541292433,0.14190976082731827
sim,kp25_kd0.4,touchdown,landing_leg,6,ankle_pitch,1,1,20.000019073504518,0.0,6.250005960470162,6.250005960470162,20.000019073504518,0.0,0.32023650000000004,0.095723,2.867741068224337,0.6381539419243577,0.3976567723498599
sim,kp25_kd0.4,touchdown,landing_leg,6,ankle_roll,1,1,20.000019073504518,6.666673024501506,6.250005960470162,6.250005960470162,20.000019073504518,6.666673024501506,0.12059499999999995,0.0721441,1.0509476689284665,0.5661058732139651,0.44368804825475183
sim,kp25_kd0.4,touchdown,landing_leg,6,hip_pitch,1,1,40.000038147009036,0.0,6.250005960470162,6.250005960470162,40.000038147009036,0.0,0.34553646,0.16475100000000004,4.710042625180013,1.0983410474596478,0.2727406052630283
sim,kp25_kd0.4,touchdown,landing_leg,6,hip_roll,1,1,40.000038147009036,0.0,6.250005960470162,6.250005960470162,40.000038147009036,0.0,0.203268,0.1321183,3.2493164321229604,0.8807895066529975,0.6908499890527157
sim,kp25_kd0.4,touchdown,landing_leg,6,knee_pitch,1,1,6.666673024501506,6.666673024501506,6.250005960470162,6.250005960470162,6.666673024501506,0.0,0.24179700000000004,0.068361,1.735821655408531,0.47942712388400077,0.18577205015068202
sim,kp25_kd0.4,touchdown,stance_leg,1,ankle_pitch,1,1,6.666673024501506,6.666673024501506,6.250005960470162,6.250005960470162,6.666673024501506,6.666673024501506,0.07566600000000001,0.049738000000000004,0.5765405498319147,0.340200324440312,0.025247927273837744
sim,kp25_kd0.4,touchdown,stance_leg,1,ankle_roll,1,1,33.33336512250753,6.666673024501506,6.250005960470162,6.250005960470162,33.33336512250753,0.0,0.03309388,0.014470499999999999,0.33297285088098927,0.16478282381581352,0.01242629717984027
sim,kp25_kd0.4,touchdown,stance_leg,1,hip_pitch,1,1,0.0,6.666673024501506,6.250005960470162,6.250005960470162,0.0,6.666673024501506,0.5091060000000001,0.083403,3.3940432368118643,0.7784474090519671,0.19160960945027647
sim,kp25_kd0.4,touchdown,stance_leg,1,hip_roll,1,1,40.000038147009036,0.0,18.750017881410486,6.250005960470162,40.000038147009036,0.0,0.23598950000000002,0.07255049999999999,2.91287944460498,0.48367046126409646,0.06848249770086333
sim,kp25_kd0.4,touchdown,stance_leg,1,knee_pitch,1,1,13.333346049003012,6.666673024501506,6.250005960470162,6.250005960470162,13.333346049003012,6.666673024501506,0.398111,0.099132,2.7419292815741994,0.8947075199262486,0.1293286973193208
sim,kp25_kd0.4,touchdown,stance_leg,2,ankle_pitch,1,1,13.333346049003012,0.0,6.250005960470162,6.250005960470162,13.333346049003012,0.0,0.10628500000000002,0.06668299999999999,0.7160606828886825,0.44455375729283386,0.03457809312086194
sim,kp25_kd0.4,touchdown,stance_leg,2,ankle_roll,1,1,20.000019073504518,6.666673024501506,6.250005960470162,6.250005960470162,6.666673024501506,0.0,0.03986099,0.0184975,0.329789847845441,0.19862418942278806,0.013824489450748434
sim,kp25_kd0.4,touchdown,stance_leg,2,hip_pitch,1,1,13.333346049003012,6.666673024501506,6.250005960470162,6.250005960470162,13.333346049003012,6.666673024501506,0.419663,0.12032699999999996,2.869889403606481,0.8747675009099649,0.19035654669182644
sim,kp25_kd0.4,touchdown,stance_leg,2,hip_roll,1,1,33.33336512250753,0.0,6.250005960470162,6.250005960470162,33.33336512250753,0.0,0.11094490000000001,0.022368,1.8074463903818674,0.1508754772194009,0.05041193405845857
sim,kp25_kd0.4,touchdown,stance_leg,2,knee_pitch,1,1,13.333346049003012,6.666673024501506,6.250005960470162,6.250005960470162,13.333346049003012,6.666673024501506,0.34182599999999996,0.092422,2.368722258989581,0.8283474566403614,0.11927827805729131
sim,kp25_kd0.4,touchdown,stance_leg,3,ankle_pitch,1,1,21.428591864469126,42.85718372893825,6.666673024501506,13.333346049003012,21.428591864469126,42.85718372893825,0.70286,0.024791000000000007,6.0023985814762195,0.6108434396885564,0.2635475806961619
sim,kp25_kd0.4,touchdown,stance_leg,3,ankle_roll,1,1,21.428591864469126,21.428591864469126,6.666673024501506,13.333346049003012,21.428591864469126,21.428591864469126,0.1321889,0.1121209,1.318431257354028,1.2952198066464349,0.03628382383120701
sim,kp25_kd0.4,touchdown,stance_leg,3,hip_pitch,1,1,35.71431977411521,0.0,6.666673024501506,6.666673024501506,35.71431977411521,0.0,0.19536700000000007,0.18112,5.235912136212072,1.2937155194975494,0.2874996161545263
sim,kp25_kd0.4,touchdown,stance_leg,3,hip_roll,1,1,14.285727909646084,14.285727909646084,6.666673024501506,6.666673024501506,14.285727909646084,7.142863954823042,0.38905,0.0689074,5.142476332819029,0.6405663251773664,0.17776827424469005
sim,kp25_kd0.4,touchdown,stance_leg,3,knee_pitch,1,1,21.428591864469126,0.0,6.666673024501506,6.666673024501506,21.428591864469126,0.0,0.786091,0.354,8.458958067091054,2.5285738400073567,0.3699061941940596
sim,kp25_kd0.4,touchdown,stance_leg,4,ankle_pitch,1,1,0.0,0.0,6.666673024501506,6.666673024501506,0.0,0.0,0.09543200000000002,0.045701999999999965,0.6816577929366727,0.32644316846332244,0.024127023959314455
sim,kp25_kd0.4,touchdown,stance_leg,4,ankle_roll,1,1,28.57145581929217,14.285727909646084,6.666673024501506,6.666673024501506,21.428591864469126,7.142863954823042,0.016588620000000002,0.02401093,0.22502550031532592,0.18069438660930992,0.01128461208724315
sim,kp25_kd0.4,touchdown,stance_leg,4,hip_pitch,1,1,21.428591864469126,0.0,13.333346049003012,6.666673024501506,21.428591864469126,0.0,0.154721,0.24454499999999996,2.277445029083687,1.7467516658322004,0.3385569454759421
sim,kp25_kd0.4,touchdown,stance_leg,4,hip_roll,1,1,42.85718372893825,0.0,26.666692098006024,6.666673024501506,42.85718372893825,0.0,0.16557870000000002,0.04459949999999999,2.4640302070251807,0.31856816095313023,0.08375185166557612
sim,kp25_kd0.4,touchdown,stance_leg,4,knee_pitch,1,1,0.0,7.142863954823042,6.666673024501506,6.666673024501506,0.0,0.0,0.38039199999999995,0.06758399999999998,2.7170883055030464,0.8440222334937553,0.11799305839017253
sim,kp25_kd0.4,touchdown,stance_leg,5,ankle_pitch,1,1,21.428591864469126,7.142863954823042,6.666673024501506,6.666673024501506,21.428591864469126,0.0,0.04568700000000003,0.02238399999999996,0.6219291645464425,0.19657161603672965,0.01891066931302715
sim,kp25_kd0.4,touchdown,stance_leg,5,ankle_roll,1,1,14.285727909646084,7.142863954823042,6.666673024501506,6.666673024501506,7.142863954823042,0.0,0.01761136,0.01319378,0.18031381481779696,0.11073231988828376,0.007006504471234807
sim,kp25_kd0.4,touchdown,stance_leg,5,hip_pitch,1,1,21.428591864469126,0.0,6.666673024501506,6.666673024501506,21.428591864469126,0.0,0.18636699999999995,0.11807099999999998,1.5600729163728997,0.8433650900099113,0.21106810148006733
sim,kp25_kd0.4,touchdown,stance_leg,5,hip_roll,1,1,7.142863954823042,0.0,6.666673024501506,6.666673024501506,7.142863954823042,0.0,0.24053010000000002,0.1091569,1.8727882146014492,0.7796928864302233,0.12172073723846673
sim,kp25_kd0.4,touchdown,stance_leg,5,knee_pitch,1,1,0.0,7.142863954823042,6.666673024501506,6.666673024501506,0.0,7.142863954823042,0.595177,0.15590700000000013,4.251268340039713,1.3494084297533055,0.243194122275464
sim,kp25_kd0.4,touchdown,stance_leg,6,ankle_pitch,1,1,40.000038147009036,20.000019073504518,6.250005960470162,6.250005960470162,33.33336512250753,13.333346049003012,0.090779,0.03001799999999999,0.7839407476241562,0.23378688962321836,0.019360558680923956
sim,kp25_kd0.4,touchdown,stance_leg,6,ankle_roll,1,1,13.333346049003012,0.0,6.250005960470162,6.250005960470162,6.666673024501506,0.0,0.02476416,0.03909862,0.25550544366897926,0.260657715249235,0.017133267019196707
sim,kp25_kd0.4,touchdown,stance_leg,6,hip_pitch,1,1,33.33336512250753,0.0,6.250005960470162,6.250005960470162,26.666692098006024,0.0,0.09994899999999995,0.32166,1.6363548938829677,2.1444020450611543,0.39620194981639417
sim,kp25_kd0.4,touchdown,stance_leg,6,hip_roll,1,1,40.000038147009036,0.0,6.250005960470162,6.250005960470162,40.000038147009036,0.0,0.14571040000000002,0.0899836,2.0013005752556245,0.5998912387675337,0.08745958647246885
sim,kp25_kd0.4,touchdown,stance_leg,6,knee_pitch,1,1,0.0,6.666673024501506,6.250005960470162,6.250005960470162,0.0,0.0,0.40538799999999997,0.08671099999999998,2.7025892440566164,0.9287875524275004,0.12656445630167065
sim,kp35_kd0.5,swing,event_leg,1,ankle_pitch,1,1,3.030522680308088,12.122090721232352,2.9413896602990266,2.9413896602990266,3.030522680308088,9.091568040924264,0.15720699999999999,0.26494779999999996,0.6856345427609427,1.4143043258958685,0.18704909475403064
sim,kp35_kd0.5,swing,event_leg,1,ankle_roll,1,1,15.15261340154044,21.213658762156616,2.9413896602990266,2.9413896602990266,9.091568040924264,12.122090721232352,0.6723353,0.1595375,2.892515404917269,0.7355961033312236,0.29576547796954317
sim,kp35_kd0.5,swing,event_leg,1,hip_pitch,1,1,18.183136081848527,9.091568040924264,2.9413896602990266,2.9413896602990266,18.183136081848527,3.030522680308088,0.523633,0.19315699999999997,4.155946674435341,0.6659088706348175,0.12941168543530326
sim,kp35_kd0.5,swing,event_leg,1,hip_roll,1,1,33.335749483388966,9.091568040924264,2.9413896602990266,2.9413896602990266,27.274704122772793,6.061045360616176,1.7,0.0695866,8.975395984497332,0.38747141697027504,0.6484343319031451
sim,kp35_kd0.5,swing,event_leg,1,knee_pitch,1,1,27.274704122772793,6.061045360616176,2.9413896602990266,2.9413896602990266,27.274704122772793,6.061045360616176,0.7425655,0.45147299999999996,3.352455104637216,1.5623344489472692,0.2880469171835329
sim,kp35_kd0.5,swing,event_leg,2,ankle_pitch,1,1,12.904161090344116,9.678120817758087,3.1252265140677156,3.1252265140677156,9.678120817758087,9.678120817758087,0.20154999999999998,0.127028,0.9546724197455657,1.0547861275247281,0.13935319498187418
sim,kp35_kd0.5,swing,event_leg,2,ankle_roll,1,1,29.034362453274262,9.678120817758087,3.1252265140677156,3.1252265140677156,29.034362453274262,9.678120817758087,0.2616655,0.1418305,1.8146184899255768,0.8178208234254156,0.04995290861083426
sim,kp35_kd0.5,swing,event_leg,2,hip_pitch,1,1,25.808322180688233,9.678120817758087,6.250453028135431,3.1252265140677156,22.582281908102203,6.452080545172058,0.5027010000000001,0.17639099999999996,4.259440979143784,0.6987474188810433,0.17931288583654897
sim,kp35_kd0.5,swing,event_leg,2,hip_roll,1,1,32.260402725860295,12.904161090344116,3.1252265140677156,3.1252265140677156,32.260402725860295,9.678120817758087,1.3422,0.06565270000000001,7.861891759486823,0.38304744040980204,0.5524378545457571
sim,kp35_kd0.5,swing,event_leg,2,knee_pitch,1,1,22.582281908102203,6.452080545172058,3.1252265140677156,3.1252265140677156,22.582281908102203,6.452080545172058,0.5201960000000001,0.327588,2.5153306963742375,1.2824735978833046,0.26217909949331386
sim,kp35_kd0.5,swing,event_leg,3,ankle_pitch,1,1,9.678120817758087,12.904161090344116,6.250453028135431,3.1252265140677156,3.226040272586029,9.678120817758087,0.19740599999999997,0.189763,1.6009482935929975,0.9871328369683267,0.10209163083521464
sim,kp35_kd0.5,swing,event_leg,3,ankle_roll,1,1,22.582281908102203,12.904161090344116,3.1252265140677156,3.1252265140677156,16.130201362930148,12.904161090344116,0.5113723,0.03661066,2.09260773515123,0.21292943296518835,0.21497112569812626
sim,kp35_kd0.5,swing,event_leg,3,hip_pitch,1,1,22.582281908102203,3.226040272586029,3.1252265140677156,3.1252265140677156,22.582281908102203,3.226040272586029,0.622354,0.18201700000000004,3.204077390410264,0.6915565751134494,0.15263683446787998
sim,kp35_kd0.5,swing,event_leg,3,hip_roll,1,1,9.678120817758087,9.678120817758087,3.1252265140677156,3.1252265140677156,6.452080545172058,9.678120817758087,1.7,0.09230831,8.671129122079778,0.4763439121453381,0.5839134339713699
sim,kp35_kd0.5,swing,event_leg,3,knee_pitch,1,1,9.678120817758087,6.452080545172058,3.1252265140677156,3.1252265140677156,9.678120817758087,3.226040272586029,0.7791089999999999,0.413805,3.362217884572431,1.5524447780946666,0.2670909893256767
sim,kp35_kd0.5,swing,event_leg,4,ankle_pitch,1,1,18.751359084406296,9.375679542203148,3.030522680308088,3.030522680308088,15.626132570338578,9.375679542203148,0.672493,0.2701958,3.949283116070578,1.4855189192942297,0.3613769631443577
sim,kp35_kd0.5,swing,event_leg,4,ankle_roll,1,1,31.252265140677157,18.751359084406296,3.030522680308088,3.030522680308088,31.252265140677157,3.1252265140677156,0.3847519,0.032014780400000005,2.769118109848355,0.18376338403189318,0.12170892924277409
sim,kp35_kd0.5,swing,event_leg,4,hip_pitch,1,1,21.876585598474012,3.1252265140677156,3.030522680308088,3.030522680308088,21.876585598474012,3.1252265140677156,0.754364,0.21241499999999996,7.570317440915592,1.033681170433953,0.23202950520399795
sim,kp35_kd0.5,swing,event_leg,4,hip_roll,1,1,34.37749165474487,9.375679542203148,3.030522680308088,3.030522680308088,31.252265140677157,9.375679542203148,1.67212,0.09845000000000001,10.113040485569863,0.49808453829279925,0.7483213052656685
sim,kp35_kd0.5,swing,event_leg,4,knee_pitch,1,1,15.626132570338578,12.500906056270862,3.030522680308088,3.030522680308088,15.626132570338578,9.375679542203148,0.5540959999999999,0.3537030000000001,3.496959707010015,1.1917019986647597,0.23478440229089095
sim,kp35_kd0.5,swing,event_leg,5,ankle_pitch,1,1,22.582281908102203,6.452080545172058,6.250453028135431,3.1252265140677156,22.582281908102203,6.452080545172058,0.4044794,0.18724,3.744270736766195,0.9794258267571188,0.09506598425339896
sim,kp35_kd0.5,swing,event_leg,5,ankle_roll,1,1,38.71248327103235,12.904161090344116,3.1252265140677156,3.1252265140677156,38.71248327103235,3.226040272586029,0.47298720000000005,0.03156984,2.3496941105138833,0.23674721667959694,0.1737793529889419
sim,kp35_kd0.5,swing,event_leg,5,hip_pitch,1,1,16.130201362930148,3.226040272586029,3.1252265140677156,3.1252265140677156,16.130201362930148,0.0,0.69465,0.139231,4.478921403048902,0.6484534510314275,0.1667537438649242
sim,kp35_kd0.5,swing,event_leg,5,hip_roll,1,1,12.904161090344116,9.678120817758087,3.1252265140677156,3.1252265140677156,9.678120817758087,3.226040272586029,1.64194,0.1211964,9.405018120254127,0.6053932332850308,0.5412593962091461
sim,kp35_kd0.5,swing,event_leg,5,knee_pitch,1,1,12.904161090344116,9.678120817758087,3.1252265140677156,3.1252265140677156,12.904161090344116,9.678120817758087,0.7598309999999999,0.49189800000000006,3.4839428361376483,1.7654408610518868,0.29414258263595566
sim,kp35_kd0.5,swing,event_leg,6,ankle_pitch,1,1,18.751359084406296,3.1252265140677156,3.030522680308088,3.030522680308088,18.751359084406296,3.1252265140677156,0.685226,0.328542,3.5560421142584637,1.6392594372913687,0.26328287644750775
sim,kp35_kd0.5,swing,event_leg,6,ankle_roll,1,1,31.252265140677157,21.876585598474012,3.030522680308088,3.030522680308088,31.252265140677157,12.500906056270862,0.3892379,0.021170033,2.823360197524082,0.22375942416480687,0.10332055789069568
sim,kp35_kd0.5,swing,event_leg,6,hip_pitch,1,1,18.751359084406296,3.1252265140677156,6.061045360616176,3.030522680308088,18.751359084406296,0.0,0.710966,0.20295499999999994,6.800271003528853,1.0027007999999995,0.22304943707746888
sim,kp35_kd0.5,swing,event_leg,6,hip_roll,1,1,31.252265140677157,9.375679542203148,3.030522680308088,3.030522680308088,28.12703862660944,3.1252265140677156,1.7,0.0929855,10.753351269814019,0.5531341532474963,0.6767776997702551
sim,kp35_kd0.5,swing,event_leg,6,knee_pitch,1,1,21.876585598474012,12.500906056270862,3.030522680308088,3.030522680308088,21.876585598474012,12.500906056270862,0.563982,0.3769039999999999,3.016309244825942,1.3136514624701952,0.25515744518742883
sim,kp35_kd0.5,swing,opposite_leg,1,ankle_pitch,1,1,12.122090721232352,3.030522680308088,2.9413896602990266,2.9413896602990266,12.122090721232352,0.0,0.549951,0.149515,3.619668411450702,0.504357767592954,0.18022572682899055
sim,kp35_kd0.5,swing,opposite_leg,1,ankle_roll,1,1,27.274704122772793,6.061045360616176,2.9413896602990266,2.9413896602990266,24.244181442464704,6.061045360616176,0.23204039999999998,0.0540745,1.2290919321438707,0.24112732521206343,0.08032372430513161
sim,kp35_kd0.5,swing,opposite_leg,1,hip_pitch,1,1,36.366272163697055,3.030522680308088,2.9413896602990266,2.9413896602990266,36.366272163697055,3.030522680308088,0.9885162999999999,0.24637799999999999,5.624182181949972,1.0225953290617187,0.26490370626418974
sim,kp35_kd0.5,swing,opposite_leg,1,hip_roll,1,1,18.183136081848527,12.122090721232352,2.9413896602990266,2.9413896602990266,15.15261340154044,6.061045360616176,0.7436530000000001,0.1190621,5.689451155020303,0.4422067477822575,0.3201475894178973
sim,kp35_kd0.5,swing,opposite_leg,1,knee_pitch,1,1,15.15261340154044,3.030522680308088,2.9413896602990266,2.9413896602990266,15.15261340154044,0.0,1.0837720000000002,0.416852,4.84163273608185,1.407423221097961,0.3478336111797607
sim,kp35_kd0.5,swing,opposite_leg,2,ankle_pitch,1,1,16.130201362930148,6.452080545172058,3.1252265140677156,3.1252265140677156,12.904161090344116,3.226040272586029,0.4858935,0.17320800000000003,3.210442367868075,0.6482727927761625,0.16880261756529227
sim,kp35_kd0.5,swing,opposite_leg,2,ankle_roll,1,1,19.356241635516174,19.356241635516174,3.1252265140677156,3.1252265140677156,19.356241635516174,12.904161090344116,0.4384439,0.1932858,1.750053487722122,0.8415973854424293,0.1343359532286553
sim,kp35_kd0.5,swing,opposite_leg,2,hip_pitch,1,1,41.93852354361838,3.226040272586029,3.1252265140677156,3.1252265140677156,41.93852354361838,0.0,0.450318,0.19405699999999998,4.1379999191225565,0.6703260040795606,0.21375194224804717
sim,kp35_kd0.5,swing,opposite_leg,2,hip_roll,1,1,22.582281908102203,3.226040272586029,3.1252265140677156,3.1252265140677156,19.356241635516174,0.0,0.7611840000000001,0.09976099999999999,5.37825142452228,0.5650641812334056,0.28189111063350486
sim,kp35_kd0.5,swing,opposite_leg,2,knee_pitch,1,1,16.130201362930148,3.226040272586029,3.1252265140677156,3.1252265140677156,16.130201362930148,0.0,1.006384,0.427547,4.631432456935408,1.3883425615087606,0.28404817812933375
sim,kp35_kd0.5,swing,opposite_leg,3,ankle_pitch,1,1,12.904161090344116,9.678120817758087,3.1252265140677156,3.1252265140677156,9.678120817758087,9.678120817758087,0.7592829999999999,0.14332100000000003,5.033919693423784,0.7261171445536636,0.3069984516706701
sim,kp35_kd0.5,swing,opposite_leg,3,ankle_roll,1,1,12.904161090344116,9.678120817758087,3.1252265140677156,3.1252265140677156,12.904161090344116,3.226040272586029,0.2890002,0.04283619,2.1420633519152092,0.18639154177685485,0.11718044296826105
sim,kp35_kd0.5,swing,opposite_leg,3,hip_pitch,1,1,16.130201362930148,3.226040272586029,3.1252265140677156,3.1252265140677156,16.130201362930148,3.226040272586029,1.1188550000000002,0.204634,5.6835538751949795,1.2622979420185518,0.35045752804525143
sim,kp35_kd0.5,swing,opposite_leg,3,hip_roll,1,1,22.582281908102203,3.226040272586029,3.1252265140677156,3.1252265140677156,19.356241635516174,0.0,0.8608210000000001,0.0985775,5.072467648640914,0.4722310011414153,0.43501761415491025
sim,kp35_kd0.5,swing,opposite_leg,3,knee_pitch,1,1,9.678120817758087,3.226040272586029,3.1252265140677156,3.1252265140677156,9.678120817758087,0.0,1.094101,0.38519600000000004,4.931554209534357,1.385084260833449,0.3452871565727485
sim,kp35_kd0.5,swing,opposite_leg,4,ankle_pitch,1,1,12.500906056270862,12.500906056270862,3.030522680308088,3.030522680308088,9.375679542203148,9.375679542203148,0.714796,0.146102,4.197272965188365,1.245240254077253,0.424541602159108
sim,kp35_kd0.5,swing,opposite_leg,4,ankle_roll,1,1,25.001812112541725,9.375679542203148,3.030522680308088,3.030522680308088,15.626132570338578,6.250453028135431,0.44475814,0.21514011800000002,1.5151160332207918,1.041078954119752,0.1496128525251256
sim,kp35_kd0.5,swing,opposite_leg,4,hip_pitch,1,1,40.627944682880305,3.1252265140677156,3.030522680308088,3.030522680308088,40.627944682880305,0.0,0.641331,0.24464400000000003,3.1290017876967093,1.0497104572246068,0.20264276134033596
sim,kp35_kd0.5,swing,opposite_leg,4,hip_roll,1,1,18.751359084406296,3.1252265140677156,3.030522680308088,3.030522680308088,15.626132570338578,3.1252265140677156,0.8901060000000001,0.1478947,4.926015471397235,0.8345239231664284,0.36122112082168323
sim,kp35_kd0.5,swing,opposite_leg,4,knee_pitch,1,1,15.626132570338578,3.1252265140677156,3.030522680308088,3.030522680308088,15.626132570338578,0.0,1.024022,0.523885,4.673920012207916,1.6726587330472105,0.2616072906065791
sim,kp35_kd0.5,swing,opposite_leg,5,ankle_pitch,1,1,19.356241635516174,12.904161090344116,3.1252265140677156,3.1252265140677156,12.904161090344116,12.904161090344116,0.76,0.143484,2.884450998323257,1.0989764271786118,0.5734889056998447
sim,kp35_kd0.5,swing,opposite_leg,5,ankle_roll,1,1,25.808322180688233,16.130201362930148,3.1252265140677156,3.1252265140677156,25.808322180688233,12.904161090344116,0.3724769,0.0877088,2.1171758480876455,0.6073424068177273,0.1950775194541314
sim,kp35_kd0.5,swing,opposite_leg,5,hip_pitch,1,1,32.260402725860295,3.226040272586029,3.1252265140677156,3.1252265140677156,32.260402725860295,3.226040272586029,0.9570053,0.262617,5.008187247710308,1.5015733490362575,0.3826983524257338
sim,kp35_kd0.5,swing,opposite_leg,5,hip_roll,1,1,16.130201362930148,9.678120817758087,3.1252265140677156,3.1252265140677156,12.904161090344116,6.452080545172058,0.9755400000000001,0.0997662,5.690573738828126,0.6364874224523512,0.4185026561595664
sim,kp35_kd0.5,swing,opposite_leg,5,knee_pitch,1,1,22.582281908102203,3.226040272586029,3.1252265140677156,3.1252265140677156,22.582281908102203,0.0,0.987862,0.387911,4.661553994960542,1.3975851668897195,0.2903668853890927
sim,kp35_kd0.5,swing,opposite_leg,6,ankle_pitch,1,1,21.876585598474012,12.500906056270862,3.030522680308088,3.030522680308088,18.751359084406296,3.1252265140677156,0.7209829999999999,0.15070999999999998,3.894741912965189,1.2001932391034815,0.45631689299387107
sim,kp35_kd0.5,swing,opposite_leg,6,ankle_roll,1,1,15.626132570338578,9.375679542203148,3.030522680308088,3.030522680308088,9.375679542203148,9.375679542203148,0.44082160000000004,0.23351815,1.4532272350672395,1.1615246551835956,0.14978321818711338
sim,kp35_kd0.5,swing,opposite_leg,6,hip_pitch,1,1,40.627944682880305,3.1252265140677156,3.030522680308088,3.030522680308088,40.627944682880305,0.0,0.6904514,0.22738399999999998,3.995620224549356,0.9989817804482592,0.2179818294995556
sim,kp35_kd0.5,swing,opposite_leg,6,hip_roll,1,1,25.001812112541725,3.1252265140677156,3.030522680308088,3.030522680308088,21.876585598474012,3.1252265140677156,0.86073,0.13310539999999998,5.302239552335717,0.7903316576442535,0.342844905919906
sim,kp35_kd0.5,swing,opposite_leg,6,knee_pitch,1,1,15.626132570338578,3.1252265140677156,3.030522680308088,3.030522680308088,15.626132570338578,0.0,0.991468,0.5267250000000001,4.536578807820697,1.693435238912733,0.24765946881860815
sim,kp35_kd0.5,touchdown,landing_leg,1,ankle_pitch,1,1,0.0,0.0,46.67004927674456,6.667149896677794,0.0,0.0,0.0,0.048886999999999986,0.0,0.3492181682130934,0.2514639205109419
sim,kp35_kd0.5,touchdown,landing_leg,1,ankle_roll,1,1,21.43012466789291,7.143374889297636,6.667149896677794,6.667149896677794,14.286749778595272,0.0,0.07136799999999999,0.1198197,0.8130517865249672,1.0148071238858234,0.2515286886256291
sim,kp35_kd0.5,touchdown,landing_leg,1,hip_pitch,1,1,35.71687444648818,0.0,6.667149896677794,6.667149896677794,35.71687444648818,0.0,0.21065,0.04095300000000002,2.3649856980993254,0.2925426318414062,0.10918435464204569
sim,kp35_kd0.5,touchdown,landing_leg,1,hip_roll,1,1,35.71687444648818,0.0,6.667149896677794,6.667149896677794,35.71687444648818,0.0,0.242755,0.0882021,3.1726370932079844,0.630060666323319,0.46368143406374757
sim,kp35_kd0.5,touchdown,landing_leg,1,knee_pitch,1,1,21.43012466789291,7.143374889297636,6.667149896677794,6.667149896677794,21.43012466789291,0.0,0.096831,0.021563999999999972,0.8909931499420938,0.2525540192111177,0.19659278070994024
sim,kp35_kd0.5,touchdown,landing_leg,2,ankle_pitch,1,1,0.0,0.0,7.143374889297636,7.143374889297636,0.0,0.0,0.3075809,0.056860999999999995,2.3661784219096873,0.4374240118557646,0.11692876392622562
sim,kp35_kd0.5,touchdown,landing_leg,2,ankle_roll,1,1,7.6928652653974545,7.6928652653974545,7.143374889297636,7.143374889297636,7.6928652653974545,0.0,0.216535,0.0025794000000000025,1.7928914858882654,0.027878943721800446,0.14424179892817873
sim,kp35_kd0.5,touchdown,landing_leg,2,hip_pitch,1,1,7.6928652653974545,0.0,7.143374889297636,7.143374889297636,7.6928652653974545,0.0,0.21127400000000002,0.09892499999999999,1.7694359396940686,0.761016696379443,0.21829905443123532
sim,kp35_kd0.5,touchdown,landing_leg,2,hip_roll,1,1,38.46432632698727,0.0,7.143374889297636,7.143374889297636,38.46432632698727,0.0,0.12456199999999995,0.0417624,2.117053442441582,0.32127251635963455,0.598910725994913
sim,kp35_kd0.5,touchdown,landing_leg,2,knee_pitch,1,1,15.385730530794909,0.0,7.143374889297636,7.143374889297636,15.385730530794909,0.0,0.059856999999999994,0.038502000000000036,0.61473686335791,0.29619069844833307,0.21310177087502447
sim,kp35_kd0.5,touchdown,landing_leg,3,ankle_pitch,1,1,0.0,0.0,6.667149896677794,6.667149896677794,0.0,0.0,0.399428,0.10647899999999999,2.853263945282376,0.7606194148375229,0.24762871203758904
sim,kp35_kd0.5,touchdown,landing_leg,3,ankle_roll,1,1,28.573499557190544,0.0,6.667149896677794,6.667149896677794,21.43012466789291,0.0,0.03821800000000003,0.21275432,0.4354387031269167,1.5197838670775938,0.31571177486482344
sim,kp35_kd0.5,touchdown,landing_leg,3,hip_pitch,1,1,42.86024933578582,0.0,6.667149896677794,6.667149896677794,42.86024933578582,0.0,0.10183599999999998,0.12984500000000004,1.8700855423938956,0.9275315125008519,0.16815108894542827
sim,kp35_kd0.5,touchdown,landing_leg,3,hip_roll,1,1,35.71687444648818,0.0,6.667149896677794,6.667149896677794,35.71687444648818,0.0,0.249734,0.1131768,2.619761306901015,0.8084643111710607,0.6604524416857803
sim,kp35_kd0.5,touchdown,landing_leg,3,knee_pitch,1,1,14.286749778595272,7.143374889297636,6.667149896677794,6.667149896677794,14.286749778595272,0.0,0.21820500000000004,0.02223799999999998,1.6724855062061454,0.1800987677089721,0.1536481097130713
sim,kp35_kd0.5,touchdown,landing_leg,4,ankle_pitch,1,1,0.0,0.0,7.143374889297636,7.143374889297636,0.0,0.0,0.061929999999999985,0.06707000000000002,0.4764191458860642,0.5159604733502074,0.6242750550572354
sim,kp35_kd0.5,touchdown,landing_leg,4,ankle_roll,1,1,23.078595796192364,7.6928652653974545,7.143374889297636,7.143374889297636,23.078595796192364,7.6928652653974545,0.17710199999999998,0.0171435,1.6822296190455228,0.2623290134096328,0.24893706210533245
sim,kp35_kd0.5,touchdown,landing_leg,4,hip_pitch,1,1,15.385730530794909,0.0,7.143374889297636,7.143374889297636,15.385730530794909,0.0,0.2559553,0.128129,2.427278234993581,0.9856791335901104,0.33472949943603464
sim,kp35_kd0.5,touchdown,landing_leg,4,hip_roll,1,1,23.078595796192364,0.0,7.143374889297636,7.143374889297636,23.078595796192364,0.0,0.387343,0.1052427,4.016498805120869,0.8096179112666447,0.6514303442897869
sim,kp35_kd0.5,touchdown,landing_leg,4,knee_pitch,1,1,30.771461061589818,0.0,21.43012466789291,7.143374889297636,30.771461061589818,0.0,0.04363999999999996,0.06099699999999997,0.7644246356920139,0.4692417025934483,0.10239353450570708
sim,kp35_kd0.5,touchdown,landing_leg,5,ankle_pitch,1,1,23.078595796192364,0.0,7.143374889297636,7.143374889297636,23.078595796192364,0.0,0.290392,0.07612599999999997,3.032710577812993,0.5856270611936464,0.26760672175579514
sim,kp35_kd0.5,touchdown,landing_leg,5,ankle_roll,1,1,23.078595796192364,0.0,7.143374889297636,7.143374889297636,23.078595796192364,0.0,0.05418200000000001,0.18982094,0.6643481514544589,1.4602669159710944,0.34221509054899346
sim,kp35_kd0.5,touchdown,landing_leg,5,hip_pitch,1,1,46.15719159238473,0.0,7.143374889297636,7.143374889297636,46.15719159238473,0.0,0.2674454,0.13609,4.067470191796339,1.0469220339679395,0.20940346214444497
sim,kp35_kd0.5,touchdown,landing_leg,5,hip_roll,1,1,46.15719159238473,0.0,7.143374889297636,7.143374889297636,46.15719159238473,0.0,0.21647299999999992,0.1072023,2.771931676754335,0.8246928500407175,0.6807283210393864
sim,kp35_kd0.5,touchdown,landing_leg,5,knee_pitch,1,1,0.0,0.0,7.143374889297636,7.143374889297636,0.0,0.0,0.179711,0.052822000000000036,1.3830694746047467,0.40635252904882463,0.19227232844142111
sim,kp35_kd0.5,touchdown,landing_leg,6,ankle_pitch,1,1,46.15719159238473,0.0,7.143374889297636,7.143374889297636,46.15719159238473,0.0,0.09799200000000002,0.03744699999999998,1.5197947689666558,0.2880747255933383,0.43399395621384274
sim,kp35_kd0.5,touchdown,landing_leg,6,ankle_roll,1,1,7.6928652653974545,7.6928652653974545,7.143374889297636,7.143374889297636,7.6928652653974545,7.6928652653974545,0.185479,0.012729579999999999,1.4866769839991196,0.17037665646425296,0.24886584505532613
sim,kp35_kd0.5,touchdown,landing_leg,6,hip_pitch,1,1,38.46432632698727,0.0,7.143374889297636,7.143374889297636,38.46432632698727,0.0,0.2739024,0.112394,3.1185244898485016,0.8646318986390814,0.3032086891903213
sim,kp35_kd0.5,touchdown,landing_leg,6,hip_roll,1,1,38.46432632698727,0.0,7.143374889297636,7.143374889297636,30.771461061589818,0.0,0.352969,0.09150849999999999,3.8155380857928916,0.7039625611386229,0.6806796537155528
sim,kp35_kd0.5,touchdown,landing_leg,6,knee_pitch,1,1,46.15719159238473,0.0,28.573499557190544,7.143374889297636,38.46432632698727,0.0,0.016438000000000008,0.08132,0.4416550877517336,0.625583803382121,0.14060197880643685
sim,kp35_kd0.5,touchdown,stance_leg,1,ankle_pitch,1,1,0.0,0.0,6.667149896677794,6.667149896677794,0.0,0.0,0.10727800000000001,0.09275899999999998,0.7663269713740719,0.6626123113563592,0.03308233665064586
sim,kp35_kd0.5,touchdown,stance_leg,1,ankle_roll,1,1,42.86024933578582,7.143374889297636,6.667149896677794,6.667149896677794,42.86024933578582,0.0,0.03964072,0.02281161,0.3630911737181006,0.21750305017181004,0.013049286201995624
sim,kp35_kd0.5,touchdown,stance_leg,1,hip_pitch,1,1,7.143374889297636,7.143374889297636,6.667149896677794,6.667149896677794,7.143374889297636,7.143374889297636,0.443029,0.07750899999999994,3.1876238937257306,0.7781135399414123,0.16864610700121918
sim,kp35_kd0.5,touchdown,stance_leg,1,hip_roll,1,1,42.86024933578582,0.0,6.667149896677794,6.667149896677794,42.86024933578582,0.0,0.0724119,0.0392542,1.3699050039702978,0.2804074665794673,0.06211492807654748
sim,kp35_kd0.5,touchdown,stance_leg,1,knee_pitch,1,1,0.0,7.143374889297636,6.667149896677794,6.667149896677794,0.0,7.143374889297636,0.39867299999999994,0.12274600000000002,2.847870697240956,0.9878501700660808,0.1504786791143516
sim,kp35_kd0.5,touchdown,stance_leg,2,ankle_pitch,1,1,7.6928652653974545,7.6928652653974545,7.143374889297636,7.143374889297636,0.0,0.0,0.08616000000000001,0.03181299999999998,0.6789953669197758,0.3676266453028135,0.023992922740734546
sim,kp35_kd0.5,touchdown,stance_leg,2,ankle_roll,1,1,7.6928652653974545,0.0,7.143374889297636,7.143374889297636,0.0,0.0,0.0200105,0.01702138,0.17841693152503577,0.1369005378326547,0.006422035820664103
sim,kp35_kd0.5,touchdown,stance_leg,2,hip_pitch,1,1,0.0,7.6928652653974545,7.143374889297636,7.143374889297636,0.0,7.6928652653974545,0.25422,0.03644600000000009,1.955680207769341,0.5292383587982838,0.09242386628270241
sim,kp35_kd0.5,touchdown,stance_leg,2,hip_roll,1,1,0.0,0.0,7.143374889297636,7.143374889297636,0.0,0.0,0.13228310000000001,0.054830010000000005,1.019890843998386,0.4217998794303951,0.12155958650602654
sim,kp35_kd0.5,touchdown,stance_leg,2,knee_pitch,1,1,0.0,7.6928652653974545,7.143374889297636,7.143374889297636,0.0,0.0,0.5584979999999999,0.133729,4.296449864993947,1.1687693269065698,0.22754742131617942
sim,kp35_kd0.5,touchdown,stance_leg,3,ankle_pitch,1,1,0.0,0.0,6.667149896677794,6.667149896677794,0.0,0.0,0.138226,0.091115,0.987400137448055,0.6508686030383541,0.03511245170496263
sim,kp35_kd0.5,touchdown,stance_leg,3,ankle_roll,1,1,28.573499557190544,28.573499557190544,6.667149896677794,6.667149896677794,21.43012466789291,14.286749778595272,0.01749283,0.01486521,0.25022877925090264,0.1574359822701819,0.008256340323658908
sim,kp35_kd0.5,touchdown,stance_leg,3,hip_pitch,1,1,21.43012466789291,0.0,6.667149896677794,6.667149896677794,21.43012466789291,0.0,0.2900459999999999,0.241394,3.100381856202737,1.7243678380271135,0.3121438822410802
sim,kp35_kd0.5,touchdown,stance_leg,3,hip_roll,1,1,14.286749778595272,7.143374889297636,6.667149896677794,6.667149896677794,14.286749778595272,0.0,0.1781636,0.016528,1.7933414086082158,0.14884864558076166,0.074187400844829
sim,kp35_kd0.5,touchdown,stance_leg,3,knee_pitch,1,1,0.0,7.143374889297636,6.667149896677794,6.667149896677794,0.0,7.143374889297636,0.46277899999999994,0.08474199999999998,3.30580388789427,0.9922076287485523,0.14758544299941417
sim,kp35_kd0.5,touchdown,stance_leg,4,ankle_pitch,1,1,23.078595796192364,7.6928652653974545,7.143374889297636,7.143374889297636,23.078595796192364,7.6928652653974545,0.04802400000000001,0.028249999999999997,0.5169528529694432,0.2806664963427604,0.017703472564927568
sim,kp35_kd0.5,touchdown,stance_leg,4,ankle_roll,1,1,38.46432632698727,0.0,7.143374889297636,7.143374889297636,38.46432632698727,0.0,0.02956024,0.012652556,0.2937766773280511,0.1050299047962144,0.008052737399928392
sim,kp35_kd0.5,touchdown,stance_leg,4,hip_pitch,1,1,7.6928652653974545,7.6928652653974545,7.143374889297636,7.143374889297636,7.6928652653974545,0.0,0.20197299999999996,0.08308099999999996,1.58724581161366,0.6432389291662081,0.17155423353771918
sim,kp35_kd0.5,touchdown,stance_leg,4,hip_roll,1,1,0.0,0.0,7.143374889297636,7.143374889297636,0.0,0.0,0.17756650000000002,0.0999599,1.3659951601481972,0.7689780426426029,0.14401033954048462
sim,kp35_kd0.5,touchdown,stance_leg,4,knee_pitch,1,1,0.0,7.6928652653974545,7.143374889297636,7.143374889297636,0.0,7.6928652653974545,0.5347500000000001,0.15250600000000003,4.113759700671289,1.2836007267231586,0.2281389505414252
sim,kp35_kd0.5,touchdown,stance_leg,5,ankle_pitch,1,1,15.385730530794909,7.6928652653974545,7.143374889297636,7.143374889297636,15.385730530794909,7.6928652653974545,0.09030900000000003,0.051429,0.7087821412273946,0.40881424593375126,0.022903347626493372
sim,kp35_kd0.5,touchdown,stance_leg,5,ankle_roll,1,1,23.078595796192364,7.6928652653974545,7.143374889297636,7.143374889297636,15.385730530794909,0.0,0.015743590000000002,0.02428959,0.2456178021936099,0.19627807224093027,0.009691646437727117
sim,kp35_kd0.5,touchdown,stance_leg,5,hip_pitch,1,1,15.385730530794909,0.0,14.286749778595272,7.143374889297636,15.385730530794909,0.0,0.134019,0.274546,1.4464663772568875,2.1120453871538096,0.36489425392786257
sim,kp35_kd0.5,touchdown,stance_leg,5,hip_roll,1,1,23.078595796192364,0.0,7.143374889297636,7.143374889297636,23.078595796192364,0.0,0.1284319,0.0426149,2.085385762576575,0.32783068399838594,0.08335895771818493
sim,kp35_kd0.5,touchdown,stance_leg,5,knee_pitch,1,1,0.0,7.6928652653974545,7.143374889297636,7.143374889297636,0.0,0.0,0.38281999999999994,0.06595700000000004,2.944982680899453,0.8599546365577202,0.12245265033035656
sim,kp35_kd0.5,touchdown,stance_leg,6,ankle_pitch,1,1,23.078595796192364,7.6928652653974545,7.143374889297636,7.143374889297636,23.078595796192364,7.6928652653974545,0.037248,0.034109,0.4690955381534062,0.319515465933018,0.016782751904857562
sim,kp35_kd0.5,touchdown,stance_leg,6,ankle_roll,1,1,7.6928652653974545,7.6928652653974545,7.143374889297636,7.143374889297636,7.6928652653974545,0.0,0.02533999,0.01336059,0.23855044380294196,0.11621311534690586,0.0071227835155475904
sim,kp35_kd0.5,touchdown,stance_leg,6,hip_pitch,1,1,23.078595796192364,7.6928652653974545,7.143374889297636,7.143374889297636,23.078595796192364,0.0,0.19254900000000008,0.08075699999999997,1.7336795019405016,0.6397232897399211,0.1592571063000688
sim,kp35_kd0.5,touchdown,stance_leg,6,hip_roll,1,1,15.385730530794909,0.0,7.143374889297636,7.143374889297636,15.385730530794909,0.0,0.20879308000000002,0.09781809999999999,1.6638981365473022,0.7525014638171746,0.1347084143468508
sim,kp35_kd0.5,touchdown,stance_leg,6,knee_pitch,1,1,0.0,7.6928652653974545,7.143374889297636,7.143374889297636,0.0,7.6928652653974545,0.5441469999999999,0.14694399999999996,4.186049555570228,1.2514291641832653,0.22877068257958352
sim,kp40_kd0.5,swing,event_leg,1,ankle_pitch,1,1,3.125077487959563,12.500309951838252,3.030378170142607,3.030378170142607,3.125077487959563,12.500309951838252,0.17451299999999997,0.20599799999999996,0.8342206849458775,1.1220028206570976,0.15383845648966063
sim,kp40_kd0.5,swing,event_leg,1,ankle_roll,1,1,25.000619903676505,18.750464927757378,3.030378170142607,3.030378170142607,21.875542415716943,9.375232463878689,0.5365296,0.1549836,2.272966046902866,0.6222983677192312,0.22515115559060853
sim,kp40_kd0.5,swing,event_leg,1,hip_pitch,1,1,15.625387439797816,3.125077487959563,3.030378170142607,3.030378170142607,15.625387439797816,0.0,0.6282840000000001,0.20883600000000002,3.380699451242191,0.7143239620428212,0.14521544527460922
sim,kp40_kd0.5,swing,event_leg,1,hip_roll,1,1,18.750464927757378,3.125077487959563,3.030378170142607,3.030378170142607,15.625387439797816,3.125077487959563,1.60208,0.0668263,8.91349507735444,0.3910146954174813,0.55637467102654
sim,kp40_kd0.5,swing,event_leg,1,knee_pitch,1,1,18.750464927757378,9.375232463878689,3.030378170142607,3.030378170142607,18.750464927757378,3.125077487959563,0.7794099999999999,0.42018,3.456016943779505,1.4969527427399743,0.2839080990490345
sim,kp40_kd0.5,swing,event_leg,2,ankle_pitch,1,1,18.18226902085564,3.030378170142607,2.9412494004325302,2.9412494004325302,18.18226902085564,3.030378170142607,0.589663,0.25091019999999997,3.1972823086195508,1.2375561404086162,0.2599223116729333
sim,kp40_kd0.5,swing,event_leg,2,ankle_roll,1,1,30.303781701426068,21.212647190998247,2.9412494004325302,2.9412494004325302,30.303781701426068,12.121512680570428,0.40613,0.049651299999999995,3.1872780605588957,0.25877532556283345,0.08676245452011878
sim,kp40_kd0.5,swing,event_leg,2,hip_pitch,1,1,33.33415987156867,3.030378170142607,2.9412494004325302,2.9412494004325302,33.33415987156867,3.030378170142607,0.6633950000000001,0.19021,6.740551984058796,0.8389814090511717,0.2149638133385683
sim,kp40_kd0.5,swing,event_leg,2,hip_roll,1,1,36.36453804171128,9.09113451042782,2.9412494004325302,2.9412494004325302,33.33415987156867,6.060756340285214,1.7,0.0860849,10.175274725594797,0.42494932472346375,0.6610752126078827
sim,kp40_kd0.5,swing,event_leg,2,knee_pitch,1,1,21.212647190998247,6.060756340285214,2.9412494004325302,2.9412494004325302,21.212647190998247,6.060756340285214,0.5010490000000001,0.352893,2.5852822852684008,1.180553514876966,0.21801912910878474
sim,kp40_kd0.5,swing,event_leg,3,ankle_pitch,1,1,25.000619903676505,12.500309951838252,6.060756340285214,3.030378170142607,21.875542415716943,12.500309951838252,0.252584,0.19054600000000002,2.9005906716894754,1.0228222364217252,0.09329689838782357
sim,kp40_kd0.5,swing,event_leg,3,ankle_roll,1,1,21.875542415716943,12.500309951838252,3.030378170142607,6.060756340285214,15.625387439797816,9.375232463878689,0.5046467,0.052431599999999995,2.347861247719231,0.38134833698497933,0.1817987775673868
sim,kp40_kd0.5,swing,event_leg,3,hip_pitch,1,1,18.750464927757378,3.125077487959563,3.030378170142607,3.030378170142607,18.750464927757378,0.0,0.6584509999999999,0.165194,3.8087725655428932,0.6383002019932288,0.15066280225994133
sim,kp40_kd0.5,swing,event_leg,3,hip_roll,1,1,9.375232463878689,9.375232463878689,3.030378170142607,3.030378170142607,6.250154975919126,6.250154975919126,1.58211,0.1162727,7.969158849535073,0.5675437600495923,0.5436511800408054
sim,kp40_kd0.5,swing,event_leg,3,knee_pitch,1,1,15.625387439797816,9.375232463878689,3.030378170142607,3.030378170142607,15.625387439797816,3.125077487959563,0.746505,0.48647399999999996,2.9150910312336085,1.6946826455581514,0.29034585713796884
sim,kp40_kd0.5,swing,event_leg,4,ankle_pitch,1,1,25.000619903676505,3.125077487959563,3.030378170142607,3.030378170142607,25.000619903676505,3.125077487959563,0.673441,0.3239696,3.9800849383243517,1.666988833875352,0.29251584058835617
sim,kp40_kd0.5,swing,event_leg,4,ankle_roll,1,1,28.12569739163607,15.625387439797816,3.030378170142607,3.030378170142607,25.000619903676505,6.250154975919126,0.29789730000000003,0.0344055,1.9397603786409798,0.25251648628067336,0.09993348624355913
sim,kp40_kd0.5,swing,event_leg,4,hip_pitch,1,1,25.000619903676505,3.125077487959563,6.060756340285214,3.030378170142607,25.000619903676505,3.125077487959563,0.761553,0.20190100000000005,7.0962228296218575,0.973089753278337,0.21105761312473212
sim,kp40_kd0.5,swing,event_leg,4,hip_roll,1,1,31.25077487959563,9.375232463878689,3.030378170142607,3.030378170142607,25.000619903676505,6.250154975919126,1.58727,0.08808579999999999,9.304441958590434,0.4960663627294837,0.6975001344808519
sim,kp40_kd0.5,swing,event_leg,4,knee_pitch,1,1,21.875542415716943,12.500309951838252,3.030378170142607,3.030378170142607,21.875542415716943,12.500309951838252,0.574036,0.3673620000000001,3.1989105686900956,1.2599499911306091,0.24270561846126815
sim,kp40_kd0.5,swing,event_leg,5,ankle_pitch,1,1,12.500309951838252,12.500309951838252,3.030378170142607,3.030378170142607,9.375232463878689,9.375232463878689,0.24021499999999998,0.203679,1.5014841050975152,1.1029273476705925,0.15119956633575776
sim,kp40_kd0.5,swing,event_leg,5,ankle_roll,1,1,28.12569739163607,12.500309951838252,3.030378170142607,6.060756340285214,28.12569739163607,6.250154975919126,0.4988949,0.1162878,2.4858988016838492,0.5811706604358399,0.2013837620875184
sim,kp40_kd0.5,swing,event_leg,5,hip_pitch,1,1,28.12569739163607,3.125077487959563,3.030378170142607,3.030378170142607,28.12569739163607,0.0,0.5252079999999999,0.17294899999999996,3.569641636164227,0.6269499205569594,0.12306824522880372
sim,kp40_kd0.5,swing,event_leg,5,hip_roll,1,1,18.750464927757378,9.375232463878689,3.030378170142607,3.030378170142607,15.625387439797816,6.250154975919126,1.67224,0.09492488,8.88330464126651,0.5178109018969053,0.5532051621282807
sim,kp40_kd0.5,swing,event_leg,5,knee_pitch,1,1,25.000619903676505,6.250154975919126,3.030378170142607,3.030378170142607,25.000619903676505,6.250154975919126,0.706101,0.5289440000000001,3.184703966429833,1.8463989074436127,0.3183830977310958
sim,kp40_kd0.5,swing,event_leg,6,ankle_pitch,1,1,31.25077487959563,9.375232463878689,3.030378170142607,3.030378170142607,31.25077487959563,9.375232463878689,0.4010014,0.2693932,2.8642960217443134,1.2931520643936867,0.08531736744721281
sim,kp40_kd0.5,swing,event_leg,6,ankle_roll,1,1,43.751084831433886,12.500309951838252,3.030378170142607,3.030378170142607,40.62600734347432,6.250154975919126,0.3451784,0.055658200000000005,2.6380306301235037,0.33219048683992186,0.0762954162847862
sim,kp40_kd0.5,swing,event_leg,6,hip_pitch,1,1,18.750464927757378,3.125077487959563,6.060756340285214,3.030378170142607,18.750464927757378,0.0,0.648493,0.17095,6.688122085546707,0.7086519464021744,0.19709197226122172
sim,kp40_kd0.5,swing,event_leg,6,hip_roll,1,1,37.500929855514755,9.375232463878689,3.030378170142607,3.030378170142607,34.3758523675552,6.250154975919126,1.7,0.077287,9.998328538877496,0.4643980774974964,0.609437593503396
sim,kp40_kd0.5,swing,event_leg,6,knee_pitch,1,1,21.875542415716943,6.250154975919126,3.030378170142607,3.030378170142607,18.750464927757378,6.250154975919126,0.511841,0.36845799999999995,2.2168955941061466,1.3175326689237519,0.24858135506844967
sim,kp40_kd0.5,swing,opposite_leg,1,ankle_pitch,1,1,12.500309951838252,9.375232463878689,3.030378170142607,3.030378170142607,9.375232463878689,6.250154975919126,0.76,0.15551099999999998,4.9606917529922265,0.8530336514233942,0.2537902225932664
sim,kp40_kd0.5,swing,opposite_leg,1,ankle_roll,1,1,15.625387439797816,9.375232463878689,3.030378170142607,3.030378170142607,12.500309951838252,6.250154975919126,0.30365149999999996,0.0328117,1.6466970807305328,0.1723302417700634,0.15446466331577802
sim,kp40_kd0.5,swing,opposite_leg,1,hip_pitch,1,1,31.25077487959563,3.125077487959563,3.030378170142607,3.030378170142607,31.25077487959563,3.125077487959563,1.0197102999999998,0.25635800000000003,5.157598510400075,1.2678126860903152,0.33112013842150184
sim,kp40_kd0.5,swing,opposite_leg,1,hip_roll,1,1,21.875542415716943,6.250154975919126,3.030378170142607,3.030378170142607,18.750464927757378,3.125077487959563,0.80766,0.1023502,4.670870191712366,0.4283428084879118,0.3811570077408088
sim,kp40_kd0.5,swing,opposite_leg,1,knee_pitch,1,1,9.375232463878689,3.125077487959563,3.030378170142607,3.030378170142607,6.250154975919126,0.0,1.071622,0.395867,4.744027005674503,1.3001541130132088,0.32872735893750965
sim,kp40_kd0.5,swing,opposite_leg,2,ankle_pitch,1,1,18.18226902085564,12.121512680570428,2.9412494004325302,2.9412494004325302,15.151890850713034,12.121512680570428,0.746955,0.15175200000000003,4.963929143871118,1.282340887233886,0.3574852766647768
sim,kp40_kd0.5,swing,opposite_leg,2,ankle_roll,1,1,27.27340353128346,12.121512680570428,2.9412494004325302,2.9412494004325302,27.27340353128346,6.060756340285214,0.44166130000000003,0.27159,1.5870469577345918,1.3284291209252606,0.1254212401122327
sim,kp40_kd0.5,swing,opposite_leg,2,hip_pitch,1,1,39.39491621185389,3.030378170142607,2.9412494004325302,2.9412494004325302,39.39491621185389,3.030378170142607,0.57606,0.257672,3.149911437063881,1.0532139937894034,0.18916181805564683
sim,kp40_kd0.5,swing,opposite_leg,2,hip_roll,1,1,30.303781701426068,3.030378170142607,2.9412494004325302,2.9412494004325302,27.27340353128346,3.030378170142607,0.75318,0.11486863,5.1481052257666065,0.6579039797459986,0.3166272106497003
sim,kp40_kd0.5,swing,opposite_leg,2,knee_pitch,1,1,15.151890850713034,3.030378170142607,2.9412494004325302,2.9412494004325302,12.121512680570428,0.0,1.107974,0.5025459999999999,4.743060030940275,1.5480929312427116,0.2569817946913063
sim,kp40_kd0.5,swing,opposite_leg,3,ankle_pitch,1,1,25.000619903676505,15.625387439797816,3.030378170142607,3.030378170142607,21.875542415716943,15.625387439797816,0.76,0.13682600000000003,3.3200916984407045,0.8197578263316005,0.48303966158854456
sim,kp40_kd0.5,swing,opposite_leg,3,ankle_roll,1,1,18.750464927757378,15.625387439797816,3.030378170142607,3.030378170142607,18.750464927757378,6.250154975919126,0.3523343,0.0917409,2.083629758458824,0.5983043977759763,0.16599918081436688
sim,kp40_kd0.5,swing,opposite_leg,3,hip_pitch,1,1,37.500929855514755,3.125077487959563,3.030378170142607,3.030378170142607,37.500929855514755,3.125077487959563,1.0248956,0.23325700000000002,5.081164115168566,1.4194226953411855,0.37426253959703853
sim,kp40_kd0.5,swing,opposite_leg,3,hip_roll,1,1,15.625387439797816,6.250154975919126,3.030378170142607,3.030378170142607,12.500309951838252,3.125077487959563,0.9411609999999999,0.09623090000000001,5.469986256220495,0.5658884065042201,0.4361702896930865
sim,kp40_kd0.5,swing,opposite_leg,3,knee_pitch,1,1,21.875542415716943,3.125077487959563,3.030378170142607,3.030378170142607,21.875542415716943,0.0,0.945638,0.41528899999999996,4.331188644127604,1.461195606122741,0.29666826311897654
sim,kp40_kd0.5,swing,opposite_leg,4,ankle_pitch,1,1,9.375232463878689,12.500309951838252,3.030378170142607,3.030378170142607,6.250154975919126,9.375232463878689,0.702437,0.14201699999999995,4.081110568308617,1.217345809737256,0.43398622956048016
sim,kp40_kd0.5,swing,opposite_leg,4,ankle_roll,1,1,18.750464927757378,12.500309951838252,3.030378170142607,3.030378170142607,12.500309951838252,9.375232463878689,0.44030756,0.25109228,1.468234405653522,1.123819865711697,0.12642532769293854
sim,kp40_kd0.5,swing,opposite_leg,4,hip_pitch,1,1,31.25077487959563,3.125077487959563,3.030378170142607,3.030378170142607,31.25077487959563,0.0,0.663708,0.241798,4.0124182400457755,1.0326318546564304,0.19845911287161364
sim,kp40_kd0.5,swing,opposite_leg,4,hip_roll,1,1,25.000619903676505,3.125077487959563,3.030378170142607,3.030378170142607,21.875542415716943,3.125077487959563,0.91442,0.13684668,6.184428471195461,0.7838218727805063,0.3783762325825583
sim,kp40_kd0.5,swing,opposite_leg,4,knee_pitch,1,1,9.375232463878689,3.125077487959563,3.030378170142607,3.030378170142607,9.375232463878689,3.125077487959563,1.0156159999999999,0.5093340000000001,4.475201590005244,1.651715955176196,0.25746785958327684
sim,kp40_kd0.5,swing,opposite_leg,5,ankle_pitch,1,1,12.500309951838252,9.375232463878689,3.030378170142607,3.030378170142607,9.375232463878689,9.375232463878689,0.744953,0.13010199999999997,3.5275468424014114,0.6598038601878784,0.39431644373576025
sim,kp40_kd0.5,swing,opposite_leg,5,ankle_roll,1,1,21.875542415716943,15.625387439797816,3.030378170142607,3.030378170142607,18.750464927757378,9.375232463878689,0.37354719999999997,0.1165791,1.932260367674217,0.8458013470945591,0.17558454856750189
sim,kp40_kd0.5,swing,opposite_leg,5,hip_pitch,1,1,25.000619903676505,3.125077487959563,3.030378170142607,3.030378170142607,21.875542415716943,3.125077487959563,0.9628544099999999,0.24323699999999998,5.004556653145772,1.3586743140527393,0.34587964539531046
sim,kp40_kd0.5,swing,opposite_leg,5,hip_roll,1,1,18.750464927757378,6.250154975919126,3.030378170142607,3.030378170142607,15.625387439797816,3.125077487959563,0.89063,0.10864760000000001,5.7300327042105765,0.537715207934767,0.38852798319505116
sim,kp40_kd0.5,swing,opposite_leg,5,knee_pitch,1,1,15.625387439797816,3.125077487959563,3.030378170142607,3.030378170142607,15.625387439797816,0.0,0.913213,0.42231100000000005,4.139165132802442,1.459333059939917,0.2992183650476486
sim,kp40_kd0.5,swing,opposite_leg,6,ankle_pitch,1,1,12.500309951838252,12.500309951838252,3.030378170142607,6.060756340285214,6.250154975919126,12.500309951838252,0.749996,0.10866899999999999,5.179447177149396,1.159141241524009,0.35832351825253184
sim,kp40_kd0.5,swing,opposite_leg,6,ankle_roll,1,1,31.25077487959563,18.750464927757378,3.030378170142607,3.030378170142607,28.12569739163607,12.500309951838252,0.456032,0.3099158,1.6658341802451007,1.5250119384826664,0.12013462578950392
sim,kp40_kd0.5,swing,opposite_leg,6,hip_pitch,1,1,34.3758523675552,3.125077487959563,3.030378170142607,3.030378170142607,34.3758523675552,3.125077487959563,0.555283,0.24403899999999995,3.643974729292832,0.9747804201993228,0.18851292335202718
sim,kp40_kd0.5,swing,opposite_leg,6,hip_roll,1,1,25.000619903676505,3.125077487959563,3.030378170142607,3.030378170142607,21.875542415716943,3.125077487959563,0.880511,0.10230567,5.871431522769538,0.5979267946631062,0.3552827450321844
sim,kp40_kd0.5,swing,opposite_leg,6,knee_pitch,1,1,15.625387439797816,3.125077487959563,3.030378170142607,3.030378170142607,15.625387439797816,0.0,1.120812,0.47404500000000005,5.080897858566593,1.4983246517571889,0.255145660603602
sim,kp40_kd0.5,touchdown,landing_leg,1,ankle_pitch,1,1,0.0,0.0,6.250154975919126,6.250154975919126,0.0,0.0,0.500703,0.11895499999999998,3.33810277003481,0.7930529975044902,0.18855340852187774
sim,kp40_kd0.5,touchdown,landing_leg,1,ankle_roll,1,1,26.66732789725494,0.0,6.250154975919126,6.250154975919126,26.66732789725494,0.0,0.04916400000000004,0.16111019999999998,0.6244088158822512,1.0740946327480805,0.2186057127345715
sim,kp40_kd0.5,touchdown,landing_leg,1,hip_pitch,1,1,26.66732789725494,0.0,6.250154975919126,6.250154975919126,26.66732789725494,0.0,0.153759,0.11752999999999997,1.7371564070510073,0.783552761941093,0.09237433628956421
sim,kp40_kd0.5,touchdown,landing_leg,1,hip_roll,1,1,33.33415987156867,0.0,6.250154975919126,6.250154975919126,33.33415987156867,0.0,0.16891899999999999,0.09661,3.247933867582216,0.6440826370384499,0.47486206122584723
sim,kp40_kd0.5,touchdown,landing_leg,1,knee_pitch,1,1,6.666831974313735,6.666831974313735,6.250154975919126,6.250154975919126,6.666831974313735,0.0,0.294859,0.023970999999999965,2.103632160679033,0.2549263210338086,0.16473052240875855
sim,kp40_kd0.5,touchdown,landing_leg,2,ankle_pitch,1,1,21.429102774579864,0.0,6.666831974313735,6.666831974313735,21.429102774579864,0.0,0.11666699999999997,0.06230199999999997,1.2028655399769748,0.445025320353958,0.5275047243362534
sim,kp40_kd0.5,touchdown,landing_leg,2,ankle_roll,1,1,28.57213703277315,7.143034258193287,6.666831974313735,6.666831974313735,28.57213703277315,0.0,0.21064,0.0257759,1.877217975190229,0.24828472778054045,0.2173149936744832
sim,kp40_kd0.5,touchdown,landing_leg,2,hip_pitch,1,1,42.85820554915973,0.0,6.666831974313735,6.666831974313735,42.85820554915973,0.0,0.2658874,0.13566599999999995,2.4762078274624137,0.9690668856720502,0.31494739692889456
sim,kp40_kd0.5,touchdown,landing_leg,2,hip_roll,1,1,28.57213703277315,0.0,6.666831974313735,6.666831974313735,28.57213703277315,0.0,0.35319,0.08882319999999999,4.004070711635797,0.6344671605223541,0.6724144231201558
sim,kp40_kd0.5,touchdown,landing_leg,2,knee_pitch,1,1,42.85820554915973,0.0,20.000495922941205,6.666831974313735,42.85820554915973,0.0,0.04244000000000003,0.06792000000000004,0.6833812305156108,0.48515488681648833,0.10063271651373293
sim,kp40_kd0.5,touchdown,landing_leg,3,ankle_pitch,1,1,21.429102774579864,0.0,6.666831974313735,6.666831974313735,21.429102774579864,0.0,0.38181,0.08459,3.069847547075212,0.6042292679005702,0.21766575467151006
sim,kp40_kd0.5,touchdown,landing_leg,3,ankle_roll,1,1,50.00123980735301,0.0,6.666831974313735,6.666831974313735,50.00123980735301,0.0,0.05515300000000001,0.2302877,0.705317488722522,1.6449529303405381,0.2867274981308199
sim,kp40_kd0.5,touchdown,landing_leg,3,hip_pitch,1,1,42.85820554915973,0.0,6.666831974313735,6.666831974313735,42.85820554915973,0.0,0.22428800000000004,0.137449,3.640904563880733,0.981802915754409,0.16132414101574094
sim,kp40_kd0.5,touchdown,landing_leg,3,hip_roll,1,1,35.71517129096644,0.0,6.666831974313735,6.666831974313735,35.71517129096644,0.0,0.23067899999999997,0.0968884,4.9588086705859125,0.6920771604215344,0.6668643075166116
sim,kp40_kd0.5,touchdown,landing_leg,3,knee_pitch,1,1,21.429102774579864,0.0,6.666831974313735,6.666831974313735,21.429102774579864,0.0,0.199893,0.04034900000000008,1.4497359469743927,0.2882142892838415,0.19602939338136682
sim,kp40_kd0.5,touchdown,landing_leg,4,ankle_pitch,1,1,26.66732789725494,0.0,6.250154975919126,6.250154975919126,26.66732789725494,0.0,0.09007600000000002,0.04253399999999999,1.6967754057825888,0.28356703119546034,0.44979420685874505
sim,kp40_kd0.5,touchdown,landing_leg,4,ankle_roll,1,1,13.33366394862747,6.666831974313735,6.250154975919126,6.250154975919126,13.33366394862747,0.0,0.18466,0.0353054,1.4351422517826204,0.29957476144898515,0.23405245298574767
sim,kp40_kd0.5,touchdown,landing_leg,4,hip_pitch,1,1,26.66732789725494,0.0,6.250154975919126,6.250154975919126,26.66732789725494,0.0,0.2487519,0.12761100000000003,2.638602092209877,0.8507610950741502,0.28603927435605764
sim,kp40_kd0.5,touchdown,landing_leg,4,hip_roll,1,1,26.66732789725494,0.0,6.250154975919126,6.250154975919126,26.66732789725494,0.0,0.361927,0.0974667,4.013766190135584,0.6497941119908445,0.6992290750606588
sim,kp40_kd0.5,touchdown,landing_leg,4,knee_pitch,1,1,33.33415987156867,0.0,6.250154975919126,6.250154975919126,33.33415987156867,0.0,0.02916799999999997,0.08762699999999995,0.6238821361562793,0.5841944854131893,0.12785610038022235
sim,kp40_kd0.5,touchdown,landing_leg,5,ankle_pitch,1,1,0.0,0.0,6.666831974313735,6.666831974313735,0.0,0.0,0.33961539999999996,0.07387299999999997,2.4258844368100165,0.5276773697555125,0.1506702195413015
sim,kp40_kd0.5,touchdown,landing_leg,5,ankle_roll,1,1,57.1442740655463,0.0,6.666831974313735,6.666831974313735,50.00123980735301,0.0,0.026351000000000013,0.2027324,0.31200059336362557,1.4481244784457448,0.25868756320164166
sim,kp40_kd0.5,touchdown,landing_leg,5,hip_pitch,1,1,35.71517129096644,0.0,6.666831974313735,6.666831974313735,35.71517129096644,0.0,0.10611099999999998,0.11237000000000003,1.7549935159982837,0.8026627595931799,0.09106256406705594
sim,kp40_kd0.5,touchdown,landing_leg,5,hip_roll,1,1,28.57213703277315,0.0,13.33366394862747,6.666831974313735,28.57213703277315,0.0,0.1426719999999999,0.0792157,3.3433257566844006,0.565840458886762,0.618297096905861
sim,kp40_kd0.5,touchdown,landing_leg,5,knee_pitch,1,1,7.143034258193287,7.143034258193287,6.666831974313735,6.666831974313735,7.143034258193287,0.0,0.193489,0.027733000000000008,1.441892895358897,0.21166239113878343,0.223484908086579
sim,kp40_kd0.5,touchdown,landing_leg,6,ankle_pitch,1,1,35.71517129096644,0.0,6.666831974313735,6.666831974313735,35.71517129096644,0.0,0.0679547,0.04442600000000002,0.9631203096521046,0.3173364399544951,0.13615311312084638
sim,kp40_kd0.5,touchdown,landing_leg,6,ankle_roll,1,1,35.71517129096644,7.143034258193287,6.666831974313735,6.666831974313735,35.71517129096644,0.0,0.197284,0.0153078,1.6291118232661426,0.13472691205406107,0.21915593253931778
sim,kp40_kd0.5,touchdown,landing_leg,6,hip_pitch,1,1,35.71517129096644,0.0,6.666831974313735,6.666831974313735,35.71517129096644,0.0,0.244475,0.11286399999999996,2.270263435247315,0.8061914185167269,0.24129873619768505
sim,kp40_kd0.5,touchdown,landing_leg,6,hip_roll,1,1,35.71517129096644,0.0,6.666831974313735,6.666831974313735,35.71517129096644,0.0,0.149578,0.06896612,3.105062705968106,0.49262735781466915,0.6507683856399497
sim,kp40_kd0.5,touchdown,landing_leg,6,knee_pitch,1,1,57.1442740655463,0.0,6.666831974313735,6.666831974313735,57.1442740655463,0.0,0.022164000000000017,0.06658000000000003,0.48084763715879725,0.47558322091050925,0.18453490461463745
sim,kp40_kd0.5,touchdown,stance_leg,1,ankle_pitch,1,1,0.0,0.0,6.250154975919126,6.250154975919126,0.0,0.0,0.168071,0.11681799999999998,1.1205011167548837,0.7788059775753817,0.04030511229592967
sim,kp40_kd0.5,touchdown,stance_leg,1,ankle_roll,1,1,26.66732789725494,6.666831974313735,6.250154975919126,6.250154975919126,26.66732789725494,6.666831974313735,0.02071063,0.01374521,0.26078605299564794,0.1861736829422218,0.008080511382127177
sim,kp40_kd0.5,touchdown,stance_leg,1,hip_pitch,1,1,26.66732789725494,6.666831974313735,6.250154975919126,6.250154975919126,26.66732789725494,6.666831974313735,0.37456500000000004,0.167043,3.1864056752912777,1.1379682165275855,0.2104777913556143
sim,kp40_kd0.5,touchdown,stance_leg,1,hip_roll,1,1,33.33415987156867,6.666831974313735,6.250154975919126,6.250154975919126,26.66732789725494,0.0,0.1092077,0.011667200000000003,1.9037518712075403,0.0916289386549681,0.07994886436470658
sim,kp40_kd0.5,touchdown,stance_leg,1,knee_pitch,1,1,0.0,6.666831974313735,6.250154975919126,6.250154975919126,0.0,6.666831974313735,0.45188100000000003,0.12979700000000005,3.012614699384865,1.0347856580611325,0.16028111663632588
sim,kp40_kd0.5,touchdown,stance_leg,2,ankle_pitch,1,1,21.429102774579864,7.143034258193287,6.666831974313735,6.666831974313735,21.429102774579864,7.143034258193287,0.069575,0.027303999999999995,0.6095651144914406,0.3692091547374943,0.020425958565838058
sim,kp40_kd0.5,touchdown,stance_leg,2,ankle_roll,1,1,21.429102774579864,0.0,6.666831974313735,6.666831974313735,14.286068516386575,0.0,0.027510649999999998,0.022177299999999997,0.26537971594558474,0.15841321365422997,0.00827138085319165
sim,kp40_kd0.5,touchdown,stance_leg,2,hip_pitch,1,1,7.143034258193287,7.143034258193287,6.666831974313735,6.666831974313735,7.143034258193287,0.0,0.264559,0.057296000000000014,2.0301146234868557,0.4888406924937162,0.13972910361553176
sim,kp40_kd0.5,touchdown,stance_leg,2,hip_roll,1,1,7.143034258193287,0.0,6.666831974313735,6.666831974313735,7.143034258193287,0.0,0.1609308,0.09695680000000001,1.1977068406357079,0.6925657439647949,0.14269005427371756
sim,kp40_kd0.5,touchdown,stance_leg,2,knee_pitch,1,1,0.0,7.143034258193287,6.666831974313735,6.666831974313735,0.0,7.143034258193287,0.5600570000000001,0.179971,4.000506337540958,1.3881201334632176,0.24420608178817604
sim,kp40_kd0.5,touchdown,stance_leg,3,ankle_pitch,1,1,0.0,0.0,6.666831974313735,6.666831974313735,0.0,0.0,0.10994100000000001,0.081482,0.7853123293800283,0.5820287174261054,0.027914202401883772
sim,kp40_kd0.5,touchdown,stance_leg,3,ankle_roll,1,1,21.429102774579864,7.143034258193287,6.666831974313735,6.666831974313735,21.429102774579864,0.0,0.01966229,0.021058729999999998,0.29488806904947645,0.18446885971784166,0.00862946091947726
sim,kp40_kd0.5,touchdown,stance_leg,3,hip_pitch,1,1,21.429102774579864,0.0,13.33366394862747,6.666831974313735,21.429102774579864,0.0,0.223202,0.253817,2.3730731273254904,1.8130235263118457,0.314244046394518
sim,kp40_kd0.5,touchdown,stance_leg,3,hip_roll,1,1,21.429102774579864,7.143034258193287,6.666831974313735,6.666831974313735,21.429102774579864,7.143034258193287,0.13747930000000003,0.029248300000000005,2.6658025285639355,0.23563869992983513,0.07990341875423103
sim,kp40_kd0.5,touchdown,stance_leg,3,knee_pitch,1,1,0.0,7.143034258193287,6.666831974313735,6.666831974313735,0.0,0.0,0.4162199999999999,0.06595399999999996,2.9730737189452094,0.8782503481133808,0.136892302128352
sim,kp40_kd0.5,touchdown,stance_leg,4,ankle_pitch,1,1,6.666831974313735,6.666831974313735,6.250154975919126,6.250154975919126,6.666831974313735,0.0,0.04771599999999998,0.039983999999999964,0.3884696323112864,0.35452879073005544,0.018433618255784722
sim,kp40_kd0.5,touchdown,stance_leg,4,ankle_roll,1,1,33.33415987156867,6.666831974313735,6.250154975919126,6.250154975919126,20.000495922941205,0.0,0.02747227,0.01748838,0.27938494083163734,0.1284589185405878,0.007432156901773334
sim,kp40_kd0.5,touchdown,stance_leg,4,hip_pitch,1,1,6.666831974313735,6.666831974313735,6.250154975919126,6.250154975919126,6.666831974313735,0.0,0.232753,0.08950099999999994,1.6337605099613752,0.6358490995501717,0.15995055589267265
sim,kp40_kd0.5,touchdown,stance_leg,4,hip_roll,1,1,0.0,0.0,6.250154975919126,6.250154975919126,0.0,0.0,0.19758997,0.1021872,1.3172991297996919,0.6812648923255925,0.12987375954847283
sim,kp40_kd0.5,touchdown,stance_leg,4,knee_pitch,1,1,0.0,6.666831974313735,6.250154975919126,6.250154975919126,0.0,6.666831974313735,0.5956139999999999,0.17390300000000003,3.9708584595489,1.3341797483636142,0.22851831047519475
sim,kp40_kd0.5,touchdown,stance_leg,5,ankle_pitch,1,1,0.0,0.0,6.666831974313735,6.666831974313735,0.0,0.0,0.11684999999999998,0.07896699999999995,0.8346635530698855,0.564063986266749,0.03136406886443997
sim,kp40_kd0.5,touchdown,stance_leg,5,ankle_roll,1,1,28.57213703277315,21.429102774579864,6.666831974313735,6.666831974313735,21.429102774579864,7.143034258193287,0.01937626,0.013974839999999999,0.2778872332189895,0.20424249287274268,0.007878652872137484
sim,kp40_kd0.5,touchdown,stance_leg,5,hip_pitch,1,1,14.286068516386575,0.0,6.666831974313735,6.666831974313735,14.286068516386575,0.0,0.288119,0.18038799999999994,2.6144719700811327,1.2885176637669702,0.22708540491996987
sim,kp40_kd0.5,touchdown,stance_leg,5,hip_roll,1,1,28.57213703277315,7.143034258193287,6.666831974313735,6.666831974313735,21.429102774579864,0.0,0.10565920000000001,0.0213377,1.799497476640531,0.16838488947866787,0.07961646148845518
sim,kp40_kd0.5,touchdown,stance_leg,5,knee_pitch,1,1,0.0,7.143034258193287,6.666831974313735,6.666831974313735,0.0,0.0,0.375638,0.086951,2.6831951026792105,0.811341546216884,0.14041897535922038
sim,kp40_kd0.5,touchdown,stance_leg,6,ankle_pitch,1,1,14.286068516386575,7.143034258193287,6.666831974313735,6.666831974313735,14.286068516386575,0.0,0.06953199999999998,0.03064800000000001,0.5371418901476184,0.42151759461024474,0.02036664060009243
sim,kp40_kd0.5,touchdown,stance_leg,6,ankle_roll,1,1,21.429102774579864,0.0,6.666831974313735,6.666831974313735,14.286068516386575,0.0,0.01958623,0.02609241,0.2004974000111719,0.19097052092999175,0.006851499905966603
sim,kp40_kd0.5,touchdown,stance_leg,6,hip_pitch,1,1,7.143034258193287,7.143034258193287,6.666831974313735,6.666831974313735,7.143034258193287,0.0,0.22558899999999993,0.036488999999999994,1.7722296576633025,0.3889882165984317,0.10687171737773596
sim,kp40_kd0.5,touchdown,stance_leg,6,hip_roll,1,1,7.143034258193287,0.0,6.666831974313735,6.666831974313735,7.143034258193287,0.0,0.1838596,0.07254089999999999,1.4849289624610857,0.5181621338201732,0.13323127239835306
sim,kp40_kd0.5,touchdown,stance_leg,6,knee_pitch,1,1,0.0,7.143034258193287,6.666831974313735,6.666831974313735,0.0,7.143034258193287,0.6029549999999999,0.18573499999999998,4.306928221148933,1.3863700900699607,0.25545065563874886
sim,kp50_kd0.8,swing,event_leg,1,ankle_pitch,1,1,3.1253755543898136,12.501502217559255,3.030667204256789,3.030667204256789,3.1253755543898136,9.37612666316944,0.14706199999999997,0.232933,0.6289787049453954,1.309688626067051,0.17279969986637445
sim,kp50_kd0.8,swing,event_leg,1,ankle_roll,1,1,18.75225332633888,21.877628880728693,3.030667204256789,3.030667204256789,12.501502217559255,12.501502217559255,0.6196543,0.25645,2.886855643130336,0.9505524712022508,0.24272018015742527
sim,kp50_kd0.8,swing,event_leg,1,hip_pitch,1,1,18.75225332633888,6.250751108779627,3.030667204256789,3.030667204256789,18.75225332633888,6.250751108779627,0.5203460000000001,0.21131299999999997,4.776398946253995,0.6872232037770042,0.1183130721498916
sim,kp50_kd0.8,swing,event_leg,1,hip_roll,1,1,25.00300443511851,9.37612666316944,3.030667204256789,3.030667204256789,18.75225332633888,3.1253755543898136,1.7,0.06554525,10.799678971434023,0.3115000870237017,0.5765732470377121
sim,kp50_kd0.8,swing,event_leg,1,knee_pitch,1,1,28.12837998950832,6.250751108779627,3.030667204256789,3.030667204256789,25.00300443511851,6.250751108779627,0.710111,0.43388699999999997,3.0911089368114837,1.5411101843673993,0.30530438894805584
sim,kp50_kd0.8,swing,event_leg,2,ankle_pitch,1,1,25.809552965283622,9.678582361981357,3.1253755543898136,3.1253755543898136,25.809552965283622,9.678582361981357,0.2358601,0.120589,2.290898184341555,1.0707802810354454,0.07195840694423107
sim,kp50_kd0.8,swing,event_leg,2,ankle_roll,1,1,22.58335884462317,16.130970603302263,3.1253755543898136,3.1253755543898136,19.357164723962715,12.904776482641811,0.2604515,0.1446837,2.038667230361255,0.8538042730713696,0.04638041796614782
sim,kp50_kd0.8,swing,event_leg,2,hip_pitch,1,1,25.809552965283622,9.678582361981357,3.1253755543898136,3.1253755543898136,22.58335884462317,3.2261941206604527,0.5215482,0.18456900000000004,4.672120770718065,0.6508620804844019,0.20009849779790015
sim,kp50_kd0.8,swing,event_leg,2,hip_roll,1,1,41.94052356858589,12.904776482641811,3.1253755543898136,3.1253755543898136,41.94052356858589,6.4523882413209055,1.5391469999999998,0.0693213,9.45394891774801,0.3853892127358512,0.5602628032556142
sim,kp50_kd0.8,swing,event_leg,2,knee_pitch,1,1,16.130970603302263,6.4523882413209055,3.1253755543898136,3.1253755543898136,16.130970603302263,6.4523882413209055,0.504194,0.33001899999999995,2.311216432294063,1.2900937311638219,0.2386654812937713
sim,kp50_kd0.8,swing,event_leg,3,ankle_pitch,1,1,18.18400322554073,12.122668817027156,5.883059867086708,2.941529933543354,12.122668817027156,9.092001612770366,0.22626299999999996,0.19588000000000003,2.746814913906097,1.053953918953954,0.08436874482643579
sim,kp50_kd0.8,swing,event_leg,3,ankle_roll,1,1,27.2760048383111,12.122668817027156,2.941529933543354,5.883059867086708,24.245337634054312,9.092001612770366,0.4465399,0.1832514,1.9664253824112652,0.7078723327648173,0.1973003056199849
sim,kp50_kd0.8,swing,event_leg,3,hip_pitch,1,1,21.214670429797522,3.030667204256789,2.941529933543354,2.941529933543354,21.214670429797522,0.0,0.6399360000000001,0.20110699999999998,3.685188277691311,0.746313921717051,0.14924039803737102
sim,kp50_kd0.8,swing,event_leg,3,hip_roll,1,1,15.153336021283945,9.092001612770366,2.941529933543354,2.941529933543354,12.122668817027156,6.061334408513578,1.59262,0.08120519999999999,8.032468841626816,0.4166567333746642,0.5868991046568334
sim,kp50_kd0.8,swing,event_leg,3,knee_pitch,1,1,21.214670429797522,9.092001612770366,2.941529933543354,2.941529933543354,21.214670429797522,6.061334408513578,0.786381,0.42140900000000003,3.2380769757145105,1.5162549249584887,0.2689959550826434
sim,kp50_kd0.8,swing,event_leg,4,ankle_pitch,1,1,18.75225332633888,3.1253755543898136,3.030667204256789,3.030667204256789,12.501502217559255,3.1253755543898136,0.6640029999999999,0.2983538,3.787261338547378,1.6108391882111688,0.3574155137573642
sim,kp50_kd0.8,swing,event_leg,4,ankle_roll,1,1,28.12837998950832,21.877628880728693,3.030667204256789,3.030667204256789,28.12837998950832,9.37612666316944,0.23545539999999998,0.04444382,1.535771480352902,0.2916759548972293,0.06673454984914683
sim,kp50_kd0.8,swing,event_leg,4,hip_pitch,1,1,21.877628880728693,3.1253755543898136,3.030667204256789,3.030667204256789,21.877628880728693,0.0,0.69654,0.21320900000000004,6.778602036911633,1.0411063524250086,0.20348317327938567
sim,kp50_kd0.8,swing,event_leg,4,hip_roll,1,1,34.37913109828795,3.1253755543898136,3.030667204256789,3.030667204256789,31.253755543898134,0.0,1.45979,0.0919374,7.719686995469502,0.455220638161095,0.6989813082014605
sim,kp50_kd0.8,swing,event_leg,4,knee_pitch,1,1,21.877628880728693,6.250751108779627,3.030667204256789,3.030667204256789,21.877628880728693,6.250751108779627,0.530363,0.359588,3.209616927082837,1.174591142352997,0.23571039382618866
sim,kp50_kd0.8,swing,event_leg,5,ankle_pitch,1,1,21.877628880728693,12.501502217559255,6.061334408513578,3.030667204256789,18.75225332633888,12.501502217559255,0.32056789999999996,0.186337,3.4186351683342076,1.0473133482760266,0.09030560786671035
sim,kp50_kd0.8,swing,event_leg,5,ankle_roll,1,1,25.00300443511851,15.626877771949067,3.030667204256789,6.061334408513578,21.877628880728693,6.250751108779627,0.5099772,0.1716083,2.3576382695521962,0.7487877578062855,0.1816976482993684
sim,kp50_kd0.8,swing,event_leg,5,hip_pitch,1,1,18.75225332633888,3.1253755543898136,3.030667204256789,3.030667204256789,18.75225332633888,0.0,0.6429,0.17333700000000002,4.52567194315418,0.6745091760217466,0.14519312862288983
sim,kp50_kd0.8,swing,event_leg,5,hip_roll,1,1,18.75225332633888,9.37612666316944,3.030667204256789,3.030667204256789,15.626877771949067,6.250751108779627,1.47936,0.11886868,9.187382108064284,0.5835688108579331,0.5703216023616535
sim,kp50_kd0.8,swing,event_leg,5,knee_pitch,1,1,21.877628880728693,6.250751108779627,3.030667204256789,3.030667204256789,21.877628880728693,3.1253755543898136,0.6850849999999999,0.4955820000000001,3.1222783072154128,1.7193034716009354,0.29426270162998186
sim,kp50_kd0.8,swing,event_leg,6,ankle_pitch,1,1,25.00300443511851,3.1253755543898136,3.030667204256789,3.030667204256789,25.00300443511851,3.1253755543898136,0.6525540000000001,0.33609089000000003,3.729570968801565,1.6319141581420196,0.20560263246843244
sim,kp50_kd0.8,swing,event_leg,6,ankle_roll,1,1,34.37913109828795,18.75225332633888,3.030667204256789,3.030667204256789,34.37913109828795,12.501502217559255,0.364324,0.0324872,2.783965904594401,0.2523913593437932,0.06370990225710521
sim,kp50_kd0.8,swing,event_leg,6,hip_pitch,1,1,12.501502217559255,3.1253755543898136,6.061334408513578,3.030667204256789,12.501502217559255,0.0,0.668327,0.183261,6.294706390576565,0.9292054060756354,0.20807998205155573
sim,kp50_kd0.8,swing,event_leg,6,hip_roll,1,1,46.880633315847206,9.37612666316944,3.030667204256789,3.030667204256789,43.755257761457386,6.250751108779627,1.7,0.0799158,9.362271873336834,0.44581482043015885,0.6335546897677521
sim,kp50_kd0.8,swing,event_leg,6,knee_pitch,1,1,21.877628880728693,12.501502217559255,3.030667204256789,3.030667204256789,21.877628880728693,12.501502217559255,0.54294,0.39728600000000003,3.0776698219276075,1.3526375369354757,0.24479716334722607
sim,kp50_kd0.8,swing,opposite_leg,1,ankle_pitch,1,1,18.75225332633888,9.37612666316944,3.030667204256789,3.030667204256789,18.75225332633888,6.250751108779627,0.539892,0.15463699999999997,3.6105776077066145,0.605532137536363,0.17852984082077217
sim,kp50_kd0.8,swing,opposite_leg,1,ankle_roll,1,1,21.877628880728693,9.37612666316944,3.030667204256789,3.030667204256789,21.877628880728693,3.1253755543898136,0.27495349999999996,0.032759300000000005,1.315963098776289,0.1584763742408317,0.11611087311959913
sim,kp50_kd0.8,swing,opposite_leg,1,hip_pitch,1,1,15.626877771949067,3.1253755543898136,3.030667204256789,3.030667204256789,15.626877771949067,3.1253755543898136,0.9037780000000001,0.216358,4.771773390433496,0.9158975569650436,0.26074520390969685
sim,kp50_kd0.8,swing,opposite_leg,1,hip_roll,1,1,15.626877771949067,9.37612666316944,3.030667204256789,3.030667204256789,12.501502217559255,3.1253755543898136,0.777671,0.10545009999999999,4.712532521875149,0.37467317808956074,0.32486493658909515
sim,kp50_kd0.8,swing,opposite_leg,1,knee_pitch,1,1,6.250751108779627,3.1253755543898136,3.030667204256789,3.030667204256789,3.1253755543898136,0.0,1.06638,0.39330600000000004,4.782637195860557,1.3346853797510612,0.34163390249687225
sim,kp50_kd0.8,swing,opposite_leg,2,ankle_pitch,1,1,12.904776482641811,12.904776482641811,3.1253755543898136,3.1253755543898136,9.678582361981357,12.904776482641811,0.7212989999999999,0.15066500000000002,4.882115681748326,1.1210476116294563,0.21680650300451523
sim,kp50_kd0.8,swing,opposite_leg,2,ankle_roll,1,1,22.58335884462317,16.130970603302263,3.1253755543898136,3.1253755543898136,22.58335884462317,12.904776482641811,0.4382875,0.28414839999999997,1.8905348754997402,1.4553629452411316,0.10061414310417481
sim,kp50_kd0.8,swing,opposite_leg,2,hip_pitch,1,1,35.48813532726498,3.2261941206604527,3.1253755543898136,3.1253755543898136,35.48813532726498,0.0,0.49521400000000004,0.229271,3.8725137198229636,0.8065162682239065,0.220214017172003
sim,kp50_kd0.8,swing,opposite_leg,2,hip_roll,1,1,19.357164723962715,9.678582361981357,3.1253755543898136,3.1253755543898136,12.904776482641811,9.678582361981357,0.7812429999999999,0.1019136,5.639683810154159,0.4672648576076205,0.2736955679827669
sim,kp50_kd0.8,swing,opposite_leg,2,knee_pitch,1,1,16.130970603302263,3.2261941206604527,3.1253755543898136,3.1253755543898136,16.130970603302263,3.2261941206604527,1.073829,0.43853100000000006,5.1512802834291485,1.4177219705771502,0.2893611762946526
sim,kp50_kd0.8,swing,opposite_leg,3,ankle_pitch,1,1,18.18400322554073,9.092001612770366,2.941529933543354,2.941529933543354,12.122668817027156,9.092001612770366,0.76,0.14440999999999998,4.0401175937165545,0.8554573397439509,0.3741164574250562
sim,kp50_kd0.8,swing,opposite_leg,3,ankle_roll,1,1,15.153336021283945,12.122668817027156,2.941529933543354,2.941529933543354,15.153336021283945,9.092001612770366,0.3022863,0.06040252,2.131977821137523,0.27549019462739366,0.10660831138641827
sim,kp50_kd0.8,swing,opposite_leg,3,hip_pitch,1,1,36.36800645108146,3.030667204256789,2.941529933543354,2.941529933543354,33.337339246824676,3.030667204256789,1.1099417,0.252175,5.544834162494995,1.3723558154331719,0.3784253881822879
sim,kp50_kd0.8,swing,opposite_leg,3,hip_roll,1,1,24.245337634054312,9.092001612770366,2.941529933543354,2.941529933543354,21.214670429797522,3.030667204256789,0.9132420000000001,0.08123704999999999,5.209318391380059,0.38201135816248233,0.44829622569809313
sim,kp50_kd0.8,swing,opposite_leg,3,knee_pitch,1,1,3.030667204256789,3.030667204256789,2.941529933543354,2.941529933543354,3.030667204256789,0.0,1.051935,0.435516,4.5337326655423515,1.5085327849220422,0.3191534862826699
sim,kp50_kd0.8,swing,opposite_leg,4,ankle_pitch,1,1,12.501502217559255,12.501502217559255,3.030667204256789,3.030667204256789,9.37612666316944,12.501502217559255,0.685403,0.163205,4.078815122514187,1.4029248296056085,0.4182149987610958
sim,kp50_kd0.8,swing,opposite_leg,4,ankle_roll,1,1,21.877628880728693,9.37612666316944,3.030667204256789,3.030667204256789,21.877628880728693,9.37612666316944,0.44579176,0.29324612,1.4735480659029998,1.1547110034965904,0.09855346380958556
sim,kp50_kd0.8,swing,opposite_leg,4,hip_pitch,1,1,31.253755543898134,3.1253755543898136,3.030667204256789,3.030667204256789,31.253755543898134,3.1253755543898136,0.629987,0.24660400000000005,3.028985846916877,1.0275172195145217,0.18309348659699073
sim,kp50_kd0.8,swing,opposite_leg,4,hip_roll,1,1,12.501502217559255,3.1253755543898136,3.030667204256789,3.030667204256789,9.37612666316944,3.1253755543898136,0.9063920000000001,0.1681069,5.001111885926845,0.920924411006724,0.3663841159944022
sim,kp50_kd0.8,swing,opposite_leg,4,knee_pitch,1,1,3.1253755543898136,3.1253755543898136,3.030667204256789,3.030667204256789,3.1253755543898136,0.0,0.9858260000000001,0.5033590000000001,4.171645027230674,1.629473927416663,0.25815555328387385
sim,kp50_kd0.8,swing,opposite_leg,5,ankle_pitch,1,1,25.00300443511851,15.626877771949067,3.030667204256789,3.030667204256789,15.626877771949067,15.626877771949067,0.76,0.134465,2.9315991446420906,1.198890937288378,0.5451292809901479
sim,kp50_kd0.8,swing,opposite_leg,5,ankle_roll,1,1,28.12837998950832,15.626877771949067,3.030667204256789,3.030667204256789,25.00300443511851,9.37612666316944,0.3101967,0.10567402000000001,1.8755786250865567,0.6999658599723402,0.13581038723752384
sim,kp50_kd0.8,swing,opposite_leg,5,hip_pitch,1,1,25.00300443511851,3.1253755543898136,3.030667204256789,3.030667204256789,25.00300443511851,3.1253755543898136,1.0103932,0.254675,5.211729569371931,1.5418133938671372,0.3694240258450744
sim,kp50_kd0.8,swing,opposite_leg,5,hip_roll,1,1,15.626877771949067,3.1253755543898136,3.030667204256789,3.030667204256789,12.501502217559255,0.0,0.8616950000000001,0.0985983,5.4100563384043125,0.5073553403214268,0.381110400374188
sim,kp50_kd0.8,swing,opposite_leg,5,knee_pitch,1,1,18.75225332633888,3.1253755543898136,3.030667204256789,3.030667204256789,18.75225332633888,0.0,0.997856,0.417302,4.692795150174066,1.4135761094949686,0.29319683285398235
sim,kp50_kd0.8,swing,opposite_leg,6,ankle_pitch,1,1,9.37612666316944,12.501502217559255,3.030667204256789,3.030667204256789,6.250751108779627,9.37612666316944,0.715622,0.14190599999999998,4.319640935857695,1.3698896099957076,0.4069291601958108
sim,kp50_kd0.8,swing,opposite_leg,6,ankle_roll,1,1,18.75225332633888,15.626877771949067,3.030667204256789,3.030667204256789,15.626877771949067,9.37612666316944,0.4394727,0.3053837,1.5078357485125664,1.226580202012494,0.09309948345505582
sim,kp50_kd0.8,swing,opposite_leg,6,hip_pitch,1,1,40.629882207067574,3.1253755543898136,3.030667204256789,3.030667204256789,37.50450665267776,0.0,0.574635,0.23240800000000006,3.2655111434975432,0.9838494722685872,0.18072435587447097
sim,kp50_kd0.8,swing,opposite_leg,6,hip_roll,1,1,25.00300443511851,3.1253755543898136,3.030667204256789,3.030667204256789,21.877628880728693,3.1253755543898136,0.845475,0.15081937,5.084753186513424,0.8147271812828462,0.34472793103672306
sim,kp50_kd0.8,swing,opposite_leg,6,knee_pitch,1,1,15.626877771949067,3.1253755543898136,3.030667204256789,3.030667204256789,15.626877771949067,0.0,1.0182630000000001,0.500496,4.546543201106395,1.6271955286375128,0.2492115824033867
sim,kp50_kd0.8,touchdown,landing_leg,1,ankle_pitch,1,1,0.0,0.0,28.57486221156401,7.143715552891003,0.0,0.0,0.0,0.054179000000000005,0.0,0.4168116237816264,0.21699431346202858
sim,kp50_kd0.8,touchdown,landing_leg,1,ankle_roll,1,1,23.079696401647855,30.772928535530472,7.143715552891003,7.143715552891003,15.386464267765236,23.079696401647855,0.048649,0.031671000000000005,0.5367414195167225,0.42725903301943874,0.14503610313051615
sim,kp50_kd0.8,touchdown,landing_leg,1,hip_pitch,1,1,30.772928535530472,0.0,7.143715552891003,7.143715552891003,30.772928535530472,0.0,0.138957,0.04568100000000003,2.6722057155434578,0.3514345371078921,0.08327685059443933
sim,kp50_kd0.8,touchdown,landing_leg,1,hip_roll,1,1,23.079696401647855,0.0,7.143715552891003,7.143715552891003,23.079696401647855,0.0,0.29195699999999997,0.07395460000000001,3.7887321883659757,0.5689499051684355,0.37422586565711147
sim,kp50_kd0.8,touchdown,landing_leg,1,knee_pitch,1,1,15.386464267765236,7.693232133882618,7.143715552891003,7.143715552891003,15.386464267765236,7.693232133882618,0.10095200000000001,0.025616000000000028,0.7860175271187876,0.32105396341118975,0.22097939217201745
sim,kp50_kd0.8,touchdown,landing_leg,2,ankle_pitch,1,1,13.334935698729872,0.0,6.250751108779627,6.250751108779627,13.334935698729872,0.0,0.38954,0.06165799999999999,2.6443950916851864,0.4111027326561431,0.3335329084857393
sim,kp50_kd0.8,touchdown,landing_leg,2,ankle_roll,1,1,6.667467849364936,0.0,6.250751108779627,6.250751108779627,6.667467849364936,0.0,0.2403026,0.012392199999999999,1.7658495230457656,0.08262459508290015,0.1391294982699167
sim,kp50_kd0.8,touchdown,landing_leg,2,hip_pitch,1,1,40.004807096189616,0.0,6.250751108779627,6.250751108779627,33.337339246824676,0.0,0.2670025,0.13733800000000002,2.2208568647431925,0.9156966994960816,0.2856372506264217
sim,kp50_kd0.8,touchdown,landing_leg,2,hip_roll,1,1,33.337339246824676,0.0,6.250751108779627,6.250751108779627,33.337339246824676,0.0,0.1870630000000001,0.040704449999999996,3.0518333840113185,0.2713956117010825,0.621762909705401
sim,kp50_kd0.8,touchdown,landing_leg,2,knee_pitch,1,1,0.0,0.0,6.250751108779627,6.250751108779627,0.0,0.0,0.13414700000000002,0.06223999999999996,0.8978212181919343,0.41498319894447333,0.13424953432414577
sim,kp50_kd0.8,touchdown,landing_leg,3,ankle_pitch,1,1,6.667467849364936,0.0,6.250751108779627,6.250751108779627,6.667467849364936,0.0,0.463875,0.103883,3.280287502401958,0.6926365625955776,0.2708930040965817
sim,kp50_kd0.8,touchdown,landing_leg,3,ankle_roll,1,1,26.669871397459744,6.667467849364936,12.501502217559255,6.250751108779627,26.669871397459744,6.667467849364936,0.04624299999999998,0.2463314,0.9103160529416441,1.6597087688581555,0.21268910540078798
sim,kp50_kd0.8,touchdown,landing_leg,3,hip_pitch,1,1,40.004807096189616,0.0,6.250751108779627,6.250751108779627,40.004807096189616,0.0,0.17855000000000001,0.139693,2.5299106682308805,0.931398586281336,0.12403987301494022
sim,kp50_kd0.8,touchdown,landing_leg,3,hip_roll,1,1,26.669871397459744,0.0,6.250751108779627,6.250751108779627,26.669871397459744,0.0,0.3211679999999999,0.1273446,4.3007834615543565,0.849066026290238,0.650604054063736
sim,kp50_kd0.8,touchdown,landing_leg,3,knee_pitch,1,1,6.667467849364936,13.334935698729872,6.250751108779627,6.250751108779627,6.667467849364936,0.0,0.273903,0.033208000000000015,1.844454968509069,0.24837651232454225,0.16600469334122003
sim,kp50_kd0.8,touchdown,landing_leg,4,ankle_pitch,1,1,21.431146658673008,0.0,6.667467849364936,6.667467849364936,14.287431105782005,0.0,0.08229899999999996,0.06289299999999998,0.8571315668980731,0.44928970226797366,0.6112340037089451
sim,kp50_kd0.8,touchdown,landing_leg,4,ankle_roll,1,1,28.57486221156401,7.143715552891003,6.667467849364936,6.667467849364936,28.57486221156401,0.0,0.19783309999999998,0.023476900000000002,1.7134287478195702,0.221489471974275,0.16988736429078727
sim,kp50_kd0.8,touchdown,landing_leg,4,hip_pitch,1,1,21.431146658673008,0.0,6.667467849364936,6.667467849364936,21.431146658673008,0.0,0.26267462999999996,0.13393900000000003,2.813535654211728,0.9568221174386682,0.2924940153468793
sim,kp50_kd0.8,touchdown,landing_leg,4,hip_roll,1,1,21.431146658673008,0.0,6.667467849364936,6.667467849364936,21.431146658673008,0.0,0.318365,0.0915759,3.415796166477044,0.6541921810999911,0.6280980219669814
sim,kp50_kd0.8,touchdown,landing_leg,4,knee_pitch,1,1,35.71857776445501,0.0,20.002403548094808,6.667467849364936,28.57486221156401,0.0,0.03072199999999997,0.06467099999999998,0.780643804473269,0.4619912285210139,0.1094966926392452
sim,kp50_kd0.8,touchdown,landing_leg,5,ankle_pitch,1,1,15.386464267765236,0.0,7.143715552891003,7.143715552891003,15.386464267765236,0.0,0.378156,0.07130700000000001,3.3353700187162736,0.5485813037707679,0.22757114306991033
sim,kp50_kd0.8,touchdown,landing_leg,5,ankle_roll,1,1,30.772928535530472,0.0,7.143715552891003,7.143715552891003,30.772928535530472,0.0,0.02826200000000001,0.172216,0.3644668723426899,1.324897665168729,0.18302302938818538
sim,kp50_kd0.8,touchdown,landing_leg,5,hip_pitch,1,1,38.46616066941309,0.0,7.143715552891003,7.143715552891003,30.772928535530472,0.0,0.134408,0.11925199999999997,2.196571638866165,0.9174333184297697,0.14315372948736912
sim,kp50_kd0.8,touchdown,landing_leg,5,hip_roll,1,1,38.46616066941309,0.0,7.143715552891003,7.143715552891003,38.46616066941309,0.0,0.183361,0.11628759999999999,3.0342338332997056,0.8946275010920884,0.5956689094155048
sim,kp50_kd0.8,touchdown,landing_leg,5,knee_pitch,1,1,0.0,7.693232133882618,7.143715552891003,7.143715552891003,0.0,0.0,0.22782199999999997,0.050014,1.754349269346324,0.3942627603972161,0.17625894855864768
sim,kp50_kd0.8,touchdown,landing_leg,6,ankle_pitch,1,1,28.57486221156401,0.0,6.667467849364936,6.667467849364936,28.57486221156401,0.0,0.11505526,0.02498700000000001,1.7859393180474579,0.17850002052008754,0.2773030380471741
sim,kp50_kd0.8,touchdown,landing_leg,6,ankle_roll,1,1,7.143715552891003,7.143715552891003,6.667467849364936,6.667467849364936,7.143715552891003,0.0,0.22702340000000004,0.0229884,1.6476279838618915,0.18764183331312206,0.17394711038991134
sim,kp50_kd0.8,touchdown,landing_leg,6,hip_pitch,1,1,42.862293317346015,0.0,6.667467849364936,6.667467849364936,42.862293317346015,0.0,0.2332859,0.112707,2.6902032627974632,0.8051467488196862,0.2625528962793212
sim,kp50_kd0.8,touchdown,landing_leg,6,hip_roll,1,1,42.862293317346015,0.0,6.667467849364936,6.667467849364936,42.862293317346015,0.0,0.22065,0.0753293,2.669177879182194,0.5381310919983922,0.6706798828338164
sim,kp50_kd0.8,touchdown,landing_leg,6,knee_pitch,1,1,35.71857776445501,0.0,6.667467849364936,6.667467849364936,28.57486221156401,0.0,0.03264800000000001,0.08817999999999998,0.5783909297398204,0.6299328374539285,0.13957362139196172
sim,kp50_kd0.8,touchdown,stance_leg,1,ankle_pitch,1,1,0.0,0.0,7.143715552891003,7.143715552891003,0.0,0.0,0.09874500000000003,0.09272699999999998,0.7596682070602393,0.7133703360785333,0.030226614304048584
sim,kp50_kd0.8,touchdown,stance_leg,1,ankle_roll,1,1,7.693232133882618,7.693232133882618,7.143715552891003,7.143715552891003,7.693232133882618,0.0,0.034094280000000005,0.01994467,0.2778852376676193,0.18811060392770282,0.009682987497739456
sim,kp50_kd0.8,touchdown,stance_leg,1,hip_pitch,1,1,15.386464267765236,7.693232133882618,7.143715552891003,7.143715552891003,15.386464267765236,0.0,0.35581,0.06216200000000005,3.0029608446754734,0.6776583525130511,0.13462254821457553
sim,kp50_kd0.8,touchdown,stance_leg,1,hip_roll,1,1,30.772928535530472,15.386464267765236,7.143715552891003,7.143715552891003,23.079696401647855,0.0,0.10083210000000001,0.013138999999999998,1.510698453080555,0.12946094102576325,0.07483554874082236
sim,kp50_kd0.8,touchdown,stance_leg,1,knee_pitch,1,1,0.0,7.693232133882618,7.143715552891003,7.143715552891003,0.0,0.0,0.34336900000000004,0.10948100000000005,2.641617424579141,0.9252881084384647,0.13606640480163668
sim,kp50_kd0.8,touchdown,stance_leg,2,ankle_pitch,1,1,0.0,6.667467849364936,6.250751108779627,6.250751108779627,0.0,0.0,0.13466699999999998,0.07080700000000001,0.8998281260145927,0.6074863306913382,0.032106098800500506
sim,kp50_kd0.8,touchdown,stance_leg,2,ankle_roll,1,1,13.334935698729872,0.0,6.250751108779627,6.250751108779627,13.334935698729872,0.0,0.0287677,0.0322094,0.23405612487767655,0.21873428375983595,0.008780198916147317
sim,kp50_kd0.8,touchdown,stance_leg,2,hip_pitch,1,1,6.667467849364936,6.667467849364936,6.250751108779627,6.250751108779627,6.667467849364936,0.0,0.293777,0.04514699999999994,2.0328842773999716,0.5713953272227247,0.10485802638985248
sim,kp50_kd0.8,touchdown,stance_leg,2,hip_roll,1,1,6.667467849364936,0.0,6.250751108779627,6.250751108779627,6.667467849364936,0.0,0.10916760000000002,0.0564457,0.8410157256089148,0.3763498899848984,0.12328029144367775
sim,kp50_kd0.8,touchdown,stance_leg,2,knee_pitch,1,1,0.0,6.667467849364936,6.250751108779627,6.250751108779627,0.0,6.667467849364936,0.6869430000000001,0.20195000000000007,4.580170366846297,1.4572951128999958,0.2671945323327182
sim,kp50_kd0.8,touchdown,stance_leg,3,ankle_pitch,1,1,0.0,0.0,6.250751108779627,6.250751108779627,0.0,0.0,0.174639,0.11852599999999996,1.1643999177452429,0.7902682943138282,0.037786614041052956
sim,kp50_kd0.8,touchdown,stance_leg,3,ankle_roll,1,1,26.669871397459744,13.334935698729872,6.250751108779627,6.250751108779627,26.669871397459744,6.667467849364936,0.014889920000000001,0.01200274,0.26474047866723893,0.13735517167119718,0.005779636468786159
sim,kp50_kd0.8,touchdown,stance_leg,3,hip_pitch,1,1,20.002403548094808,0.0,6.250751108779627,6.250751108779627,20.002403548094808,0.0,0.3001529999999999,0.254394,2.5075813184033557,1.6961638160713435,0.2936690229338762
sim,kp50_kd0.8,touchdown,stance_leg,3,hip_roll,1,1,33.337339246824676,6.667467849364936,6.250751108779627,6.250751108779627,26.669871397459744,6.667467849364936,0.1343486,0.02034910000000001,1.9776483067486923,0.1585937237585643,0.06881406589899064
sim,kp50_kd0.8,touchdown,stance_leg,3,knee_pitch,1,1,0.0,6.667467849364936,6.250751108779627,6.250751108779627,0.0,6.667467849364936,0.5174429999999999,0.11125699999999994,3.4500345663789393,1.1217014536379093,0.16736779040260405
sim,kp50_kd0.8,touchdown,stance_leg,4,ankle_pitch,1,1,21.431146658673008,7.143715552891003,6.667467849364936,6.667467849364936,21.431146658673008,7.143715552891003,0.04864600000000002,0.029521999999999993,0.4857226515877177,0.2972428604402418,0.01630723996879914
sim,kp50_kd0.8,touchdown,stance_leg,4,ankle_roll,1,1,21.431146658673008,7.143715552891003,6.667467849364936,6.667467849364936,21.431146658673008,0.0,0.0322363,0.01551344,0.28693940806115154,0.14937859263157177,0.008325055368753552
sim,kp50_kd0.8,touchdown,stance_leg,4,hip_pitch,1,1,7.143715552891003,7.143715552891003,6.667467849364936,6.667467849364936,7.143715552891003,0.0,0.22929299999999997,0.08687500000000004,1.7486458367522117,0.6352120432475156,0.1615398224193238
sim,kp50_kd0.8,touchdown,stance_leg,4,hip_roll,1,1,14.287431105782005,0.0,6.667467849364936,6.667467849364936,14.287431105782005,0.0,0.17678490000000002,0.112703,1.3007198697832854,0.8051181739574746,0.14426604087331696
sim,kp50_kd0.8,touchdown,stance_leg,4,knee_pitch,1,1,0.0,7.143715552891003,6.667467849364936,6.667467849364936,0.0,7.143715552891003,0.5202469999999999,0.15690800000000005,3.716496585244885,1.2347197961616816,0.21106788765339618
sim,kp50_kd0.8,touchdown,stance_leg,5,ankle_pitch,1,1,0.0,0.0,7.143715552891003,7.143715552891003,0.0,0.0,0.130418,0.08714699999999997,1.0033359484367033,0.6704421007714683,0.034753377383664866
sim,kp50_kd0.8,touchdown,stance_leg,5,ankle_roll,1,1,46.15939280329571,7.693232133882618,7.143715552891003,7.143715552891003,46.15939280329571,0.0,0.020009930000000002,0.011751580000000001,0.2526361267365378,0.17369579487844694,0.007597937751579085
sim,kp50_kd0.8,touchdown,stance_leg,5,hip_pitch,1,1,15.386464267765236,0.0,7.143715552891003,7.143715552891003,15.386464267765236,0.0,0.23675899999999994,0.22293200000000002,2.1183083883681775,1.7150676260707198,0.2683379879661363
sim,kp50_kd0.8,touchdown,stance_leg,5,hip_roll,1,1,38.46616066941309,0.0,14.287431105782005,7.143715552891003,38.46616066941309,0.0,0.1289265,0.034651299999999996,1.9513652510629245,0.26658049464080674,0.07878875186452695
sim,kp50_kd0.8,touchdown,stance_leg,5,knee_pitch,1,1,0.0,7.693232133882618,7.143715552891003,7.143715552891003,0.0,7.693232133882618,0.41334000000000004,0.10175899999999993,3.1799205702190414,0.983856684673712,0.15890673812199224
sim,kp50_kd0.8,touchdown,stance_leg,6,ankle_pitch,1,1,21.431146658673008,7.143715552891003,6.667467849364936,6.667467849364936,14.287431105782005,0.0,0.03656899999999996,0.04130600000000001,0.34677024036843485,0.37435926983370016,0.015895044684848595
sim,kp50_kd0.8,touchdown,stance_leg,6,ankle_roll,1,1,7.143715552891003,7.143715552891003,6.667467849364936,6.667467849364936,7.143715552891003,0.0,0.0306563,0.015334546,0.2694802386870414,0.13778617108041122,0.0076707562040175935
sim,kp50_kd0.8,touchdown,stance_leg,6,hip_pitch,1,1,21.431146658673008,7.143715552891003,6.667467849364936,6.667467849364936,21.431146658673008,0.0,0.214464,0.06942100000000007,1.8581018464536065,0.5352071692225946,0.13785780073587905
sim,kp50_kd0.8,touchdown,stance_leg,6,hip_roll,1,1,14.287431105782005,0.0,6.667467849364936,6.667467849364936,14.287431105782005,0.0,0.1904816,0.097686,1.41796753003822,0.6978409974997106,0.1311176349754974
sim,kp50_kd0.8,touchdown,stance_leg,6,knee_pitch,1,1,0.0,7.143715552891003,6.667467849364936,6.667467849364936,0.0,7.143715552891003,0.554865,0.14759499999999992,3.9637977302548664,1.2081951803137951,0.2125981766737429
