dataset,case_label,kp_case,ankle_kp,ankle_kd,diag_csv,step_index,touchdown_side,phase,role,side,start_time_sec,end_time_sec,duration_sec,sample_count,start_event_side,end_event_side,joint,target_direction_change_rate_hz,joint_direction_change_rate_hz,target_extrema_rate_hz,joint_extrema_rate_hz,target_dominant_freq_hz,joint_dominant_freq_hz,target_range_rad,joint_range_rad,target_path_rad,joint_path_rad,target_path_rate_radps,joint_path_rate_radps,tracking_err_rms_rad
real,25/0.4 all_ankles,kp25_kd0.4,25.0,0.4,t27_tracking_lag_b1_diag_20260430_100024.csv,1,left,complete_support,support_leg,left,1777514424.878831,1777514425.088886,0.21005511283874512,22,left,right,ankle_pitch,42.84589829007928,4.760655365564364,42.84589829007928,4.760655365564364,4.544261939856893,4.544261939856893,0.668166,0.2511658,1.529866,0.35829380000000005,7.283164781494492,1.7057133014184456,0.2147735516037444
real,25/0.4 all_ankles,kp25_kd0.4,25.0,0.4,t27_tracking_lag_b1_diag_20260430_100024.csv,1,left,complete_support,support_leg,left,1777514424.878831,1777514425.088886,0.21005511283874512,22,left,right,ankle_roll,42.84589829007928,4.760655365564364,42.84589829007928,0.0,4.544261939856893,4.544261939856893,0.4974269,0.157726,0.73161352,0.2578633,3.4829598295074318,1.2275983027271336,0.2361904436559041
real,25/0.4 all_ankles,kp25_kd0.4,25.0,0.4,t27_tracking_lag_b1_diag_20260430_100024.csv,1,left,complete_support,support_leg,left,1777514424.878831,1777514425.088886,0.21005511283874512,22,left,right,knee_pitch,33.324587558950554,0.0,33.324587558950554,0.0,4.544261939856893,4.544261939856893,0.6688179999999999,0.571033,1.092914,0.571033,5.202986898200412,2.7184913153643158,0.20062146432115294
real,25/0.4 all_ankles,kp25_kd0.4,25.0,0.4,t27_tracking_lag_b1_diag_20260430_100024.csv,1,left,complete_support,support_leg,left,1777514424.878831,1777514425.088886,0.21005511283874512,22,left,right,hip_pitch,38.085242924514915,4.760655365564364,38.085242924514915,4.760655365564364,22.72130969928447,4.544261939856893,1.1848649,0.30124,3.5677887999999998,0.302966,16.985012893920445,1.4423167134835733,0.46895686943794396
real,25/0.4 all_ankles,kp25_kd0.4,25.0,0.4,t27_tracking_lag_b1_diag_20260430_100024.csv,1,left,complete_support,support_leg,left,1777514424.878831,1777514425.088886,0.21005511283874512,22,left,right,hip_roll,28.563932193386186,9.521310731128729,23.803276827821822,9.521310731128729,4.544261939856893,4.544261939856893,0.7016260000000001,0.0456367,1.7193948000000001,0.04717130000000001,8.185446080143468,0.22456630244564638,0.1935521046378738
real,25/0.4 all_ankles,kp25_kd0.4,25.0,0.4,t27_tracking_lag_b1_diag_20260430_100024.csv,2,right,complete_swing,swing_leg,right,1777514424.878831,1777514425.088886,0.21005511283874512,22,left,right,ankle_pitch,33.324587558950554,9.521310731128729,28.563932193386186,4.760655365564364,9.088523879713787,4.544261939856893,0.533567,0.329162,1.8647288,0.35899549999999997,8.8773311670424,1.7090538532884618,0.1627393977246039
real,25/0.4 all_ankles,kp25_kd0.4,25.0,0.4,t27_tracking_lag_b1_diag_20260430_100024.csv,2,right,complete_swing,swing_leg,right,1777514424.878831,1777514425.088886,0.21005511283874512,22,left,right,ankle_roll,42.84589829007928,14.281966096693093,42.84589829007928,14.281966096693093,4.544261939856893,4.544261939856893,0.619157,0.20601419999999998,1.8458449,0.37685097,8.787431427184618,1.7940575923486355,0.1350099059646567
real,25/0.4 all_ankles,kp25_kd0.4,25.0,0.4,t27_tracking_lag_b1_diag_20260430_100024.csv,2,right,complete_swing,swing_leg,right,1777514424.878831,1777514425.088886,0.21005511283874512,22,left,right,knee_pitch,47.606553655643644,0.0,47.606553655643644,0.0,4.544261939856893,4.544261939856893,0.32521700000000003,0.9041029999999999,0.9608670000000001,0.9041029999999999,4.574356639143735,4.3041227979728385,0.5213188456343637
real,25/0.4 all_ankles,kp25_kd0.4,25.0,0.4,t27_tracking_lag_b1_diag_20260430_100024.csv,2,right,complete_swing,swing_leg,right,1777514424.878831,1777514425.088886,0.21005511283874512,22,left,right,hip_pitch,28.563932193386186,4.760655365564364,28.563932193386186,4.760655365564364,4.544261939856893,4.544261939856893,0.620561,0.21955400000000003,2.6483060000000003,0.2814890000000001,12.607672168556302,1.3400721181973478,0.30100605355933235
real,25/0.4 all_ankles,kp25_kd0.4,25.0,0.4,t27_tracking_lag_b1_diag_20260430_100024.csv,2,right,complete_swing,swing_leg,right,1777514424.878831,1777514425.088886,0.21005511283874512,22,left,right,hip_roll,38.085242924514915,9.521310731128729,33.324587558950554,9.521310731128729,4.544261939856893,4.544261939856893,1.7,0.05388180000000001,3.7781232,0.08264520000000003,17.986342483843206,0.39344531481814016,0.8077314476084292
real,25/0.4 all_ankles,kp25_kd0.4,25.0,0.4,t27_tracking_lag_b1_diag_20260430_100024.csv,2,right,complete_support,support_leg,right,1777514425.088886,1777514425.4288707,0.339984655380249,35,right,left,ankle_pitch,20.589164508530512,5.8826184310087175,14.706546077521793,0.0,2.857271809347091,2.857271809347091,0.76,0.1356724,1.804017,0.16660469999999994,5.306171827026526,0.49003593945633883,0.3035764787306976
real,25/0.4 all_ankles,kp25_kd0.4,25.0,0.4,t27_tracking_lag_b1_diag_20260430_100024.csv,2,right,complete_support,support_leg,right,1777514425.088886,1777514425.4288707,0.339984655380249,35,right,left,ankle_roll,35.2957105860523,26.471782939539228,35.2957105860523,23.53047372403487,2.857271809347091,2.857271809347091,0.6513789999999999,0.118576,1.38746494,0.22650779999999998,4.080963414211203,0.6662294795236181,0.2619663119218756
real,25/0.4 all_ankles,kp25_kd0.4,25.0,0.4,t27_tracking_lag_b1_diag_20260430_100024.csv,2,right,complete_support,support_leg,right,1777514425.088886,1777514425.4288707,0.339984655380249,35,right,left,knee_pitch,47.06094744806974,8.823927646513075,44.11963823256538,2.9413092155043588,2.857271809347091,2.857271809347091,1.05095,0.13710299999999997,1.787134,0.179674,5.256513703541167,0.5284767919865302,0.2520601188301258
real,25/0.4 all_ankles,kp25_kd0.4,25.0,0.4,t27_tracking_lag_b1_diag_20260430_100024.csv,2,right,complete_support,support_leg,right,1777514425.088886,1777514425.4288707,0.339984655380249,35,right,left,hip_pitch,58.82618431008717,5.8826184310087175,58.82618431008717,2.9413092155043588,2.857271809347091,5.714543618694182,1.313079,0.040076,5.049625,0.07497299999999996,14.852508547341197,0.22051877581400817,0.2652943316041907
real,25/0.4 all_ankles,kp25_kd0.4,25.0,0.4,t27_tracking_lag_b1_diag_20260430_100024.csv,2,right,complete_support,support_leg,right,1777514425.088886,1777514425.4288707,0.339984655380249,35,right,left,hip_roll,32.35440137054795,11.765236862017435,29.413092155043586,5.8826184310087175,2.857271809347091,2.857271809347091,1.6139,0.08360329999999999,3.2293195999999997,0.0951083,9.498427499288848,0.27974291926095324,0.7994180031464957
real,25/0.4 all_ankles,kp25_kd0.4,25.0,0.4,t27_tracking_lag_b1_diag_20260430_100024.csv,3,left,complete_swing,swing_leg,left,1777514425.088886,1777514425.4288707,0.339984655380249,35,right,left,ankle_pitch,38.23701980155666,5.8826184310087175,35.2957105860523,2.9413092155043588,2.857271809347091,2.857271809347091,0.35604719999999995,0.424065,1.1105204,0.656064,3.2663838865255865,1.9296870891606515,0.19816283038422292
real,25/0.4 all_ankles,kp25_kd0.4,25.0,0.4,t27_tracking_lag_b1_diag_20260430_100024.csv,3,left,complete_swing,swing_leg,left,1777514425.088886,1777514425.4288707,0.339984655380249,35,right,left,ankle_roll,41.178329017061024,8.823927646513075,38.23701980155666,8.823927646513075,2.857271809347091,2.857271809347091,0.5576319,0.381341,0.8700623000000001,0.7290207,2.5591222610529183,2.1442753032034383,0.2527681019227144
real,25/0.4 all_ankles,kp25_kd0.4,25.0,0.4,t27_tracking_lag_b1_diag_20260430_100024.csv,3,left,complete_swing,swing_leg,left,1777514425.088886,1777514425.4288707,0.339984655380249,35,right,left,knee_pitch,26.471782939539228,2.9413092155043588,26.471782939539228,2.9413092155043588,2.857271809347091,2.857271809347091,0.9133089999999999,0.9163800000000001,1.727763,1.221076,5.081885234107457,3.5915620916312005,0.4024598339864844
real,25/0.4 all_ankles,kp25_kd0.4,25.0,0.4,t27_tracking_lag_b1_diag_20260430_100024.csv,3,left,complete_swing,swing_leg,left,1777514425.088886,1777514425.4288707,0.339984655380249,35,right,left,hip_pitch,44.11963823256538,2.9413092155043588,44.11963823256538,2.9413092155043588,2.857271809347091,2.857271809347091,0.9681075,0.331152,2.9316209,0.490113,8.622803569535183,1.441573883538488,0.29726455714428524
real,25/0.4 all_ankles,kp25_kd0.4,25.0,0.4,t27_tracking_lag_b1_diag_20260430_100024.csv,3,left,complete_swing,swing_leg,left,1777514425.088886,1777514425.4288707,0.339984655380249,35,right,left,hip_roll,23.53047372403487,2.9413092155043588,20.589164508530512,0.0,2.857271809347091,2.857271809347091,1.5886099999999999,0.0726733,2.5594590000000004,0.0809177,7.528160343405571,0.23800397670741702,0.4452704308710212
real,25/0.4 all_ankles,kp25_kd0.4,25.0,0.4,t27_tracking_lag_b1_diag_20260430_100024.csv,3,left,complete_support,support_leg,left,1777514425.4288707,1777514425.7888448,0.3599741458892822,37,left,right,ankle_pitch,16.667863702204404,8.333931851102202,13.88988641850367,5.555954567401468,2.702896816573687,2.702896816573687,0.25523999999999997,0.312523,0.6161779999999999,0.4457029,1.7117284867161506,1.2381525314795399,0.3567929547166261
real,25/0.4 all_ankles,kp25_kd0.4,25.0,0.4,t27_tracking_lag_b1_diag_20260430_100024.csv,3,left,complete_support,support_leg,left,1777514425.4288707,1777514425.7888448,0.3599741458892822,37,left,right,ankle_roll,13.88988641850367,11.111909134802936,11.111909134802936,11.111909134802936,2.702896816573687,2.702896816573687,0.6732967,0.477718,1.0319719,0.979648,2.866794495617486,2.7214398900228565,0.38702428768666375
real,25/0.4 all_ankles,kp25_kd0.4,25.0,0.4,t27_tracking_lag_b1_diag_20260430_100024.csv,3,left,complete_support,support_leg,left,1777514425.4288707,1777514425.7888448,0.3599741458892822,37,left,right,knee_pitch,47.22561382291248,2.777977283700734,47.22561382291248,0.0,2.702896816573687,2.702896816573687,1.1712941,0.41188,2.282885,0.44601,6.34180267130115,1.2390056483033645,0.327804610895313
real,25/0.4 all_ankles,kp25_kd0.4,25.0,0.4,t27_tracking_lag_b1_diag_20260430_100024.csv,3,left,complete_support,support_leg,left,1777514425.4288707,1777514425.7888448,0.3599741458892822,37,left,right,hip_pitch,52.78156839031395,2.777977283700734,52.78156839031395,0.0,2.702896816573687,2.702896816573687,1.2671774999999998,0.28916,5.4528109,0.40191,15.147784812515756,1.116496850092162,0.48748223155681997
real,25/0.4 all_ankles,kp25_kd0.4,25.0,0.4,t27_tracking_lag_b1_diag_20260430_100024.csv,3,left,complete_support,support_leg,left,1777514425.4288707,1777514425.7888448,0.3599741458892822,37,left,right,hip_roll,25.001795553306607,13.88988641850367,19.44584098590514,8.333931851102202,2.702896816573687,2.702896816573687,1.7,0.1271305,3.8282030000000002,0.2007642,10.634660971395002,0.5577183869803509,0.648076492080093
real,25/0.4 all_ankles,kp25_kd0.4,25.0,0.4,t27_tracking_lag_b1_diag_20260430_100024.csv,4,right,complete_swing,swing_leg,right,1777514425.4288707,1777514425.7888448,0.3599741458892822,37,left,right,ankle_pitch,19.44584098590514,5.555954567401468,16.667863702204404,2.777977283700734,2.702896816573687,2.702896816573687,0.14399799999999996,0.48448440000000004,0.373395,0.7611274,1.0372828278474355,2.114394627202202,0.17451938019361976
real,25/0.4 all_ankles,kp25_kd0.4,25.0,0.4,t27_tracking_lag_b1_diag_20260430_100024.csv,4,right,complete_swing,swing_leg,right,1777514425.4288707,1777514425.7888448,0.3599741458892822,37,left,right,ankle_roll,41.66965925551101,16.667863702204404,41.66965925551101,13.88988641850367,2.702896816573687,5.405793633147374,0.5598548,0.1219535,1.1827215,0.34100093800000003,3.2855734599444575,0.9472928594846425,0.10772919499677593
real,25/0.4 all_ankles,kp25_kd0.4,25.0,0.4,t27_tracking_lag_b1_diag_20260430_100024.csv,4,right,complete_swing,swing_leg,right,1777514425.4288707,1777514425.7888448,0.3599741458892822,37,left,right,knee_pitch,30.557750120708075,2.777977283700734,30.557750120708075,2.777977283700734,2.702896816573687,2.702896816573687,1.31753,0.868438,2.032658,1.570437,5.646677749532567,4.3626383114831295,0.514297011521973
real,25/0.4 all_ankles,kp25_kd0.4,25.0,0.4,t27_tracking_lag_b1_diag_20260430_100024.csv,4,right,complete_swing,swing_leg,right,1777514425.4288707,1777514425.7888448,0.3599741458892822,37,left,right,hip_pitch,30.557750120708075,5.555954567401468,30.557750120708075,2.777977283700734,2.702896816573687,2.702896816573687,0.905274,0.18810800000000005,3.990194,0.31140400000000007,11.084668289558966,0.8650732380535435,0.3357061219336888
real,25/0.4 all_ankles,kp25_kd0.4,25.0,0.4,t27_tracking_lag_b1_diag_20260430_100024.csv,4,right,complete_swing,swing_leg,right,1777514425.4288707,1777514425.7888448,0.3599741458892822,37,left,right,hip_roll,30.557750120708075,8.333931851102202,27.77977283700734,0.0,2.702896816573687,2.702896816573687,1.7,0.0546488,3.4519338,0.0864786,9.589393681238752,0.2402355863262423,0.5570205204685509
real,25/0.4 all_ankles,kp25_kd0.4,25.0,0.4,t27_tracking_lag_b1_diag_20260430_100024.csv,4,right,complete_support,support_leg,right,1777514425.7888448,1777514426.0589106,0.2700657844543457,28,right,left,ankle_pitch,0.0,14.811206121803982,0.0,14.811206121803982,0.0,3.5705586186491742,0.0,0.0845733,0.0,0.109047,0.0,0.40377939849108974,0.5418302789059731
real,25/0.4 all_ankles,kp25_kd0.4,25.0,0.4,t27_tracking_lag_b1_diag_20260430_100024.csv,4,right,complete_support,support_leg,right,1777514425.7888448,1777514426.0589106,0.2700657844543457,28,right,left,ankle_roll,37.02801530450996,25.91961071315697,37.02801530450996,25.91961071315697,7.1411172372983485,7.1411172372983485,0.6308469999999999,0.04580529999999999,1.563404,0.12384658999999999,5.788974723913209,0.45857934299313696,0.22867393758537596
real,25/0.4 all_ankles,kp25_kd0.4,25.0,0.4,t27_tracking_lag_b1_diag_20260430_100024.csv,4,right,complete_support,support_leg,right,1777514425.7888448,1777514426.0589106,0.2700657844543457,28,right,left,knee_pitch,44.433618365411945,3.7028015304509956,44.433618365411945,3.7028015304509956,3.5705586186491742,3.5705586186491742,0.245025,0.173343,0.9033249999999999,0.344385,3.3448331924946455,1.2751893050643661,0.11045819903167636
real,25/0.4 all_ankles,kp25_kd0.4,25.0,0.4,t27_tracking_lag_b1_diag_20260430_100024.csv,4,right,complete_support,support_leg,right,1777514425.7888448,1777514426.0589106,0.2700657844543457,28,right,left,hip_pitch,62.94762601766693,3.7028015304509956,62.94762601766693,3.7028015304509956,3.5705586186491742,3.5705586186491742,0.7256068,0.137677,2.915592,0.15244200000000002,10.79585851977068,0.5644624709050108,0.20815304572680066
real,25/0.4 all_ankles,kp25_kd0.4,25.0,0.4,t27_tracking_lag_b1_diag_20260430_100024.csv,4,right,complete_support,support_leg,right,1777514425.7888448,1777514426.0589106,0.2700657844543457,28,right,left,hip_roll,37.02801530450996,3.7028015304509956,37.02801530450996,3.7028015304509956,7.1411172372983485,3.5705586186491742,1.7,0.0851374,3.743106,0.150332498,13.859978625440306,0.5566514036709213,0.6068142510928782
real,25/0.4 all_ankles,kp25_kd0.4,25.0,0.4,t27_tracking_lag_b1_diag_20260430_100024.csv,5,left,complete_swing,swing_leg,left,1777514425.7888448,1777514426.0589106,0.2700657844543457,28,right,left,ankle_pitch,33.32521377405896,3.7028015304509956,25.91961071315697,3.7028015304509956,7.1411172372983485,3.5705586186491742,0.17912399999999998,0.3827351,0.45738599999999996,0.5807331,1.693609580806859,2.150339411463551,0.10934263981804594
real,25/0.4 all_ankles,kp25_kd0.4,25.0,0.4,t27_tracking_lag_b1_diag_20260430_100024.csv,5,left,complete_swing,swing_leg,left,1777514425.7888448,1777514426.0589106,0.2700657844543457,28,right,left,ankle_roll,25.91961071315697,7.405603060901991,25.91961071315697,7.405603060901991,3.5705586186491742,3.5705586186491742,0.1707171,0.44618199999999997,0.45060296,0.8758834,1.6684933299137488,3.2432223940166214,0.16318368937668518
real,25/0.4 all_ankles,kp25_kd0.4,25.0,0.4,t27_tracking_lag_b1_diag_20260430_100024.csv,5,left,complete_swing,swing_leg,left,1777514425.7888448,1777514426.0589106,0.2700657844543457,28,right,left,knee_pitch,18.51400765225498,3.7028015304509956,18.51400765225498,3.7028015304509956,3.5705586186491742,3.5705586186491742,1.031179,0.5819619999999999,1.3161440000000002,1.1328599999999998,4.873420017493896,4.1947557417867145,0.48270335456886526
real,25/0.4 all_ankles,kp25_kd0.4,25.0,0.4,t27_tracking_lag_b1_diag_20260430_100024.csv,5,left,complete_swing,swing_leg,left,1777514425.7888448,1777514426.0589106,0.2700657844543457,28,right,left,hip_pitch,44.433618365411945,3.7028015304509956,44.433618365411945,3.7028015304509956,3.5705586186491742,3.5705586186491742,0.979025,0.18849000000000005,1.8692680000000002,0.3225230000000001,6.921528411223073,1.194238658005647,0.29834421850385934
real,25/0.4 all_ankles,kp25_kd0.4,25.0,0.4,t27_tracking_lag_b1_diag_20260430_100024.csv,5,left,complete_swing,swing_leg,left,1777514425.7888448,1777514426.0589106,0.2700657844543457,28,right,left,hip_roll,51.83922142631394,0.0,48.13641989586294,0.0,7.1411172372983485,3.5705586186491742,0.305438,0.1031618,1.3171728400000002,0.1058454,4.877229607820485,0.39192450911119786,0.15358488463564154
real,25/0.4 all_ankles,kp25_kd0.4,25.0,0.4,t27_tracking_lag_b1_diag_20260430_100024.csv,5,left,complete_support,support_leg,left,1777514426.0589106,1777514426.4787288,0.4198181629180908,43,left,right,ankle_pitch,9.527934599581451,4.763967299790726,7.145950949686088,0.0,2.3265886812931447,4.653177362586289,0.19632999999999998,0.386351,0.49407399999999996,0.4827984,1.1768761898384013,1.1500178949956414,0.43142487904110755
real,25/0.4 all_ankles,kp25_kd0.4,25.0,0.4,t27_tracking_lag_b1_diag_20260430_100024.csv,5,left,complete_support,support_leg,left,1777514426.0589106,1777514426.4787288,0.4198181629180908,43,left,right,ankle_roll,23.819836498953627,19.055869199162903,23.819836498953627,14.291901899372176,2.3265886812931447,2.3265886812931447,0.773813,0.12705729999999998,2.0890313,0.35789509999999997,4.976038400719654,0.8525002765776658,0.2907098787406065
real,25/0.4 all_ankles,kp25_kd0.4,25.0,0.4,t27_tracking_lag_b1_diag_20260430_100024.csv,5,left,complete_support,support_leg,left,1777514426.0589106,1777514426.4787288,0.4198181629180908,43,left,right,knee_pitch,30.965787448639716,7.145950949686088,30.965787448639716,2.381983649895363,2.3265886812931447,2.3265886812931447,1.2048451999999998,0.3463010000000001,2.5720324,0.673619,6.1265391238011295,1.6045494442588644,0.3413991502026831
real,25/0.4 all_ankles,kp25_kd0.4,25.0,0.4,t27_tracking_lag_b1_diag_20260430_100024.csv,5,left,complete_support,support_leg,left,1777514426.0589106,1777514426.4787288,0.4198181629180908,43,left,right,hip_pitch,35.729754748430445,2.381983649895363,35.729754748430445,0.0,2.3265886812931447,2.3265886812931447,1.419692,0.451956,6.20558,0.664033,14.781590098117666,1.5817157489909675,0.47672324933158194
real,25/0.4 all_ankles,kp25_kd0.4,25.0,0.4,t27_tracking_lag_b1_diag_20260430_100024.csv,5,left,complete_support,support_leg,left,1777514426.0589106,1777514426.4787288,0.4198181629180908,43,left,right,hip_roll,28.583803798744352,14.291901899372176,21.437852849058263,11.909918249476814,2.3265886812931447,2.3265886812931447,1.7,0.16260429999999998,6.9039377,0.29031029999999997,16.445066721296197,0.6915143879962177,0.6552982185213423
real,25/0.4 all_ankles,kp25_kd0.4,25.0,0.4,t27_tracking_lag_b1_diag_20260430_100024.csv,6,right,complete_swing,swing_leg,right,1777514426.0589106,1777514426.4787288,0.4198181629180908,43,left,right,ankle_pitch,28.583803798744352,7.145950949686088,23.819836498953627,4.763967299790726,2.3265886812931447,2.3265886812931447,0.3407167,0.716825,1.5096695,1.077719,3.5960080657457074,2.567109037181581,0.23822007595167755
real,25/0.4 all_ankles,kp25_kd0.4,25.0,0.4,t27_tracking_lag_b1_diag_20260430_100024.csv,6,right,complete_swing,swing_leg,right,1777514426.0589106,1777514426.4787288,0.4198181629180908,43,left,right,ankle_roll,30.965787448639716,11.909918249476814,28.583803798744352,11.909918249476814,2.3265886812931447,2.3265886812931447,0.8911689999999999,0.2261495,2.0563674599999997,0.49285406000000004,4.898233667896855,1.1739703127045482,0.15857215575888053
real,25/0.4 all_ankles,kp25_kd0.4,25.0,0.4,t27_tracking_lag_b1_diag_20260430_100024.csv,6,right,complete_swing,swing_leg,right,1777514426.0589106,1777514426.4787288,0.4198181629180908,43,left,right,knee_pitch,28.583803798744352,2.381983649895363,28.583803798744352,2.381983649895363,2.3265886812931447,2.3265886812931447,1.027191,0.9832969999999999,2.275054,1.8484759999999998,5.419141430629044,4.40303960922398,0.4993738406377787
real,25/0.4 all_ankles,kp25_kd0.4,25.0,0.4,t27_tracking_lag_b1_diag_20260430_100024.csv,6,right,complete_swing,swing_leg,right,1777514426.0589106,1777514426.4787288,0.4198181629180908,43,left,right,hip_pitch,42.875705698116526,7.145950949686088,42.875705698116526,2.381983649895363,2.3265886812931447,2.3265886812931447,1.6216469999999998,0.21802,5.4041820199999995,0.2972119999999999,12.872673212698492,0.7079541245527003,0.3328713055681916
real,25/0.4 all_ankles,kp25_kd0.4,25.0,0.4,t27_tracking_lag_b1_diag_20260430_100024.csv,6,right,complete_swing,swing_leg,right,1777514426.0589106,1777514426.4787288,0.4198181629180908,43,left,right,hip_roll,28.583803798744352,16.67388554926754,26.20182014884899,4.763967299790726,2.3265886812931447,2.3265886812931447,1.7,0.02876279,3.3059139799999997,0.049663682,7.874633048320504,0.11829807851760263,0.48395742035195555
real,25/0.4 all_ankles,kp25_kd0.4,25.0,0.4,t27_tracking_lag_b1_diag_20260430_100024.csv,6,right,complete_support,support_leg,right,1777514426.4787288,1777514426.7989128,0.32018399238586426,33,right,left,ankle_pitch,56.217676173853214,12.492816927522936,53.09447194197248,12.492816927522936,3.0285616793994996,3.0285616793994996,0.7246779999999999,0.23369050000000002,2.8672247,0.457001,8.954928316792968,1.4273074571737274,0.23573423022517104
real,25/0.4 all_ankles,kp25_kd0.4,25.0,0.4,t27_tracking_lag_b1_diag_20260430_100024.csv,6,right,complete_support,support_leg,right,1777514426.4787288,1777514426.7989128,0.32018399238586426,33,right,left,ankle_roll,28.108838086926607,12.492816927522936,28.108838086926607,12.492816927522936,3.0285616793994996,3.0285616793994996,0.691872,0.1647498,2.46567423,0.46732342,7.70080418957527,1.4595464830009777,0.26175260166142417
real,25/0.4 all_ankles,kp25_kd0.4,25.0,0.4,t27_tracking_lag_b1_diag_20260430_100024.csv,6,right,complete_support,support_leg,right,1777514426.4787288,1777514426.7989128,0.32018399238586426,33,right,left,knee_pitch,43.724859246330276,3.123204231880734,37.47845078256881,0.0,3.0285616793994996,3.0285616793994996,0.826875,0.31792200000000004,1.8469289999999998,0.48551200000000005,5.768336468783252,1.516353133028879,0.1829549070465013
real,25/0.4 all_ankles,kp25_kd0.4,25.0,0.4,t27_tracking_lag_b1_diag_20260430_100024.csv,6,right,complete_support,support_leg,right,1777514426.4787288,1777514426.7989128,0.32018399238586426,33,right,left,hip_pitch,49.971267710091745,3.123204231880734,49.971267710091745,0.0,3.0285616793994996,3.0285616793994996,1.379723,0.15992,5.803096,0.289544,18.12425398521016,0.9043050461156753,0.33736661959450437
real,25/0.4 all_ankles,kp25_kd0.4,25.0,0.4,t27_tracking_lag_b1_diag_20260430_100024.csv,6,right,complete_support,support_leg,right,1777514426.4787288,1777514426.7989128,0.32018399238586426,33,right,left,hip_roll,28.108838086926607,12.492816927522936,21.862429623165138,9.369612695642202,6.057123358798999,3.0285616793994996,1.7,0.0931907,5.8282241,0.12022739999999998,18.20273417346928,0.37549472446801774,0.6717122042652925
real,30/0.4 all_ankles,kp30_kd0.4,30.0,0.4,t27_tracking_lag_b1_diag_20260430_100314.csv,1,left,complete_support,support_leg,left,1777514594.977654,1777514595.167746,0.1900920867919922,20,left,right,ankle_pitch,26.303041249009162,5.260608249801832,21.04243299920733,5.260608249801832,4.9975778373117405,4.9975778373117405,0.6495529999999999,0.2322436,1.7455931999999998,0.26394959999999995,9.182881988717979,1.3885354432918935,0.24028301688984804
real,30/0.4 all_ankles,kp30_kd0.4,30.0,0.4,t27_tracking_lag_b1_diag_20260430_100314.csv,1,left,complete_support,support_leg,left,1777514594.977654,1777514595.167746,0.1900920867919922,20,left,right,ankle_roll,31.563649498810992,5.260608249801832,31.563649498810992,0.0,4.9975778373117405,4.9975778373117405,0.541634,0.2001407,0.64726046,0.31096670000000004,3.404983715646529,1.6358739874336516,0.28399790678323167
real,30/0.4 all_ankles,kp30_kd0.4,30.0,0.4,t27_tracking_lag_b1_diag_20260430_100314.csv,1,left,complete_support,support_leg,left,1777514594.977654,1777514595.167746,0.1900920867919922,20,left,right,knee_pitch,26.303041249009162,0.0,26.303041249009162,0.0,4.9975778373117405,4.9975778373117405,0.669771,0.39903299999999997,1.0774960000000002,0.39903299999999997,5.668284346728476,2.0991562917431743,0.1786043156123334
real,30/0.4 all_ankles,kp30_kd0.4,30.0,0.4,t27_tracking_lag_b1_diag_20260430_100314.csv,1,left,complete_support,support_leg,left,1777514594.977654,1777514595.167746,0.1900920867919922,20,left,right,hip_pitch,47.34547424821649,0.0,47.34547424821649,0.0,9.995155674623481,4.9975778373117405,1.7507819999999998,0.239496,4.620225,0.239496,24.305193750940667,1.2598946333945396,0.5217926214550183
real,30/0.4 all_ankles,kp30_kd0.4,30.0,0.4,t27_tracking_lag_b1_diag_20260430_100314.csv,1,left,complete_support,support_leg,left,1777514594.977654,1777514595.167746,0.1900920867919922,20,left,right,hip_roll,31.563649498810992,5.260608249801832,26.303041249009162,0.0,4.9975778373117405,4.9975778373117405,0.9431769999999999,0.0402675,1.54323406,0.047170799999999985,8.118349827411176,0.24814709962975218,0.3201383166257634
real,30/0.4 all_ankles,kp30_kd0.4,30.0,0.4,t27_tracking_lag_b1_diag_20260430_100314.csv,2,right,complete_swing,swing_leg,right,1777514594.977654,1777514595.167746,0.1900920867919922,20,left,right,ankle_pitch,21.04243299920733,5.260608249801832,15.781824749405496,0.0,4.9975778373117405,4.9975778373117405,0.4301992,0.4819182,1.0945274,0.4913442,5.7578798700741505,2.5847693520122816,0.21486683343094393
real,30/0.4 all_ankles,kp30_kd0.4,30.0,0.4,t27_tracking_lag_b1_diag_20260430_100314.csv,2,right,complete_swing,swing_leg,right,1777514594.977654,1777514595.167746,0.1900920867919922,20,left,right,ankle_roll,26.303041249009162,10.521216499603664,21.04243299920733,5.260608249801832,9.995155674623481,4.9975778373117405,0.5474870000000001,0.1689405,1.48334206,0.2488426,7.8032814781140445,1.3090634344621375,0.11572115342107447
real,30/0.4 all_ankles,kp30_kd0.4,30.0,0.4,t27_tracking_lag_b1_diag_20260430_100314.csv,2,right,complete_swing,swing_leg,right,1777514594.977654,1777514595.167746,0.1900920867919922,20,left,right,knee_pitch,47.34547424821649,0.0,47.34547424821649,0.0,4.9975778373117405,4.9975778373117405,0.425751,0.8795630000000001,1.249105,0.8795630000000001,6.571052067868717,4.62703637402045,0.4448296068400798
real,30/0.4 all_ankles,kp30_kd0.4,30.0,0.4,t27_tracking_lag_b1_diag_20260430_100314.csv,2,right,complete_swing,swing_leg,right,1777514594.977654,1777514595.167746,0.1900920867919922,20,left,right,hip_pitch,31.563649498810992,5.260608249801832,31.563649498810992,0.0,4.9975778373117405,4.9975778373117405,0.619304,0.17832800000000004,1.718335,0.2151440000000001,9.03948727692323,1.131788301295366,0.2803386099736353
real,30/0.4 all_ankles,kp30_kd0.4,30.0,0.4,t27_tracking_lag_b1_diag_20260430_100314.csv,2,right,complete_swing,swing_leg,right,1777514594.977654,1777514595.167746,0.1900920867919922,20,left,right,hip_roll,42.08486599841466,5.260608249801832,42.08486599841466,5.260608249801832,4.9975778373117405,4.9975778373117405,1.685977,0.035282400000000005,2.2941644,0.0458297,12.068700169041671,0.24109209790594302,0.5297717038472127
real,30/0.4 all_ankles,kp30_kd0.4,30.0,0.4,t27_tracking_lag_b1_diag_20260430_100314.csv,2,right,complete_support,support_leg,right,1777514595.167746,1777514595.4575558,0.2898097038269043,30,right,left,ankle_pitch,0.0,6.90108016947061,0.0,6.90108016947061,0.0,3.335522081910795,0.0,0.0675107,0.0,0.1272019,0.0,0.43891525480449184,0.4542462447307161
real,30/0.4 all_ankles,kp30_kd0.4,30.0,0.4,t27_tracking_lag_b1_diag_20260430_100314.csv,2,right,complete_support,support_leg,right,1777514595.167746,1777514595.4575558,0.2898097038269043,30,right,left,ankle_roll,34.50540084735305,31.054860762617746,34.50540084735305,31.054860762617746,3.335522081910795,3.335522081910795,0.803881,0.0571785,2.18832899,0.1027507,7.550916898583324,0.3545454090846119,0.2232077899023351
real,30/0.4 all_ankles,kp30_kd0.4,30.0,0.4,t27_tracking_lag_b1_diag_20260430_100314.csv,2,right,complete_support,support_leg,right,1777514595.167746,1777514595.4575558,0.2898097038269043,30,right,left,knee_pitch,37.95594093208835,3.450540084735305,37.95594093208835,0.0,3.335522081910795,3.335522081910795,0.249504,0.19731200000000002,0.8782299999999998,0.309678,3.0303678186170866,1.0685563523606598,0.12891138001291172
real,30/0.4 all_ankles,kp30_kd0.4,30.0,0.4,t27_tracking_lag_b1_diag_20260430_100314.csv,2,right,complete_support,support_leg,right,1777514595.167746,1777514595.4575558,0.2898097038269043,30,right,left,hip_pitch,58.659181440500184,3.450540084735305,58.659181440500184,3.450540084735305,6.67104416382159,3.335522081910795,1.032942,0.10297,3.2302939999999998,0.13786900000000002,11.146258932479947,0.47572251094237183,0.20749247130888065
real,30/0.4 all_ankles,kp30_kd0.4,30.0,0.4,t27_tracking_lag_b1_diag_20260430_100314.csv,2,right,complete_support,support_leg,right,1777514595.167746,1777514595.4575558,0.2898097038269043,30,right,left,hip_roll,37.95594093208835,10.351620254205915,34.50540084735305,10.351620254205915,3.335522081910795,3.335522081910795,1.29945,0.018983399999999997,3.3561029999999996,0.04563610000000001,11.58036793000041,0.15746919236098889,0.9340974032529996
real,30/0.4 all_ankles,kp30_kd0.4,30.0,0.4,t27_tracking_lag_b1_diag_20260430_100314.csv,3,left,complete_swing,swing_leg,left,1777514595.167746,1777514595.4575558,0.2898097038269043,30,right,left,ankle_pitch,34.50540084735305,6.90108016947061,34.50540084735305,3.450540084735305,6.67104416382159,3.335522081910795,0.203897,0.251881,0.81499,0.473604,2.812155663658426,1.6341895862909794,0.10238352962822357
real,30/0.4 all_ankles,kp30_kd0.4,30.0,0.4,t27_tracking_lag_b1_diag_20260430_100314.csv,3,left,complete_swing,swing_leg,left,1777514595.167746,1777514595.4575558,0.2898097038269043,30,right,left,ankle_roll,37.95594093208835,6.90108016947061,34.50540084735305,6.90108016947061,3.335522081910795,3.335522081910795,0.061966999999999994,0.348932,0.28662059,0.8355364,0.9889958349054832,2.8830518404554315,0.12362088089536835
real,30/0.4 all_ankles,kp30_kd0.4,30.0,0.4,t27_tracking_lag_b1_diag_20260430_100314.csv,3,left,complete_swing,swing_leg,left,1777514595.167746,1777514595.4575558,0.2898097038269043,30,right,left,knee_pitch,27.60432067788244,3.450540084735305,27.60432067788244,3.450540084735305,3.335522081910795,3.335522081910795,0.9855949999999999,0.578894,1.8121459999999998,0.9842540000000001,6.252882412392744,3.396207880561063,0.47070278434159846
real,30/0.4 all_ankles,kp30_kd0.4,30.0,0.4,t27_tracking_lag_b1_diag_20260430_100314.csv,3,left,complete_swing,swing_leg,left,1777514595.167746,1777514595.4575558,0.2898097038269043,30,right,left,hip_pitch,55.20864135576488,3.450540084735305,55.20864135576488,3.450540084735305,3.335522081910795,3.335522081910795,0.8406950000000001,0.17411,1.8669229999999999,0.33613899999999997,6.441892646614289,1.1598610935428406,0.30328634537342214
real,30/0.4 all_ankles,kp30_kd0.4,30.0,0.4,t27_tracking_lag_b1_diag_20260430_100314.csv,3,left,complete_swing,swing_leg,left,1777514595.167746,1777514595.4575558,0.2898097038269043,30,right,left,hip_roll,27.60432067788244,3.450540084735305,24.153780593147136,3.450540084735305,3.335522081910795,3.335522081910795,0.452943,0.0719061,1.6855326,0.0747817,5.815997800428119,0.2580372534546502,0.13518994361221487
real,30/0.4 all_ankles,kp30_kd0.4,30.0,0.4,t27_tracking_lag_b1_diag_20260430_100314.csv,3,left,complete_support,support_leg,left,1777514595.4575558,1777514595.8776815,0.42012572288513184,43,left,right,ankle_pitch,16.6616791562508,7.1407196383931995,14.281439276786399,2.3802398794643995,2.3248854636629024,2.3248854636629024,0.275981,0.42333,0.71907,0.6584074999999999,1.711559090126466,1.5671677884384565,0.4292892229248087
real,30/0.4 all_ankles,kp30_kd0.4,30.0,0.4,t27_tracking_lag_b1_diag_20260430_100314.csv,3,left,complete_support,support_leg,left,1777514595.4575558,1777514595.8776815,0.42012572288513184,43,left,right,ankle_roll,23.802398794644,14.281439276786399,21.422158915179597,11.901199397322,2.3248854636629024,2.3248854636629024,0.82222,0.457938,2.27688129,1.1095561999999999,5.419523647264347,2.6410099157469773,0.3905299675931095
real,30/0.4 all_ankles,kp30_kd0.4,30.0,0.4,t27_tracking_lag_b1_diag_20260430_100314.csv,3,left,complete_support,support_leg,left,1777514595.4575558,1777514595.8776815,0.42012572288513184,43,left,right,knee_pitch,38.08383807143039,2.3802398794643995,38.08383807143039,2.3802398794643995,2.3248854636629024,2.3248854636629024,1.307781,0.6354609999999999,3.260898,1.007457,7.761719462465702,2.3979893282455658,0.3545326872363767
real,30/0.4 all_ankles,kp30_kd0.4,30.0,0.4,t27_tracking_lag_b1_diag_20260430_100314.csv,3,left,complete_support,support_leg,left,1777514595.4575558,1777514595.8776815,0.42012572288513184,43,left,right,hip_pitch,30.943118433037196,2.3802398794643995,30.943118433037196,2.3802398794643995,2.3248854636629024,2.3248854636629024,1.973482,0.7142710000000001,7.350688,1.013786,17.49640071910041,2.413053866442696,0.7489105612457914
real,30/0.4 all_ankles,kp30_kd0.4,30.0,0.4,t27_tracking_lag_b1_diag_20260430_100314.csv,3,left,complete_support,support_leg,left,1777514595.4575558,1777514595.8776815,0.42012572288513184,43,left,right,hip_roll,21.422158915179597,14.281439276786399,19.041919035715196,11.901199397322,2.3248854636629024,2.3248854636629024,1.7,0.21149990000000002,7.0810958,0.3137017,16.85470661346787,0.7466852965957773,0.6071472503281106
real,30/0.4 all_ankles,kp30_kd0.4,30.0,0.4,t27_tracking_lag_b1_diag_20260430_100314.csv,4,right,complete_swing,swing_leg,right,1777514595.4575558,1777514595.8776815,0.42012572288513184,43,left,right,ankle_pitch,14.281439276786399,7.1407196383931995,9.520959517857598,4.760479758928799,2.3248854636629024,2.3248854636629024,0.4706529,0.4077216,1.5410302999999999,0.6843639,3.6680217755229876,1.6289502468457866,0.2227219732204327
real,30/0.4 all_ankles,kp30_kd0.4,30.0,0.4,t27_tracking_lag_b1_diag_20260430_100314.csv,4,right,complete_swing,swing_leg,right,1777514595.4575558,1777514595.8776815,0.42012572288513184,43,left,right,ankle_roll,28.562878553572798,9.520959517857598,28.562878553572798,7.1407196383931995,2.3248854636629024,2.3248854636629024,0.983525,0.2445948,2.6121149900000002,0.7066503,6.217460268944753,1.6819972248954818,0.179213494101972
real,30/0.4 all_ankles,kp30_kd0.4,30.0,0.4,t27_tracking_lag_b1_diag_20260430_100314.csv,4,right,complete_swing,swing_leg,right,1777514595.4575558,1777514595.8776815,0.42012572288513184,43,left,right,knee_pitch,26.182638674108397,4.760479758928799,26.182638674108397,4.760479758928799,2.3248854636629024,2.3248854636629024,1.318692,0.8088009999999999,4.311457,1.376188,10.262301889995943,3.2756575592403534,0.5319985580215421
real,30/0.4 all_ankles,kp30_kd0.4,30.0,0.4,t27_tracking_lag_b1_diag_20260430_100314.csv,4,right,complete_swing,swing_leg,right,1777514595.4575558,1777514595.8776815,0.42012572288513184,43,left,right,hip_pitch,35.703598191965995,7.1407196383931995,35.703598191965995,4.760479758928799,4.649770927325805,2.3248854636629024,1.520346,0.20229699999999995,7.667572600000001,0.3397819999999999,18.250662081208535,0.8087626667241725,0.4398586929393403
real,30/0.4 all_ankles,kp30_kd0.4,30.0,0.4,t27_tracking_lag_b1_diag_20260430_100314.csv,4,right,complete_swing,swing_leg,right,1777514595.4575558,1777514595.8776815,0.42012572288513184,43,left,right,hip_roll,23.802398794644,4.760479758928799,16.6616791562508,2.3802398794643995,2.3248854636629024,2.3248854636629024,1.7,0.09395800000000001,4.982469,0.20670780000000002,11.859471411995107,0.4920141489563513,0.5355754466851775
real,30/0.4 all_ankles,kp30_kd0.4,30.0,0.4,t27_tracking_lag_b1_diag_20260430_100314.csv,4,right,complete_support,support_leg,right,1777514595.8776815,1777514596.3676941,0.49001264572143555,50,right,left,ankle_pitch,40.815273186581564,6.122290977987235,40.815273186581564,2.040763659329078,1.9999483861424965,1.9999483861424965,0.532969,0.4913558,2.67331396,0.6784676000000001,5.45560197954511,1.3845920221122174,0.15789609122057224
real,30/0.4 all_ankles,kp30_kd0.4,30.0,0.4,t27_tracking_lag_b1_diag_20260430_100314.csv,4,right,complete_support,support_leg,right,1777514595.8776815,1777514596.3676941,0.49001264572143555,50,right,left,ankle_roll,30.611454889936173,32.65221854926525,28.570691230607096,30.611454889936173,1.9999483861424965,3.999896772284993,0.6051567,0.1012689,2.1373867200000003,0.29021334,4.361901144108576,0.5922568377245139,0.22690604243823248
real,30/0.4 all_ankles,kp30_kd0.4,30.0,0.4,t27_tracking_lag_b1_diag_20260430_100314.csv,4,right,complete_support,support_leg,right,1777514595.8776815,1777514596.3676941,0.49001264572143555,50,right,left,knee_pitch,36.73374586792341,2.040763659329078,34.69298220859433,2.040763659329078,1.9999483861424965,1.9999483861424965,0.9176170000000001,0.9854090000000001,2.853376000000001,1.3857850000000003,5.8230660472017695,2.8280596676433474,0.3191011209698581
real,30/0.4 all_ankles,kp30_kd0.4,30.0,0.4,t27_tracking_lag_b1_diag_20260430_100314.csv,4,right,complete_support,support_leg,right,1777514595.8776815,1777514596.3676941,0.49001264572143555,50,right,left,hip_pitch,46.9375641645688,6.122290977987235,46.9375641645688,6.122290977987235,1.9999483861424965,1.9999483861424965,1.9383970000000001,0.31562100000000004,8.65372424,0.586372,17.66020594684715,1.1966466684481103,0.5054434454720912
real,30/0.4 all_ankles,kp30_kd0.4,30.0,0.4,t27_tracking_lag_b1_diag_20260430_100314.csv,4,right,complete_support,support_leg,right,1777514595.8776815,1777514596.3676941,0.49001264572143555,50,right,left,hip_roll,22.448400252619862,6.122290977987235,18.366872933961705,4.081527318658156,3.999896772284993,1.9999483861424965,1.7,0.15666,7.1079532,0.2956783,14.505652582771832,0.6034095294922011,0.5924889234490003
real,30/0.4 all_ankles,kp30_kd0.4,30.0,0.4,t27_tracking_lag_b1_diag_20260430_100314.csv,5,left,complete_swing,swing_leg,left,1777514595.8776815,1777514596.3676941,0.49001264572143555,50,right,left,ankle_pitch,26.529927571278016,4.081527318658156,26.529927571278016,4.081527318658156,3.999896772284993,1.9999483861424965,0.4837622,0.7241470000000001,1.6189663999999997,1.529986,3.3039277947948236,3.1223398280822594,0.3175972207328933
real,30/0.4 all_ankles,kp30_kd0.4,30.0,0.4,t27_tracking_lag_b1_diag_20260430_100314.csv,5,left,complete_swing,swing_leg,left,1777514595.8776815,1777514596.3676941,0.49001264572143555,50,right,left,ankle_roll,44.896800505239725,4.081527318658156,42.856036845910644,4.081527318658156,1.9999483861424965,3.999896772284993,0.6166026,0.550819,1.7843611000000001,1.443527,3.6414592880004597,2.945897442860326,0.28763714704168636
real,30/0.4 all_ankles,kp30_kd0.4,30.0,0.4,t27_tracking_lag_b1_diag_20260430_100314.csv,5,left,complete_swing,swing_leg,left,1777514595.8776815,1777514596.3676941,0.49001264572143555,50,right,left,knee_pitch,40.815273186581564,4.081527318658156,40.815273186581564,4.081527318658156,1.9999483861424965,1.9999483861424965,1.018977,1.1551040000000001,3.215886,1.9245980000000003,6.562863281345152,3.927649657217426,0.4106071451657655
real,30/0.4 all_ankles,kp30_kd0.4,30.0,0.4,t27_tracking_lag_b1_diag_20260430_100314.csv,5,left,complete_swing,swing_leg,left,1777514595.8776815,1777514596.3676941,0.49001264572143555,50,right,left,hip_pitch,46.9375641645688,4.081527318658156,46.9375641645688,0.0,1.9999483861424965,1.9999483861424965,1.2237957000000002,0.7378560000000001,5.5051322,0.855591,11.234673733562339,1.7460590200490254,0.38740786601958666
real,30/0.4 all_ankles,kp30_kd0.4,30.0,0.4,t27_tracking_lag_b1_diag_20260430_100314.csv,5,left,complete_swing,swing_leg,left,1777514595.8776815,1777514596.3676941,0.49001264572143555,50,right,left,hip_roll,38.774509527252484,8.163054637316312,34.69298220859433,6.122290977987235,1.9999483861424965,1.9999483861424965,1.7,0.0803435,6.7717595,0.1443875,13.819560697316449,0.29466076286137727,0.5617438107847951
real,30/0.4 all_ankles,kp30_kd0.4,30.0,0.4,t27_tracking_lag_b1_diag_20260430_100314.csv,5,left,complete_support,support_leg,left,1777514596.3676941,1777514596.5476913,0.17999720573425293,19,left,right,ankle_pitch,5.555641799664355,16.66692539899306,5.555641799664355,11.11128359932871,5.26323959968202,5.26323959968202,0.20771699999999998,0.07637981,0.29359599999999997,0.09907461000000001,1.6311142098142557,0.5504230446014441,0.33362661210600425
real,30/0.4 all_ankles,kp30_kd0.4,30.0,0.4,t27_tracking_lag_b1_diag_20260430_100314.csv,5,left,complete_support,support_leg,left,1777514596.3676941,1777514596.5476913,0.17999720573425293,19,left,right,ankle_roll,11.11128359932871,11.11128359932871,11.11128359932871,11.11128359932871,5.26323959968202,5.26323959968202,0.5729150000000001,0.23117510000000002,0.7696589,0.2579773,4.275949156323688,1.4332294712445512,0.1511853300050997
real,30/0.4 all_ankles,kp30_kd0.4,30.0,0.4,t27_tracking_lag_b1_diag_20260430_100314.csv,5,left,complete_support,support_leg,left,1777514596.3676941,1777514596.5476913,0.17999720573425293,19,left,right,knee_pitch,27.778208998321773,5.555641799664355,27.778208998321773,5.555641799664355,5.26323959968202,5.26323959968202,1.066309,0.17717699999999997,1.302964,0.19328399999999996,7.238801261857866,1.073816669606325,0.30663287028833547
real,30/0.4 all_ankles,kp30_kd0.4,30.0,0.4,t27_tracking_lag_b1_diag_20260430_100314.csv,5,left,complete_support,support_leg,left,1777514596.3676941,1777514596.5476913,0.17999720573425293,19,left,right,hip_pitch,44.44513439731484,0.0,44.44513439731484,0.0,5.26323959968202,5.26323959968202,1.0428849999999998,0.32118199999999997,2.577654,0.32118199999999997,14.320522307472022,1.7843721444997964,0.4798065432382432
real,30/0.4 all_ankles,kp30_kd0.4,30.0,0.4,t27_tracking_lag_b1_diag_20260430_100314.csv,5,left,complete_support,support_leg,left,1777514596.3676941,1777514596.5476913,0.17999720573425293,19,left,right,hip_roll,33.33385079798612,11.11128359932871,27.778208998321773,0.0,5.26323959968202,5.26323959968202,0.94815,0.0439109,1.3998365,0.05637490000000002,7.776990172095851,0.31319875089189814,0.3636045486432374
real,30/0.4 all_ankles,kp30_kd0.4,30.0,0.4,t27_tracking_lag_b1_diag_20260430_100314.csv,6,right,complete_swing,swing_leg,right,1777514596.3676941,1777514596.5476913,0.17999720573425293,19,left,right,ankle_pitch,38.88949259765048,5.555641799664355,38.88949259765048,5.555641799664355,5.26323959968202,5.26323959968202,0.20942899999999998,0.5725279,0.425415,0.5742558999999999,2.3634533562042113,3.190360081743873,0.20857258018626715
real,30/0.4 all_ankles,kp30_kd0.4,30.0,0.4,t27_tracking_lag_b1_diag_20260430_100314.csv,6,right,complete_swing,swing_leg,right,1777514596.3676941,1777514596.5476913,0.17999720573425293,19,left,right,ankle_roll,27.778208998321773,11.11128359932871,27.778208998321773,11.11128359932871,5.26323959968202,5.26323959968202,0.21700019999999998,0.1317197,0.5027957,0.18096299999999998,2.7933528076114986,1.0053656069926604,0.06529433541455354
real,30/0.4 all_ankles,kp30_kd0.4,30.0,0.4,t27_tracking_lag_b1_diag_20260430_100314.csv,6,right,complete_swing,swing_leg,right,1777514596.3676941,1777514596.5476913,0.17999720573425293,19,left,right,knee_pitch,38.88949259765048,0.0,38.88949259765048,0.0,5.26323959968202,5.26323959968202,0.599437,0.9012259999999999,0.9064299999999998,0.9016059999999997,5.03580039646976,5.008999980428178,0.4242010863913233
real,30/0.4 all_ankles,kp30_kd0.4,30.0,0.4,t27_tracking_lag_b1_diag_20260430_100314.csv,6,right,complete_swing,swing_leg,right,1777514596.3676941,1777514596.5476913,0.17999720573425293,19,left,right,hip_pitch,44.44513439731484,5.555641799664355,44.44513439731484,5.555641799664355,5.26323959968202,5.26323959968202,0.624381,0.12348799999999993,1.479083,0.15244299999999988,8.217255339972953,0.8469187028662325,0.3959377982305195
real,30/0.4 all_ankles,kp30_kd0.4,30.0,0.4,t27_tracking_lag_b1_diag_20260430_100314.csv,6,right,complete_swing,swing_leg,right,1777514596.3676941,1777514596.5476913,0.17999720573425293,19,left,right,hip_roll,44.44513439731484,11.11128359932871,44.44513439731484,0.0,5.26323959968202,5.26323959968202,1.353,0.025503199999999997,1.66281398,0.030488999999999995,9.237998852354247,0.16938596282996649,0.33636015558491905
real,30/0.4 all_ankles,kp30_kd0.4,30.0,0.4,t27_tracking_lag_b1_diag_20260430_100314.csv,6,right,complete_support,support_leg,right,1777514596.5476913,1777514596.857701,0.3100097179412842,32,right,left,ankle_pitch,3.225705331564477,9.67711599469343,0.0,3.225705331564477,3.124902039953087,3.124902039953087,0.240579,0.1946262,0.45000799999999996,0.3904053,1.4515932048466669,1.259332457681029,0.5732481103028046
real,30/0.4 all_ankles,kp30_kd0.4,30.0,0.4,t27_tracking_lag_b1_diag_20260430_100314.csv,6,right,complete_support,support_leg,right,1777514596.5476913,1777514596.857701,0.3100097179412842,32,right,left,ankle_roll,35.482758647209245,19.35423198938686,35.482758647209245,16.128526657822384,3.124902039953087,6.249804079906174,0.460477,0.05568637,1.6504310000000002,0.22207954,5.323804076079291,0.7163631562093864,0.15539892527285268
real,30/0.4 all_ankles,kp30_kd0.4,30.0,0.4,t27_tracking_lag_b1_diag_20260430_100314.csv,6,right,complete_support,support_leg,right,1777514596.5476913,1777514596.857701,0.3100097179412842,32,right,left,knee_pitch,32.25705331564477,3.225705331564477,32.25705331564477,3.225705331564477,3.124902039953087,3.124902039953087,0.31045500000000004,0.3317294,0.8491909999999999,0.6341208,2.739239936216569,2.0454868454159314,0.15842188713644692
real,30/0.4 all_ankles,kp30_kd0.4,30.0,0.4,t27_tracking_lag_b1_diag_20260430_100314.csv,6,right,complete_support,support_leg,right,1777514596.5476913,1777514596.857701,0.3100097179412842,32,right,left,hip_pitch,45.159874641902675,3.225705331564477,45.159874641902675,3.225705331564477,3.124902039953087,3.124902039953087,0.9544250000000001,0.22108799999999995,3.004842,0.37602199999999997,9.692734859908866,1.2129361701855377,0.3608811605071398
real,30/0.4 all_ankles,kp30_kd0.4,30.0,0.4,t27_tracking_lag_b1_diag_20260430_100314.csv,6,right,complete_support,support_leg,right,1777514596.5476913,1777514596.857701,0.3100097179412842,32,right,left,hip_roll,38.70846397877372,12.902821326257907,38.70846397877372,6.451410663128954,3.124902039953087,3.124902039953087,1.6809699999999999,0.06883858,4.51631,0.09395738000000001,14.568285245997961,0.30307882160582955,0.6945336637949453
real,35/0.5 all_ankles,kp35_kd0.5,35.0,0.5,t27_tracking_lag_b1_diag_20260430_100705.csv,1,left,complete_support,support_leg,left,1777514825.9877677,1777514826.1375866,0.14981889724731445,16,left,right,ankle_pitch,6.674725407631615,6.674725407631615,6.674725407631615,6.674725407631615,6.2575550696546385,6.2575550696546385,0.25323399999999996,0.064678,0.42106899999999997,0.112772,2.8105199526660365,0.7527221336694324,0.21869359890009352
real,35/0.5 all_ankles,kp35_kd0.5,35.0,0.5,t27_tracking_lag_b1_diag_20260430_100705.csv,1,left,complete_support,support_leg,left,1777514825.9877677,1777514826.1375866,0.14981889724731445,16,left,right,ankle_roll,6.674725407631615,6.674725407631615,6.674725407631615,6.674725407631615,6.2575550696546385,6.2575550696546385,0.5380604,0.3627795,0.5624194,0.5484555,3.7539950589249282,3.660789860805301,0.1523240745049072
real,35/0.5 all_ankles,kp35_kd0.5,35.0,0.5,t27_tracking_lag_b1_diag_20260430_100705.csv,1,left,complete_support,support_leg,left,1777514825.9877677,1777514826.1375866,0.14981889724731445,16,left,right,knee_pitch,26.69890163052646,0.0,26.69890163052646,0.0,6.2575550696546385,6.2575550696546385,0.558487,0.289543,0.8213309999999998,0.289543,5.48215889377548,1.9326200187018807,0.24627175323537412
real,35/0.5 all_ankles,kp35_kd0.5,35.0,0.5,t27_tracking_lag_b1_diag_20260430_100705.csv,1,left,complete_support,support_leg,left,1777514825.9877677,1777514826.1375866,0.14981889724731445,16,left,right,hip_pitch,26.69890163052646,0.0,26.69890163052646,0.0,6.2575550696546385,6.2575550696546385,0.8193729999999999,0.25004299999999996,1.2521479999999998,0.25004299999999996,8.35774406971511,1.6689683651004317,0.6554583183013528
real,35/0.5 all_ankles,kp35_kd0.5,35.0,0.5,t27_tracking_lag_b1_diag_20260430_100705.csv,1,left,complete_support,support_leg,left,1777514825.9877677,1777514826.1375866,0.14981889724731445,16,left,right,hip_roll,20.024176222894845,13.34945081526323,20.024176222894845,6.674725407631615,6.2575550696546385,6.2575550696546385,0.62958,0.0345148,0.685203,0.03911640000000001,4.573541873485405,0.26109122893508135,0.27183971487838915
real,35/0.5 all_ankles,kp35_kd0.5,35.0,0.5,t27_tracking_lag_b1_diag_20260430_100705.csv,2,right,complete_swing,swing_leg,right,1777514825.9877677,1777514826.1375866,0.14981889724731445,16,left,right,ankle_pitch,13.34945081526323,6.674725407631615,13.34945081526323,0.0,6.2575550696546385,6.2575550696546385,0.16425399999999998,0.27212400000000003,0.22837799999999994,0.288543,1.5243604391440926,1.9259452932942491,0.12317038392811804
real,35/0.5 all_ankles,kp35_kd0.5,35.0,0.5,t27_tracking_lag_b1_diag_20260430_100705.csv,2,right,complete_swing,swing_leg,right,1777514825.9877677,1777514826.1375866,0.14981889724731445,16,left,right,ankle_roll,13.34945081526323,13.34945081526323,13.34945081526323,13.34945081526323,6.2575550696546385,6.2575550696546385,0.37621,0.316096,0.54889404,0.44205419999999995,3.6637169948855637,2.950590400290267,0.1479853589225843
real,35/0.5 all_ankles,kp35_kd0.5,35.0,0.5,t27_tracking_lag_b1_diag_20260430_100705.csv,2,right,complete_swing,swing_leg,right,1777514825.9877677,1777514826.1375866,0.14981889724731445,16,left,right,knee_pitch,13.34945081526323,0.0,13.34945081526323,0.0,6.2575550696546385,6.2575550696546385,0.6283701,0.676117,0.6980184000000001,0.676317,4.6590811494743685,4.51423026351319,0.5329534292820791
real,35/0.5 all_ankles,kp35_kd0.5,35.0,0.5,t27_tracking_lag_b1_diag_20260430_100705.csv,2,right,complete_swing,swing_leg,right,1777514825.9877677,1777514826.1375866,0.14981889724731445,16,left,right,hip_pitch,20.024176222894845,6.674725407631615,20.024176222894845,6.674725407631615,6.2575550696546385,6.2575550696546385,0.83965,0.062894,1.2477960000000001,0.09817699999999996,8.3286956647411,0.6553045163450488,0.3069694382075152
real,35/0.5 all_ankles,kp35_kd0.5,35.0,0.5,t27_tracking_lag_b1_diag_20260430_100705.csv,2,right,complete_swing,swing_leg,right,1777514825.9877677,1777514826.1375866,0.14981889724731445,16,left,right,hip_roll,40.04835244578969,6.674725407631615,33.37362703815808,6.674725407631615,6.2575550696546385,6.2575550696546385,0.918377,0.02799539999999999,1.17534044,0.03604869999999999,7.845074697484922,0.24061517380208972,0.2395983039434031
real,35/0.5 all_ankles,kp35_kd0.5,35.0,0.5,t27_tracking_lag_b1_diag_20260430_100705.csv,2,right,complete_support,support_leg,right,1777514826.1375866,1777514826.4476342,0.31004762649536133,32,right,left,ankle_pitch,0.0,3.225310934657199,0.0,3.225310934657199,0.0,3.1245199679491615,0.0,0.39163000000000003,0.0,0.426533,0.0,1.3757015488921391,0.5805388515389897
real,35/0.5 all_ankles,kp35_kd0.5,35.0,0.5,t27_tracking_lag_b1_diag_20260430_100705.csv,2,right,complete_support,support_leg,right,1777514826.1375866,1777514826.4476342,0.31004762649536133,32,right,left,ankle_roll,48.379664019857984,12.901243738628796,48.379664019857984,9.675932803971596,3.1245199679491615,6.249039935898323,0.643639,0.1698805,1.8284262,0.37252820000000003,5.897243016073711,1.2015192769281642,0.19482722644519337
real,35/0.5 all_ankles,kp35_kd0.5,35.0,0.5,t27_tracking_lag_b1_diag_20260430_100705.csv,2,right,complete_support,support_leg,right,1777514826.1375866,1777514826.4476342,0.31004762649536133,32,right,left,knee_pitch,38.703731215886386,3.225310934657199,38.703731215886386,3.225310934657199,3.1245199679491615,3.1245199679491615,0.25613280000000005,0.41974200000000006,0.9640238,0.5472560000000001,3.109276503409785,1.7650707608567604,0.1305280248972706
real,35/0.5 all_ankles,kp35_kd0.5,35.0,0.5,t27_tracking_lag_b1_diag_20260430_100705.csv,2,right,complete_support,support_leg,right,1777514826.1375866,1777514826.4476342,0.31004762649536133,32,right,left,hip_pitch,45.15435308520079,3.225310934657199,45.15435308520079,0.0,3.1245199679491615,3.1245199679491615,0.9673305000000001,0.11888599999999999,3.9130714,0.225692,12.620871974514355,0.7279268754646526,0.21181552068552337
real,35/0.5 all_ankles,kp35_kd0.5,35.0,0.5,t27_tracking_lag_b1_diag_20260430_100705.csv,2,right,complete_support,support_leg,right,1777514826.1375866,1777514826.4476342,0.31004762649536133,32,right,left,hip_roll,35.47842028122919,6.450621869314398,35.47842028122919,3.225310934657199,3.1245199679491615,3.1245199679491615,1.7,0.09414958,4.362703,0.14534766,14.071073690561766,0.46879139712483675,0.7448095403020185
real,35/0.5 all_ankles,kp35_kd0.5,35.0,0.5,t27_tracking_lag_b1_diag_20260430_100705.csv,3,left,complete_swing,swing_leg,left,1777514826.1375866,1777514826.4476342,0.31004762649536133,32,right,left,ankle_pitch,35.47842028122919,6.450621869314398,35.47842028122919,3.225310934657199,3.1245199679491615,3.1245199679491615,0.21942399999999998,0.3872934,0.552535,0.6474998,1.7820971772808154,2.0883881851283492,0.12099402559041525
real,35/0.5 all_ankles,kp35_kd0.5,35.0,0.5,t27_tracking_lag_b1_diag_20260430_100705.csv,3,left,complete_swing,swing_leg,left,1777514826.1375866,1777514826.4476342,0.31004762649536133,32,right,left,ankle_roll,29.02779841191479,9.675932803971596,25.802487477257593,6.450621869314398,3.1245199679491615,3.1245199679491615,0.1854844,0.5853079999999999,0.4742524,1.4545895,1.52961145150742,4.691503419787548,0.22253917427412526
real,35/0.5 all_ankles,kp35_kd0.5,35.0,0.5,t27_tracking_lag_b1_diag_20260430_100705.csv,3,left,complete_swing,swing_leg,left,1777514826.1375866,1777514826.4476342,0.31004762649536133,32,right,left,knee_pitch,25.802487477257593,6.450621869314398,25.802487477257593,3.225310934657199,3.1245199679491615,3.1245199679491615,1.080902,0.414945,2.209888,0.7940340000000001,7.127575930767728,2.561006542689595,0.4394074287778087
real,35/0.5 all_ankles,kp35_kd0.5,35.0,0.5,t27_tracking_lag_b1_diag_20260430_100705.csv,3,left,complete_swing,swing_leg,left,1777514826.1375866,1777514826.4476342,0.31004762649536133,32,right,left,hip_pitch,41.92904215054359,3.225310934657199,41.92904215054359,3.225310934657199,3.1245199679491615,3.1245199679491615,0.9351728,0.20536500000000002,2.8619518,0.3307700000000001,9.230684435001853,1.066836097856562,0.3270133491492578
real,35/0.5 all_ankles,kp35_kd0.5,35.0,0.5,t27_tracking_lag_b1_diag_20260430_100705.csv,3,left,complete_swing,swing_leg,left,1777514826.1375866,1777514826.4476342,0.31004762649536133,32,right,left,hip_roll,45.15435308520079,9.675932803971596,45.15435308520079,6.450621869314398,3.1245199679491615,3.1245199679491615,0.375209,0.0859036,1.61353944,0.0935736,5.204166399332654,0.3018039552752389,0.168904517848676
real,35/0.5 all_ankles,kp35_kd0.5,35.0,0.5,t27_tracking_lag_b1_diag_20260430_100705.csv,3,left,complete_support,support_leg,left,1777514826.4476342,1777514826.837477,0.3898427486419678,40,left,right,ankle_pitch,10.260547397467707,12.825684246834633,10.260547397467707,7.695410548100781,2.501008428132754,5.002016856265508,0.278653,0.2807073,0.5850409999999999,0.32050229999999996,1.500710227490476,0.8221322600368535,0.3453491447324862
real,35/0.5 all_ankles,kp35_kd0.5,35.0,0.5,t27_tracking_lag_b1_diag_20260430_100705.csv,3,left,complete_support,support_leg,left,1777514826.4476342,1777514826.837477,0.3898427486419678,40,left,right,ankle_roll,30.781642192403122,15.390821096201561,30.781642192403122,12.825684246834633,2.501008428132754,2.501008428132754,0.867869,0.349341,2.467147556,0.68182192,6.328571108721154,1.7489665316981087,0.19411851409266767
real,35/0.5 all_ankles,kp35_kd0.5,35.0,0.5,t27_tracking_lag_b1_diag_20260430_100705.csv,3,left,complete_support,support_leg,left,1777514826.4476342,1777514826.837477,0.3898427486419678,40,left,right,knee_pitch,30.781642192403122,7.695410548100781,30.781642192403122,2.565136849366927,2.501008428132754,2.501008428132754,1.142456,0.36374999999999996,2.4678150000000003,0.5537749999999999,6.330283193920443,1.4205086587581697,0.3672147355509784
real,35/0.5 all_ankles,kp35_kd0.5,35.0,0.5,t27_tracking_lag_b1_diag_20260430_100705.csv,3,left,complete_support,support_leg,left,1777514826.4476342,1777514826.837477,0.3898427486419678,40,left,right,hip_pitch,48.73760013797161,2.565136849366927,48.73760013797161,2.565136849366927,2.501008428132754,2.501008428132754,1.4340603,0.5344089999999999,5.8641992,0.758757,15.042473459948052,1.9463155404151014,0.5630619261985306
real,35/0.5 all_ankles,kp35_kd0.5,35.0,0.5,t27_tracking_lag_b1_diag_20260430_100705.csv,3,left,complete_support,support_leg,left,1777514826.4476342,1777514826.837477,0.3898427486419678,40,left,right,hip_roll,35.91191589113698,5.130273698733854,30.781642192403122,2.565136849366927,2.501008428132754,2.501008428132754,1.5279,0.2021054,5.4910849,0.4040196,14.085384219992306,1.036365563826486,0.5870922981419041
real,35/0.5 all_ankles,kp35_kd0.5,35.0,0.5,t27_tracking_lag_b1_diag_20260430_100705.csv,4,right,complete_swing,swing_leg,right,1777514826.4476342,1777514826.837477,0.3898427486419678,40,left,right,ankle_pitch,35.91191589113698,2.565136849366927,30.781642192403122,2.565136849366927,2.501008428132754,2.501008428132754,0.380613,0.704612,1.544519,1.225635,3.961902601447356,3.1439215023738334,0.31998302236793746
real,35/0.5 all_ankles,kp35_kd0.5,35.0,0.5,t27_tracking_lag_b1_diag_20260430_100705.csv,4,right,complete_swing,swing_leg,right,1777514826.4476342,1777514826.837477,0.3898427486419678,40,left,right,ankle_roll,48.73760013797161,2.565136849366927,48.73760013797161,2.565136849366927,2.501008428132754,2.501008428132754,0.7356659999999999,0.3992062,1.7523,0.7743172,4.494889301145665,1.9862295828186207,0.1683050845920849
real,35/0.5 all_ankles,kp35_kd0.5,35.0,0.5,t27_tracking_lag_b1_diag_20260430_100705.csv,4,right,complete_swing,swing_leg,right,1777514826.4476342,1777514826.837477,0.3898427486419678,40,left,right,knee_pitch,20.521094794935415,2.565136849366927,20.521094794935415,2.565136849366927,2.501008428132754,2.501008428132754,1.1029419999999999,1.137085,2.5881619999999996,1.8273909999999998,6.638989718331203,4.6875079923014775,0.6517009704179517
real,35/0.5 all_ankles,kp35_kd0.5,35.0,0.5,t27_tracking_lag_b1_diag_20260430_100705.csv,4,right,complete_swing,swing_leg,right,1777514826.4476342,1777514826.837477,0.3898427486419678,40,left,right,hip_pitch,33.34677904177005,2.565136849366927,33.34677904177005,0.0,5.002016856265508,2.501008428132754,1.0480778,0.21265100000000003,5.2108365999999995,0.34745100000000007,13.366508978689868,0.8912593634493883,0.2574187114170821
real,35/0.5 all_ankles,kp35_kd0.5,35.0,0.5,t27_tracking_lag_b1_diag_20260430_100705.csv,4,right,complete_swing,swing_leg,right,1777514826.4476342,1777514826.837477,0.3898427486419678,40,left,right,hip_roll,23.08623164430234,15.390821096201561,20.521094794935415,7.695410548100781,2.501008428132754,2.501008428132754,0.7763770000000001,0.023777,2.1982374,0.06615440000000002,5.638779758396545,0.16969508918775947,0.2233575089851822
real,35/0.5 all_ankles,kp35_kd0.5,35.0,0.5,t27_tracking_lag_b1_diag_20260430_100705.csv,4,right,complete_support,support_leg,right,1777514826.837477,1777514827.2476904,0.4102134704589844,42,right,left,ankle_pitch,17.064286046403495,0.0,14.626530896917282,0.0,2.3797133602127323,0.0,0.76,0.0,2.236731,0.0,5.452602513265448,0.0,0.31221590176837083
real,35/0.5 all_ankles,kp35_kd0.5,35.0,0.5,t27_tracking_lag_b1_diag_20260430_100705.csv,4,right,complete_support,support_leg,right,1777514826.837477,1777514827.2476904,0.4102134704589844,42,right,left,ankle_roll,43.87959269075185,0.0,43.87959269075185,0.0,2.3797133602127323,0.0,0.619163,0.0,2.1974720000000003,0.0,5.35689868385177,0.0,0.2594080433753994
real,35/0.5 all_ankles,kp35_kd0.5,35.0,0.5,t27_tracking_lag_b1_diag_20260430_100705.csv,4,right,complete_support,support_leg,right,1777514826.837477,1777514827.2476904,0.4102134704589844,42,right,left,knee_pitch,36.566327242293205,2.4377551494862137,34.12857209280699,0.0,2.3797133602127323,2.3797133602127323,1.123984,0.212459,2.1099940000000004,0.359148,5.143648738885015,0.8755148864276747,0.3028789627437242
real,35/0.5 all_ankles,kp35_kd0.5,35.0,0.5,t27_tracking_lag_b1_diag_20260430_100705.csv,4,right,complete_support,support_leg,right,1777514826.837477,1777514827.2476904,0.4102134704589844,42,right,left,hip_pitch,46.317347840238064,2.4377551494862137,46.317347840238064,0.0,2.3797133602127323,2.3797133602127323,2.915959,0.664991,7.2565884,0.671319,17.689785739801923,1.6365113491979355,0.8627676422009143
real,35/0.5 all_ankles,kp35_kd0.5,35.0,0.5,t27_tracking_lag_b1_diag_20260430_100705.csv,4,right,complete_support,support_leg,right,1777514826.837477,1777514827.2476904,0.4102134704589844,42,right,left,hip_roll,19.50204119588971,7.313265448458641,17.064286046403495,4.8755102989724275,2.3797133602127323,2.3797133602127323,1.120787,0.035665499999999996,3.849809,0.087822,9.384891714288372,0.21408853273817827,0.4146944285771297
real,35/0.5 all_ankles,kp35_kd0.5,35.0,0.5,t27_tracking_lag_b1_diag_20260430_100705.csv,5,left,complete_swing,swing_leg,left,1777514826.837477,1777514827.2476904,0.4102134704589844,42,right,left,ankle_pitch,31.69081694332078,4.8755102989724275,29.253061793834565,4.8755102989724275,2.3797133602127323,2.3797133602127323,0.730898,0.4970489,1.151577,0.7179279,2.807262761779886,1.7501324351848235,0.2915605908633427
real,35/0.5 all_ankles,kp35_kd0.5,35.0,0.5,t27_tracking_lag_b1_diag_20260430_100705.csv,5,left,complete_swing,swing_leg,left,1777514826.837477,1777514827.2476904,0.4102134704589844,42,right,left,ankle_roll,24.37755149486214,4.8755102989724275,24.37755149486214,4.8755102989724275,2.3797133602127323,2.3797133602127323,0.6570405,0.202189,0.966361264,0.5013428,2.3557521475800063,1.2221509923578369,0.2321437038647826
real,35/0.5 all_ankles,kp35_kd0.5,35.0,0.5,t27_tracking_lag_b1_diag_20260430_100705.csv,5,left,complete_swing,swing_leg,left,1777514826.837477,1777514827.2476904,0.4102134704589844,42,right,left,knee_pitch,31.69081694332078,4.8755102989724275,31.69081694332078,4.8755102989724275,2.3797133602127323,2.3797133602127323,0.6601840000000001,0.7840640000000001,2.163227,1.5219150000000001,5.273417758757613,3.7100561283303115,0.35218401909465835
real,35/0.5 all_ankles,kp35_kd0.5,35.0,0.5,t27_tracking_lag_b1_diag_20260430_100705.csv,5,left,complete_swing,swing_leg,left,1777514826.837477,1777514827.2476904,0.4102134704589844,42,right,left,hip_pitch,39.00408239177942,2.4377551494862137,36.566327242293205,2.4377551494862137,2.3797133602127323,2.3797133602127323,2.07629,0.41552300000000003,5.169384,0.4506130000000001,12.601692465671642,1.0984841611754315,0.5283586016389185
real,35/0.5 all_ankles,kp35_kd0.5,35.0,0.5,t27_tracking_lag_b1_diag_20260430_100705.csv,5,left,complete_swing,swing_leg,left,1777514826.837477,1777514827.2476904,0.4102134704589844,42,right,left,hip_roll,14.626530896917282,12.18877574743107,12.18877574743107,2.4377551494862137,2.3797133602127323,2.3797133602127323,1.7,0.0860959,3.0632770000000002,0.153402,7.467519281052681,0.37395651544148417,0.6510461985056276
real,35/0.5 all_ankles,kp35_kd0.5,35.0,0.5,t27_tracking_lag_b1_diag_20260430_100705.csv,5,left,complete_support,support_leg,left,1777514827.2476904,1777514827.4775395,0.22984910011291504,24,left,right,ankle_pitch,8.701361019109866,4.350680509554933,8.701361019109866,0.0,4.169402154990144,4.169402154990144,0.7064889999999999,0.10566900000000001,1.2588876979999999,0.189695,5.477018171407076,0.825302339260023,0.5006144499560898
real,35/0.5 all_ankles,kp35_kd0.5,35.0,0.5,t27_tracking_lag_b1_diag_20260430_100705.csv,5,left,complete_support,support_leg,left,1777514827.2476904,1777514827.4775395,0.22984910011291504,24,left,right,ankle_roll,8.701361019109866,4.350680509554933,8.701361019109866,0.0,4.169402154990144,4.169402154990144,0.6095439,0.22134489999999998,1.1732617,0.3835851,5.104486810797288,1.6688562183256799,0.3215234920087359
real,35/0.5 all_ankles,kp35_kd0.5,35.0,0.5,t27_tracking_lag_b1_diag_20260430_100705.csv,5,left,complete_support,support_leg,left,1777514827.2476904,1777514827.4775395,0.22984910011291504,24,left,right,knee_pitch,21.753402547774666,0.0,21.753402547774666,0.0,4.169402154990144,4.169402154990144,0.6948720000000002,0.40324899999999997,1.5605010000000004,0.40324899999999997,6.789241285840984,1.754407564797517,0.23124650349843134
real,35/0.5 all_ankles,kp35_kd0.5,35.0,0.5,t27_tracking_lag_b1_diag_20260430_100705.csv,5,left,complete_support,support_leg,left,1777514827.2476904,1777514827.4775395,0.22984910011291504,24,left,right,hip_pitch,26.104083057329596,4.350680509554933,26.104083057329596,0.0,4.169402154990144,4.169402154990144,1.881014,0.187724,3.0281700000000003,0.22703300000000004,13.174600198618963,0.9877480481257853,0.5363330878104549
real,35/0.5 all_ankles,kp35_kd0.5,35.0,0.5,t27_tracking_lag_b1_diag_20260430_100705.csv,5,left,complete_support,support_leg,left,1777514827.2476904,1777514827.4775395,0.22984910011291504,24,left,right,hip_roll,4.350680509554933,8.701361019109866,0.0,0.0,4.169402154990144,4.169402154990144,1.7,0.1275147,1.8788334,0.13058270000000002,8.174203854080828,0.568123607775059,1.1891148300199168
real,35/0.5 all_ankles,kp35_kd0.5,35.0,0.5,t27_tracking_lag_b1_diag_20260430_100705.csv,6,right,complete_swing,swing_leg,right,1777514827.2476904,1777514827.4775395,0.22984910011291504,24,left,right,ankle_pitch,0.0,0.0,0.0,0.0,4.169402154990144,0.0,0.76,0.0,0.76,0.0,3.306517187261749,0.0,0.35194081167035324
real,35/0.5 all_ankles,kp35_kd0.5,35.0,0.5,t27_tracking_lag_b1_diag_20260430_100705.csv,6,right,complete_swing,swing_leg,right,1777514827.2476904,1777514827.4775395,0.22984910011291504,24,left,right,ankle_roll,17.402722038219732,0.0,17.402722038219732,0.0,4.169402154990144,0.0,0.741025,0.0,1.3917038,0.0,6.054858597733536,0.0,0.1918402992945866
real,35/0.5 all_ankles,kp35_kd0.5,35.0,0.5,t27_tracking_lag_b1_diag_20260430_100705.csv,6,right,complete_swing,swing_leg,right,1777514827.2476904,1777514827.4775395,0.22984910011291504,24,left,right,knee_pitch,4.350680509554933,4.350680509554933,0.0,4.350680509554933,4.169402154990144,4.169402154990144,1.25884,0.7424559999999999,1.789513,1.047526,7.7855993306951765,4.557450951452041,0.9158989762720753
real,35/0.5 all_ankles,kp35_kd0.5,35.0,0.5,t27_tracking_lag_b1_diag_20260430_100705.csv,6,right,complete_swing,swing_leg,right,1777514827.2476904,1777514827.4775395,0.22984910011291504,24,left,right,hip_pitch,34.805444076439464,4.350680509554933,34.805444076439464,4.350680509554933,4.169402154990144,4.169402154990144,2.707428,1.085883,4.411134919999999,1.101223,19.191438721461157,4.791069442773612,1.3556646329760276
real,35/0.5 all_ankles,kp35_kd0.5,35.0,0.5,t27_tracking_lag_b1_diag_20260430_100705.csv,6,right,complete_swing,swing_leg,right,1777514827.2476904,1777514827.4775395,0.22984910011291504,24,left,right,hip_roll,26.104083057329596,4.350680509554933,21.753402547774666,0.0,4.169402154990144,4.169402154990144,1.686459,0.0922326,2.1551810000000002,0.1511004,9.37650397126311,0.6573895652659542,0.525126071485147
real,35/0.5 all_ankles,kp35_kd0.5,35.0,0.5,t27_tracking_lag_b1_diag_20260430_100705.csv,6,right,complete_support,support_leg,right,1777514827.4775395,1777514827.7776108,0.30007123947143555,31,right,left,ankle_pitch,6.665083943142723,0.0,3.3325419715713616,0.0,6.450081235299409,0.0,0.523304,0.0,0.72681,0.0,2.4221248303577814,0.0,0.334789009935338
real,35/0.5 all_ankles,kp35_kd0.5,35.0,0.5,t27_tracking_lag_b1_diag_20260430_100705.csv,6,right,complete_support,support_leg,right,1777514827.4775395,1777514827.7776108,0.30007123947143555,31,right,left,ankle_roll,26.660335772570892,0.0,26.660335772570892,0.0,3.2250406176497046,0.0,0.48208059,0.0,1.09724778,0.0,3.6566242800635,0.0,0.32893265423152707
real,35/0.5 all_ankles,kp35_kd0.5,35.0,0.5,t27_tracking_lag_b1_diag_20260430_100705.csv,6,right,complete_support,support_leg,right,1777514827.4775395,1777514827.7776108,0.30007123947143555,31,right,left,knee_pitch,33.325419715713615,0.0,33.325419715713615,0.0,3.2250406176497046,3.2250406176497046,0.592501,0.44026199999999993,1.4262920000000001,0.44026199999999993,4.7531779537164605,1.4671915934879505,0.3114896019741787
real,35/0.5 all_ankles,kp35_kd0.5,35.0,0.5,t27_tracking_lag_b1_diag_20260430_100705.csv,6,right,complete_support,support_leg,right,1777514827.4775395,1777514827.7776108,0.30007123947143555,31,right,left,hip_pitch,39.99050365885634,0.0,39.99050365885634,0.0,3.2250406176497046,3.2250406176497046,2.315928,0.8032431,6.19605012,0.8032431,20.64859708285977,2.6768413441250924,0.8063105085031151
real,35/0.5 all_ankles,kp35_kd0.5,35.0,0.5,t27_tracking_lag_b1_diag_20260430_100705.csv,6,right,complete_support,support_leg,right,1777514827.4775395,1777514827.7776108,0.30007123947143555,31,right,left,hip_roll,6.665083943142723,3.3325419715713616,6.665083943142723,0.0,3.2250406176497046,3.2250406176497046,1.7,0.5169594,3.3671480000000003,0.5796624,11.221162034492568,1.9317492773417873,0.8362485593178963
real,40/0.8 all_ankles,kp40_kd0.8,40.0,0.8,t27_tracking_lag_b1_diag_20260430_101404.csv,1,left,complete_support,support_leg,left,1777515244.5889251,1777515244.758935,0.17000985145568848,18,left,right,ankle_pitch,17.64603624032883,5.88201208010961,11.76402416021922,5.88201208010961,5.555233631214632,5.555233631214632,0.741679,0.13609999999999997,1.1830825999999999,0.20442799999999994,6.958906144967485,1.202447965512647,0.35829793061955284
real,40/0.8 all_ankles,kp40_kd0.8,40.0,0.8,t27_tracking_lag_b1_diag_20260430_101404.csv,1,left,complete_support,support_leg,left,1777515244.5889251,1777515244.758935,0.17000985145568848,18,left,right,ankle_roll,23.52804832043844,5.88201208010961,23.52804832043844,0.0,5.555233631214632,5.555233631214632,0.49413080000000004,0.2629429,0.53984688,0.3596459,3.1753858695694834,2.115441528361893,0.1928917788237582
real,40/0.8 all_ankles,kp40_kd0.8,40.0,0.8,t27_tracking_lag_b1_diag_20260430_101404.csv,1,left,complete_support,support_leg,left,1777515244.5889251,1777515244.758935,0.17000985145568848,18,left,right,knee_pitch,11.76402416021922,0.0,11.76402416021922,0.0,5.555233631214632,5.555233631214632,0.8746659999999999,0.294529,0.9518239999999998,0.294529,5.598640266138248,1.7324231359426032,0.15987126541759222
real,40/0.8 all_ankles,kp40_kd0.8,40.0,0.8,t27_tracking_lag_b1_diag_20260430_101404.csv,1,left,complete_support,support_leg,left,1777515244.5889251,1777515244.758935,0.17000985145568848,18,left,right,hip_pitch,17.64603624032883,0.0,17.64603624032883,0.0,5.555233631214632,5.555233631214632,1.07423,0.12367799999999995,2.261013,0.12367799999999995,13.299305779284872,0.7274754900437961,0.42974905242032435
real,40/0.8 all_ankles,kp40_kd0.8,40.0,0.8,t27_tracking_lag_b1_diag_20260430_101404.csv,1,left,complete_support,support_leg,left,1777515244.5889251,1777515244.758935,0.17000985145568848,18,left,right,hip_roll,0.0,5.88201208010961,0.0,0.0,5.555233631214632,5.555233631214632,0.9003160000000001,0.027803899999999996,0.9003160000000001,0.03969249999999999,5.295669587915964,0.23347176448975065,0.38196136372766354
real,40/0.8 all_ankles,kp40_kd0.8,40.0,0.8,t27_tracking_lag_b1_diag_20260430_101404.csv,2,right,complete_swing,swing_leg,right,1777515244.5889251,1777515244.758935,0.17000985145568848,18,left,right,ankle_pitch,11.76402416021922,5.88201208010961,5.88201208010961,5.88201208010961,5.555233631214632,5.555233631214632,0.306467,0.2622245,0.53601,0.28659250000000003,3.152817295059552,1.6857405470688136,0.13650702394550374
real,40/0.8 all_ankles,kp40_kd0.8,40.0,0.8,t27_tracking_lag_b1_diag_20260430_101404.csv,2,right,complete_swing,swing_leg,right,1777515244.5889251,1777515244.758935,0.17000985145568848,18,left,right,ankle_roll,29.41006040054805,17.64603624032883,29.41006040054805,17.64603624032883,11.110467262429264,5.555233631214632,0.498018,0.0648158,0.7026756399999999,0.0874955,4.133146602878751,0.5146495879552304,0.09181823960684717
real,40/0.8 all_ankles,kp40_kd0.8,40.0,0.8,t27_tracking_lag_b1_diag_20260430_101404.csv,2,right,complete_swing,swing_leg,right,1777515244.5889251,1777515244.758935,0.17000985145568848,18,left,right,knee_pitch,29.41006040054805,0.0,29.41006040054805,0.0,5.555233631214632,5.555233631214632,0.36599499999999996,0.722517,0.751656,0.722517,4.421249672086869,4.249853722084555,0.39312038865269305
real,40/0.8 all_ankles,kp40_kd0.8,40.0,0.8,t27_tracking_lag_b1_diag_20260430_101404.csv,2,right,complete_swing,swing_leg,right,1777515244.5889251,1777515244.758935,0.17000985145568848,18,left,right,hip_pitch,35.29207248065766,5.88201208010961,35.29207248065766,5.88201208010961,5.555233631214632,5.555233631214632,0.80149572,0.10469499999999998,1.84615852,0.125595,10.85912671643728,0.7387513072013665,0.3129036768302666
real,40/0.8 all_ankles,kp40_kd0.8,40.0,0.8,t27_tracking_lag_b1_diag_20260430_101404.csv,2,right,complete_swing,swing_leg,right,1777515244.5889251,1777515244.758935,0.17000985145568848,18,left,right,hip_roll,23.52804832043844,11.76402416021922,23.52804832043844,5.88201208010961,5.555233631214632,5.555233631214632,1.48122,0.0120807,1.7968414000000001,0.01783380000000001,10.569042820841064,0.10489862703425883,0.34331482823835896
real,40/0.8 all_ankles,kp40_kd0.8,40.0,0.8,t27_tracking_lag_b1_diag_20260430_101404.csv,2,right,complete_support,support_leg,right,1777515244.758935,1777515245.0688696,0.3099346160888672,32,right,left,ankle_pitch,6.45297393765962,16.13243484414905,3.22648696882981,9.67946090648943,3.1256592510538783,3.1256592510538783,0.32735739999999997,0.2140855,0.9094468,0.3922681,2.9343182490439705,1.2656479129376288,0.35740642800216593
real,40/0.8 all_ankles,kp40_kd0.8,40.0,0.8,t27_tracking_lag_b1_diag_20260430_101404.csv,2,right,complete_support,support_leg,right,1777515244.758935,1777515245.0688696,0.3099346160888672,32,right,left,ankle_roll,25.81189575063848,25.81189575063848,25.81189575063848,19.35892181297886,3.1256592510538783,3.1256592510538783,0.743815,0.09380379999999999,2.0648483200000003,0.2914784,6.662206197090127,0.940451259295363,0.24611354458713225
real,40/0.8 all_ankles,kp40_kd0.8,40.0,0.8,t27_tracking_lag_b1_diag_20260430_101404.csv,2,right,complete_support,support_leg,right,1777515244.758935,1777515245.0688696,0.3099346160888672,32,right,left,knee_pitch,41.94433059478753,3.22648696882981,41.94433059478753,3.22648696882981,3.1256592510538783,3.1256592510538783,0.300848,0.28359899999999993,0.966639,0.43584899999999993,3.118848137062679,1.4062611188775036,0.09964551916355797
real,40/0.8 all_ankles,kp40_kd0.8,40.0,0.8,t27_tracking_lag_b1_diag_20260430_101404.csv,2,right,complete_support,support_leg,right,1777515244.758935,1777515245.0688696,0.3099346160888672,32,right,left,hip_pitch,54.85027847010677,3.22648696882981,54.85027847010677,3.22648696882981,9.376977753161635,3.1256592510538783,0.69270972,0.11447500000000005,3.53096402,0.18503900000000006,11.392609397936921,0.5970259222252995,0.17279136047802784
real,40/0.8 all_ankles,kp40_kd0.8,40.0,0.8,t27_tracking_lag_b1_diag_20260430_101404.csv,2,right,complete_support,support_leg,right,1777515244.758935,1777515245.0688696,0.3099346160888672,32,right,left,hip_roll,32.2648696882981,9.67946090648943,32.2648696882981,0.0,3.1256592510538783,3.1256592510538783,1.7,0.122912,5.42832,0.14381219999999997,17.514403742638237,0.4640081892587463,0.7038691330595261
real,40/0.8 all_ankles,kp40_kd0.8,40.0,0.8,t27_tracking_lag_b1_diag_20260430_101404.csv,3,left,complete_swing,swing_leg,left,1777515244.758935,1777515245.0688696,0.3099346160888672,32,right,left,ankle_pitch,32.2648696882981,6.45297393765962,25.81189575063848,6.45297393765962,3.1256592510538783,3.1256592510538783,0.34180639999999995,0.284139,0.8448384,0.597401,2.7258600883670265,1.9275065416658972,0.12858062033318823
real,40/0.8 all_ankles,kp40_kd0.8,40.0,0.8,t27_tracking_lag_b1_diag_20260430_101404.csv,3,left,complete_swing,swing_leg,left,1777515244.758935,1777515245.0688696,0.3099346160888672,32,right,left,ankle_roll,32.2648696882981,9.67946090648943,32.2648696882981,9.67946090648943,3.1256592510538783,3.1256592510538783,0.2145685,0.411339,0.45257305999999997,1.1811601999999999,1.4602210805334317,3.810997993400412,0.1486931059450191
real,40/0.8 all_ankles,kp40_kd0.8,40.0,0.8,t27_tracking_lag_b1_diag_20260430_101404.csv,3,left,complete_swing,swing_leg,left,1777515244.758935,1777515245.0688696,0.3099346160888672,32,right,left,knee_pitch,35.49135665712791,3.22648696882981,35.49135665712791,3.22648696882981,3.1256592510538783,3.1256592510538783,1.3213610999999998,0.729225,1.8220371000000002,1.2358270000000002,5.878778959874459,3.9873797112280385,0.4706771216111227
real,40/0.8 all_ankles,kp40_kd0.8,40.0,0.8,t27_tracking_lag_b1_diag_20260430_101404.csv,3,left,complete_swing,swing_leg,left,1777515244.758935,1777515245.0688696,0.3099346160888672,32,right,left,hip_pitch,41.94433059478753,3.22648696882981,41.94433059478753,3.22648696882981,3.1256592510538783,3.1256592510538783,0.860167,0.3023910000000001,2.86206,0.43354800000000016,9.234399294009046,1.398836972362227,0.3357065374733936
real,40/0.8 all_ankles,kp40_kd0.8,40.0,0.8,t27_tracking_lag_b1_diag_20260430_101404.csv,3,left,complete_swing,swing_leg,left,1777515244.758935,1777515245.0688696,0.3099346160888672,32,right,left,hip_roll,25.81189575063848,6.45297393765962,22.58540878180867,0.0,3.1256592510538783,3.1256592510538783,0.33849700000000005,0.0408431,1.457902,0.054265060000000004,4.703901804830918,0.17508550895276778,0.13639643724514858
real,40/0.8 all_ankles,kp40_kd0.8,40.0,0.8,t27_tracking_lag_b1_diag_20260430_101404.csv,3,left,complete_support,support_leg,left,1777515245.0688696,1777515245.4390283,0.37015867233276367,38,left,right,ankle_pitch,8.104632483939408,5.403088322626273,5.403088322626273,2.7015441613131363,2.630450893910159,2.630450893910159,0.25143099999999996,0.334908,0.5765209999999998,0.6158132,1.5574969414244102,1.6636465549195585,0.3984438295814235
real,40/0.8 all_ankles,kp40_kd0.8,40.0,0.8,t27_tracking_lag_b1_diag_20260430_101404.csv,3,left,complete_support,support_leg,left,1777515245.0688696,1777515245.4390283,0.37015867233276367,38,left,right,ankle_roll,37.82161825838391,8.104632483939408,37.82161825838391,8.104632483939408,2.630450893910159,2.630450893910159,0.5747145,0.389649,1.2955799999999997,0.6902129000000001,3.500066584514072,1.8646406300580078,0.18313265440086263
real,40/0.8 all_ankles,kp40_kd0.8,40.0,0.8,t27_tracking_lag_b1_diag_20260430_101404.csv,3,left,complete_support,support_leg,left,1777515245.0688696,1777515245.4390283,0.37015867233276367,38,left,right,knee_pitch,29.7169857744445,2.7015441613131363,29.7169857744445,2.7015441613131363,2.630450893910159,2.630450893910159,1.3680111,0.41341400000000006,2.6154107,0.654444,7.065647506020902,1.768009367106414,0.318838832034456
real,40/0.8 all_ankles,kp40_kd0.8,40.0,0.8,t27_tracking_lag_b1_diag_20260430_101404.csv,3,left,complete_support,support_leg,left,1777515245.0688696,1777515245.4390283,0.37015867233276367,38,left,right,hip_pitch,40.523162419697044,2.7015441613131363,40.523162419697044,0.0,2.630450893910159,2.630450893910159,1.395212,0.313704,4.0708204,0.5436139999999999,10.997501083374404,1.468597227708079,0.48681454083822173
real,40/0.8 all_ankles,kp40_kd0.8,40.0,0.8,t27_tracking_lag_b1_diag_20260430_101404.csv,3,left,complete_support,support_leg,left,1777515245.0688696,1777515245.4390283,0.37015867233276367,38,left,right,hip_roll,32.41852993575763,8.104632483939408,27.01544161313136,0.0,2.630450893910159,2.630450893910159,1.7,0.1068048,5.6162028,0.14400380000000002,15.172419883090488,0.3890326250969046,0.9187098979302191
real,40/0.8 all_ankles,kp40_kd0.8,40.0,0.8,t27_tracking_lag_b1_diag_20260430_101404.csv,4,right,complete_swing,swing_leg,right,1777515245.0688696,1777515245.4390283,0.37015867233276367,38,left,right,ankle_pitch,29.7169857744445,18.910809129191954,29.7169857744445,18.910809129191954,2.630450893910159,2.630450893910159,0.76,0.19156799999999996,1.9178169999999999,0.35013399999999983,5.181067318817075,0.9459024633772132,0.12483754711148051
real,40/0.8 all_ankles,kp40_kd0.8,40.0,0.8,t27_tracking_lag_b1_diag_20260430_101404.csv,4,right,complete_swing,swing_leg,right,1777515245.0688696,1777515245.4390283,0.37015867233276367,38,left,right,ankle_roll,24.313897451818224,10.806176645252545,24.313897451818224,10.806176645252545,2.630450893910159,5.260901787820318,0.477948,0.474725,0.87660458,1.49017766,2.368185984879354,4.025780756692272,0.13860221611955506
real,40/0.8 all_ankles,kp40_kd0.8,40.0,0.8,t27_tracking_lag_b1_diag_20260430_101404.csv,4,right,complete_swing,swing_leg,right,1777515245.0688696,1777515245.4390283,0.37015867233276367,38,left,right,knee_pitch,32.41852993575763,2.7015441613131363,32.41852993575763,2.7015441613131363,2.630450893910159,2.630450893910159,1.06238,0.571798,2.2105116000000002,1.134775,5.9717947064949595,3.065644775654114,0.43776087821827936
real,40/0.8 all_ankles,kp40_kd0.8,40.0,0.8,t27_tracking_lag_b1_diag_20260430_101404.csv,4,right,complete_swing,swing_leg,right,1777515245.0688696,1777515245.4390283,0.37015867233276367,38,left,right,hip_pitch,37.82161825838391,8.104632483939408,37.82161825838391,5.403088322626273,2.630450893910159,2.630450893910159,1.5798787,0.07094800000000007,5.268849100000001,0.13595200000000013,14.234028522944973,0.36728033181884384,0.34891145690806713
real,40/0.8 all_ankles,kp40_kd0.8,40.0,0.8,t27_tracking_lag_b1_diag_20260430_101404.csv,4,right,complete_swing,swing_leg,right,1777515245.0688696,1777515245.4390283,0.37015867233276367,38,left,right,hip_roll,40.523162419697044,8.104632483939408,37.82161825838391,5.403088322626273,2.630450893910159,2.630450893910159,1.014886,0.0644283,2.4348166,0.0732499,6.577764569598302,0.19788783966177112,0.2515836465119352
real,40/0.8 all_ankles,kp40_kd0.8,40.0,0.8,t27_tracking_lag_b1_diag_20260430_101404.csv,4,right,complete_support,support_leg,right,1777515245.4390283,1777515245.7589765,0.3199481964111328,33,right,left,ankle_pitch,28.129553786998123,9.376517928999373,28.129553786998123,9.376517928999373,6.06158734804,6.06158734804,0.517166,0.32136699999999996,1.9170436,0.843529,5.991731228691168,2.6364549307103045,0.3274403950083439
real,40/0.8 all_ankles,kp40_kd0.8,40.0,0.8,t27_tracking_lag_b1_diag_20260430_101404.csv,4,right,complete_support,support_leg,right,1777515245.4390283,1777515245.7589765,0.3199481964111328,33,right,left,ankle_roll,31.255059763331246,12.502023905332498,31.255059763331246,12.502023905332498,3.03079367402,3.03079367402,0.6328079999999999,0.561462,2.0082109999999997,1.1419709,6.27667548223792,3.569236872748517,0.32591851385811904
real,40/0.8 all_ankles,kp40_kd0.8,40.0,0.8,t27_tracking_lag_b1_diag_20260430_101404.csv,4,right,complete_support,support_leg,right,1777515245.4390283,1777515245.7589765,0.3199481964111328,33,right,left,knee_pitch,37.50607171599749,3.1255059763331245,37.50607171599749,3.1255059763331245,6.06158734804,3.03079367402,0.551227,0.34380900000000003,1.471894,0.5089060000000001,4.600413493528868,1.5905887443917854,0.18201614135972902
real,40/0.8 all_ankles,kp40_kd0.8,40.0,0.8,t27_tracking_lag_b1_diag_20260430_101404.csv,4,right,complete_support,support_leg,right,1777515245.4390283,1777515245.7589765,0.3199481964111328,33,right,left,hip_pitch,34.38056573966437,9.376517928999373,34.38056573966437,3.1255059763331245,3.03079367402,3.03079367402,1.402236,0.10105200000000003,5.452415,0.15512400000000004,17.041555667948376,0.48484098907269974,0.38276175454328454
real,40/0.8 all_ankles,kp40_kd0.8,40.0,0.8,t27_tracking_lag_b1_diag_20260430_101404.csv,4,right,complete_support,support_leg,right,1777515245.4390283,1777515245.7589765,0.3199481964111328,33,right,left,hip_roll,34.38056573966437,12.502023905332498,31.255059763331246,12.502023905332498,3.03079367402,3.03079367402,1.63861,0.115242,6.636693599999999,0.22434846,20.743025509891797,0.701202452511133,0.6942150854695791
real,40/0.8 all_ankles,kp40_kd0.8,40.0,0.8,t27_tracking_lag_b1_diag_20260430_101404.csv,5,left,complete_swing,swing_leg,left,1777515245.4390283,1777515245.7589765,0.3199481964111328,33,right,left,ankle_pitch,34.38056573966437,12.502023905332498,34.38056573966437,12.502023905332498,3.03079367402,3.03079367402,0.20705599999999996,0.404957,0.4286969999999999,0.5833782,1.3398950355360812,1.8233520505624607,0.11700564780747667
real,40/0.8 all_ankles,kp40_kd0.8,40.0,0.8,t27_tracking_lag_b1_diag_20260430_101404.csv,5,left,complete_swing,swing_leg,left,1777515245.4390283,1777515245.7589765,0.3199481964111328,33,right,left,ankle_roll,37.50607171599749,12.502023905332498,37.50607171599749,12.502023905332498,3.03079367402,6.06158734804,0.3242298,0.279471,0.590186494,0.8270273,1.844631414148094,2.5848787687406483,0.12009729993141005
real,40/0.8 all_ankles,kp40_kd0.8,40.0,0.8,t27_tracking_lag_b1_diag_20260430_101404.csv,5,left,complete_swing,swing_leg,left,1777515245.4390283,1777515245.7589765,0.3199481964111328,33,right,left,knee_pitch,37.50607171599749,3.1255059763331245,37.50607171599749,3.1255059763331245,3.03079367402,3.03079367402,1.3157318999999998,0.7265439999999999,2.2861779,1.3706349999999998,7.145462689410714,4.2839278838713515,0.5197850169075559
real,40/0.8 all_ankles,kp40_kd0.8,40.0,0.8,t27_tracking_lag_b1_diag_20260430_101404.csv,5,left,complete_swing,swing_leg,left,1777515245.4390283,1777515245.7589765,0.3199481964111328,33,right,left,hip_pitch,28.129553786998123,3.1255059763331245,28.129553786998123,3.1255059763331245,3.03079367402,3.03079367402,0.949494,0.27113599999999993,4.166645,0.3315379999999999,13.022873848758532,1.036224000381531,0.2737734051320655
real,40/0.8 all_ankles,kp40_kd0.8,40.0,0.8,t27_tracking_lag_b1_diag_20260430_101404.csv,5,left,complete_swing,swing_leg,left,1777515245.4390283,1777515245.7589765,0.3199481964111328,33,right,left,hip_roll,21.878541834331873,15.627529881665623,18.753035857998746,9.376517928999373,3.03079367402,3.03079367402,0.6915180000000001,0.06174373,1.9894522000000001,0.08782203,6.218044740729083,0.274488279618707,0.18415186826684748
real,40/0.8 all_ankles,kp40_kd0.8,40.0,0.8,t27_tracking_lag_b1_diag_20260430_101404.csv,5,left,complete_support,support_leg,left,1777515245.7589765,1777515246.1590714,0.40009498596191406,41,left,right,ankle_pitch,12.497032393392606,9.997625914714085,9.997625914714085,4.998812957357043,2.438445345052216,2.438445345052216,0.3938448,0.19753020000000002,0.6070795999999998,0.375695,1.5173386853135649,0.939014517007127,0.26386115714914554
real,40/0.8 all_ankles,kp40_kd0.8,40.0,0.8,t27_tracking_lag_b1_diag_20260430_101404.csv,5,left,complete_support,support_leg,left,1777515245.7589765,1777515246.1590714,0.40009498596191406,41,left,right,ankle_roll,42.489910137534864,19.99525182942817,42.489910137534864,19.99525182942817,2.438445345052216,2.438445345052216,0.9327749999999999,0.23378392999999997,2.120991,0.50275056,5.301218646618835,1.2565780068232544,0.24766533141525712
real,40/0.8 all_ankles,kp40_kd0.8,40.0,0.8,t27_tracking_lag_b1_diag_20260430_101404.csv,5,left,complete_support,support_leg,left,1777515245.7589765,1777515246.1590714,0.40009498596191406,41,left,right,knee_pitch,29.992877744142255,4.998812957357043,29.992877744142255,2.4994064786785213,2.438445345052216,2.438445345052216,1.2431318999999998,0.28321500000000005,2.4127593000000003,0.5292300000000001,6.030466225911854,1.322760890711034,0.26459114017429863
real,40/0.8 all_ankles,kp40_kd0.8,40.0,0.8,t27_tracking_lag_b1_diag_20260430_101404.csv,5,left,complete_support,support_leg,left,1777515245.7589765,1777515246.1590714,0.40009498596191406,41,left,right,hip_pitch,67.48397492432007,4.998812957357043,67.48397492432007,4.998812957357043,2.438445345052216,2.438445345052216,1.0058719999999999,0.24141400000000007,5.120499,0.43757500000000016,12.798208374666888,1.0936777899077543,0.30637009242120994
real,40/0.8 all_ankles,kp40_kd0.8,40.0,0.8,t27_tracking_lag_b1_diag_20260430_101404.csv,5,left,complete_support,support_leg,left,1777515245.7589765,1777515246.1590714,0.40009498596191406,41,left,right,hip_roll,22.49465830810669,9.997625914714085,19.99525182942817,7.498219436035564,2.438445345052216,2.438445345052216,1.7,0.1198435,5.117848,0.20076093,12.791582448091914,0.5017831691075251,0.7511226552918485
real,40/0.8 all_ankles,kp40_kd0.8,40.0,0.8,t27_tracking_lag_b1_diag_20260430_101404.csv,6,right,complete_swing,swing_leg,right,1777515245.7589765,1777515246.1590714,0.40009498596191406,41,left,right,ankle_pitch,52.48753605224895,17.495845350749647,52.48753605224895,14.996438872071128,4.876890690104432,2.438445345052216,0.3525076,0.4058312,1.5870709999999997,0.7720322,3.9667355395227983,1.9296222824284317,0.11293289022409314
real,40/0.8 all_ankles,kp40_kd0.8,40.0,0.8,t27_tracking_lag_b1_diag_20260430_101404.csv,6,right,complete_swing,swing_leg,right,1777515245.7589765,1777515246.1590714,0.40009498596191406,41,left,right,ankle_roll,39.99050365885634,9.997625914714085,37.49109718017782,9.997625914714085,2.438445345052216,7.315336035156648,0.452218,0.924572,0.8128961,4.149403,2.031757778832503,10.371044740848093,0.30979526825025683
real,40/0.8 all_ankles,kp40_kd0.8,40.0,0.8,t27_tracking_lag_b1_diag_20260430_101404.csv,6,right,complete_swing,swing_leg,right,1777515245.7589765,1777515246.1590714,0.40009498596191406,41,left,right,knee_pitch,34.991690701499294,2.4994064786785213,34.991690701499294,2.4994064786785213,2.438445345052216,2.438445345052216,1.02318,0.893939,2.2836250000000007,1.677238,5.707707119872239,4.192099523485806,0.39014380578173835
real,40/0.8 all_ankles,kp40_kd0.8,40.0,0.8,t27_tracking_lag_b1_diag_20260430_101404.csv,6,right,complete_swing,swing_leg,right,1777515245.7589765,1777515246.1590714,0.40009498596191406,41,left,right,hip_pitch,47.4887230948919,7.498219436035564,47.4887230948919,4.998812957357043,2.438445345052216,2.438445345052216,1.439084,0.10795500000000002,5.24772,0.21917000000000014,13.11618536629085,0.5477949179319719,0.31710642851176185
real,40/0.8 all_ankles,kp40_kd0.8,40.0,0.8,t27_tracking_lag_b1_diag_20260430_101404.csv,6,right,complete_swing,swing_leg,right,1777515245.7589765,1777515246.1590714,0.40009498596191406,41,left,right,hip_roll,39.99050365885634,7.498219436035564,32.49228422282078,4.998812957357043,2.438445345052216,2.438445345052216,1.21081,0.0826444,3.1312176000000003,0.0960674,7.826185555592211,0.24011148194980095,0.23170407595262535
real,40/0.8 all_ankles,kp40_kd0.8,40.0,0.8,t27_tracking_lag_b1_diag_20260430_101404.csv,6,right,complete_support,support_leg,right,1777515246.1590714,1777515246.4788253,0.31975388526916504,33,right,left,ankle_pitch,15.637026570579616,6.254810628231847,15.637026570579616,3.1274053141159235,3.0326354561124105,3.0326354561124105,0.546758,0.3399311,1.7927968,0.6611701999999999,5.6068022394500225,2.0677471970150876,0.3155723044959013
real,40/0.8 all_ankles,kp40_kd0.8,40.0,0.8,t27_tracking_lag_b1_diag_20260430_101404.csv,6,right,complete_support,support_leg,right,1777515246.1590714,1777515246.4788253,0.31975388526916504,33,right,left,ankle_roll,46.91107971173885,6.254810628231847,46.91107971173885,6.254810628231847,3.0326354561124105,3.0326354561124105,0.5625494,0.812258,1.759350652,2.173876,5.502202578458115,6.798591354629067,0.3011770954233145
real,40/0.8 all_ankles,kp40_kd0.8,40.0,0.8,t27_tracking_lag_b1_diag_20260430_101404.csv,6,right,complete_support,support_leg,right,1777515246.1590714,1777515246.4788253,0.31975388526916504,33,right,left,knee_pitch,50.038485025854776,3.1274053141159235,50.038485025854776,3.1274053141159235,3.0326354561124105,3.0326354561124105,0.579749,0.41034699999999996,1.930202,0.6918369999999999,6.036523992117183,2.163654710302018,0.1639415157793483
real,40/0.8 all_ankles,kp40_kd0.8,40.0,0.8,t27_tracking_lag_b1_diag_20260430_101404.csv,6,right,complete_support,support_leg,right,1777515246.1590714,1777515246.4788253,0.31975388526916504,33,right,left,hip_pitch,56.29329565408662,3.1274053141159235,56.29329565408662,0.0,3.0326354561124105,3.0326354561124105,1.13794478,0.214569,5.92231916,0.346877,18.52149241287455,1.0848249731445891,0.2301152236140881
real,40/0.8 all_ankles,kp40_kd0.8,40.0,0.8,t27_tracking_lag_b1_diag_20260430_101404.csv,6,right,complete_support,support_leg,right,1777515246.1590714,1777515246.4788253,0.31975388526916504,33,right,left,hip_roll,37.52886376939108,3.1274053141159235,28.14664782704331,3.1274053141159235,3.0326354561124105,3.0326354561124105,1.7,0.2285673,5.7430358,0.2632753,17.960800680077995,0.8233685722954639,0.678462465638812
sim,2504.0,kp25_kd0.4,25.0,0.4,t27_tracking_lag_b1_diag_20260506_133905_2504.csv,1,left,complete_support,support_leg,left,1778045946.048306,1778045946.9683053,0.919999361038208,93,left,right,ankle_pitch,11.956530043223763,6.521743659940235,10.869572766567059,6.521743659940235,1.0752695640044831,2.1505391280089663,0.741304,0.220797,2.1279839999999997,0.719863,2.313027693409043,0.7824603260459262,0.2184501109745596
sim,2504.0,kp25_kd0.4,25.0,0.4,t27_tracking_lag_b1_diag_20260506_133905_2504.csv,1,left,complete_support,support_leg,left,1778045946.048306,1778045946.9683053,0.919999361038208,93,left,right,ankle_roll,22.82610280979082,8.695658213253646,17.39131642650729,5.434786383283529,1.0752695640044831,1.0752695640044831,0.6345134,0.1855353,1.9193912400000002,0.50209006,2.0862962750691376,0.545750444254002,0.28512922441975114
sim,2504.0,kp25_kd0.4,25.0,0.4,t27_tracking_lag_b1_diag_20260506_133905_2504.csv,1,left,complete_support,support_leg,left,1778045946.048306,1778045946.9683053,0.919999361038208,93,left,right,knee_pitch,17.39131642650729,5.434786383283529,17.39131642650729,2.1739145533134114,1.0752695640044831,1.0752695640044831,1.3534991,0.42200499999999996,3.7713702000000002,1.0928339999999999,4.099318281856256,1.1878638684778542,0.2660200613618246
sim,2504.0,kp25_kd0.4,25.0,0.4,t27_tracking_lag_b1_diag_20260506_133905_2504.csv,1,left,complete_support,support_leg,left,1778045946.048306,1778045946.9683053,0.919999361038208,93,left,right,hip_pitch,32.608718299701174,7.60870093659694,32.608718299701174,3.2608718299701174,1.0752695640044831,1.0752695640044831,0.752537,0.274847,3.305285,0.557179,3.5927035821742597,0.6056297684503067,0.17002829569202735
sim,2504.0,kp25_kd0.4,25.0,0.4,t27_tracking_lag_b1_diag_20260506_133905_2504.csv,1,left,complete_support,support_leg,left,1778045946.048306,1778045946.9683053,0.919999361038208,93,left,right,hip_roll,22.82610280979082,8.695658213253646,18.478273703164,5.434786383283529,1.0752695640044831,1.0752695640044831,1.7,0.1580614,5.6050828,0.41857895,6.092485535723343,0.45497743555782344,0.4775793894300316
sim,2504.0,kp25_kd0.4,25.0,0.4,t27_tracking_lag_b1_diag_20260506_133905_2504.csv,2,left,complete_support,support_leg,left,1778045946.7483065,1778045946.9683053,0.21999883651733398,23,left,right,ankle_pitch,4.545478584479735,9.09095716895947,4.545478584479735,9.09095716895947,4.347849080806704,4.347849080806704,0.741304,0.14041599999999999,1.444164,0.14640199999999992,6.564416534476592,0.6654671557250018,0.29722450634862
sim,2504.0,kp25_kd0.4,25.0,0.4,t27_tracking_lag_b1_diag_20260506_133905_2504.csv,2,left,complete_support,support_leg,left,1778045946.7483065,1778045946.9683053,0.21999883651733398,23,left,right,ankle_roll,18.18191433791894,9.09095716895947,18.18191433791894,4.545478584479735,4.347849080806704,4.347849080806704,0.4687579,0.1121209,0.5515983,0.15481796,2.507278259885428,0.7037217216728403,0.3412360032153646
sim,2504.0,kp25_kd0.4,25.0,0.4,t27_tracking_lag_b1_diag_20260506_133905_2504.csv,2,left,complete_support,support_leg,left,1778045946.7483065,1778045946.9683053,0.21999883651733398,23,left,right,knee_pitch,9.09095716895947,4.545478584479735,9.09095716895947,0.0,4.347849080806704,4.347849080806704,1.108658,0.17189100000000002,1.124012,0.173973,5.109172474698236,0.7907905457776929,0.24374172864637217
sim,2504.0,kp25_kd0.4,25.0,0.4,t27_tracking_lag_b1_diag_20260506_133905_2504.csv,2,left,complete_support,support_leg,left,1778045946.7483065,1778045946.9683053,0.21999883651733398,23,left,right,hip_pitch,31.81835009135815,4.545478584479735,31.81835009135815,0.0,4.347849080806704,4.347849080806704,0.459578,0.06823800000000002,0.9150789999999999,0.10803300000000005,4.159471997607131,0.4910616879170995,0.18724928483406703
sim,2504.0,kp25_kd0.4,25.0,0.4,t27_tracking_lag_b1_diag_20260506_133905_2504.csv,2,left,complete_support,support_leg,left,1778045946.7483065,1778045946.9683053,0.21999883651733398,23,left,right,hip_roll,22.72739292239868,9.09095716895947,18.18191433791894,9.09095716895947,4.347849080806704,4.347849080806704,0.8392999999999999,0.08650666,1.117849,0.09287266,5.081158690182088,0.4221506871136677,0.44583098342218547
sim,2504.0,kp25_kd0.4,25.0,0.4,t27_tracking_lag_b1_diag_20260506_133905_2504.csv,3,right,complete_swing,swing_leg,right,1778045946.7483065,1778045946.9683053,0.21999883651733398,23,left,right,ankle_pitch,27.272871506878413,13.636435753439207,27.272871506878413,13.636435753439207,4.347849080806704,4.347849080806704,0.21113999999999997,0.145404,0.5253139999999998,0.21414699999999998,2.387803537127387,0.9734006024305818,0.08807413944488202
sim,2504.0,kp25_kd0.4,25.0,0.4,t27_tracking_lag_b1_diag_20260506_133905_2504.csv,3,right,complete_swing,swing_leg,right,1778045946.7483065,1778045946.9683053,0.21999883651733398,23,left,right,ankle_roll,13.636435753439207,4.545478584479735,13.636435753439207,4.545478584479735,4.347849080806704,4.347849080806704,0.35246500000000003,0.0654863,0.54711039,0.1164839,2.4868785610913555,0.529475072886679,0.06514849953231036
sim,2504.0,kp25_kd0.4,25.0,0.4,t27_tracking_lag_b1_diag_20260506_133905_2504.csv,3,right,complete_swing,swing_leg,right,1778045946.7483065,1778045946.9683053,0.21999883651733398,23,left,right,knee_pitch,13.636435753439207,4.545478584479735,13.636435753439207,4.545478584479735,4.347849080806704,4.347849080806704,0.5532409999999999,0.30492699999999995,0.7050489999999999,0.3184459999999999,3.204785130508853,1.4474894733132333,0.23290048149930626
sim,2504.0,kp25_kd0.4,25.0,0.4,t27_tracking_lag_b1_diag_20260506_133905_2504.csv,3,right,complete_swing,swing_leg,right,1778045946.7483065,1778045946.9683053,0.21999883651733398,23,left,right,hip_pitch,18.18191433791894,4.545478584479735,18.18191433791894,4.545478584479735,4.347849080806704,4.347849080806704,0.55972,0.12282099999999996,0.9805209999999998,0.1683619999999999,4.456937207132653,0.7652858654401767,0.1676221140107557
sim,2504.0,kp25_kd0.4,25.0,0.4,t27_tracking_lag_b1_diag_20260506_133905_2504.csv,3,right,complete_swing,swing_leg,right,1778045946.7483065,1778045946.9683053,0.21999883651733398,23,left,right,hip_roll,31.81835009135815,13.636435753439207,31.81835009135815,4.545478584479735,4.347849080806704,4.347849080806704,1.696374,0.02381789999999999,1.9916999999999998,0.049787599999999974,9.053229696708287,0.22630846957264317,0.48542053383542155
sim,2504.0,kp25_kd0.4,25.0,0.4,t27_tracking_lag_b1_diag_20260506_133905_2504.csv,3,right,complete_support,support_leg,right,1778045946.9683053,1778045947.4082992,0.43999385833740234,45,right,left,ankle_pitch,20.454830969705245,6.818276989901748,15.909312976437413,6.818276989901748,2.2222532411531626,2.2222532411531626,0.76,0.18798000000000004,1.6597899999999999,0.272502,3.772302655023007,0.6193313721007355,0.25449162429311645
sim,2504.0,kp25_kd0.4,25.0,0.4,t27_tracking_lag_b1_diag_20260506_133905_2504.csv,3,right,complete_support,support_leg,right,1778045946.9683053,1778045947.4082992,0.43999385833740234,45,right,left,ankle_roll,29.54586695624091,11.363794983169582,29.54586695624091,4.545517993267833,2.2222532411531626,2.2222532411531626,0.35832630000000004,0.0364795,0.97033172,0.07481646,2.205330146349262,0.17003978256130153,0.1899427689165478
sim,2504.0,kp25_kd0.4,25.0,0.4,t27_tracking_lag_b1_diag_20260506_133905_2504.csv,3,right,complete_support,support_leg,right,1778045946.9683053,1778045947.4082992,0.43999385833740234,45,right,left,knee_pitch,15.909312976437413,4.545517993267833,15.909312976437413,0.0,2.2222532411531626,2.2222532411531626,1.086344,0.407594,1.643643,0.5024650000000002,3.7356044155043597,1.141981849243661,0.29484722737897107
sim,2504.0,kp25_kd0.4,25.0,0.4,t27_tracking_lag_b1_diag_20260506_133905_2504.csv,3,right,complete_support,support_leg,right,1778045946.9683053,1778045947.4082992,0.43999385833740234,45,right,left,hip_pitch,25.000348962973078,4.545517993267833,25.000348962973078,4.545517993267833,2.2222532411531626,2.2222532411531626,1.0188198,0.25556399999999996,2.5248055999999997,0.499499,5.7382746421516915,1.1352408460596446,0.334400020505221
sim,2504.0,kp25_kd0.4,25.0,0.4,t27_tracking_lag_b1_diag_20260506_133905_2504.csv,3,right,complete_support,support_leg,right,1778045946.9683053,1778045947.4082992,0.43999385833740234,45,right,left,hip_roll,27.273107959606993,9.091035986535665,25.000348962973078,6.818276989901748,2.2222532411531626,2.2222532411531626,1.6891,0.1518776,3.2394659999999997,0.2563956,7.3625254957896855,0.582725406597351,0.5539073299072027
sim,2504.0,kp25_kd0.4,25.0,0.4,t27_tracking_lag_b1_diag_20260506_133905_2504.csv,4,left,complete_swing,swing_leg,left,1778045946.9683053,1778045947.4082992,0.43999385833740234,45,right,left,ankle_pitch,27.273107959606993,11.363794983169582,22.727589966339163,9.091035986535665,4.444506482306325,2.2222532411531626,0.292829,0.18315199999999998,1.0586349999999998,0.39208499999999996,2.406022220401545,0.8911147111952089,0.08021714493935958
sim,2504.0,kp25_kd0.4,25.0,0.4,t27_tracking_lag_b1_diag_20260506_133905_2504.csv,4,left,complete_swing,swing_leg,left,1778045946.9683053,1778045947.4082992,0.43999385833740234,45,right,left,ankle_roll,22.727589966339163,11.363794983169582,22.727589966339163,9.091035986535665,2.2222532411531626,2.2222532411531626,0.47159080000000003,0.0723356,0.7308895200000001,0.13318522,1.6611357321254447,0.3026979069736674,0.20692012696976486
sim,2504.0,kp25_kd0.4,25.0,0.4,t27_tracking_lag_b1_diag_20260506_133905_2504.csv,4,left,complete_swing,swing_leg,left,1778045946.9683053,1778045947.4082992,0.43999385833740234,45,right,left,knee_pitch,20.454830969705245,6.818276989901748,20.454830969705245,6.818276989901748,2.2222532411531626,2.2222532411531626,1.237137,0.43285,1.5959690000000002,0.7897179999999999,3.627252903098835,1.794838689303743,0.3110133346723256
sim,2504.0,kp25_kd0.4,25.0,0.4,t27_tracking_lag_b1_diag_20260506_133905_2504.csv,4,left,complete_swing,swing_leg,left,1778045946.9683053,1778045947.4082992,0.43999385833740234,45,right,left,hip_pitch,31.818625952874825,2.2727589966339163,29.54586695624091,2.2727589966339163,2.2222532411531626,2.2222532411531626,0.7720440000000001,0.20848100000000003,1.4753170000000002,0.37129000000000006,3.35303998463696,0.8438526878602068,0.18882211962391127
sim,2504.0,kp25_kd0.4,25.0,0.4,t27_tracking_lag_b1_diag_20260506_133905_2504.csv,4,left,complete_swing,swing_leg,left,1778045946.9683053,1778045947.4082992,0.43999385833740234,45,right,left,hip_roll,27.273107959606993,6.818276989901748,25.000348962973078,6.818276989901748,2.2222532411531626,2.2222532411531626,1.67533,0.1643072,3.6457038,0.26201325999999997,8.285806110512455,0.5954929939023813,0.512931112454759
sim,2504.0,kp25_kd0.4,25.0,0.4,t27_tracking_lag_b1_diag_20260506_133905_2504.csv,4,left,complete_support,support_leg,left,1778045947.4082992,1778045947.7683032,0.3600039482116699,37,left,right,ankle_pitch,24.999725821641018,11.110989254062675,22.22197850812535,8.333241940547005,2.702673061799029,2.702673061799029,0.716426,0.17567,1.4642899999999999,0.3989369999999999,4.067427613707858,1.1081461800119998,0.44672571642346653
sim,2504.0,kp25_kd0.4,25.0,0.4,t27_tracking_lag_b1_diag_20260506_133905_2504.csv,4,left,complete_support,support_leg,left,1778045947.4082992,1778045947.7683032,0.3600039482116699,37,left,right,ankle_roll,33.33296776218802,13.888736567578343,27.777473135156686,8.333241940547005,2.702673061799029,2.702673061799029,0.45953443,0.1183652,0.5726064399999999,0.23197985999999998,1.5905560004117707,0.6443814329047408,0.2792574633924717
sim,2504.0,kp25_kd0.4,25.0,0.4,t27_tracking_lag_b1_diag_20260506_133905_2504.csv,4,left,complete_support,support_leg,left,1778045947.4082992,1778045947.7683032,0.3600039482116699,37,left,right,knee_pitch,13.888736567578343,5.5554946270313375,13.888736567578343,2.7777473135156687,2.702673061799029,2.702673061799029,1.036257,0.5422890000000001,1.5810170000000003,0.5519280000000002,4.3916657243726025,1.5331165192540765,0.24232057889068961
sim,2504.0,kp25_kd0.4,25.0,0.4,t27_tracking_lag_b1_diag_20260506_133905_2504.csv,4,left,complete_support,support_leg,left,1778045947.4082992,1778045947.7683032,0.3600039482116699,37,left,right,hip_pitch,24.999725821641018,2.7777473135156687,24.999725821641018,2.7777473135156687,2.702673061799029,2.702673061799029,0.7268125,0.264447,1.347618,0.37636400000000003,3.743342279145358,1.0454440899040112,0.23480943958632625
sim,2504.0,kp25_kd0.4,25.0,0.4,t27_tracking_lag_b1_diag_20260506_133905_2504.csv,4,left,complete_support,support_leg,left,1778045947.4082992,1778045947.7683032,0.3600039482116699,37,left,right,hip_roll,30.555220448672355,2.7777473135156687,27.777473135156686,2.7777473135156687,2.702673061799029,2.702673061799029,0.9714149999999999,0.14587115,1.849592,0.28326689,5.137699209100072,0.7868438427054384,0.3855051839405936
sim,2504.0,kp25_kd0.4,25.0,0.4,t27_tracking_lag_b1_diag_20260506_133905_2504.csv,5,right,complete_swing,swing_leg,right,1778045947.4082992,1778045947.7683032,0.3600039482116699,37,left,right,ankle_pitch,16.66648388109401,2.7777473135156687,16.66648388109401,2.7777473135156687,2.702673061799029,2.702673061799029,0.691345,0.218956,1.035185,0.37032600000000004,2.8754823527417175,1.0286720516250036,0.3619378106857496
sim,2504.0,kp25_kd0.4,25.0,0.4,t27_tracking_lag_b1_diag_20260506_133905_2504.csv,5,right,complete_swing,swing_leg,right,1778045947.4082992,1778045947.7683032,0.3600039482116699,37,left,right,ankle_roll,36.110715075703695,13.888736567578343,33.33296776218802,2.7777473135156687,2.702673061799029,10.810692247196116,0.451135,0.021150759999999998,1.1691176399999998,0.07688554,3.247513383693778,0.21356860218320148,0.20099108262253965
sim,2504.0,kp25_kd0.4,25.0,0.4,t27_tracking_lag_b1_diag_20260506_133905_2504.csv,5,right,complete_swing,swing_leg,right,1778045947.4082992,1778045947.7683032,0.3600039482116699,37,left,right,knee_pitch,27.777473135156686,8.333241940547005,27.777473135156686,5.5554946270313375,2.702673061799029,2.702673061799029,0.644087,0.33704999999999996,1.2819310000000002,0.38890599999999986,3.560880391362455,1.0802825967101242,0.2416812852868813
sim,2504.0,kp25_kd0.4,25.0,0.4,t27_tracking_lag_b1_diag_20260506_133905_2504.csv,5,right,complete_swing,swing_leg,right,1778045947.4082992,1778045947.7683032,0.3600039482116699,37,left,right,hip_pitch,22.22197850812535,2.7777473135156687,22.22197850812535,2.7777473135156687,2.702673061799029,2.702673061799029,0.790259,0.22967299999999996,2.554726,0.395727,7.09638328326863,1.099229611135615,0.2550640715450436
sim,2504.0,kp25_kd0.4,25.0,0.4,t27_tracking_lag_b1_diag_20260506_133905_2504.csv,5,right,complete_swing,swing_leg,right,1778045947.4082992,1778045947.7683032,0.3600039482116699,37,left,right,hip_roll,36.110715075703695,2.7777473135156687,33.33296776218802,2.7777473135156687,2.702673061799029,2.702673061799029,1.69686,0.13647753099999999,4.6535812,0.230415131,12.92647267652702,0.6400350111286108,0.734260289743477
sim,2504.0,kp25_kd0.4,25.0,0.4,t27_tracking_lag_b1_diag_20260506_133905_2504.csv,5,right,complete_support,support_leg,right,1778045947.7683032,1778045948.0883052,0.32000207901000977,33,right,left,ankle_pitch,28.124817275698003,9.374939091899334,21.874857881098446,9.374939091899334,3.0302833428361486,3.0302833428361486,0.76,0.140752,1.0185107999999998,0.29599,3.1828255714805542,0.9249627406037613,0.5424505564403532
sim,2504.0,kp25_kd0.4,25.0,0.4,t27_tracking_lag_b1_diag_20260506_133905_2504.csv,5,right,complete_support,support_leg,right,1778045947.7683032,1778045948.0883052,0.32000207901000977,33,right,left,ankle_roll,24.999837578398225,9.374939091899334,24.999837578398225,9.374939091899334,3.0302833428361486,6.060566685672297,0.41498379999999996,0.07478467999999999,0.56040158,0.1815643,1.7512435598347174,0.5673847512544461,0.256170020027369
sim,2504.0,kp25_kd0.4,25.0,0.4,t27_tracking_lag_b1_diag_20260506_133905_2504.csv,5,right,complete_support,support_leg,right,1778045947.7683032,1778045948.0883052,0.32000207901000977,33,right,left,knee_pitch,9.374939091899334,3.124979697299778,9.374939091899334,0.0,3.0302833428361486,3.0302833428361486,0.9344619999999999,0.40137600000000007,1.326971,0.43617000000000017,4.1467574339055835,1.3630223945712447,0.2675694080181473
sim,2504.0,kp25_kd0.4,25.0,0.4,t27_tracking_lag_b1_diag_20260506_133905_2504.csv,5,right,complete_support,support_leg,right,1778045947.7683032,1778045948.0883052,0.32000207901000977,33,right,left,hip_pitch,31.249796972997782,3.124979697299778,28.124817275698003,3.124979697299778,3.0302833428361486,3.0302833428361486,0.9678739000000001,0.276054,1.4719680199999998,0.53859,4.599870177574553,1.6830828151686876,0.40423032650869034
sim,2504.0,kp25_kd0.4,25.0,0.4,t27_tracking_lag_b1_diag_20260506_133905_2504.csv,5,right,complete_support,support_leg,right,1778045947.7683032,1778045948.0883052,0.32000207901000977,33,right,left,hip_roll,15.624898486498891,9.374939091899334,12.499918789199112,9.374939091899334,3.0302833428361486,3.0302833428361486,0.977622,0.1215734,1.6295148000000002,0.24223026900000003,5.092200666449509,0.756964672696464,0.3486594304206665
sim,2504.0,kp25_kd0.4,25.0,0.4,t27_tracking_lag_b1_diag_20260506_133905_2504.csv,6,left,complete_swing,swing_leg,left,1778045947.7683032,1778045948.0883052,0.32000207901000977,33,right,left,ankle_pitch,24.999837578398225,6.249959394599556,24.999837578398225,3.124979697299778,3.0302833428361486,3.0302833428361486,0.430559,0.16806699999999997,1.3235340899999999,0.29507099999999997,4.136017159934137,0.9220908842619427,0.14631010570817715
sim,2504.0,kp25_kd0.4,25.0,0.4,t27_tracking_lag_b1_diag_20260506_133905_2504.csv,6,left,complete_swing,swing_leg,left,1778045947.7683032,1778045948.0883052,0.32000207901000977,33,right,left,ankle_roll,18.749878183798668,9.374939091899334,12.499918789199112,6.249959394599556,3.0302833428361486,3.0302833428361486,0.4989473,0.0607279,0.6970451000000001,0.10556629999999999,2.178251785602294,0.3298925442190575,0.2228115627825918
sim,2504.0,kp25_kd0.4,25.0,0.4,t27_tracking_lag_b1_diag_20260506_133905_2504.csv,6,left,complete_swing,swing_leg,left,1778045947.7683032,1778045948.0883052,0.32000207901000977,33,right,left,knee_pitch,21.874857881098446,6.249959394599556,21.874857881098446,6.249959394599556,3.0302833428361486,3.0302833428361486,0.705748,0.5016960000000001,1.241665,0.5776760000000001,3.880177915847729,1.8052257716173468,0.31854510015509296
sim,2504.0,kp25_kd0.4,25.0,0.4,t27_tracking_lag_b1_diag_20260506_133905_2504.csv,6,left,complete_swing,swing_leg,left,1778045947.7683032,1778045948.0883052,0.32000207901000977,33,right,left,hip_pitch,21.874857881098446,3.124979697299778,21.874857881098446,0.0,3.0302833428361486,3.0302833428361486,0.7512406,0.173973,1.9265092000000001,0.227068,6.020302136661238,0.709582889906466,0.18871519668627162
sim,2504.0,kp25_kd0.4,25.0,0.4,t27_tracking_lag_b1_diag_20260506_133905_2504.csv,6,left,complete_swing,swing_leg,left,1778045947.7683032,1778045948.0883052,0.32000207901000977,33,right,left,hip_roll,18.749878183798668,9.374939091899334,15.624898486498891,3.124979697299778,3.0302833428361486,3.0302833428361486,1.5821699999999999,0.1053685,2.8906009999999993,0.20056635,9.033069437994433,0.6267657717115214,0.5751099331787233
sim,2504.0,kp25_kd0.4,25.0,0.4,t27_tracking_lag_b1_diag_20260506_133905_2504.csv,6,left,complete_support,support_leg,left,1778045948.0883052,1778045948.4683037,0.37999844551086426,39,left,right,ankle_pitch,23.68430741315411,10.526358850290714,21.05271770058143,10.526358850290714,2.564113053275943,2.564113053275943,0.6996899999999999,0.18484199999999998,1.3573308899999998,0.4307799999999999,3.5719380066811177,1.1336362163820584,0.4773498332027504
sim,2504.0,kp25_kd0.4,25.0,0.4,t27_tracking_lag_b1_diag_20260506_133905_2504.csv,6,left,complete_support,support_leg,left,1778045948.0883052,1778045948.4683037,0.37999844551086426,39,left,right,ankle_roll,26.31589712572679,10.526358850290714,23.68430741315411,10.526358850290714,2.564113053275943,2.564113053275943,0.47131493999999996,0.1485265,0.5750580900000001,0.27604264,1.5133169537756939,0.7264309716554035,0.282107712327234
sim,2504.0,kp25_kd0.4,25.0,0.4,t27_tracking_lag_b1_diag_20260506_133905_2504.csv,6,left,complete_support,support_leg,left,1778045948.0883052,1778045948.4683037,0.37999844551086426,39,left,right,knee_pitch,13.157948562863394,5.263179425145357,13.157948562863394,2.6315897125726786,2.564113053275943,2.564113053275943,0.9963930000000001,0.545744,1.620384,0.5773820000000001,4.264185864817367,1.5194325314246386,0.22753663264586763
sim,2504.0,kp25_kd0.4,25.0,0.4,t27_tracking_lag_b1_diag_20260506_133905_2504.csv,6,left,complete_support,support_leg,left,1778045948.0883052,1778045948.4683037,0.37999844551086426,39,left,right,hip_pitch,34.21066626344482,2.6315897125726786,34.21066626344482,2.6315897125726786,2.564113053275943,2.564113053275943,0.8136314600000001,0.2527670000000001,2.11260752,0.3920580000000001,5.5595162163356795,1.0317357995318195,0.26491549941227066
sim,2504.0,kp25_kd0.4,25.0,0.4,t27_tracking_lag_b1_diag_20260506_133905_2504.csv,6,left,complete_support,support_leg,left,1778045948.0883052,1778045948.4683037,0.37999844551086426,39,left,right,hip_roll,26.31589712572679,2.6315897125726786,21.05271770058143,2.6315897125726786,2.564113053275943,2.564113053275943,1.004911,0.16370211,1.8871377,0.31799761,4.966172157528066,0.8368392390986987,0.40383426418894763
sim,3505.0,kp35_kd0.5,35.0,0.5,t27_tracking_lag_b1_diag_20260506_133024_3505.csv,1,left,complete_support,support_leg,left,1778045425.262834,1778045425.6128368,0.3500027656555176,36,left,right,ankle_pitch,17.142721683249114,5.714240561083039,11.428481122166078,2.8571202805415195,5.55551165660851,2.777755828304255,0.4858935,0.182434,1.001801,0.21017599999999995,2.8622659541667743,0.6004981120830942,0.1649515132395492
sim,3505.0,kp35_kd0.5,35.0,0.5,t27_tracking_lag_b1_diag_20260506_133024_3505.csv,1,left,complete_support,support_leg,left,1778045425.262834,1778045425.6128368,0.3500027656555176,36,left,right,ankle_roll,19.999841963790633,17.142721683249114,17.142721683249114,11.428481122166078,2.777755828304255,2.777755828304255,0.4384439,0.1932858,0.54653156,0.26854798,1.5615064040319941,0.7672738799564583,0.1322691241627901
sim,3505.0,kp35_kd0.5,35.0,0.5,t27_tracking_lag_b1_diag_20260506_133024_3505.csv,1,left,complete_support,support_leg,left,1778045425.262834,1778045425.6128368,0.3500027656555176,36,left,right,knee_pitch,14.285601402707597,2.8571202805415195,14.285601402707597,0.0,2.777755828304255,2.777755828304255,1.020795,0.437391,1.5523919999999998,0.4432,4.435370666550409,1.2662757083360012,0.2704742917492858
sim,3505.0,kp35_kd0.5,35.0,0.5,t27_tracking_lag_b1_diag_20260506_133024_3505.csv,1,left,complete_support,support_leg,left,1778045425.262834,1778045425.6128368,0.3500027656555176,36,left,right,hip_pitch,37.14256364703975,2.8571202805415195,37.14256364703975,0.0,2.777755828304255,2.777755828304255,0.450318,0.21366900000000005,1.376773,0.23162400000000005,3.9336060600019893,0.661777627860149,0.20442704810844708
sim,3505.0,kp35_kd0.5,35.0,0.5,t27_tracking_lag_b1_diag_20260506_133024_3505.csv,1,left,complete_support,support_leg,left,1778045425.262834,1778045425.6128368,0.3500027656555176,36,left,right,hip_roll,25.714082524873675,2.8571202805415195,19.999841963790633,0.0,2.777755828304255,2.777755828304255,0.7611840000000001,0.1136985,1.7330462,0.19656880999999998,4.9515214451354135,0.5616207335729125,0.2759452800923962
sim,3505.0,kp35_kd0.5,35.0,0.5,t27_tracking_lag_b1_diag_20260506_133024_3505.csv,2,right,complete_swing,swing_leg,right,1778045425.262834,1778045425.6128368,0.3500027656555176,36,left,right,ankle_pitch,11.428481122166078,8.571360841624557,8.571360841624557,8.571360841624557,2.777755828304255,8.333267484912765,0.20154999999999998,0.13406300000000002,0.33620099999999997,0.344714,0.9605666954383393,0.9848893603865894,0.13517840646469143
sim,3505.0,kp35_kd0.5,35.0,0.5,t27_tracking_lag_b1_diag_20260506_133024_3505.csv,2,right,complete_swing,swing_leg,right,1778045425.262834,1778045425.6128368,0.3500027656555176,36,left,right,ankle_roll,25.714082524873675,8.571360841624557,25.714082524873675,8.571360841624557,2.777755828304255,2.777755828304255,0.3104111,0.1418305,0.61520416,0.25406049,1.7577122822095097,0.7258813784633159,0.04874625032310224
sim,3505.0,kp35_kd0.5,35.0,0.5,t27_tracking_lag_b1_diag_20260506_133024_3505.csv,2,right,complete_swing,swing_leg,right,1778045425.262834,1778045425.6128368,0.3500027656555176,36,left,right,knee_pitch,22.856962244332156,5.714240561083039,22.856962244332156,5.714240561083039,2.777755828304255,2.777755828304255,0.5454509999999999,0.334009,0.816902,0.41294299999999995,2.3339872714149283,1.1798278200076564,0.2569866616211714
sim,3505.0,kp35_kd0.5,35.0,0.5,t27_tracking_lag_b1_diag_20260506_133024_3505.csv,2,right,complete_swing,swing_leg,right,1778045425.262834,1778045425.6128368,0.3500027656555176,36,left,right,hip_pitch,22.856962244332156,8.571360841624557,19.999841963790633,5.714240561083039,8.333267484912765,2.777755828304255,0.523126,0.190695,1.409289,0.23773799999999995,4.026508183044077,0.6792460612553796,0.17873120530950629
sim,3505.0,kp35_kd0.5,35.0,0.5,t27_tracking_lag_b1_diag_20260506_133024_3505.csv,2,right,complete_swing,swing_leg,right,1778045425.262834,1778045425.6128368,0.3500027656555176,36,left,right,hip_roll,37.14256364703975,11.428481122166078,37.14256364703975,8.571360841624557,2.777755828304255,2.777755828304255,1.3422,0.0785105,2.4894598,0.1353403,7.112686082172835,0.3866835159045734,0.5464410695815258
sim,3505.0,kp35_kd0.5,35.0,0.5,t27_tracking_lag_b1_diag_20260506_133024_3505.csv,2,right,complete_support,support_leg,right,1778045425.6128368,1778045425.9128406,0.3000037670135498,31,right,left,ankle_pitch,13.333165912611152,9.999874434458363,9.999874434458363,9.999874434458363,3.225765946599472,3.225765946599472,0.7592829999999999,0.12956800000000002,1.5389650000000001,0.22912500000000002,5.129818919675405,0.7637404099317576,0.3084247633422829
sim,3505.0,kp35_kd0.5,35.0,0.5,t27_tracking_lag_b1_diag_20260506_133024_3505.csv,2,right,complete_support,support_leg,right,1778045425.6128368,1778045425.9128406,0.3000037670135498,31,right,left,ankle_roll,16.666457390763938,13.333165912611152,13.333165912611152,6.666582956305576,3.225765946599472,3.225765946599472,0.2890002,0.04283619,0.6059656,0.0675462,2.019859970533741,0.22515117284160385,0.11885876090133682
sim,3505.0,kp35_kd0.5,35.0,0.5,t27_tracking_lag_b1_diag_20260506_133024_3505.csv,2,right,complete_support,support_leg,right,1778045425.6128368,1778045425.9128406,0.3000037670135498,31,right,left,knee_pitch,3.333291478152788,3.333291478152788,3.333291478152788,0.0,3.225765946599472,3.225765946599472,1.094101,0.41621800000000003,1.577007,0.448206,5.256623994087294,1.4940012402569485,0.3402116121032187
sim,3505.0,kp35_kd0.5,35.0,0.5,t27_tracking_lag_b1_diag_20260506_133024_3505.csv,2,right,complete_support,support_leg,right,1778045425.6128368,1778045425.9128406,0.3000037670135498,31,right,left,hip_pitch,19.999748868916726,3.333291478152788,19.999748868916726,3.333291478152788,3.225765946599472,3.225765946599472,1.1188550000000002,0.27191599999999994,1.7715670000000001,0.44076099999999996,5.9051491840767,1.4691848852021008,0.37184807443123874
sim,3505.0,kp35_kd0.5,35.0,0.5,t27_tracking_lag_b1_diag_20260506_133024_3505.csv,2,right,complete_support,support_leg,right,1778045425.6128368,1778045425.9128406,0.3000037670135498,31,right,left,hip_roll,19.999748868916726,6.666582956305576,16.666457390763938,0.0,3.225765946599472,3.225765946599472,0.8608210000000001,0.0985775,1.5952600000000001,0.1324101,5.317466563438017,0.44136145795135845,0.3923980142944907
sim,3505.0,kp35_kd0.5,35.0,0.5,t27_tracking_lag_b1_diag_20260506_133024_3505.csv,3,left,complete_swing,swing_leg,left,1778045425.6128368,1778045425.9128406,0.3000037670135498,31,right,left,ankle_pitch,6.666582956305576,13.333165912611152,3.333291478152788,9.999874434458363,6.451531893198944,3.225765946599472,0.21520999999999998,0.189763,0.5355359999999999,0.31224,1.7850975850440312,1.0407869311384266,0.10417611629893403
sim,3505.0,kp35_kd0.5,35.0,0.5,t27_tracking_lag_b1_diag_20260506_133024_3505.csv,3,left,complete_swing,swing_leg,left,1778045425.6128368,1778045425.9128406,0.3000037670135498,31,right,left,ankle_roll,23.333040347069513,13.333165912611152,19.999748868916726,13.333165912611152,3.225765946599472,6.451531893198944,0.5102613,0.1010713,0.64986168,0.12987347999999999,2.166178399922054,0.43290616412204647,0.24865768500074797
sim,3505.0,kp35_kd0.5,35.0,0.5,t27_tracking_lag_b1_diag_20260506_133024_3505.csv,3,left,complete_swing,swing_leg,left,1778045425.6128368,1778045425.9128406,0.3000037670135498,31,right,left,knee_pitch,16.666457390763938,6.666582956305576,16.666457390763938,3.333291478152788,3.225765946599472,3.225765946599472,0.640425,0.413805,0.9161840000000001,0.46868299999999996,3.053908319619934,1.562257049855083,0.2789952511659675
sim,3505.0,kp35_kd0.5,35.0,0.5,t27_tracking_lag_b1_diag_20260506_133024_3505.csv,3,left,complete_swing,swing_leg,left,1778045425.6128368,1778045425.9128406,0.3000037670135498,31,right,left,hip_pitch,26.666331825222304,3.333291478152788,26.666331825222304,3.333291478152788,3.225765946599472,3.225765946599472,0.549097,0.21136800000000006,0.9526810000000001,0.21447200000000005,3.1755634586980763,0.7148976899023849,0.15267866465174074
sim,3505.0,kp35_kd0.5,35.0,0.5,t27_tracking_lag_b1_diag_20260506_133024_3505.csv,3,left,complete_swing,swing_leg,left,1778045425.6128368,1778045425.9128406,0.3000037670135498,31,right,left,hip_roll,13.333165912611152,9.999874434458363,9.999874434458363,9.999874434458363,3.225765946599472,3.225765946599472,1.7,0.071906,2.709315,0.1479581,9.03093660113152,0.493187473853678,0.6394503693282567
sim,3505.0,kp35_kd0.5,35.0,0.5,t27_tracking_lag_b1_diag_20260506_133024_3505.csv,3,left,complete_support,support_leg,left,1778045425.9128406,1778045426.272838,0.3599975109100342,37,left,right,ankle_pitch,13.888984919258327,11.111187935406662,11.111187935406662,8.333390951554996,2.7027213896935125,2.7027213896935125,0.714796,0.160551,1.429249,0.4204819999999999,3.9701635613730093,1.1680136313639158,0.401405440562691
sim,3505.0,kp35_kd0.5,35.0,0.5,t27_tracking_lag_b1_diag_20260506_133024_3505.csv,3,left,complete_support,support_leg,left,1778045425.9128406,1778045426.272838,0.3599975109100342,37,left,right,ankle_roll,27.777969838516654,8.333390951554996,19.444578886961658,5.555593967703331,2.7027213896935125,2.7027213896935125,0.44475814,0.21523576800000002,0.4932183200000001,0.36969771900000004,1.3700603616763858,1.0269452087750406,0.16306661611766204
sim,3505.0,kp35_kd0.5,35.0,0.5,t27_tracking_lag_b1_diag_20260506_133024_3505.csv,3,left,complete_support,support_leg,left,1778045425.9128406,1778045426.272838,0.3599975109100342,37,left,right,knee_pitch,13.888984919258327,5.555593967703331,13.888984919258327,2.7777969838516654,2.7027213896935125,2.7027213896935125,1.0673050000000002,0.5250750000000001,1.6272480000000002,0.5436330000000001,4.520164586378656,1.510102107722233,0.25288466308688545
sim,3505.0,kp35_kd0.5,35.0,0.5,t27_tracking_lag_b1_diag_20260506_133024_3505.csv,3,left,complete_support,support_leg,left,1778045425.9128406,1778045426.272838,0.3599975109100342,37,left,right,hip_pitch,38.889157773923316,2.7777969838516654,38.889157773923316,0.0,2.7027213896935125,2.7027213896935125,0.641331,0.267101,1.1035679999999999,0.37631,3.0654878618752144,1.0453127829932203,0.20253741616123738
sim,3505.0,kp35_kd0.5,35.0,0.5,t27_tracking_lag_b1_diag_20260506_133024_3505.csv,3,left,complete_support,support_leg,left,1778045425.9128406,1778045426.272838,0.3599975109100342,37,left,right,hip_roll,22.222375870813323,2.7777969838516654,19.444578886961658,2.7777969838516654,2.7027213896935125,2.7027213896935125,0.8901060000000001,0.1673847,1.66805,0.30283031,4.633504258913771,0.8412011217368648,0.38023160569523234
sim,3505.0,kp35_kd0.5,35.0,0.5,t27_tracking_lag_b1_diag_20260506_133024_3505.csv,4,right,complete_swing,swing_leg,right,1778045425.9128406,1778045426.272838,0.3599975109100342,37,left,right,ankle_pitch,16.666781903109992,8.333390951554996,13.888984919258327,8.333390951554996,2.7027213896935125,2.7027213896935125,0.6809000000000001,0.27935980000000005,1.275334,0.49073360000000005,3.54261893860348,1.36315831395467,0.3700475088745808
sim,3505.0,kp35_kd0.5,35.0,0.5,t27_tracking_lag_b1_diag_20260506_133024_3505.csv,4,right,complete_swing,swing_leg,right,1778045425.9128406,1778045426.272838,0.3599975109100342,37,left,right,ankle_roll,33.333563806219985,19.444578886961658,33.333563806219985,5.555593967703331,2.7027213896935125,2.7027213896935125,0.3847519,0.032014780400000005,0.9273547,0.06585832080000001,2.576003088620666,0.18294104487977544,0.12356047524097151
sim,3505.0,kp35_kd0.5,35.0,0.5,t27_tracking_lag_b1_diag_20260506_133024_3505.csv,4,right,complete_swing,swing_leg,right,1778045425.9128406,1778045426.272838,0.3599975109100342,37,left,right,knee_pitch,16.666781903109992,13.888984919258327,16.666781903109992,11.111187935406662,2.7027213896935125,2.7027213896935125,0.6146510000000001,0.3700939999999999,1.200084,0.3982809999999999,3.333589715568642,1.106343760525425,0.22333657527742437
sim,3505.0,kp35_kd0.5,35.0,0.5,t27_tracking_lag_b1_diag_20260506_133024_3505.csv,4,right,complete_swing,swing_leg,right,1778045425.9128406,1778045426.272838,0.3599975109100342,37,left,right,hip_pitch,25.00017285466499,2.7777969838516654,25.00017285466499,2.7777969838516654,10.81088555877405,2.7027213896935125,0.7944709999999999,0.22797399999999995,2.5272580000000002,0.387472,7.020209649814993,1.0763185529269725,0.24241675956729583
sim,3505.0,kp35_kd0.5,35.0,0.5,t27_tracking_lag_b1_diag_20260506_133024_3505.csv,4,right,complete_swing,swing_leg,right,1778045425.9128406,1778045426.272838,0.3599975109100342,37,left,right,hip_roll,33.333563806219985,8.333390951554996,30.55576682236832,8.333390951554996,2.7027213896935125,2.7027213896935125,1.67212,0.11664840000000001,3.3459444000000005,0.1811017,9.294354262455371,0.5030637560304092,0.7288768479352419
sim,3505.0,kp35_kd0.5,35.0,0.5,t27_tracking_lag_b1_diag_20260506_133024_3505.csv,4,right,complete_support,support_leg,right,1778045426.272838,1778045426.5928369,0.31999874114990234,33,right,left,ankle_pitch,21.875086054544425,15.625061467531733,18.750073761038077,15.625061467531733,3.030314951278881,3.030314951278881,0.76,0.13724599999999998,0.9003819999999999,0.350343,2.8137048188518308,1.094826181943894,0.5444044387087424
sim,3505.0,kp35_kd0.5,35.0,0.5,t27_tracking_lag_b1_diag_20260506_133024_3505.csv,4,right,complete_support,support_leg,right,1778045426.272838,1778045426.5928369,0.31999874114990234,33,right,left,ankle_roll,21.875086054544425,15.625061467531733,21.875086054544425,12.500049174025385,3.030314951278881,3.030314951278881,0.3724769,0.0877088,0.62461821,0.19549854,1.9519395849979286,0.6109353408625422,0.18693388995899426
sim,3505.0,kp35_kd0.5,35.0,0.5,t27_tracking_lag_b1_diag_20260506_133024_3505.csv,4,right,complete_support,support_leg,right,1778045426.272838,1778045426.5928369,0.31999874114990234,33,right,left,knee_pitch,15.625061467531733,3.1250122935063462,15.625061467531733,0.0,3.030314951278881,3.030314951278881,0.987862,0.42372299999999996,1.472654,0.454673,4.6020618540812945,1.420858714525411,0.2849230671744408
sim,3505.0,kp35_kd0.5,35.0,0.5,t27_tracking_lag_b1_diag_20260506_133024_3505.csv,4,right,complete_support,support_leg,right,1778045426.272838,1778045426.5928369,0.31999874114990234,33,right,left,hip_pitch,25.00009834805077,3.1250122935063462,25.00009834805077,3.1250122935063462,3.030314951278881,3.030314951278881,0.9570053,0.279598,1.5412435199999999,0.526656,4.816404947286994,1.6458064744488785,0.39023613665286544
sim,3505.0,kp35_kd0.5,35.0,0.5,t27_tracking_lag_b1_diag_20260506_133024_3505.csv,4,right,complete_support,support_leg,right,1778045426.272838,1778045426.5928369,0.31999874114990234,33,right,left,hip_roll,15.625061467531733,9.375036880519039,12.500049174025385,6.2500245870126925,3.030314951278881,3.030314951278881,0.9006339999999999,0.09702910000000001,1.7404601000000002,0.18432869999999998,5.438959208857286,0.5760294535460432,0.36229229052470474
sim,3505.0,kp35_kd0.5,35.0,0.5,t27_tracking_lag_b1_diag_20260506_133024_3505.csv,5,left,complete_swing,swing_leg,left,1778045426.272838,1778045426.5928369,0.31999874114990234,33,right,left,ankle_pitch,25.00009834805077,6.2500245870126925,25.00009834805077,6.2500245870126925,9.090944853836644,3.030314951278881,0.4044794,0.18724,1.2344161,0.31188699999999997,3.8575654878021597,0.9746507091848138,0.10570149882626732
sim,3505.0,kp35_kd0.5,35.0,0.5,t27_tracking_lag_b1_diag_20260506_133024_3505.csv,5,left,complete_swing,swing_leg,left,1778045426.272838,1778045426.5928369,0.31999874114990234,33,right,left,ankle_roll,34.37513522856981,12.500049174025385,34.37513522856981,3.1250122935063462,3.030314951278881,3.030314951278881,0.5025982,0.03649144,0.7552480500000001,0.105732678,2.360159440896696,0.330415918575348,0.2088835381114101
sim,3505.0,kp35_kd0.5,35.0,0.5,t27_tracking_lag_b1_diag_20260506_133024_3505.csv,5,left,complete_swing,swing_leg,left,1778045426.272838,1778045426.5928369,0.31999874114990234,33,right,left,knee_pitch,15.625061467531733,6.2500245870126925,12.500049174025385,6.2500245870126925,3.030314951278881,3.030314951278881,0.671412,0.48991799999999996,1.023115,0.559539,3.1972469526707457,1.7485662536962476,0.2979620327604295
sim,3505.0,kp35_kd0.5,35.0,0.5,t27_tracking_lag_b1_diag_20260506_133024_3505.csv,5,left,complete_swing,swing_leg,left,1778045426.272838,1778045426.5928369,0.31999874114990234,33,right,left,hip_pitch,21.875086054544425,3.1250122935063462,21.875086054544425,0.0,3.030314951278881,3.030314951278881,0.676802,0.171342,1.538731,0.21066000000000007,4.808553291399314,0.6583150897500472,0.16325047622251762
sim,3505.0,kp35_kd0.5,35.0,0.5,t27_tracking_lag_b1_diag_20260506_133024_3505.csv,5,left,complete_swing,swing_leg,left,1778045426.272838,1778045426.5928369,0.31999874114990234,33,right,left,hip_roll,18.750073761038077,9.375036880519039,15.625061467531733,3.1250122935063462,3.030314951278881,3.030314951278881,1.64194,0.10488439,2.9046279999999998,0.19633299,9.07699820806275,0.6135430073708587,0.5819450623738944
sim,3505.0,kp35_kd0.5,35.0,0.5,t27_tracking_lag_b1_diag_20260506_133024_3505.csv,5,left,complete_support,support_leg,left,1778045426.5928369,1778045426.972846,0.38000917434692383,39,left,right,ankle_pitch,23.683638731794357,10.52606165857527,21.05212331715054,2.6315154146438173,2.5640406604221813,2.5640406604221813,0.7209829999999999,0.15070999999999998,1.3678423,0.41337900000000005,3.599498097251853,1.0878132105900469,0.4244009710622887
sim,3505.0,kp35_kd0.5,35.0,0.5,t27_tracking_lag_b1_diag_20260506_133024_3505.csv,5,left,complete_support,support_leg,left,1778045426.5928369,1778045426.972846,0.38000917434692383,39,left,right,ankle_roll,21.05212331715054,7.894546243931453,15.789092487862906,7.894546243931453,2.5640406604221813,2.5640406604221813,0.4414926,0.23382345,0.48954292,0.44652215,1.2882397401097452,1.1750299207048989,0.18189556564642365
sim,3505.0,kp35_kd0.5,35.0,0.5,t27_tracking_lag_b1_diag_20260506_133024_3505.csv,5,left,complete_support,support_leg,left,1778045426.5928369,1778045426.972846,0.38000917434692383,39,left,right,knee_pitch,13.157577073219088,5.263030829287635,13.157577073219088,2.6315154146438173,2.5640406604221813,2.5640406604221813,1.043304,0.5283249999999999,1.5899620000000003,0.5630229999999998,4.184009511697914,1.4816037032990057,0.2382640621497555
sim,3505.0,kp35_kd0.5,35.0,0.5,t27_tracking_lag_b1_diag_20260506_133024_3505.csv,5,left,complete_support,support_leg,left,1778045426.5928369,1778045426.972846,0.38000917434692383,39,left,right,hip_pitch,42.10424663430108,2.6315154146438173,42.10424663430108,0.0,2.5640406604221813,2.5640406604221813,0.6904514,0.24764099999999994,1.4889518,0.37884699999999993,3.9181996133616583,0.9969417202915661,0.21447404551708493
sim,3505.0,kp35_kd0.5,35.0,0.5,t27_tracking_lag_b1_diag_20260506_133024_3505.csv,5,left,complete_support,support_leg,left,1778045426.5928369,1778045426.972846,0.38000917434692383,39,left,right,hip_roll,26.315154146438175,2.6315154146438173,23.683638731794357,2.6315154146438173,2.5640406604221813,2.5640406604221813,0.954061,0.167101,1.9094508799999999,0.3036943,5.0247494242252015,0.7991762317894638,0.3915285896604396
sim,3505.0,kp35_kd0.5,35.0,0.5,t27_tracking_lag_b1_diag_20260506_133024_3505.csv,6,right,complete_swing,swing_leg,right,1778045426.5928369,1778045426.972846,0.38000917434692383,39,left,right,ankle_pitch,18.420607902506724,2.6315154146438173,18.420607902506724,2.6315154146438173,2.5640406604221813,2.5640406604221813,0.705495,0.33568400000000004,1.200618,0.5352560000000001,3.159444774098831,1.4085344147805914,0.26161653345211827
sim,3505.0,kp35_kd0.5,35.0,0.5,t27_tracking_lag_b1_diag_20260506_133024_3505.csv,6,right,complete_swing,swing_leg,right,1778045426.5928369,1778045426.972846,0.38000917434692383,39,left,right,ankle_roll,31.57818497572581,18.420607902506724,31.57818497572581,10.52606165857527,2.5640406604221813,2.5640406604221813,0.3892379,0.02426656,0.96928595,0.081856866,2.5506909186226765,0.21540760467343342,0.10377040713422489
sim,3505.0,kp35_kd0.5,35.0,0.5,t27_tracking_lag_b1_diag_20260506_133024_3505.csv,6,right,complete_swing,swing_leg,right,1778045426.5928369,1778045426.972846,0.38000917434692383,39,left,right,knee_pitch,21.05212331715054,13.157577073219088,21.05212331715054,10.52606165857527,2.5640406604221813,2.5640406604221813,0.666794,0.39465800000000006,1.078036,0.4422670000000001,2.8368683515409625,1.1638324278882775,0.23757464045453708
sim,3505.0,kp35_kd0.5,35.0,0.5,t27_tracking_lag_b1_diag_20260506_133024_3505.csv,6,right,complete_swing,swing_leg,right,1778045426.5928369,1778045426.972846,0.38000917434692383,39,left,right,hip_pitch,21.05212331715054,2.6315154146438173,21.05212331715054,0.0,7.692121981266544,2.5640406604221813,0.75952,0.21681699999999998,2.311837,0.42277899999999996,6.08363470164392,1.1125494554876985,0.2448172982446193
sim,3505.0,kp35_kd0.5,35.0,0.5,t27_tracking_lag_b1_diag_20260506_133024_3505.csv,6,right,complete_swing,swing_leg,right,1778045426.5928369,1778045426.972846,0.38000917434692383,39,left,right,hip_roll,31.57818497572581,7.894546243931453,26.315154146438175,2.6315154146438173,2.5640406604221813,2.5640406604221813,1.7,0.1091056,3.5606295,0.2083467,9.36985141508551,0.548267552640171,0.6459494041208801
sim,3505.0,kp35_kd0.5,35.0,0.5,t27_tracking_lag_b1_diag_20260506_133024_3505.csv,6,right,complete_support,support_leg,right,1778045426.972846,1778045427.3129013,0.3400552272796631,35,right,left,ankle_pitch,32.347686838977914,8.822096410630339,32.347686838977914,8.822096410630339,2.8566788377279195,2.8566788377279195,0.747613,0.13210299999999997,1.192998,0.20054299999999992,3.5082477912297247,0.5897365601590131,0.37511797232287947
sim,3505.0,kp35_kd0.5,35.0,0.5,t27_tracking_lag_b1_diag_20260506_133024_3505.csv,6,right,complete_support,support_leg,right,1778045426.972846,1778045427.3129013,0.3400552272796631,35,right,left,ankle_roll,23.52559042834757,14.703494017717233,23.52559042834757,14.703494017717233,2.8566788377279195,2.8566788377279195,0.3676707,0.09565230000000001,0.5722918364,0.23575608,1.682937918579162,0.693287622384093,0.1934723487957334
sim,3505.0,kp35_kd0.5,35.0,0.5,t27_tracking_lag_b1_diag_20260506_133024_3505.csv,6,right,complete_support,support_leg,right,1778045426.972846,1778045427.3129013,0.3400552272796631,35,right,left,knee_pitch,20.584891624804126,2.9406988035434463,17.644192821260678,0.0,2.8566788377279195,2.8566788377279195,0.921305,0.42169199999999996,1.348305,0.4767999999999999,3.9649589003116468,1.402125189529515,0.2902892731088865
sim,3505.0,kp35_kd0.5,35.0,0.5,t27_tracking_lag_b1_diag_20260506_133024_3505.csv,6,right,complete_support,support_leg,right,1778045426.972846,1778045427.3129013,0.3400552272796631,35,right,left,hip_pitch,23.52559042834757,2.9406988035434463,23.52559042834757,2.9406988035434463,2.8566788377279195,2.8566788377279195,0.98780224,0.256323,1.76285468,0.460478,5.184024648296965,1.354127103658079,0.34835805872202924
sim,3505.0,kp35_kd0.5,35.0,0.5,t27_tracking_lag_b1_diag_20260506_133024_3505.csv,6,right,complete_support,support_leg,right,1778045426.972846,1778045427.3129013,0.3400552272796631,35,right,left,hip_roll,20.584891624804126,8.822096410630339,17.644192821260678,2.9406988035434463,2.8566788377279195,2.8566788377279195,0.9524630000000001,0.1128841,1.8007570000000002,0.1905426,5.295483955372487,0.5603283958440575,0.3939495593957723
sim,4005.0,kp40_kd0.5,40.0,0.5,t27_tracking_lag_b1_diag_20260506_134153_4005.csv,1,left,complete_support,support_leg,left,1778046114.0419912,1778046114.382012,0.34002065658569336,35,left,right,ankle_pitch,20.586984538793253,11.763991165024716,17.645986747537076,11.763991165024716,2.856969282934574,2.856969282934574,0.746955,0.145799,1.6211589999999998,0.422637,4.767825038275076,1.2429744835031378,0.35163624858168946
sim,4005.0,kp40_kd0.5,40.0,0.5,t27_tracking_lag_b1_diag_20260506_134153_4005.csv,1,left,complete_support,support_leg,left,1778046114.0419912,1778046114.382012,0.34002065658569336,35,left,right,ankle_roll,26.468980121305613,11.763991165024716,26.468980121305613,5.881995582512358,2.856969282934574,2.856969282934574,0.44166130000000003,0.27159,0.5225374800000001,0.4290464,1.5367815745285702,1.261824514746415,0.11729998521817503
sim,4005.0,kp40_kd0.5,40.0,0.5,t27_tracking_lag_b1_diag_20260506_134153_4005.csv,1,left,complete_support,support_leg,left,1778046114.0419912,1778046114.382012,0.34002065658569336,35,left,right,knee_pitch,14.704988956280896,5.881995582512358,11.763991165024716,2.940997791256179,2.856969282934574,2.856969282934574,1.088937,0.504177,1.6366980000000002,0.511154,4.813525202953406,1.503302784991761,0.2520327739310335
sim,4005.0,kp40_kd0.5,40.0,0.5,t27_tracking_lag_b1_diag_20260506_134153_4005.csv,1,left,complete_support,support_leg,left,1778046114.0419912,1778046114.382012,0.34002065658569336,35,left,right,hip_pitch,38.23297128633033,2.940997791256179,38.23297128633033,2.940997791256179,2.856969282934574,2.856969282934574,0.568738,0.275938,1.0570919999999995,0.35726100000000005,3.1089052371545756,1.050703811901974,0.1893871780400443
sim,4005.0,kp40_kd0.5,40.0,0.5,t27_tracking_lag_b1_diag_20260506_134153_4005.csv,1,left,complete_support,support_leg,left,1778046114.0419912,1778046114.382012,0.34002065658569336,35,left,right,hip_roll,29.409977912561793,2.940997791256179,26.468980121305613,2.940997791256179,2.856969282934574,2.856969282934574,0.75318,0.11789096,1.7708521999999998,0.22448364,5.208072408841145,0.6602058894131473,0.30124190879340407
sim,4005.0,kp40_kd0.5,40.0,0.5,t27_tracking_lag_b1_diag_20260506_134153_4005.csv,2,right,complete_swing,swing_leg,right,1778046114.0419912,1778046114.382012,0.34002065658569336,35,left,right,ankle_pitch,17.645986747537076,2.940997791256179,17.645986747537076,2.940997791256179,2.856969282934574,2.856969282934574,0.588761,0.2447312,1.101917,0.4071904,3.2407354631476353,1.19754606702072,0.28467735485857615
sim,4005.0,kp40_kd0.5,40.0,0.5,t27_tracking_lag_b1_diag_20260506_134153_4005.csv,2,right,complete_swing,swing_leg,right,1778046114.0419912,1778046114.382012,0.34002065658569336,35,left,right,ankle_roll,29.409977912561793,20.586984538793253,29.409977912561793,11.763991165024716,2.856969282934574,2.856969282934574,0.40613,0.049651299999999995,1.09263655,0.08726553,3.2134416801957717,0.2566477309827998,0.09309997894076648
sim,4005.0,kp40_kd0.5,40.0,0.5,t27_tracking_lag_b1_diag_20260506_134153_4005.csv,2,right,complete_swing,swing_leg,right,1778046114.0419912,1778046114.382012,0.34002065658569336,35,left,right,knee_pitch,23.527982330049433,5.881995582512358,23.527982330049433,5.881995582512358,2.856969282934574,2.856969282934574,0.478309,0.365279,0.8446,0.40195900000000007,2.483966734494969,1.1821605311755428,0.21645962755152023
sim,4005.0,kp40_kd0.5,40.0,0.5,t27_tracking_lag_b1_diag_20260506_134153_4005.csv,2,right,complete_swing,swing_leg,right,1778046114.0419912,1778046114.382012,0.34002065658569336,35,left,right,hip_pitch,32.35097570381797,2.940997791256179,32.35097570381797,2.940997791256179,11.427877131738295,2.856969282934574,0.710431,0.20455800000000002,2.263948,0.27464500000000003,6.658266067518845,0.8077303383795534,0.22150146313228466
sim,4005.0,kp40_kd0.5,40.0,0.5,t27_tracking_lag_b1_diag_20260506_134153_4005.csv,2,right,complete_swing,swing_leg,right,1778046114.0419912,1778046114.382012,0.34002065658569336,35,left,right,hip_roll,38.23297128633033,8.822993373768538,38.23297128633033,5.881995582512358,2.856969282934574,2.856969282934574,1.7,0.10144910000000001,3.3844883999999995,0.15539250000000002,9.953772908932159,0.4570089992777759,0.6763128194547456
sim,4005.0,kp40_kd0.5,40.0,0.5,t27_tracking_lag_b1_diag_20260506_134153_4005.csv,2,right,complete_support,support_leg,right,1778046114.382012,1778046114.7019968,0.31998491287231445,33,right,left,ankle_pitch,25.00117873742469,15.62573671089043,21.876031395246603,15.62573671089043,3.0304459075666292,3.0304459075666292,0.76,0.13184,1.0152249999999998,0.26821799999999996,3.172727710462747,0.8382207698243218,0.46754229160369043
sim,4005.0,kp40_kd0.5,40.0,0.5,t27_tracking_lag_b1_diag_20260506_134153_4005.csv,2,right,complete_support,support_leg,right,1778046114.382012,1778046114.7019968,0.31998491287231445,33,right,left,ankle_roll,18.750884053068518,15.62573671089043,18.750884053068518,6.250294684356173,3.0304459075666292,3.0304459075666292,0.3523343,0.0917409,0.628186028,0.19775349,1.9631738957976088,0.6180087936799408,0.1625431600438292
sim,4005.0,kp40_kd0.5,40.0,0.5,t27_tracking_lag_b1_diag_20260506_134153_4005.csv,2,right,complete_support,support_leg,right,1778046114.382012,1778046114.7019968,0.31998491287231445,33,right,left,knee_pitch,18.750884053068518,3.1251473421780864,18.750884053068518,0.0,3.0304459075666292,3.0304459075666292,0.945638,0.43027,1.383425,0.46820699999999993,4.323406961852719,1.463215861639175,0.2953126965712477
sim,4005.0,kp40_kd0.5,40.0,0.5,t27_tracking_lag_b1_diag_20260506_134153_4005.csv,2,right,complete_support,support_leg,right,1778046114.382012,1778046114.7019968,0.31998491287231445,33,right,left,hip_pitch,31.25147342178086,3.1251473421780864,31.25147342178086,3.1251473421780864,3.0304459075666292,3.0304459075666292,1.0248956,0.268111,1.6390611999999998,0.48702,5.122307752847224,1.5220092585875715,0.3767680425420772
sim,4005.0,kp40_kd0.5,40.0,0.5,t27_tracking_lag_b1_diag_20260506_134153_4005.csv,2,right,complete_support,support_leg,right,1778046114.382012,1778046114.7019968,0.31998491287231445,33,right,left,hip_roll,15.62573671089043,9.375442026534259,12.500589368712346,6.250294684356173,3.0304459075666292,3.0304459075666292,0.9151370000000001,0.09623090000000001,1.8069816000000003,0.1681294,5.647083744604707,0.5254291475519963,0.3918008595018936
sim,4005.0,kp40_kd0.5,40.0,0.5,t27_tracking_lag_b1_diag_20260506_134153_4005.csv,3,left,complete_swing,swing_leg,left,1778046114.382012,1778046114.7019968,0.31998491287231445,33,right,left,ankle_pitch,21.876031395246603,12.500589368712346,18.750884053068518,12.500589368712346,6.0608918151332585,3.0304459075666292,0.252584,0.19054600000000002,0.9613559999999999,0.333399,3.0043791482869557,1.0419209987348317,0.09411227844232685
sim,4005.0,kp40_kd0.5,40.0,0.5,t27_tracking_lag_b1_diag_20260506_134153_4005.csv,3,left,complete_swing,swing_leg,left,1778046114.382012,1778046114.7019968,0.31998491287231445,33,right,left,ankle_roll,25.00117873742469,12.500589368712346,21.876031395246603,9.375442026534259,3.0304459075666292,6.0608918151332585,0.5125847,0.09731719999999999,0.7599549999999999,0.164210382,2.3749713484249475,0.5131816388653482,0.20061458188021422
sim,4005.0,kp40_kd0.5,40.0,0.5,t27_tracking_lag_b1_diag_20260506_134153_4005.csv,3,left,complete_swing,swing_leg,left,1778046114.382012,1778046114.7019968,0.31998491287231445,33,right,left,knee_pitch,21.876031395246603,6.250294684356173,21.876031395246603,0.0,3.0304459075666292,3.0304459075666292,0.6559409999999999,0.48495599999999994,0.8437179999999997,0.5457939999999999,2.63674306524781,1.705686668476746,0.2965662327886036
sim,4005.0,kp40_kd0.5,40.0,0.5,t27_tracking_lag_b1_diag_20260506_134153_4005.csv,3,left,complete_swing,swing_leg,left,1778046114.382012,1778046114.7019968,0.31998491287231445,33,right,left,hip_pitch,21.876031395246603,3.1251473421780864,21.876031395246603,0.0,3.0304459075666292,3.0304459075666292,0.6334820000000001,0.184973,1.251623,0.205764,3.9115062918589625,0.6430428177159317,0.14613065639973763
sim,4005.0,kp40_kd0.5,40.0,0.5,t27_tracking_lag_b1_diag_20260506_134153_4005.csv,3,left,complete_swing,swing_leg,left,1778046114.382012,1778046114.7019968,0.31998491287231445,33,right,left,hip_roll,12.500589368712346,9.375442026534259,9.375442026534259,6.250294684356173,3.0304459075666292,3.0304459075666292,1.58211,0.10061604,2.551631,0.17840864,7.974222837869212,0.557553287117607,0.5737459117323714
sim,4005.0,kp40_kd0.5,40.0,0.5,t27_tracking_lag_b1_diag_20260506_134153_4005.csv,3,left,complete_support,support_leg,left,1778046114.7019968,1778046115.0719929,0.3699960708618164,38,left,right,ankle_pitch,10.810925615190904,10.810925615190904,8.108194211393178,8.108194211393178,2.6316068931714702,2.6316068931714702,0.702437,0.14300999999999997,1.386102,0.41357899999999986,3.7462614042668356,1.1177929512512594,0.4049675392285691
sim,4005.0,kp40_kd0.5,40.0,0.5,t27_tracking_lag_b1_diag_20260506_134153_4005.csv,3,left,complete_support,support_leg,left,1778046114.7019968,1778046115.0719929,0.3699960708618164,38,left,right,ankle_roll,21.621851230381807,10.810925615190904,16.216388422786356,8.108194211393178,2.6316068931714702,2.6316068931714702,0.44030756,0.25109228,0.49115435000000013,0.42303732000000005,1.32745828585686,1.143356249742428,0.14792716742609893
sim,4005.0,kp40_kd0.5,40.0,0.5,t27_tracking_lag_b1_diag_20260506_134153_4005.csv,3,left,complete_support,support_leg,left,1778046114.7019968,1778046115.0719929,0.3699960708618164,38,left,right,knee_pitch,8.108194211393178,5.405462807595452,8.108194211393178,5.405462807595452,2.6316068931714702,2.6316068931714702,1.0706369999999998,0.5106940000000001,1.5701739999999997,0.5421540000000001,4.24375857922669,1.4652966414945527,0.2500241630836592
sim,4005.0,kp40_kd0.5,40.0,0.5,t27_tracking_lag_b1_diag_20260506_134153_4005.csv,3,left,complete_support,support_leg,left,1778046114.7019968,1778046115.0719929,0.3699960708618164,38,left,right,hip_pitch,29.730045441774987,2.702731403797726,29.730045441774987,0.0,2.6316068931714702,2.6316068931714702,0.663708,0.26236,1.429265,0.37882299999999997,3.862919399848957,1.0238568185808659,0.19399132298338012
sim,4005.0,kp40_kd0.5,40.0,0.5,t27_tracking_lag_b1_diag_20260506_134153_4005.csv,3,left,complete_support,support_leg,left,1778046114.7019968,1778046115.0719929,0.3699960708618164,38,left,right,hip_roll,27.027314037977263,2.702731403797726,24.324582634179535,2.702731403797726,2.6316068931714702,2.6316068931714702,0.91442,0.1612156,2.1896759400000003,0.2909314,5.918105927178306,0.7863094311308378,0.4033427946238563
sim,4005.0,kp40_kd0.5,40.0,0.5,t27_tracking_lag_b1_diag_20260506_134153_4005.csv,4,right,complete_swing,swing_leg,right,1778046114.7019968,1778046115.0719929,0.3699960708618164,38,left,right,ankle_pitch,21.621851230381807,2.702731403797726,21.621851230381807,2.702731403797726,2.6316068931714702,2.6316068931714702,0.692407,0.3309026,1.3522706,0.5432462,3.6548242170523935,1.4682485647337804,0.2929728834809189
sim,4005.0,kp40_kd0.5,40.0,0.5,t27_tracking_lag_b1_diag_20260506_134153_4005.csv,4,right,complete_swing,swing_leg,right,1778046114.7019968,1778046115.0719929,0.3699960708618164,38,left,right,ankle_roll,27.027314037977263,13.513657018988631,24.324582634179535,5.405462807595452,2.6316068931714702,2.6316068931714702,0.29789730000000003,0.0344055,0.6423822280000001,0.086386792,1.7361866208571513,0.2334802956117422,0.10142411461877364
sim,4005.0,kp40_kd0.5,40.0,0.5,t27_tracking_lag_b1_diag_20260506_134153_4005.csv,4,right,complete_swing,swing_leg,right,1778046114.7019968,1778046115.0719929,0.3699960708618164,38,left,right,knee_pitch,21.621851230381807,13.513657018988631,21.621851230381807,10.810925615190904,2.6316068931714702,2.6316068931714702,0.673441,0.382486,1.1353149999999999,0.42124799999999996,3.068451503702615,1.1385201983869844,0.22837771371481339
sim,4005.0,kp40_kd0.5,40.0,0.5,t27_tracking_lag_b1_diag_20260506_134153_4005.csv,4,right,complete_swing,swing_leg,right,1778046114.7019968,1778046115.0719929,0.3699960708618164,38,left,right,hip_pitch,24.324582634179535,2.702731403797726,24.324582634179535,2.702731403797726,10.526427572685881,2.6316068931714702,0.8071630000000001,0.21457800000000005,2.396561,0.38580700000000007,6.477260675816883,1.0427326947049895,0.225266613584764
sim,4005.0,kp40_kd0.5,40.0,0.5,t27_tracking_lag_b1_diag_20260506_134153_4005.csv,4,right,complete_swing,swing_leg,right,1778046114.7019968,1778046115.0719929,0.3699960708618164,38,left,right,hip_roll,29.730045441774987,8.108194211393178,24.324582634179535,5.405462807595452,2.6316068931714702,2.6316068931714702,1.58727,0.10396999999999999,3.141884,0.1836867,8.491668553889616,0.4964558125499718,0.6717568105518888
sim,4005.0,kp40_kd0.5,40.0,0.5,t27_tracking_lag_b1_diag_20260506_134153_4005.csv,4,right,complete_support,support_leg,right,1778046115.0719929,1778046115.4221342,0.3501412868499756,36,right,left,ankle_pitch,14.279949802498844,8.567969881499307,11.423959841999075,8.567969881499307,2.776656906041442,2.776656906041442,0.744953,0.13176699999999997,1.152835,0.21858399999999995,3.292485186112751,0.6242737095258813,0.3858570371635847
sim,4005.0,kp40_kd0.5,40.0,0.5,t27_tracking_lag_b1_diag_20260506_134153_4005.csv,4,right,complete_support,support_leg,right,1778046115.0719929,1778046115.4221342,0.3501412868499756,36,right,left,ankle_roll,22.84791968399815,14.279949802498844,17.135939762998614,8.567969881499307,2.776656906041442,2.776656906041442,0.37354719999999997,0.1165791,0.642902136,0.27419298000000003,1.836122045999857,0.783092398119514,0.17068219484488426
sim,4005.0,kp40_kd0.5,40.0,0.5,t27_tracking_lag_b1_diag_20260506_134153_4005.csv,4,right,complete_support,support_leg,right,1778046115.0719929,1778046115.4221342,0.3501412868499756,36,right,left,knee_pitch,17.135939762998614,2.8559899604997687,17.135939762998614,0.0,2.776656906041442,2.776656906041442,0.913213,0.42807100000000003,1.3740750000000004,0.47976300000000005,3.924344404973721,1.3701983114192506,0.2873853648734957
sim,4005.0,kp40_kd0.5,40.0,0.5,t27_tracking_lag_b1_diag_20260506_134153_4005.csv,4,right,complete_support,support_leg,right,1778046115.0719929,1778046115.4221342,0.3501412868499756,36,right,left,hip_pitch,28.55989960499769,2.8559899604997687,25.70390964449792,2.8559899604997687,2.776656906041442,2.776656906041442,0.9628544099999999,0.28067800000000004,1.66058142,0.47935700000000003,4.74260386411245,1.3690387794952878,0.33997081208269136
sim,4005.0,kp40_kd0.5,40.0,0.5,t27_tracking_lag_b1_diag_20260506_134153_4005.csv,4,right,complete_support,support_leg,right,1778046115.0719929,1778046115.4221342,0.3501412868499756,36,right,left,hip_roll,19.99192972349838,8.567969881499307,17.135939762998614,2.8559899604997687,2.776656906041442,2.776656906041442,0.89063,0.109348,1.8657964,0.18436260000000002,5.328695786736611,0.5265377346916347,0.390650576055853
sim,4005.0,kp40_kd0.5,40.0,0.5,t27_tracking_lag_b1_diag_20260506_134153_4005.csv,5,left,complete_swing,swing_leg,left,1778046115.0719929,1778046115.4221342,0.3501412868499756,36,right,left,ankle_pitch,11.423959841999075,11.423959841999075,8.567969881499307,8.567969881499307,2.776656906041442,2.776656906041442,0.24021499999999998,0.203679,0.4808909999999999,0.363466,1.373419868094694,1.038055246983009,0.15093363516073324
sim,4005.0,kp40_kd0.5,40.0,0.5,t27_tracking_lag_b1_diag_20260506_134153_4005.csv,5,left,complete_swing,swing_leg,left,1778046115.0719929,1778046115.4221342,0.3501412868499756,36,right,left,ankle_roll,28.55989960499769,11.423959841999075,28.55989960499769,5.711979920999537,2.776656906041442,2.776656906041442,0.5080989,0.1533736,0.810012002,0.22342426,2.3133861455963185,0.6380974434920901,0.20493260568519908
sim,4005.0,kp40_kd0.5,40.0,0.5,t27_tracking_lag_b1_diag_20260506_134153_4005.csv,5,left,complete_swing,swing_leg,left,1778046115.0719929,1778046115.4221342,0.3501412868499756,36,right,left,knee_pitch,25.70390964449792,5.711979920999537,25.70390964449792,5.711979920999537,2.776656906041442,2.776656906041442,0.742037,0.5341940000000001,1.077452,0.6030899999999999,3.077192094920397,1.7224189852778053,0.31250188775994264
sim,4005.0,kp40_kd0.5,40.0,0.5,t27_tracking_lag_b1_diag_20260506_134153_4005.csv,5,left,complete_swing,swing_leg,left,1778046115.0719929,1778046115.4221342,0.3501412868499756,36,right,left,hip_pitch,28.55989960499769,2.8559899604997687,28.55989960499769,0.0,2.776656906041442,2.776656906041442,0.532359,0.19007999999999997,1.1903700000000002,0.22668799999999995,3.3996847692801104,0.6474186521657714,0.12353347737185792
sim,4005.0,kp40_kd0.5,40.0,0.5,t27_tracking_lag_b1_diag_20260506_134153_4005.csv,5,left,complete_swing,swing_leg,left,1778046115.0719929,1778046115.4221342,0.3501412868499756,36,right,left,hip_roll,19.99192972349838,8.567969881499307,17.135939762998614,5.711979920999537,2.776656906041442,2.776656906041442,1.67224,0.10151890000000001,2.9200630000000003,0.1877271,8.339670612026838,0.5361467129137362,0.5487386060337235
sim,4005.0,kp40_kd0.5,40.0,0.5,t27_tracking_lag_b1_diag_20260506_134153_4005.csv,5,left,complete_support,support_leg,left,1778046115.4221342,1778046115.7920072,0.369873046875,38,left,right,ankle_pitch,10.814521452145215,10.814521452145215,5.407260726072607,10.814521452145215,2.63248219558798,5.26496439117596,0.76,0.121776,1.693325,0.388489,4.578124884488449,1.0503306561056105,0.33719664558910906
sim,4005.0,kp40_kd0.5,40.0,0.5,t27_tracking_lag_b1_diag_20260506_134153_4005.csv,5,left,complete_support,support_leg,left,1778046115.4221342,1778046115.7920072,0.369873046875,38,left,right,ankle_roll,37.85082508250825,16.221782178217822,35.14719471947195,10.814521452145215,2.63248219558798,2.63248219558798,0.456032,0.3099158,0.5483327200000001,0.54340782,1.4824889908382841,1.4691738816633664,0.13622865695740308
sim,4005.0,kp40_kd0.5,40.0,0.5,t27_tracking_lag_b1_diag_20260506_134153_4005.csv,5,left,complete_support,support_leg,left,1778046115.4221342,1778046115.7920072,0.369873046875,38,left,right,knee_pitch,13.518151815181518,5.407260726072607,13.518151815181518,2.7036303630363037,2.63248219558798,2.63248219558798,1.165853,0.474695,1.762968,0.492039,4.766413813861386,1.3302915801980197,0.24889490514197266
sim,4005.0,kp40_kd0.5,40.0,0.5,t27_tracking_lag_b1_diag_20260506_134153_4005.csv,5,left,complete_support,support_leg,left,1778046115.4221342,1778046115.7920072,0.369873046875,38,left,right,hip_pitch,32.443564356435644,2.7036303630363037,32.443564356435644,2.7036303630363037,2.63248219558798,2.63248219558798,0.568935,0.256696,1.2754119999999998,0.348944,3.4482426085808573,0.9434155933993399,0.18162379215565344
sim,4005.0,kp40_kd0.5,40.0,0.5,t27_tracking_lag_b1_diag_20260506_134153_4005.csv,5,left,complete_support,support_leg,left,1778046115.4221342,1778046115.7920072,0.369873046875,38,left,right,hip_roll,24.332673267326733,2.7036303630363037,21.62904290429043,2.7036303630363037,2.63248219558798,2.63248219558798,0.880511,0.1212772,2.0768603999999997,0.22214071000000002,5.615062837227722,0.6005863684224423,0.3770091203703265
sim,4005.0,kp40_kd0.5,40.0,0.5,t27_tracking_lag_b1_diag_20260506_134153_4005.csv,6,right,complete_swing,swing_leg,right,1778046115.4221342,1778046115.7920072,0.369873046875,38,left,right,ankle_pitch,29.73993399339934,8.110891089108911,29.73993399339934,8.110891089108911,2.63248219558798,2.63248219558798,0.4213704,0.2787452,0.9612922,0.42764440000000004,2.598978779669967,1.1561923844224424,0.08422686377337976
sim,4005.0,kp40_kd0.5,40.0,0.5,t27_tracking_lag_b1_diag_20260506_134153_4005.csv,6,right,complete_swing,swing_leg,right,1778046115.4221342,1778046115.7920072,0.369873046875,38,left,right,ankle_roll,43.25808580858086,16.221782178217822,40.554455445544555,8.110891089108911,2.63248219558798,2.63248219558798,0.3451784,0.055658200000000005,0.9214269,0.11075358,2.491197744158416,0.2994367417029703,0.07892331746787083
sim,4005.0,kp40_kd0.5,40.0,0.5,t27_tracking_lag_b1_diag_20260506_134153_4005.csv,6,right,complete_swing,swing_leg,right,1778046115.4221342,1778046115.7920072,0.369873046875,38,left,right,knee_pitch,21.62904290429043,5.407260726072607,18.925412541254126,5.407260726072607,2.63248219558798,2.63248219558798,0.607205,0.383814,0.8131839999999999,0.43738999999999995,2.198548953135313,1.1825408844884486,0.23666574449782657
sim,4005.0,kp40_kd0.5,40.0,0.5,t27_tracking_lag_b1_diag_20260506_134153_4005.csv,6,right,complete_swing,swing_leg,right,1778046115.4221342,1778046115.7920072,0.369873046875,38,left,right,hip_pitch,18.925412541254126,2.7036303630363037,18.925412541254126,0.0,10.52992878235192,2.63248219558798,0.648493,0.18273999999999996,2.242716,0.2848229999999999,6.063475073267327,0.7700561108910888,0.20438190037815043
sim,4005.0,kp40_kd0.5,40.0,0.5,t27_tracking_lag_b1_diag_20260506_134153_4005.csv,6,right,complete_swing,swing_leg,right,1778046115.4221342,1778046115.7920072,0.369873046875,38,left,right,hip_roll,35.14719471947195,8.110891089108911,32.443564356435644,5.407260726072607,2.63248219558798,2.63248219558798,1.7,0.0898951,3.3344737999999996,0.1656209,9.015184610429042,0.4477776939933993,0.5910926795340466
sim,4005.0,kp40_kd0.5,40.0,0.5,t27_tracking_lag_b1_diag_20260506_134153_4005.csv,6,right,complete_support,support_leg,right,1778046115.7920072,1778046116.1319952,0.33998799324035645,35,right,left,ankle_pitch,11.765121355836166,8.823841016877125,8.823841016877125,8.823841016877125,5.714487515691853,2.8572437578459264,0.731382,0.152573,1.2890831999999999,0.225757,3.791555071442406,0.6640146254823764,0.23586710484343873
sim,4005.0,kp40_kd0.5,40.0,0.5,t27_tracking_lag_b1_diag_20260506_134153_4005.csv,6,right,complete_support,support_leg,right,1778046115.7920072,1778046116.1319952,0.33998799324035645,35,right,left,ankle_roll,29.41280338959042,11.765121355836166,26.471523050631376,8.823841016877125,2.8572437578459264,2.8572437578459264,0.33970859999999997,0.0755683,0.579610444,0.16925988,1.7047968031925205,0.49784075721856674,0.16446023237135457
sim,4005.0,kp40_kd0.5,40.0,0.5,t27_tracking_lag_b1_diag_20260506_134153_4005.csv,6,right,complete_support,support_leg,right,1778046115.7920072,1778046116.1319952,0.33998799324035645,35,right,left,knee_pitch,20.588962372713294,2.9412803389590416,20.588962372713294,0.0,2.8572437578459264,2.8572437578459264,0.982423,0.41036900000000004,1.446034,0.45709500000000003,4.253191373666299,1.3444445365364832,0.3039761919895325
sim,4005.0,kp40_kd0.5,40.0,0.5,t27_tracking_lag_b1_diag_20260506_134153_4005.csv,6,right,complete_support,support_leg,right,1778046115.7920072,1778046116.1319952,0.33998799324035645,35,right,left,hip_pitch,32.35408372854946,2.9412803389590416,32.35408372854946,2.9412803389590416,2.8572437578459264,2.8572437578459264,1.0224,0.2754039999999999,1.766184,0.4490699999999999,5.194842274184036,1.3208407618163367,0.3275821375949314
sim,4005.0,kp40_kd0.5,40.0,0.5,t27_tracking_lag_b1_diag_20260506_134153_4005.csv,6,right,complete_support,support_leg,right,1778046115.7920072,1778046116.1319952,0.33998799324035645,35,right,left,hip_roll,23.530242711672333,8.823841016877125,20.588962372713294,2.9412803389590416,2.8572437578459264,2.8572437578459264,0.897543,0.1007906,1.6543152,0.15861309999999998,4.865804772201095,0.46652559253134435,0.39822318058796924
sim,5008.0,kp50_kd0.8,50.0,0.8,t27_tracking_lag_b1_diag_20260506_134417_5008.csv,1,left,complete_support,support_leg,left,1778046258.257408,1778046258.6174128,0.36000490188598633,37,left,right,ankle_pitch,11.110959820393782,11.110959820393782,8.333219865295337,11.110959820393782,5.405331804515894,8.107997706773842,0.7212989999999999,0.159259,1.525306,0.3560770000000001,4.23690341995139,0.9890893099915895,0.2084592866408146
sim,5008.0,kp50_kd0.8,50.0,0.8,t27_tracking_lag_b1_diag_20260506_134417_5008.csv,1,left,complete_support,support_leg,left,1778046258.257408,1778046258.6174128,0.36000490188598633,37,left,right,ankle_roll,24.999659595886012,16.666439730590675,24.999659595886012,13.888699775492228,2.702665902257947,2.702665902257947,0.4382875,0.28414839999999997,0.597558788,0.4600526,1.6598629209478015,1.2779064884669231,0.09815481820355874
sim,5008.0,kp50_kd0.8,50.0,0.8,t27_tracking_lag_b1_diag_20260506_134417_5008.csv,1,left,complete_support,support_leg,left,1778046258.257408,1778046258.6174128,0.36000490188598633,37,left,right,knee_pitch,13.888699775492228,5.555479910196891,13.888699775492228,5.555479910196891,2.702665902257947,2.702665902257947,1.0894409999999999,0.44365000000000004,1.7473130000000001,0.45290100000000005,4.853581134162931,1.2580412034040414,0.27554539873886874
sim,5008.0,kp50_kd0.8,50.0,0.8,t27_tracking_lag_b1_diag_20260506_134417_5008.csv,1,left,complete_support,support_leg,left,1778046258.257408,1778046258.6174128,0.36000490188598633,37,left,right,hip_pitch,30.555139506082902,2.7777399550984456,30.555139506082902,0.0,2.702665902257947,2.702665902257947,0.49521400000000004,0.25011300000000003,1.350339,0.28055100000000005,3.75089059322768,0.7792977221428242,0.207748625981276
sim,5008.0,kp50_kd0.8,50.0,0.8,t27_tracking_lag_b1_diag_20260506_134417_5008.csv,1,left,complete_support,support_leg,left,1778046258.257408,1778046258.6174128,0.36000490188598633,37,left,right,hip_roll,19.444179685689118,8.333219865295337,13.888699775492228,8.333219865295337,2.702665902257947,2.702665902257947,0.7812429999999999,0.11527580000000001,1.9018652,0.16880090000000003,5.282886955251296,0.4688850043865773,0.2699491462428818
sim,5008.0,kp50_kd0.8,50.0,0.8,t27_tracking_lag_b1_diag_20260506_134417_5008.csv,2,right,complete_swing,swing_leg,right,1778046258.257408,1778046258.6174128,0.36000490188598633,37,left,right,ankle_pitch,27.777399550984455,8.333219865295337,27.777399550984455,8.333219865295337,2.702665902257947,2.702665902257947,0.3054943,0.13318199999999997,0.8038779,0.354547,2.232963761850633,0.9848393678602886,0.09078797333612426
sim,5008.0,kp50_kd0.8,50.0,0.8,t27_tracking_lag_b1_diag_20260506_134417_5008.csv,2,right,complete_swing,swing_leg,right,1778046258.257408,1778046258.6174128,0.36000490188598633,37,left,right,ankle_roll,19.444179685689118,13.888699775492228,16.666439730590675,11.110959820393782,5.405331804515894,2.702665902257947,0.331101,0.1446837,0.7067222,0.26739377,1.9630904920950747,0.742750358673404,0.045540189186856365
sim,5008.0,kp50_kd0.8,50.0,0.8,t27_tracking_lag_b1_diag_20260506_134417_5008.csv,2,right,complete_swing,swing_leg,right,1778046258.257408,1778046258.6174128,0.36000490188598633,37,left,right,knee_pitch,13.888699775492228,5.555479910196891,13.888699775492228,5.555479910196891,2.702665902257947,2.702665902257947,0.532683,0.35023100000000007,0.754236,0.4287789999999999,2.0950714727736313,1.1910365602071562,0.2282180120853505
sim,5008.0,kp50_kd0.8,50.0,0.8,t27_tracking_lag_b1_diag_20260506_134417_5008.csv,2,right,complete_swing,swing_leg,right,1778046258.257408,1778046258.6174128,0.36000490188598633,37,left,right,hip_pitch,22.221919640787565,8.333219865295337,19.444179685689118,2.7777399550984456,10.810663609031788,2.702665902257947,0.5970264999999999,0.20431100000000002,1.6333948999999999,0.23317600000000005,4.53714627618403,0.6477022917700354,0.20572331809735672
sim,5008.0,kp50_kd0.8,50.0,0.8,t27_tracking_lag_b1_diag_20260506_134417_5008.csv,2,right,complete_swing,swing_leg,right,1778046258.257408,1778046258.6174128,0.36000490188598633,37,left,right,hip_roll,38.888359371378236,11.110959820393782,38.888359371378236,5.555479910196891,2.702665902257947,2.702665902257947,1.56733,0.0825997,3.016437,0.1388709,8.37887757693729,0.38574724753048073,0.5501532991724002
sim,5008.0,kp50_kd0.8,50.0,0.8,t27_tracking_lag_b1_diag_20260506_134417_5008.csv,2,right,complete_support,support_leg,right,1778046258.6174128,1778046258.9173946,0.29998183250427246,31,right,left,ankle_pitch,13.33414082648832,10.000605619866239,6.66707041324416,10.000605619866239,3.226001812860077,3.226001812860077,0.76,0.12764199999999998,1.2250877,0.2752349999999999,4.083872979149668,0.9175055625946278,0.3859265241225377
sim,5008.0,kp50_kd0.8,50.0,0.8,t27_tracking_lag_b1_diag_20260506_134417_5008.csv,2,right,complete_support,support_leg,right,1778046258.6174128,1778046258.9173946,0.29998183250427246,31,right,left,ankle_roll,20.001211239732477,13.33414082648832,20.001211239732477,10.000605619866239,3.226001812860077,3.226001812860077,0.3022863,0.06040252,0.60816169,0.093186635,2.027328404933783,0.3106409285591413,0.11128821245596905
sim,5008.0,kp50_kd0.8,50.0,0.8,t27_tracking_lag_b1_diag_20260506_134417_5008.csv,2,right,complete_support,support_leg,right,1778046258.6174128,1778046258.9173946,0.29998183250427246,31,right,left,knee_pitch,3.33353520662208,3.33353520662208,3.33353520662208,0.0,3.226001812860077,3.226001812860077,1.020664,0.44352199999999997,1.5287990000000002,0.48330399999999996,5.09630529034863,1.6111108995012775,0.3260732255387213
sim,5008.0,kp50_kd0.8,50.0,0.8,t27_tracking_lag_b1_diag_20260506_134417_5008.csv,2,right,complete_support,support_leg,right,1778046258.6174128,1778046258.9173946,0.29998183250427246,31,right,left,hip_pitch,40.002422479464954,3.33353520662208,40.002422479464954,3.33353520662208,3.226001812860077,3.226001812860077,1.1099417,0.29791399999999996,1.6773919,0.468668,5.591644953952702,1.5623212782171567,0.391606303484644
sim,5008.0,kp50_kd0.8,50.0,0.8,t27_tracking_lag_b1_diag_20260506_134417_5008.csv,2,right,complete_support,support_leg,right,1778046258.6174128,1778046258.9173946,0.29998183250427246,31,right,left,hip_roll,20.001211239732477,10.000605619866239,16.6676760331104,3.33353520662208,3.226001812860077,3.226001812860077,0.9132420000000001,0.08280965,1.679859,0.1070639,5.59986911866096,0.3569012800082657,0.4012020231096163
sim,5008.0,kp50_kd0.8,50.0,0.8,t27_tracking_lag_b1_diag_20260506_134417_5008.csv,3,left,complete_swing,swing_leg,left,1778046258.6174128,1778046258.9173946,0.29998183250427246,31,right,left,ankle_pitch,20.001211239732477,10.000605619866239,13.33414082648832,10.000605619866239,6.452003625720154,3.226001812860077,0.22626299999999996,0.19588000000000003,0.9239989999999998,0.34017500000000006,3.0801831973835943,1.1339853389126662,0.09055707003659573
sim,5008.0,kp50_kd0.8,50.0,0.8,t27_tracking_lag_b1_diag_20260506_134417_5008.csv,3,left,complete_swing,swing_leg,left,1778046258.6174128,1778046258.9173946,0.29998183250427246,31,right,left,ankle_roll,26.66828165297664,13.33414082648832,23.334746446354558,10.000605619866239,3.226001812860077,3.226001812860077,0.44446769999999997,0.21877200000000002,0.6730548999999999,0.26879200000000003,2.2436522051395027,0.8960275952583622,0.21395263911025705
sim,5008.0,kp50_kd0.8,50.0,0.8,t27_tracking_lag_b1_diag_20260506_134417_5008.csv,3,left,complete_swing,swing_leg,left,1778046258.6174128,1778046258.9173946,0.29998183250427246,31,right,left,knee_pitch,23.334746446354558,6.66707041324416,23.334746446354558,3.33353520662208,3.226001812860077,3.226001812860077,0.5633819999999999,0.41912000000000005,0.859299,0.4898,2.864503469515147,1.6327655442034947,0.2860108530816337
sim,5008.0,kp50_kd0.8,50.0,0.8,t27_tracking_lag_b1_diag_20260506_134417_5008.csv,3,left,complete_swing,swing_leg,left,1778046258.6174128,1778046258.9173946,0.29998183250427246,31,right,left,hip_pitch,26.66828165297664,3.33353520662208,26.66828165297664,0.0,3.226001812860077,3.226001812860077,0.560416,0.22185899999999997,1.142771,0.22431299999999993,3.8094673616067207,0.7477552828030183,0.14385383323427134
sim,5008.0,kp50_kd0.8,50.0,0.8,t27_tracking_lag_b1_diag_20260506_134417_5008.csv,3,left,complete_swing,swing_leg,left,1778046258.6174128,1778046258.9173946,0.29998183250427246,31,right,left,hip_roll,16.6676760331104,10.000605619866239,13.33414082648832,6.66707041324416,3.226001812860077,3.226001812860077,1.59262,0.07519479999999999,2.606462,0.13476429999999998,8.688732841722599,0.44924153864577987,0.6368703092326853
sim,5008.0,kp50_kd0.8,50.0,0.8,t27_tracking_lag_b1_diag_20260506_134417_5008.csv,3,left,complete_support,support_leg,left,1778046258.9173946,1778046259.2674158,0.3500211238861084,36,left,right,ankle_pitch,14.2848521383153,11.42788171065224,11.42788171065224,11.42788171065224,2.7776101380057527,2.7776101380057527,0.685403,0.163205,1.3369799999999998,0.459257,3.8197123223769576,1.312083667697254,0.4007116121484353
sim,5008.0,kp50_kd0.8,50.0,0.8,t27_tracking_lag_b1_diag_20260506_134417_5008.csv,3,left,complete_support,support_leg,left,1778046258.9173946,1778046259.2674158,0.3500211238861084,36,left,right,ankle_roll,22.85576342130448,8.57091128298918,22.85576342130448,8.57091128298918,2.7776101380057527,2.7776101380057527,0.44579176,0.29596959,0.48531487000000006,0.38728559000000007,1.3865302316951424,1.1064634776900406,0.10119189527950198
sim,5008.0,kp50_kd0.8,50.0,0.8,t27_tracking_lag_b1_diag_20260506_134417_5008.csv,3,left,complete_support,support_leg,left,1778046258.9173946,1778046259.2674158,0.3500211238861084,36,left,right,knee_pitch,2.85697042766306,5.71394085532612,2.85697042766306,2.85697042766306,2.7776101380057527,2.7776101380057527,1.003907,0.505279,1.424897,0.5295110000000001,4.0708885914658115,1.5127972681222948,0.25069184719142745
sim,5008.0,kp50_kd0.8,50.0,0.8,t27_tracking_lag_b1_diag_20260506_134417_5008.csv,3,left,complete_support,support_leg,left,1778046258.9173946,1778046259.2674158,0.3500211238861084,36,left,right,hip_pitch,28.5697042766306,2.85697042766306,28.5697042766306,2.85697042766306,2.7776101380057527,2.7776101380057527,0.629987,0.26883199999999996,1.0340449999999999,0.36135199999999995,2.9542359858728484,1.0323719779769018,0.1838880947850259
sim,5008.0,kp50_kd0.8,50.0,0.8,t27_tracking_lag_b1_diag_20260506_134417_5008.csv,3,left,complete_support,support_leg,left,1778046258.9173946,1778046259.2674158,0.3500211238861084,36,left,right,hip_roll,14.2848521383153,2.85697042766306,11.42788171065224,2.85697042766306,2.7776101380057527,2.7776101380057527,0.9063920000000001,0.17855120000000002,1.698956,0.32241552,4.853867049900721,0.9211316060596079,0.37085230682095216
sim,5008.0,kp50_kd0.8,50.0,0.8,t27_tracking_lag_b1_diag_20260506_134417_5008.csv,4,right,complete_swing,swing_leg,right,1778046258.9173946,1778046259.2674158,0.3500211238861084,36,left,right,ankle_pitch,19.99879299364142,2.85697042766306,14.2848521383153,2.85697042766306,2.7776101380057527,2.7776101380057527,0.6687829999999999,0.3057898,1.246613,0.5273266,3.56153647574033,1.5065565019201073,0.37099882678672463
sim,5008.0,kp50_kd0.8,50.0,0.8,t27_tracking_lag_b1_diag_20260506_134417_5008.csv,4,right,complete_swing,swing_leg,right,1778046258.9173946,1778046259.2674158,0.3500211238861084,36,left,right,ankle_roll,28.5697042766306,19.99879299364142,28.5697042766306,8.57091128298918,2.7776101380057527,2.7776101380057527,0.23545539999999998,0.04444382,0.51929785,0.09634940500000001,1.4836186005990075,0.2752674008079314,0.06829097067252655
sim,5008.0,kp50_kd0.8,50.0,0.8,t27_tracking_lag_b1_diag_20260506_134417_5008.csv,4,right,complete_swing,swing_leg,right,1778046258.9173946,1778046259.2674158,0.3500211238861084,36,left,right,knee_pitch,22.85576342130448,5.71394085532612,19.99879299364142,5.71394085532612,2.7776101380057527,2.7776101380057527,0.564159,0.37515,1.0737139999999998,0.3913859999999999,3.0675691457678145,1.1181782278013341,0.227480149264111
sim,5008.0,kp50_kd0.8,50.0,0.8,t27_tracking_lag_b1_diag_20260506_134417_5008.csv,4,right,complete_swing,swing_leg,right,1778046258.9173946,1778046259.2674158,0.3500211238861084,36,left,right,hip_pitch,22.85576342130448,2.85697042766306,22.85576342130448,0.0,8.332830414017259,2.7776101380057527,0.7117850000000001,0.22801,2.237269,0.36927000000000004,6.391811371727306,1.0549934698231382,0.21101566774063904
sim,5008.0,kp50_kd0.8,50.0,0.8,t27_tracking_lag_b1_diag_20260506_134417_5008.csv,4,right,complete_swing,swing_leg,right,1778046258.9173946,1778046259.2674158,0.3500211238861084,36,left,right,hip_roll,34.28364513195672,2.85697042766306,31.42667470429366,0.0,2.7776101380057527,2.7776101380057527,1.45979,0.1075399,2.5755019999999997,0.1622693,7.358133050387066,0.4635985914175854,0.6909769426233299
sim,5008.0,kp50_kd0.8,50.0,0.8,t27_tracking_lag_b1_diag_20260506_134417_5008.csv,4,right,complete_support,support_leg,right,1778046259.2674158,1778046259.6173985,0.34998273849487305,36,right,left,ankle_pitch,22.858270194709025,14.286418871693142,14.286418871693142,14.286418871693142,2.7779147806069995,2.7779147806069995,0.76,0.134465,0.9540649999999999,0.39454599999999995,2.7260344441643833,1.1273298840302084,0.5219482609981723
sim,5008.0,kp50_kd0.8,50.0,0.8,t27_tracking_lag_b1_diag_20260506_134417_5008.csv,4,right,complete_support,support_leg,right,1778046259.2674158,1778046259.6173985,0.34998273849487305,36,right,left,ankle_roll,31.43012151772491,14.286418871693142,28.572837743386284,8.571851323015885,2.7779147806069995,2.7779147806069995,0.3101967,0.10567402000000001,0.60458037,0.23038306000000003,1.7274576814846443,0.6582697792204828,0.13003686807253118
sim,5008.0,kp50_kd0.8,50.0,0.8,t27_tracking_lag_b1_diag_20260506_134417_5008.csv,4,right,complete_support,support_leg,right,1778046259.2674158,1778046259.6173985,0.34998273849487305,36,right,left,knee_pitch,17.14370264603177,2.857283774338628,17.14370264603177,0.0,2.7779147806069995,2.7779147806069995,0.997856,0.43016399999999994,1.597265,0.4651519999999999,4.563839367818989,1.3290712622011613,0.280955417074044
sim,5008.0,kp50_kd0.8,50.0,0.8,t27_tracking_lag_b1_diag_20260506_134417_5008.csv,4,right,complete_support,support_leg,right,1778046259.2674158,1778046259.6173985,0.34998273849487305,36,right,left,hip_pitch,25.715553969047654,2.857283774338628,25.715553969047654,2.857283774338628,2.7779147806069995,2.7779147806069995,1.0103932,0.323942,1.7057710600000002,0.5625880000000001,4.8738719724744035,1.6074735640376205,0.3666615084988777
sim,5008.0,kp50_kd0.8,50.0,0.8,t27_tracking_lag_b1_diag_20260506_134417_5008.csv,4,right,complete_support,support_leg,right,1778046259.2674158,1778046259.6173985,0.34998273849487305,36,right,left,hip_roll,17.14370264603177,2.857283774338628,14.286418871693142,0.0,2.7779147806069995,2.7779147806069995,0.8616950000000001,0.1094885,1.8375080000000001,0.1732244,5.250281793617424,0.49495126743954426,0.3650927931925468
sim,5008.0,kp50_kd0.8,50.0,0.8,t27_tracking_lag_b1_diag_20260506_134417_5008.csv,5,left,complete_swing,swing_leg,left,1778046259.2674158,1778046259.6173985,0.34998273849487305,36,right,left,ankle_pitch,25.715553969047654,11.429135097354512,22.858270194709025,11.429135097354512,8.333744341821,2.7779147806069995,0.32056789999999996,0.186337,1.1416328,0.34854900000000005,3.2619688756927765,0.9959034022619547,0.08838652949321991
sim,5008.0,kp50_kd0.8,50.0,0.8,t27_tracking_lag_b1_diag_20260506_134417_5008.csv,5,left,complete_swing,swing_leg,left,1778046259.2674158,1778046259.6173985,0.34998273849487305,36,right,left,ankle_roll,25.715553969047654,14.286418871693142,22.858270194709025,5.714567548677256,2.7779147806069995,2.7779147806069995,0.5099772,0.2315593,0.76756459,0.29953429000000004,2.193149848763882,0.8558544666750414,0.1839289696694678
sim,5008.0,kp50_kd0.8,50.0,0.8,t27_tracking_lag_b1_diag_20260506_134417_5008.csv,5,left,complete_swing,swing_leg,left,1778046259.2674158,1778046259.6173985,0.34998273849487305,36,right,left,knee_pitch,20.0009864203704,5.714567548677256,20.0009864203704,2.857283774338628,2.7779147806069995,2.7779147806069995,0.6850849999999999,0.4955820000000001,1.01433,0.5692810000000001,2.8982286508249007,1.626597364339269,0.2899922000126804
sim,5008.0,kp50_kd0.8,50.0,0.8,t27_tracking_lag_b1_diag_20260506_134417_5008.csv,5,left,complete_swing,swing_leg,left,1778046259.2674158,1778046259.6173985,0.34998273849487305,36,right,left,hip_pitch,22.858270194709025,2.857283774338628,22.858270194709025,0.0,2.7779147806069995,2.7779147806069995,0.6429,0.20405700000000004,1.524112,0.24653700000000012,4.354820487874795,0.7044261698741228,0.14482083841758486
sim,5008.0,kp50_kd0.8,50.0,0.8,t27_tracking_lag_b1_diag_20260506_134417_5008.csv,5,left,complete_swing,swing_leg,left,1778046259.2674158,1778046259.6173985,0.34998273849487305,36,right,left,hip_roll,20.0009864203704,8.571851323015885,17.14370264603177,5.714567548677256,2.7779147806069995,2.7779147806069995,1.47936,0.11886868,3.0433639999999995,0.21924358,8.695754576606303,0.626441123761913,0.5748706240326243
sim,5008.0,kp50_kd0.8,50.0,0.8,t27_tracking_lag_b1_diag_20260506_134417_5008.csv,5,left,complete_support,support_leg,left,1778046259.6173985,1778046259.977389,0.35999059677124023,37,left,right,ankle_pitch,8.333551006351373,11.111401341801828,5.555700670900914,8.333551006351373,2.702773299357202,5.405546598714404,0.715622,0.14190599999999998,1.417409,0.4478199999999999,3.937350066120497,1.2439769372214236,0.3844770054014772
sim,5008.0,kp50_kd0.8,50.0,0.8,t27_tracking_lag_b1_diag_20260506_134417_5008.csv,5,left,complete_support,support_leg,left,1778046259.6173985,1778046259.977389,0.35999059677124023,37,left,right,ankle_roll,22.222802683603657,13.889251677252286,19.4449523481532,8.333551006351373,2.702773299357202,2.702773299357202,0.440663,0.306994,0.49555346000000006,0.4104155999999999,1.376573345094635,1.1400731121341003,0.09351747397655388
sim,5008.0,kp50_kd0.8,50.0,0.8,t27_tracking_lag_b1_diag_20260506_134417_5008.csv,5,left,complete_support,support_leg,left,1778046259.6173985,1778046259.977389,0.35999059677124023,37,left,right,knee_pitch,13.889251677252286,5.555700670900914,13.889251677252286,2.777850335450457,2.702773299357202,2.702773299357202,1.043304,0.5052859999999999,1.588708,0.5347089999999999,4.413193050732825,1.4853415750183783,0.2396171173232357
sim,5008.0,kp50_kd0.8,50.0,0.8,t27_tracking_lag_b1_diag_20260506_134417_5008.csv,5,left,complete_support,support_leg,left,1778046259.6173985,1778046259.977389,0.35999059677124023,37,left,right,hip_pitch,41.66775503175686,2.777850335450457,38.8899046963064,0.0,2.702773299357202,2.702773299357202,0.574635,0.257618,1.1357579999999996,0.350561,3.1549657412905394,0.9738059914458478,0.17936013655785962
sim,5008.0,kp50_kd0.8,50.0,0.8,t27_tracking_lag_b1_diag_20260506_134417_5008.csv,5,left,complete_support,support_leg,left,1778046259.6173985,1778046259.977389,0.35999059677124023,37,left,right,hip_roll,25.000653019054116,2.777850335450457,22.222802683603657,2.777850335450457,2.702773299357202,2.702773299357202,0.845475,0.16026210000000002,1.7665982,0.2946384,4.9073454024761745,0.818461378276586,0.34278949093209227
sim,5008.0,kp50_kd0.8,50.0,0.8,t27_tracking_lag_b1_diag_20260506_134417_5008.csv,6,right,complete_swing,swing_leg,right,1778046259.6173985,1778046259.977389,0.35999059677124023,37,left,right,ankle_pitch,25.000653019054116,2.777850335450457,25.000653019054116,2.777850335450457,2.702773299357202,2.702773299357202,0.658597,0.34086189,1.2683872,0.5290347799999999,3.5233898090010665,1.4695794410879586,0.21178952327447817
sim,5008.0,kp50_kd0.8,50.0,0.8,t27_tracking_lag_b1_diag_20260506_134417_5008.csv,6,right,complete_swing,swing_leg,right,1778046259.6173985,1778046259.977389,0.35999059677124023,37,left,right,ankle_roll,33.33420402540549,19.4449523481532,33.33420402540549,11.111401341801828,5.405546598714404,2.702773299357202,0.364324,0.0324872,0.93920713,0.0835609,2.6089768411279612,0.2321196740955421,0.06501705384011905
sim,5008.0,kp50_kd0.8,50.0,0.8,t27_tracking_lag_b1_diag_20260506_134417_5008.csv,6,right,complete_swing,swing_leg,right,1778046259.6173985,1778046259.977389,0.35999059677124023,37,left,right,knee_pitch,22.222802683603657,11.111401341801828,22.222802683603657,11.111401341801828,2.702773299357202,2.702773299357202,0.5758179999999999,0.42179199999999994,1.038363,0.45729799999999976,2.884417007869343,1.2703054027008225,0.23515793069500496
sim,5008.0,kp50_kd0.8,50.0,0.8,t27_tracking_lag_b1_diag_20260506_134417_5008.csv,6,right,complete_swing,swing_leg,right,1778046259.6173985,1778046259.977389,0.35999059677124023,37,left,right,hip_pitch,16.667102012702745,2.777850335450457,16.667102012702745,0.0,8.108319898071604,2.702773299357202,0.710635,0.201727,2.183847,0.33652899999999997,6.066400121522475,0.9348271955388069,0.2156674537596927
sim,5008.0,kp50_kd0.8,50.0,0.8,t27_tracking_lag_b1_diag_20260506_134417_5008.csv,6,right,complete_swing,swing_leg,right,1778046259.6173985,1778046259.977389,0.35999059677124023,37,left,right,hip_roll,47.22345570265777,8.333551006351373,44.445605367207314,5.555700670900914,2.702773299357202,2.702773299357202,1.7,0.0998978,3.090634,0.1643871,8.585318693654589,0.4566427608787279,0.6310821687961699
sim,5008.0,kp50_kd0.8,50.0,0.8,t27_tracking_lag_b1_diag_20260506_134417_5008.csv,6,right,complete_support,support_leg,right,1778046259.977389,1778046260.3505385,0.37314939498901367,38,right,left,ankle_pitch,24.119026108202533,8.039675369400845,24.119026108202533,5.359783579600562,2.6093683216476427,2.6093683216476427,0.727278,0.152102,1.4409383999999998,0.23827299999999993,3.8615589877679533,0.6385458564310823,0.25862607716044494
sim,5008.0,kp50_kd0.8,50.0,0.8,t27_tracking_lag_b1_diag_20260506_134417_5008.csv,6,right,complete_support,support_leg,right,1778046259.977389,1778046260.3505385,0.37314939498901367,38,right,left,ankle_roll,21.43913431840225,13.399458949001406,16.07935073880169,10.719567159201125,2.6093683216476427,2.6093683216476427,0.3212642,0.1172448,0.64280369,0.27475025000000003,1.7226443312843254,0.7363009392205748,0.13612670541745608
sim,5008.0,kp50_kd0.8,50.0,0.8,t27_tracking_lag_b1_diag_20260506_134417_5008.csv,6,right,complete_support,support_leg,right,1778046259.977389,1778046260.3505385,0.37314939498901367,38,right,left,knee_pitch,18.75924252860197,2.679891789800281,16.07935073880169,0.0,2.6093683216476427,2.6093683216476427,0.9609670000000001,0.43090999999999996,1.4906680000000003,0.4862709999999999,3.9948289345180066,1.3031536605179723,0.2933148086505979
sim,5008.0,kp50_kd0.8,50.0,0.8,t27_tracking_lag_b1_diag_20260506_134417_5008.csv,6,right,complete_support,support_leg,right,1778046259.977389,1778046260.3505385,0.37314939498901367,38,right,left,hip_pitch,29.478809687803096,2.679891789800281,29.478809687803096,2.679891789800281,2.6093683216476427,2.6093683216476427,0.9463165,0.288313,1.7204404,0.47378,4.610594102800712,1.2696791321715772,0.3068227384185177
sim,5008.0,kp50_kd0.8,50.0,0.8,t27_tracking_lag_b1_diag_20260506_134417_5008.csv,6,right,complete_support,support_leg,right,1778046259.977389,1778046260.3505385,0.37314939498901367,38,right,left,hip_roll,29.478809687803096,8.039675369400845,26.798917898002813,2.679891789800281,2.6093683216476427,2.6093683216476427,0.878684,0.11078890000000001,1.8010454,0.16440900000000003,4.826606780517563,0.44059832926927456,0.3931192825913693
