dataset,case_label,kp_case,ankle_kp,ankle_kd,diag_csv,step_index,window,role,touchdown_side,side,joint,sample_count,duration_sec,target_dominant_freq_hz,target_direction_change_rate_hz,target_dir_chg_half_hz,joint_dominant_freq_hz,target_range_rad,joint_range_rad,amplitude_gain,target_path_rate_radps,joint_path_rate_radps,tracking_err_rms_rad,frequency_source,f_modal_candidate_hz,f_residual_peak_hz,full_log_target_peak_hz,freq_gap_hz,freq_ratio,residual_target_power_ratio,residual_target_power_ratio_db,closed_loop_dominant_full_log,alignment_lag_ms_full_log,alignment_corr_full_log,freq_close,amplitude_gain_gt_1,residual_target_ratio_ge_3,resonance_candidate
real,25/0.4 all_ankles,kp25_kd0.4,25.0,0.4,t27_tracking_lag_b1_diag_20260430_100024.csv,1,swing,event_leg,left,left,ankle_pitch,33,0.32001543045043945,3.030450423502568,34.37667199160726,17.18833599580363,3.030450423502568,0.641534,0.3154128,0.4916540666589767,6.101800838167902,1.217273267494814,0.1952995359034915,walking_residual_candidate,7.027223313396753,7.027223313396753,7.040718094544542,3.996772889894185,0.4312443604467918,1.1061650891192178,0.43819947893649597,false,0.0,0.020750123743481067,false,false,false,false
real,25/0.4 all_ankles,kp25_kd0.4,25.0,0.4,t27_tracking_lag_b1_diag_20260430_100024.csv,1,swing,event_leg,left,left,ankle_roll,33,0.32001543045043945,3.030450423502568,28.12636799313321,14.063183996566606,3.030450423502568,0.6296726,0.0665162,0.10563616711287738,3.759061580944661,0.4668281428025084,0.3759978871333276,walking_residual_candidate,5.451798399916057,5.451798399916057,6.9550229279789235,2.4213479764134886,0.5558625248412027,1.643479594884549,2.157643163372927,false,0.0,0.09916337368228591,false,false,false,false
real,25/0.4 all_ankles,kp25_kd0.4,25.0,0.4,t27_tracking_lag_b1_diag_20260430_100024.csv,1,swing,opposite_leg,left,right,ankle_pitch,33,0.32001543045043945,3.030450423502568,18.75091199542214,9.37545599771107,3.030450423502568,0.76,0.062247,0.08190394736842105,6.0019669200066765,0.27185384726162953,0.24515204669151325,walking_residual_candidate,5.4865011337713385,5.4865011337713385,5.49563901422436,2.4560507102687703,0.5523466321457737,1.095852333294269,0.39752036670158303,false,0.0,0.030903923306196686,false,false,false,false
real,25/0.4 all_ankles,kp25_kd0.4,25.0,0.4,t27_tracking_lag_b1_diag_20260430_100024.csv,1,swing,opposite_leg,left,right,ankle_roll,33,0.32001543045043945,3.030450423502568,34.37667199160726,17.18833599580363,3.030450423502568,0.4035521,0.0382167,0.09470078336849194,1.9043679359862664,0.26104675913306796,0.17352525273258348,walking_residual_candidate,5.0003144128335375,5.0003144128335375,7.068353016578409,1.9698639893309693,0.6060519745967928,4.564010849051701,6.593466681032513,true,0.0,0.0498289160983618,false,false,true,false
real,25/0.4 all_ankles,kp25_kd0.4,25.0,0.4,t27_tracking_lag_b1_diag_20260430_100024.csv,1,touchdown,landing_leg,left,left,ankle_pitch,15,0.13980650901794434,6.66699093170565,21.429613709053875,10.714806854526937,6.66699093170565,0.5299499999999999,0.2304559,0.43486347768657424,5.046104715077982,1.646193637990783,0.15878446222544992,walking_residual_candidate,7.027223313396753,7.027223313396753,7.040718094544542,0.3602323816911035,0.948737592982942,1.1061650891192178,0.43819947893649597,false,0.0,0.020750123743481067,true,false,false,false
real,25/0.4 all_ankles,kp25_kd0.4,25.0,0.4,t27_tracking_lag_b1_diag_20260430_100024.csv,1,touchdown,landing_leg,left,left,ankle_roll,15,0.13980650901794434,6.66699093170565,14.28640913936925,7.143204569684625,6.66699093170565,0.272561,0.1711163,0.6278091876680817,1.9644884047318176,1.2223187361075252,0.42375999989851104,walking_residual_candidate,5.451798399916057,5.451798399916057,6.9550229279789235,1.2151925317895929,1.2228975546506458,1.643479594884549,2.157643163372927,false,0.0,0.09916337368228591,false,false,false,false
real,25/0.4 all_ankles,kp25_kd0.4,25.0,0.4,t27_tracking_lag_b1_diag_20260430_100024.csv,1,touchdown,stance_leg,left,right,ankle_pitch,15,0.13980650901794434,6.66699093170565,21.429613709053875,10.714806854526937,6.66699093170565,0.23532499999999998,0.05884099999999998,0.25004143206204177,2.91004868003011,0.7363215270430907,0.11713910505690801,walking_residual_candidate,5.4865011337713385,5.4865011337713385,5.49563901422436,1.1804897979343112,1.2151625907207022,1.095852333294269,0.39752036670158303,false,0.0,0.030903923306196686,false,false,false,false
real,25/0.4 all_ankles,kp25_kd0.4,25.0,0.4,t27_tracking_lag_b1_diag_20260430_100024.csv,1,touchdown,stance_leg,left,right,ankle_roll,15,0.13980650901794434,6.66699093170565,28.5728182787385,14.28640913936925,6.66699093170565,0.1099183,0.1419996,1.2918649578823544,0.9451852570583846,1.0143321916133887,0.036516736885054954,walking_residual_candidate,5.0003144128335375,5.0003144128335375,7.068353016578409,1.6666765188721122,1.3333143441129442,4.564010849051701,6.593466681032513,true,0.0,0.0498289160983618,false,true,true,false
real,25/0.4 all_ankles,kp25_kd0.4,25.0,0.4,t27_tracking_lag_b1_diag_20260430_100024.csv,2,swing,event_leg,right,right,ankle_pitch,33,0.3198714256286621,6.060900847005136,21.876063994659162,10.938031997329581,3.030450423502568,0.533567,0.329162,0.6169084669779054,6.1239537906296935,1.3537302169046999,0.13169516492397174,walking_residual_candidate,5.4865011337713385,5.4865011337713385,5.49563901422436,0.5743997132337979,1.1046932642915475,1.095852333294269,0.39752036670158303,false,0.0,0.030903923306196686,true,false,false,false
real,25/0.4 all_ankles,kp25_kd0.4,25.0,0.4,t27_tracking_lag_b1_diag_20260430_100024.csv,2,swing,event_leg,right,right,ankle_roll,33,0.3198714256286621,3.030450423502568,37.50182399084428,18.75091199542214,3.030450423502568,0.573896,0.20601419999999998,0.3589747968272997,5.375447385231635,1.3002876175961469,0.09491068177000564,walking_residual_candidate,5.0003144128335375,5.0003144128335375,7.068353016578409,1.9698639893309693,0.6060519745967928,4.564010849051701,6.593466681032513,true,0.0,0.0498289160983618,false,false,true,false
real,25/0.4 all_ankles,kp25_kd0.4,25.0,0.4,t27_tracking_lag_b1_diag_20260430_100024.csv,2,swing,opposite_leg,right,left,ankle_pitch,33,0.3198714256286621,6.060900847005136,31.251519992370234,15.625759996185117,3.030450423502568,0.668166,0.3351678,0.5016235486391106,7.471790908409435,1.2594943835197066,0.22540021834807256,walking_residual_candidate,7.027223313396753,7.027223313396753,7.040718094544542,0.9663224663916168,0.8624887208935836,1.1061650891192178,0.43819947893649597,false,0.0,0.020750123743481067,true,false,false,false
real,25/0.4 all_ankles,kp25_kd0.4,25.0,0.4,t27_tracking_lag_b1_diag_20260430_100024.csv,2,swing,opposite_leg,right,left,ankle_roll,33,0.3198714256286621,3.030450423502568,34.37667199160726,17.18833599580363,3.030450423502568,0.6054452,0.1800893,0.29744938105050633,3.6056204304675608,0.9066303461338547,0.38926530448260505,walking_residual_candidate,5.451798399916057,5.451798399916057,6.9550229279789235,2.4213479764134886,0.5558625248412027,1.643479594884549,2.157643163372927,false,0.0,0.09916337368228591,false,false,false,false
real,25/0.4 all_ankles,kp25_kd0.4,25.0,0.4,t27_tracking_lag_b1_diag_20260430_100024.csv,2,touchdown,landing_leg,right,right,ankle_pitch,15,0.14003396034240723,6.66699093170565,35.71602284842312,17.85801142421156,6.66699093170565,0.3270229,0.0425517,0.13011841066787677,4.177744623166557,0.3919397772135687,0.2702355249981653,walking_residual_candidate,5.4865011337713385,5.4865011337713385,5.49563901422436,1.1804897979343112,1.2151625907207022,1.095852333294269,0.39752036670158303,false,0.0,0.030903923306196686,false,false,false,false
real,25/0.4 all_ankles,kp25_kd0.4,25.0,0.4,t27_tracking_lag_b1_diag_20260430_100024.csv,2,touchdown,landing_leg,right,right,ankle_roll,15,0.14003396034240723,6.66699093170565,42.85922741810775,21.429613709053875,6.66699093170565,0.305897,0.0376371,0.12303847373462311,5.781824069975849,0.5362882265168416,0.289622309526246,walking_residual_candidate,5.0003144128335375,5.0003144128335375,7.068353016578409,1.6666765188721122,1.3333143441129442,4.564010849051701,6.593466681032513,true,0.0,0.0498289160983618,false,false,true,false
real,25/0.4 all_ankles,kp25_kd0.4,25.0,0.4,t27_tracking_lag_b1_diag_20260430_100024.csv,2,touchdown,stance_leg,right,left,ankle_pitch,15,0.14003396034240723,6.66699093170565,42.85922741810775,21.429613709053875,6.66699093170565,0.09504000000000001,0.1576,1.6582491582491579,2.478856279385667,1.1853933687254543,0.1147844767687106,walking_residual_candidate,7.027223313396753,7.027223313396753,7.040718094544542,0.3602323816911035,0.948737592982942,1.1061650891192178,0.43819947893649597,false,0.0,0.020750123743481067,true,true,false,false
real,25/0.4 all_ankles,kp25_kd0.4,25.0,0.4,t27_tracking_lag_b1_diag_20260430_100024.csv,2,touchdown,stance_leg,right,left,ankle_roll,15,0.14003396034240723,6.66699093170565,57.145636557477,28.5728182787385,6.66699093170565,0.03155242,0.1721317,5.455419901231031,0.7186918124369268,1.2858811133299504,0.07380229801540215,walking_residual_candidate,5.451798399916057,5.451798399916057,6.9550229279789235,1.2151925317895929,1.2228975546506458,1.643479594884549,2.157643163372927,false,0.0,0.09916337368228591,false,true,false,false
real,25/0.4 all_ankles,kp25_kd0.4,25.0,0.4,t27_tracking_lag_b1_diag_20260430_100024.csv,3,swing,event_leg,left,left,ankle_pitch,33,0.31997132301330566,15.152252117512841,34.37667199160726,17.18833599580363,3.030450423502568,0.35604719999999995,0.3444693,0.9674821203480888,3.4648228949428956,1.801551060241768,0.1574778574624671,walking_residual_candidate,7.027223313396753,7.027223313396753,7.040718094544542,8.125028804116088,2.156221802233959,1.1061650891192178,0.43819947893649597,false,0.0,0.020750123743481067,false,false,false,false
real,25/0.4 all_ankles,kp25_kd0.4,25.0,0.4,t27_tracking_lag_b1_diag_20260430_100024.csv,3,swing,event_leg,left,left,ankle_roll,33,0.31997132301330566,3.030450423502568,40.626975990081306,20.313487995040653,3.030450423502568,0.4595439,0.374813,0.8156195741038016,2.153343170491881,2.237067242612241,0.18719362688512234,walking_residual_candidate,5.451798399916057,5.451798399916057,6.9550229279789235,2.4213479764134886,0.5558625248412027,1.643479594884549,2.157643163372927,false,0.0,0.09916337368228591,false,false,false,false
real,25/0.4 all_ankles,kp25_kd0.4,25.0,0.4,t27_tracking_lag_b1_diag_20260430_100024.csv,3,swing,opposite_leg,left,right,ankle_pitch,33,0.31997132301330566,3.030450423502568,21.876063994659162,10.938031997329581,3.030450423502568,0.76,0.1356724,0.1785163157894737,4.709775633694952,0.4561024961350467,0.3109532815758244,walking_residual_candidate,5.4865011337713385,5.4865011337713385,5.49563901422436,2.4560507102687703,0.5523466321457737,1.095852333294269,0.39752036670158303,false,0.0,0.030903923306196686,false,false,false,false
real,25/0.4 all_ankles,kp25_kd0.4,25.0,0.4,t27_tracking_lag_b1_diag_20260430_100024.csv,3,swing,opposite_leg,left,right,ankle_roll,33,0.31997132301330566,3.030450423502568,34.37667199160726,17.18833599580363,3.030450423502568,0.6513789999999999,0.0649685,0.09973993635041965,3.929818323606972,0.4870811903578837,0.2697866588580171,walking_residual_candidate,5.0003144128335375,5.0003144128335375,7.068353016578409,1.9698639893309693,0.6060519745967928,4.564010849051701,6.593466681032513,true,0.0,0.0498289160983618,false,false,true,false
real,25/0.4 all_ankles,kp25_kd0.4,25.0,0.4,t27_tracking_lag_b1_diag_20260430_100024.csv,3,touchdown,landing_leg,left,left,ankle_pitch,15,0.14000582695007324,6.66699093170565,21.429613709053875,10.714806854526937,6.66699093170565,0.07503699999999996,0.2327519,3.1018284313072235,1.089995871697315,3.21293912611662,0.49645671839590105,walking_residual_candidate,7.027223313396753,7.027223313396753,7.040718094544542,0.3602323816911035,0.948737592982942,1.1061650891192178,0.43819947893649597,false,0.0,0.020750123743481067,true,true,false,false
real,25/0.4 all_ankles,kp25_kd0.4,25.0,0.4,t27_tracking_lag_b1_diag_20260430_100024.csv,3,touchdown,landing_leg,left,left,ankle_roll,15,0.14000582695007324,6.66699093170565,35.71602284842312,17.85801142421156,6.66699093170565,0.464002,0.374054,0.8061473872957443,6.224081294498735,3.5479882791758497,0.6159913305950901,walking_residual_candidate,5.451798399916057,5.451798399916057,6.9550229279789235,1.2151925317895929,1.2228975546506458,1.643479594884549,2.157643163372927,false,0.0,0.09916337368228591,false,false,false,false
real,25/0.4 all_ankles,kp25_kd0.4,25.0,0.4,t27_tracking_lag_b1_diag_20260430_100024.csv,3,touchdown,stance_leg,left,right,ankle_pitch,15,0.14000582695007324,6.66699093170565,28.5728182787385,14.28640913936925,6.66699093170565,0.7419709999999999,0.116448,0.15694413932620008,6.159485295575074,1.0849099100437005,0.22687154878938437,walking_residual_candidate,5.4865011337713385,5.4865011337713385,5.49563901422436,1.1804897979343112,1.2151625907207022,1.095852333294269,0.39752036670158303,false,0.0,0.030903923306196686,false,false,false,false
real,25/0.4 all_ankles,kp25_kd0.4,25.0,0.4,t27_tracking_lag_b1_diag_20260430_100024.csv,3,touchdown,stance_leg,left,right,ankle_roll,15,0.14000582695007324,20.00097279511695,42.85922741810775,21.429613709053875,6.66699093170565,0.19681477,0.15988170000000002,0.8123460449640035,3.6309997452083365,1.4719223047451016,0.08229041225614321,walking_residual_candidate,5.0003144128335375,5.0003144128335375,7.068353016578409,15.000658382283413,3.999943032338833,4.564010849051701,6.593466681032513,true,0.0,0.0498289160983618,false,false,true,false
real,25/0.4 all_ankles,kp25_kd0.4,25.0,0.4,t27_tracking_lag_b1_diag_20260430_100024.csv,4,swing,event_leg,right,right,ankle_pitch,33,0.32010650634765625,3.030450423502568,18.75091199542214,9.37545599771107,3.030450423502568,0.14399799999999996,0.3452978,2.397934693537411,1.1515497583748597,1.9105923012231465,0.11863087750829922,walking_residual_candidate,5.4865011337713385,5.4865011337713385,5.49563901422436,2.4560507102687703,0.5523466321457737,1.095852333294269,0.39752036670158303,false,0.0,0.030903923306196686,false,true,false,false
real,25/0.4 all_ankles,kp25_kd0.4,25.0,0.4,t27_tracking_lag_b1_diag_20260430_100024.csv,4,swing,event_leg,right,right,ankle_roll,33,0.32010650634765625,9.091351270507705,46.87727998855535,23.438639994277676,3.030450423502568,0.2951728,0.1219535,0.41315968137985615,2.371955990748909,0.8818863301494957,0.06132075795755817,walking_residual_candidate,5.0003144128335375,5.0003144128335375,7.068353016578409,4.091036857674167,1.8181559237903786,4.564010849051701,6.593466681032513,true,0.0,0.0498289160983618,false,false,true,false
real,25/0.4 all_ankles,kp25_kd0.4,25.0,0.4,t27_tracking_lag_b1_diag_20260430_100024.csv,4,swing,opposite_leg,right,left,ankle_pitch,33,0.32010650634765625,3.030450423502568,12.500607996948094,6.250303998474047,3.030450423502568,0.25523999999999997,0.312523,1.2244279893433632,1.4729403899763953,1.2693414249541017,0.36171924593468585,walking_residual_candidate,7.027223313396753,7.027223313396753,7.040718094544542,3.996772889894185,0.4312443604467918,1.1061650891192178,0.43819947893649597,false,0.0,0.020750123743481067,false,true,false,false
real,25/0.4 all_ankles,kp25_kd0.4,25.0,0.4,t27_tracking_lag_b1_diag_20260430_100024.csv,4,swing,opposite_leg,right,left,ankle_roll,33,0.32010650634765625,3.030450423502568,9.37545599771107,4.687727998855535,3.030450423502568,0.6660648,0.44566,0.6690940581156668,2.5878249275506073,2.8633830174769317,0.37875515296605555,walking_residual_candidate,5.451798399916057,5.451798399916057,6.9550229279789235,2.4213479764134886,0.5558625248412027,1.643479594884549,2.157643163372927,false,0.0,0.09916337368228591,false,false,false,false
real,25/0.4 all_ankles,kp25_kd0.4,25.0,0.4,t27_tracking_lag_b1_diag_20260430_100024.csv,4,touchdown,landing_leg,right,right,ankle_pitch,14,0.12990045547485352,28.5728182787385,0.0,0.0,7.143204569684625,0.0,0.29163700000000004,,0.0,2.2734213425115506,0.4769853500393189,walking_residual_candidate,5.4865011337713385,5.4865011337713385,5.49563901422436,23.08631714496716,5.207839674517295,1.095852333294269,0.39752036670158303,false,0.0,0.030903923306196686,false,false,false,false
real,25/0.4 all_ankles,kp25_kd0.4,25.0,0.4,t27_tracking_lag_b1_diag_20260430_100024.csv,4,touchdown,landing_leg,right,right,ankle_roll,14,0.12990045547485352,7.143204569684625,38.46340922137875,19.231704610689373,14.28640913936925,0.42764749999999996,0.048799800000000004,0.11411220689937392,9.513743492884693,0.6882236887886682,0.21975693987722975,walking_residual_candidate,5.0003144128335375,5.0003144128335375,7.068353016578409,2.142890156851087,1.4285510829781545,4.564010849051701,6.593466681032513,true,0.0,0.0498289160983618,false,false,true,false
real,25/0.4 all_ankles,kp25_kd0.4,25.0,0.4,t27_tracking_lag_b1_diag_20260430_100024.csv,4,touchdown,stance_leg,right,left,ankle_pitch,14,0.12990045547485352,7.143204569684625,38.46340922137875,19.231704610689373,7.143204569684625,0.10469600000000001,0.20051349999999998,1.9151973332314507,1.7648704540774316,1.6529719347024117,0.1645298195753606,walking_residual_candidate,7.027223313396753,7.027223313396753,7.040718094544542,0.11598125628787148,1.016504563910295,1.1061650891192178,0.43819947893649597,false,0.0,0.020750123743481067,true,true,false,false
real,25/0.4 all_ankles,kp25_kd0.4,25.0,0.4,t27_tracking_lag_b1_diag_20260430_100024.csv,4,touchdown,stance_leg,right,left,ankle_roll,14,0.12990045547485352,7.143204569684625,30.770727377103,15.3853636885515,7.143204569684625,0.10939289999999999,0.38331899999999997,3.5040573931214913,2.3257051162270805,3.3807490461949294,0.17686965289910517,walking_residual_candidate,5.451798399916057,5.451798399916057,6.9550229279789235,1.6914061697685678,1.310247379982835,1.643479594884549,2.157643163372927,false,0.0,0.09916337368228591,false,true,false,false
real,25/0.4 all_ankles,kp25_kd0.4,25.0,0.4,t27_tracking_lag_b1_diag_20260430_100024.csv,5,swing,event_leg,left,left,ankle_pitch,32,0.3100302219390869,3.1251519992370236,41.93752360266457,20.968761801332285,3.1251519992370236,0.25523999999999997,0.39065750000000005,1.5305496787337411,1.8499093296004905,1.5135620028024008,0.12539534125604881,walking_residual_candidate,7.027223313396753,7.027223313396753,7.040718094544542,3.9020713141597296,0.44472074671075407,1.1061650891192178,0.43819947893649597,false,0.0,0.020750123743481067,false,true,false,false
real,25/0.4 all_ankles,kp25_kd0.4,25.0,0.4,t27_tracking_lag_b1_diag_20260430_100024.csv,5,swing,event_leg,left,left,ankle_roll,32,0.3100302219390869,3.1251519992370236,29.03367018646009,14.516835093230045,3.1251519992370236,0.10939289999999999,0.453157,4.142471769191602,1.6516506222982665,3.2171274404243753,0.16516994886915506,walking_residual_candidate,5.451798399916057,5.451798399916057,6.9550229279789235,2.3266464006790333,0.5732332287424903,1.643479594884549,2.157643163372927,false,0.0,0.09916337368228591,false,true,false,false
real,25/0.4 all_ankles,kp25_kd0.4,25.0,0.4,t27_tracking_lag_b1_diag_20260430_100024.csv,5,swing,opposite_leg,left,right,ankle_pitch,32,0.3100302219390869,25.00121599389619,0.0,0.0,3.1251519992370236,0.0,0.539007,,0.0,1.8000114188253704,0.49743449200792517,walking_residual_candidate,5.4865011337713385,5.4865011337713385,5.49563901422436,19.51471486012485,4.556859715202633,1.095852333294269,0.39752036670158303,false,0.0,0.030903923306196686,false,false,false,false
real,25/0.4 all_ankles,kp25_kd0.4,25.0,0.4,t27_tracking_lag_b1_diag_20260430_100024.csv,5,swing,opposite_leg,left,right,ankle_roll,32,0.3100302219390869,6.250303998474047,41.93752360266457,20.968761801332285,3.1251519992370236,0.5402462,0.0601578,0.11135256481211714,7.118322990845973,0.5684306405312161,0.22244321678738857,walking_residual_candidate,5.0003144128335375,5.0003144128335375,7.068353016578409,1.2499895856405097,1.2499821976058854,4.564010849051701,6.593466681032513,true,0.0,0.0498289160983618,false,false,true,false
real,25/0.4 all_ankles,kp25_kd0.4,25.0,0.4,t27_tracking_lag_b1_diag_20260430_100024.csv,5,touchdown,landing_leg,left,left,ankle_pitch,16,0.14991426467895508,18.75091199542214,13.3339818634113,6.66699093170565,6.250303998474047,0.120836,0.4805733,3.977070574994207,2.0007973135595236,3.2039778331198585,0.31480498675474616,walking_residual_candidate,7.027223313396753,7.027223313396753,7.040718094544542,11.723688682025386,2.6683244802645243,1.1061650891192178,0.43819947893649597,false,0.0,0.020750123743481067,false,true,false,false
real,25/0.4 all_ankles,kp25_kd0.4,25.0,0.4,t27_tracking_lag_b1_diag_20260430_100024.csv,5,touchdown,landing_leg,left,left,ankle_roll,16,0.14991426467895508,6.250303998474047,33.33495465852825,16.667477329264123,6.250303998474047,0.662844,0.2028917,0.3060926854584186,5.902655089738442,2.273053222043029,0.39205802911186793,walking_residual_candidate,5.451798399916057,5.451798399916057,6.9550229279789235,0.7985055985579903,1.1464664574849806,1.643479594884549,2.157643163372927,false,0.0,0.09916337368228591,true,false,false,false
real,25/0.4 all_ankles,kp25_kd0.4,25.0,0.4,t27_tracking_lag_b1_diag_20260430_100024.csv,5,touchdown,stance_leg,left,right,ankle_pitch,16,0.14991426467895508,6.250303998474047,20.00097279511695,10.000486397558475,6.250303998474047,0.32997639999999995,0.27297499999999997,0.8272561310445232,5.564402638021982,1.81992184958235,0.42898160682416653,walking_residual_candidate,5.4865011337713385,5.4865011337713385,5.49563901422436,0.7638028647027086,1.1392149288006583,1.095852333294269,0.39752036670158303,false,0.0,0.030903923306196686,true,false,false,false
real,25/0.4 all_ankles,kp25_kd0.4,25.0,0.4,t27_tracking_lag_b1_diag_20260430_100024.csv,5,touchdown,stance_leg,left,right,ankle_roll,16,0.14991426467895508,6.250303998474047,33.33495465852825,16.667477329264123,6.250303998474047,0.41580399999999995,0.0773166,0.18594482015565028,6.73481343041498,0.5276123283533216,0.10748337088394307,walking_residual_candidate,5.0003144128335375,5.0003144128335375,7.068353016578409,1.2499895856405097,1.2499821976058854,4.564010849051701,6.593466681032513,true,0.0,0.0498289160983618,false,false,true,false
real,25/0.4 all_ankles,kp25_kd0.4,25.0,0.4,t27_tracking_lag_b1_diag_20260430_100024.csv,6,swing,event_leg,right,right,ankle_pitch,34,0.3297915458679199,2.9413195286936693,24.243603388020546,12.121801694010273,2.9413195286936693,0.17841899999999997,0.5603758,3.140785454463931,1.114487539098575,2.7104100090872243,0.187130281133374,walking_residual_candidate,5.4865011337713385,5.4865011337713385,5.49563901422436,2.545181605077669,0.5361011429650158,1.095852333294269,0.39752036670158303,false,0.0,0.030903923306196686,false,true,false,false
real,25/0.4 all_ankles,kp25_kd0.4,25.0,0.4,t27_tracking_lag_b1_diag_20260430_100024.csv,6,swing,event_leg,right,right,ankle_roll,34,0.3297915458679199,2.9413195286936693,30.304504235025682,15.152252117512841,2.9413195286936693,0.5772655,0.2261495,0.3917599440811897,3.007507125782264,1.3933649211484245,0.11578272200056305,walking_residual_candidate,5.0003144128335375,5.0003144128335375,7.068353016578409,2.058994884139868,0.5882269165204166,4.564010849051701,6.593466681032513,true,0.0,0.0498289160983618,false,false,true,false
real,25/0.4 all_ankles,kp25_kd0.4,25.0,0.4,t27_tracking_lag_b1_diag_20260430_100024.csv,6,swing,opposite_leg,right,left,ankle_pitch,34,0.3297915458679199,2.9413195286936693,6.060900847005136,3.030450423502568,5.882639057387339,0.19632999999999998,0.11705190000000001,0.5961997657006063,0.7620916116015788,0.6469990441025019,0.447089721148353,walking_residual_candidate,7.027223313396753,7.027223313396753,7.040718094544542,4.085903784703084,0.4185607027865921,1.1061650891192178,0.43819947893649597,false,0.0,0.020750123743481067,false,false,false,false
real,25/0.4 all_ankles,kp25_kd0.4,25.0,0.4,t27_tracking_lag_b1_diag_20260430_100024.csv,6,swing,opposite_leg,right,left,ankle_roll,34,0.3297915458679199,2.9413195286936693,21.213152964517977,10.606576482258989,2.9413195286936693,0.773813,0.1010056,0.13052972746645508,4.288469792099579,0.5466117372834711,0.2748135560235531,walking_residual_candidate,5.451798399916057,5.451798399916057,6.9550229279789235,2.5104788712223876,0.5395136270517555,1.643479594884549,2.157643163372927,false,0.0,0.09916337368228591,false,false,false,false
real,25/0.4 all_ankles,kp25_kd0.4,25.0,0.4,t27_tracking_lag_b1_diag_20260430_100024.csv,6,touchdown,landing_leg,right,right,ankle_pitch,15,0.1399233341217041,6.66699093170565,35.71602284842312,17.85801142421156,6.66699093170565,0.3407167,0.2254715,0.6617565267566867,7.088397618303262,1.905103373541744,0.14883304312134227,walking_residual_candidate,5.4865011337713385,5.4865011337713385,5.49563901422436,1.1804897979343112,1.2151625907207022,1.095852333294269,0.39752036670158303,false,0.0,0.030903923306196686,false,false,false,false
real,25/0.4 all_ankles,kp25_kd0.4,25.0,0.4,t27_tracking_lag_b1_diag_20260430_100024.csv,6,touchdown,landing_leg,right,right,ankle_roll,15,0.1399233341217041,20.00097279511695,35.71602284842312,17.85801142421156,6.66699093170565,0.61342824,0.1340016,0.21844706725598417,14.042999300549955,1.6663156166713102,0.2651390012951095,walking_residual_candidate,5.0003144128335375,5.0003144128335375,7.068353016578409,15.000658382283413,3.999943032338833,4.564010849051701,6.593466681032513,true,0.0,0.0498289160983618,false,false,true,false
real,25/0.4 all_ankles,kp25_kd0.4,25.0,0.4,t27_tracking_lag_b1_diag_20260430_100024.csv,6,touchdown,stance_leg,right,left,ankle_pitch,15,0.1399233341217041,6.66699093170565,42.85922741810775,21.429613709053875,6.66699093170565,0.12176000000000001,0.1985304,1.6305059132720103,2.828580431912857,1.7667144998109592,0.3320335461577541,walking_residual_candidate,7.027223313396753,7.027223313396753,7.040718094544542,0.3602323816911035,0.948737592982942,1.1061650891192178,0.43819947893649597,false,0.0,0.020750123743481067,true,true,false,false
real,25/0.4 all_ankles,kp25_kd0.4,25.0,0.4,t27_tracking_lag_b1_diag_20260430_100024.csv,6,touchdown,stance_leg,right,left,ankle_roll,15,0.1399233341217041,6.66699093170565,42.85922741810775,21.429613709053875,6.66699093170565,0.1027927,0.1360969,1.3239938244641885,2.6860492138521117,0.994487654998348,0.07438942792447746,walking_residual_candidate,5.451798399916057,5.451798399916057,6.9550229279789235,1.2151925317895929,1.2228975546506458,1.643479594884549,2.157643163372927,false,0.0,0.09916337368228591,false,true,false,false
real,30/0.4 all_ankles,kp30_kd0.4,30.0,0.4,t27_tracking_lag_b1_diag_20260430_100314.csv,1,swing,event_leg,left,left,ankle_pitch,33,0.31986546516418457,3.0304865514746178,31.251892562082,15.625946281041,3.0304865514746178,0.6337269999999999,0.32742600000000005,0.5166672715538395,6.097323618669305,1.2624092618829057,0.10923384052656852,walking_residual_candidate,5.689569975810356,5.689569975810356,5.667089294395135,2.659083424335738,0.5326389453612425,1.1933790535864521,0.7677841075656723,false,0.0,0.023615664074766375,false,false,false,false
real,30/0.4 all_ankles,kp30_kd0.4,30.0,0.4,t27_tracking_lag_b1_diag_20260430_100314.csv,1,swing,event_leg,left,left,ankle_roll,33,0.31986546516418457,3.0304865514746178,28.126703305873797,14.063351652936898,3.0304865514746178,0.6129174,0.1103335,0.1800136527368941,4.377995436544628,0.8473993795820269,0.32752713002683076,walking_residual_candidate,5.666282714962426,5.666282714962426,5.658926896033916,2.635796163487808,0.5348279822805688,1.1524582373742147,0.6162519644211744,false,0.0,0.12798041291062232,false,false,false,false
real,30/0.4 all_ankles,kp30_kd0.4,30.0,0.4,t27_tracking_lag_b1_diag_20260430_100314.csv,1,swing,opposite_leg,left,right,ankle_pitch,33,0.31986546516418457,3.0304865514746178,25.001514049665598,12.500757024832799,3.0304865514746178,0.603726,0.132251,0.2190579832573055,5.427419300389838,0.47800082192630017,0.16251492897050468,walking_residual_candidate,5.611629346881893,5.611629346881893,5.667037816547372,2.581142795407275,0.5400368349628277,1.1723676625378296,0.6906383077026569,false,0.0,0.01349709170795762,false,false,false,false
real,30/0.4 all_ankles,kp30_kd0.4,30.0,0.4,t27_tracking_lag_b1_diag_20260430_100314.csv,1,swing,opposite_leg,left,right,ankle_roll,33,0.31986546516418457,3.0304865514746178,25.001514049665598,12.500757024832799,3.0304865514746178,0.39209530000000004,0.0422258,0.10769269613790321,1.9541086500351692,0.2935905918527438,0.16848377014652724,walking_residual_candidate,5.553864059380838,5.553864059380838,5.6904437093776075,2.52337750790622,0.5456537140760456,1.5420830806227925,1.8810777221303137,false,0.0,0.04585344108933724,false,false,false,false
real,30/0.4 all_ankles,kp30_kd0.4,30.0,0.4,t27_tracking_lag_b1_diag_20260430_100314.csv,1,touchdown,landing_leg,left,left,ankle_pitch,15,0.14005398750305176,6.66707041324416,7.143289728475885,3.5716448642379426,6.66707041324416,0.48253729999999995,0.19713081,0.40852968257583405,4.13665265158839,1.4081624902391312,0.2701233420360485,walking_residual_candidate,5.689569975810356,5.689569975810356,5.667089294395135,0.9775004374338039,1.1718056797947336,1.1933790535864521,0.7677841075656723,false,0.0,0.023615664074766375,true,false,false,false
real,30/0.4 all_ankles,kp30_kd0.4,30.0,0.4,t27_tracking_lag_b1_diag_20260430_100314.csv,1,touchdown,landing_leg,left,left,ankle_roll,15,0.14005398750305176,6.66707041324416,35.716448642379426,17.858224321189713,6.66707041324416,0.14356200000000002,0.21257,1.4806843036458115,1.670172571414947,1.518449097582119,0.43536309497496845,walking_residual_candidate,5.666282714962426,5.666282714962426,5.658926896033916,1.0007876982817336,1.1766215610172515,1.1524582373742147,0.6162519644211744,false,0.0,0.12798041291062232,false,true,false,false
real,30/0.4 all_ankles,kp30_kd0.4,30.0,0.4,t27_tracking_lag_b1_diag_20260430_100314.csv,1,touchdown,stance_leg,left,right,ankle_pitch,15,0.14005398750305176,6.66707041324416,21.429869185427656,10.714934592713828,6.66707041324416,0.19423500000000002,0.06528899999999999,0.3361340644065178,2.6564180110666986,0.9240130995372694,0.10849287831312554,walking_residual_candidate,5.611629346881893,5.611629346881893,5.667037816547372,1.0554410663622669,1.1880810369182213,1.1723676625378296,0.6906383077026569,false,0.0,0.01349709170795762,false,false,false,false
real,30/0.4 all_ankles,kp30_kd0.4,30.0,0.4,t27_tracking_lag_b1_diag_20260430_100314.csv,1,touchdown,stance_leg,left,right,ankle_roll,15,0.14005398750305176,6.66707041324416,35.716448642379426,17.858224321189713,6.66707041324416,0.03850733,0.130926,3.4000279946701055,0.726437277534739,1.054656011052392,0.054389698961982993,walking_residual_candidate,5.553864059380838,5.553864059380838,5.6904437093776075,1.1132063538633217,1.2004381709673004,1.5420830806227925,1.8810777221303137,false,0.0,0.04585344108933724,false,true,false,false
real,30/0.4 all_ankles,kp30_kd0.4,30.0,0.4,t27_tracking_lag_b1_diag_20260430_100314.csv,2,swing,event_leg,right,right,ankle_pitch,32,0.3098762035369873,6.2503785124163995,22.58201269002054,11.29100634501027,3.1251892562081998,0.4301992,0.3287339,0.7641434479655007,4.818093065939882,1.5595812198107073,0.11475411945228943,walking_residual_candidate,5.611629346881893,5.611629346881893,5.667037816547372,0.6387491655345068,1.1138259721108323,1.1723676625378296,0.6906383077026569,false,0.0,0.01349709170795762,true,false,false,false
real,30/0.4 all_ankles,kp30_kd0.4,30.0,0.4,t27_tracking_lag_b1_diag_20260430_100314.csv,2,swing,event_leg,right,right,ankle_roll,32,0.3098762035369873,9.375567768624599,35.486019941460846,17.743009970730423,3.1251892562081998,0.388482,0.16652899999999998,0.42866593561606453,3.482237201012217,1.0545657982159824,0.07268874819126271,walking_residual_candidate,5.553864059380838,5.553864059380838,5.6904437093776075,3.821703709243761,1.6881161779227662,1.5420830806227925,1.8810777221303137,false,0.0,0.04585344108933724,false,false,false,false
real,30/0.4 all_ankles,kp30_kd0.4,30.0,0.4,t27_tracking_lag_b1_diag_20260430_100314.csv,2,swing,opposite_leg,right,left,ankle_pitch,32,0.3098762035369873,3.1251892562081998,25.808014502880617,12.904007251440309,3.1251892562081998,0.6495529999999999,0.301875,0.4647426768870285,7.552591888398581,1.1439276614331133,0.21637240097756413,walking_residual_candidate,5.689569975810356,5.689569975810356,5.667089294395135,2.564380719602156,0.5492839124037814,1.1933790535864521,0.7677841075656723,false,0.0,0.023615664074766375,false,false,false,false
real,30/0.4 all_ankles,kp30_kd0.4,30.0,0.4,t27_tracking_lag_b1_diag_20260430_100314.csv,2,swing,opposite_leg,right,left,ankle_roll,32,0.3098762035369873,3.1251892562081998,35.486019941460846,17.743009970730423,3.1251892562081998,0.54612233,0.24924020000000002,0.4563816315659534,4.129096276936353,1.0949503083501626,0.3934773759409268,walking_residual_candidate,5.666282714962426,5.666282714962426,5.658926896033916,2.541093458754226,0.5515413567268367,1.1524582373742147,0.6162519644211744,false,0.0,0.12798041291062232,false,false,false,false
real,30/0.4 all_ankles,kp30_kd0.4,30.0,0.4,t27_tracking_lag_b1_diag_20260430_100314.csv,2,touchdown,landing_leg,right,right,ankle_pitch,15,0.13992738723754883,6.66707041324416,0.0,0.0,13.33414082648832,0.4301992,0.23810930000000002,0.5534861524614644,3.073037526558543,2.0645714555484216,0.4430614416517954,walking_residual_candidate,5.611629346881893,5.611629346881893,5.667037816547372,1.0554410663622669,1.1880810369182213,1.1723676625378296,0.6906383077026569,false,0.0,0.01349709170795762,false,false,false,false
real,30/0.4 all_ankles,kp30_kd0.4,30.0,0.4,t27_tracking_lag_b1_diag_20260430_100314.csv,2,touchdown,landing_leg,right,right,ankle_roll,15,0.13992738723754883,6.66707041324416,42.85973837085531,21.429869185427656,6.66707041324416,0.717203,0.06623029999999999,0.09234526347491573,14.99902974460077,0.5947167293311784,0.26244002281517204,walking_residual_candidate,5.553864059380838,5.553864059380838,5.6904437093776075,1.1132063538633217,1.2004381709673004,1.5420830806227925,1.8810777221303137,false,0.0,0.04585344108933724,false,false,false,false
real,30/0.4 all_ankles,kp30_kd0.4,30.0,0.4,t27_tracking_lag_b1_diag_20260430_100314.csv,2,touchdown,stance_leg,right,left,ankle_pitch,15,0.13992738723754883,26.66828165297664,42.85973837085531,21.429869185427656,6.66707041324416,0.549571,0.16236199999999998,0.2954340749420911,8.05998095604147,1.1597988068948013,0.17409776407620328,walking_residual_candidate,5.689569975810356,5.689569975810356,5.667089294395135,20.97871167716628,4.687222719178934,1.1933790535864521,0.7677841075656723,false,0.0,0.023615664074766375,false,false,false,false
real,30/0.4 all_ankles,kp30_kd0.4,30.0,0.4,t27_tracking_lag_b1_diag_20260430_100314.csv,2,touchdown,stance_leg,right,left,ankle_roll,15,0.13992738723754883,33.3353520662208,50.003028099331196,25.001514049665598,6.66707041324416,0.191293,0.346916,1.8135321208826252,2.6449856044536557,2.4781214994439402,0.11384255841031556,walking_residual_candidate,5.666282714962426,5.666282714962426,5.658926896033916,27.669069351258372,5.883107805086258,1.1524582373742147,0.6162519644211744,false,0.0,0.12798041291062232,false,true,false,false
real,30/0.4 all_ankles,kp30_kd0.4,30.0,0.4,t27_tracking_lag_b1_diag_20260430_100314.csv,3,swing,event_leg,left,left,ankle_pitch,33,0.3199033737182617,6.0609731029492355,37.502271074498395,18.751135537249198,3.0304865514746178,0.55967,0.251881,0.450052709632462,6.266634496851493,1.318379838866966,0.13595458069619273,walking_residual_candidate,5.689569975810356,5.689569975810356,5.667089294395135,0.3714031271388798,1.065277890722485,1.1933790535864521,0.7677841075656723,false,0.0,0.023615664074766375,true,false,false,false
real,30/0.4 all_ankles,kp30_kd0.4,30.0,0.4,t27_tracking_lag_b1_diag_20260430_100314.csv,3,swing,event_leg,left,left,ankle_roll,33,0.3199033737182617,9.091459654423854,43.7526495869148,21.8763247934574,3.0304865514746178,0.19192489999999998,0.376726,1.9628823565884366,1.5332506323310402,2.393857467984406,0.12596717755833287,walking_residual_candidate,5.666282714962426,5.666282714962426,5.658926896033916,3.425176939461428,1.6044839468417067,1.1524582373742147,0.6162519644211744,false,0.0,0.12798041291062232,false,true,false,false
real,30/0.4 all_ankles,kp30_kd0.4,30.0,0.4,t27_tracking_lag_b1_diag_20260430_100314.csv,3,swing,opposite_leg,left,right,ankle_pitch,33,0.3199033737182617,3.0304865514746178,3.1251892562081998,1.5625946281040999,3.0304865514746178,0.4301992,0.36295130000000003,0.8436819501291496,2.6889078357387253,1.4982776081734843,0.4331025403184391,walking_residual_candidate,5.611629346881893,5.611629346881893,5.667037816547372,2.581142795407275,0.5400368349628277,1.1723676625378296,0.6906383077026569,false,0.0,0.01349709170795762,false,false,false,false
real,30/0.4 all_ankles,kp30_kd0.4,30.0,0.4,t27_tracking_lag_b1_diag_20260430_100314.csv,3,swing,opposite_leg,left,right,ankle_roll,33,0.3199033737182617,3.0304865514746178,34.37708181829019,17.188540909145097,3.0304865514746178,0.734138,0.12756271,0.17375848954828657,9.335868176984059,0.5639523082538359,0.21239453351644938,walking_residual_candidate,5.553864059380838,5.553864059380838,5.6904437093776075,2.52337750790622,0.5456537140760456,1.5420830806227925,1.8810777221303137,false,0.0,0.04585344108933724,false,false,false,false
real,30/0.4 all_ankles,kp30_kd0.4,30.0,0.4,t27_tracking_lag_b1_diag_20260430_100314.csv,3,touchdown,landing_leg,left,left,ankle_pitch,15,0.1400902271270752,6.66707041324416,21.429869185427656,10.714934592713828,6.66707041324416,0.19776099999999996,0.466183,2.357305029808709,2.5052945735710623,3.53284965772259,0.3075940641520306,walking_residual_candidate,5.689569975810356,5.689569975810356,5.667089294395135,0.9775004374338039,1.1718056797947336,1.1933790535864521,0.7677841075656723,false,0.0,0.023615664074766375,true,true,false,false
real,30/0.4 all_ankles,kp30_kd0.4,30.0,0.4,t27_tracking_lag_b1_diag_20260430_100314.csv,3,touchdown,landing_leg,left,left,ankle_roll,15,0.1400902271270752,6.66707041324416,21.429869185427656,10.714934592713828,6.66707041324416,0.6646432,0.519899,0.7822227023461611,5.55892792504538,4.211662194040196,0.5348254112930645,walking_residual_candidate,5.666282714962426,5.666282714962426,5.658926896033916,1.0007876982817336,1.1766215610172515,1.1524582373742147,0.6162519644211744,false,0.0,0.12798041291062232,false,false,false,false
real,30/0.4 all_ankles,kp30_kd0.4,30.0,0.4,t27_tracking_lag_b1_diag_20260430_100314.csv,3,touchdown,stance_leg,left,right,ankle_pitch,15,0.1400902271270752,6.66707041324416,7.143289728475885,3.5716448642379426,6.66707041324416,0.21822599999999998,0.0477581,0.21884697515419796,2.7513451882684143,0.57030853692636,0.36948500007543844,walking_residual_candidate,5.611629346881893,5.611629346881893,5.667037816547372,1.0554410663622669,1.1880810369182213,1.1723676625378296,0.6906383077026569,false,0.0,0.01349709170795762,false,false,false,false
real,30/0.4 all_ankles,kp30_kd0.4,30.0,0.4,t27_tracking_lag_b1_diag_20260430_100314.csv,3,touchdown,stance_leg,left,right,ankle_roll,15,0.1400902271270752,6.66707041324416,42.85973837085531,21.429869185427656,6.66707041324416,0.607461,0.15188290000000002,0.25002905536322495,10.606957910970339,1.1050490627708984,0.24420105800056596,walking_residual_candidate,5.553864059380838,5.553864059380838,5.6904437093776075,1.1132063538633217,1.2004381709673004,1.5420830806227925,1.8810777221303137,false,0.0,0.04585344108933724,false,false,false,false
real,30/0.4 all_ankles,kp30_kd0.4,30.0,0.4,t27_tracking_lag_b1_diag_20260430_100314.csv,4,swing,event_leg,right,right,ankle_pitch,34,0.3297710418701172,2.9413545940783057,12.121946205898471,6.0609731029492355,2.9413545940783057,0.31744269999999997,0.4077216,1.2843943174626478,2.3220963798292895,1.786457578807496,0.18304364842862447,walking_residual_candidate,5.611629346881893,5.611629346881893,5.667037816547372,2.670274752803587,0.5241533986403917,1.1723676625378296,0.6906383077026569,false,0.0,0.01349709170795762,false,true,false,false
real,30/0.4 all_ankles,kp30_kd0.4,30.0,0.4,t27_tracking_lag_b1_diag_20260430_100314.csv,4,swing,event_leg,right,right,ankle_roll,34,0.3297710418701172,2.9413545940783057,24.243892411796942,12.121946205898471,2.9413545940783057,0.44780299999999995,0.2445948,0.5462107221255776,3.7790834003929814,1.7819326381180267,0.10401955184723886,walking_residual_candidate,5.553864059380838,5.553864059380838,5.6904437093776075,2.6125094653025323,0.5296050754267502,1.5420830806227925,1.8810777221303137,false,0.0,0.04585344108933724,false,false,false,false
real,30/0.4 all_ankles,kp30_kd0.4,30.0,0.4,t27_tracking_lag_b1_diag_20260430_100314.csv,4,swing,opposite_leg,right,left,ankle_pitch,34,0.3297710418701172,2.9413545940783057,12.121946205898471,6.0609731029492355,2.9413545940783057,0.275981,0.1806002,0.65439359955939,1.27029813924127,0.9892132384242759,0.4528222884922442,walking_residual_candidate,5.689569975810356,5.689569975810356,5.667089294395135,2.74821538173205,0.5169730940270884,1.1933790535864521,0.7677841075656723,false,0.0,0.023615664074766375,false,false,false,false
real,30/0.4 all_ankles,kp30_kd0.4,30.0,0.4,t27_tracking_lag_b1_diag_20260430_100314.csv,4,swing,opposite_leg,right,left,ankle_roll,34,0.3297710418701172,2.9413545940783057,27.274378963271563,13.637189481635781,2.9413545940783057,0.82222,0.457938,0.556953126900343,4.884977341168098,2.3876585319812014,0.3742716960162436,walking_residual_candidate,5.666282714962426,5.666282714962426,5.658926896033916,2.7249281208841203,0.519097747507611,1.1524582373742147,0.6162519644211744,false,0.0,0.12798041291062232,false,false,false,false
real,30/0.4 all_ankles,kp30_kd0.4,30.0,0.4,t27_tracking_lag_b1_diag_20260430_100314.csv,4,touchdown,landing_leg,right,right,ankle_pitch,15,0.14003515243530273,13.33414082648832,57.14631782780708,28.57315891390354,6.66707041324416,0.5874459999999999,0.17611670000000001,0.29980066252898147,11.410631437231043,1.2581669067587244,0.17036035433719762,walking_residual_candidate,5.611629346881893,5.611629346881893,5.667037816547372,7.7225114796064265,2.3761620738364426,1.1723676625378296,0.6906383077026569,false,0.0,0.01349709170795762,false,false,false,false
real,30/0.4 all_ankles,kp30_kd0.4,30.0,0.4,t27_tracking_lag_b1_diag_20260430_100314.csv,4,touchdown,landing_leg,right,right,ankle_roll,15,0.14003515243530273,26.66828165297664,50.003028099331196,25.001514049665598,6.66707041324416,0.567883,0.0727389,0.1280878279504757,14.223468492200688,1.1933979273153428,0.27459097552064204,walking_residual_candidate,5.553864059380838,5.553864059380838,5.6904437093776075,21.1144175935958,4.801752683869202,1.5420830806227925,1.8810777221303137,false,0.0,0.04585344108933724,false,false,false,false
real,30/0.4 all_ankles,kp30_kd0.4,30.0,0.4,t27_tracking_lag_b1_diag_20260430_100314.csv,4,touchdown,stance_leg,right,left,ankle_pitch,15,0.14003515243530273,20.001211239732477,42.85973837085531,21.429869185427656,6.66707041324416,0.134878,0.2804296,2.07913521849375,2.922376974237312,2.1373630065395366,0.2775429918109539,walking_residual_candidate,5.689569975810356,5.689569975810356,5.667089294395135,14.311641263922121,3.5154170393842,1.1933790535864521,0.7677841075656723,false,0.0,0.023615664074766375,false,true,false,false
real,30/0.4 all_ankles,kp30_kd0.4,30.0,0.4,t27_tracking_lag_b1_diag_20260430_100314.csv,4,touchdown,stance_leg,right,left,ankle_roll,15,0.14003515243530273,26.66828165297664,71.43289728475885,35.716448642379426,6.66707041324416,0.1069893,0.376209,3.5163235949763205,2.0029077212963267,3.211915936801625,0.1523402195301222,walking_residual_candidate,5.666282714962426,5.666282714962426,5.658926896033916,21.00199893801421,4.706486244069006,1.1524582373742147,0.6162519644211744,false,0.0,0.12798041291062232,false,true,false,false
real,30/0.4 all_ankles,kp30_kd0.4,30.0,0.4,t27_tracking_lag_b1_diag_20260430_100314.csv,5,swing,event_leg,left,left,ankle_pitch,32,0.31004977226257324,3.1251892562081998,22.58201269002054,11.29100634501027,3.1251892562081998,0.4837622,0.7241470000000001,1.4969069513905802,4.127596411913498,3.354362811992872,0.34810935242778956,walking_residual_candidate,5.689569975810356,5.689569975810356,5.667089294395135,2.564380719602156,0.5492839124037814,1.1933790535864521,0.7677841075656723,false,0.0,0.023615664074766375,false,true,false,false
real,30/0.4 all_ankles,kp30_kd0.4,30.0,0.4,t27_tracking_lag_b1_diag_20260430_100314.csv,5,swing,event_leg,left,left,ankle_roll,32,0.31004977226257324,3.1251892562081998,35.486019941460846,17.743009970730423,3.1251892562081998,0.6070921,0.503968,0.8301343404073286,5.143210173840282,2.7163709504716937,0.3237882857552672,walking_residual_candidate,5.666282714962426,5.666282714962426,5.658926896033916,2.541093458754226,0.5515413567268367,1.1524582373742147,0.6162519644211744,false,0.0,0.12798041291062232,false,false,false,false
real,30/0.4 all_ankles,kp30_kd0.4,30.0,0.4,t27_tracking_lag_b1_diag_20260430_100314.csv,5,swing,opposite_leg,left,right,ankle_pitch,32,0.31004977226257324,3.1251892562081998,29.034016315740693,14.517008157870347,3.1251892562081998,0.532969,0.4541478,0.8521092221123554,4.265709937126752,1.5240781020596383,0.14064543169891133,walking_residual_candidate,5.611629346881893,5.611629346881893,5.667037816547372,2.486440090673693,0.5569129860554162,1.1723676625378296,0.6906383077026569,false,0.0,0.01349709170795762,false,false,false,false
real,30/0.4 all_ankles,kp30_kd0.4,30.0,0.4,t27_tracking_lag_b1_diag_20260430_100314.csv,5,swing,opposite_leg,left,right,ankle_roll,32,0.31004977226257324,3.1251892562081998,25.808014502880617,12.904007251440309,3.1251892562081998,0.6051567,0.1012689,0.167343268280761,2.8151702239122005,0.5003112657512121,0.18130848959945262,walking_residual_candidate,5.553864059380838,5.553864059380838,5.6904437093776075,2.428674803172638,0.5627053926409221,1.5420830806227925,1.8810777221303137,false,0.0,0.04585344108933724,false,false,false,false
real,30/0.4 all_ankles,kp30_kd0.4,30.0,0.4,t27_tracking_lag_b1_diag_20260430_100314.csv,5,touchdown,landing_leg,left,left,ankle_pitch,15,0.1399078369140625,46.669492892709115,0.0,0.0,6.66707041324416,0.0,0.0403018,,0.0,0.31555053778158515,0.3577068778238284,walking_residual_candidate,5.689569975810356,5.689569975810356,5.667089294395135,40.97992291689876,8.202639758563134,1.1933790535864521,0.7677841075656723,false,0.0,0.023615664074766375,false,false,false,false
real,30/0.4 all_ankles,kp30_kd0.4,30.0,0.4,t27_tracking_lag_b1_diag_20260430_100314.csv,5,touchdown,landing_leg,left,left,ankle_roll,15,0.1399078369140625,6.66707041324416,28.57315891390354,14.28657945695177,6.66707041324416,0.199065,0.1016147,0.5104599000326527,1.8889072461906065,1.0078088883551017,0.19824865674905845,walking_residual_candidate,5.666282714962426,5.666282714962426,5.658926896033916,1.0007876982817336,1.1766215610172515,1.1524582373742147,0.6162519644211744,false,0.0,0.12798041291062232,false,false,false,false
real,30/0.4 all_ankles,kp30_kd0.4,30.0,0.4,t27_tracking_lag_b1_diag_20260430_100314.csv,5,touchdown,stance_leg,left,right,ankle_pitch,15,0.1399078369140625,13.33414082648832,35.716448642379426,17.858224321189713,6.66707041324416,0.027859999999999996,0.19011099999999997,6.823797559224695,0.6769338511190176,1.8143455880047752,0.213810247440887,walking_residual_candidate,5.611629346881893,5.611629346881893,5.667037816547372,7.7225114796064265,2.3761620738364426,1.1723676625378296,0.6906383077026569,false,0.0,0.01349709170795762,false,true,false,false
real,30/0.4 all_ankles,kp30_kd0.4,30.0,0.4,t27_tracking_lag_b1_diag_20260430_100314.csv,5,touchdown,stance_leg,left,right,ankle_roll,15,0.1399078369140625,6.66707041324416,21.429869185427656,10.714934592713828,6.66707041324416,0.0909539,0.040309899999999996,0.4431904514264918,0.7152540288674261,0.4187024987766683,0.049524829030626175,walking_residual_candidate,5.553864059380838,5.553864059380838,5.6904437093776075,1.1132063538633217,1.2004381709673004,1.5420830806227925,1.8810777221303137,false,0.0,0.04585344108933724,false,false,false,false
real,30/0.4 all_ankles,kp30_kd0.4,30.0,0.4,t27_tracking_lag_b1_diag_20260430_100314.csv,6,swing,event_leg,right,right,ankle_pitch,32,0.3100574016571045,3.1251892562081998,38.71202175432092,19.35601087716046,3.1251892562081998,0.095525,0.44429129999999994,4.651047369798482,1.3684280309916779,2.675004897025932,0.1755168060494929,walking_residual_candidate,5.611629346881893,5.611629346881893,5.667037816547372,2.486440090673693,0.5569129860554162,1.1723676625378296,0.6906383077026569,false,0.0,0.01349709170795762,false,true,false,false
real,30/0.4 all_ankles,kp30_kd0.4,30.0,0.4,t27_tracking_lag_b1_diag_20260430_100314.csv,6,swing,event_leg,right,right,ankle_roll,32,0.3100574016571045,3.1251892562081998,32.26001812860077,16.130009064300385,6.2503785124163995,0.1165509,0.1296632,1.1125027777563279,1.1897208216866983,0.6417272490202903,0.04326620518620317,walking_residual_candidate,5.553864059380838,5.553864059380838,5.6904437093776075,2.428674803172638,0.5627053926409221,1.5420830806227925,1.8810777221303137,false,0.0,0.04585344108933724,false,true,false,false
real,30/0.4 all_ankles,kp30_kd0.4,30.0,0.4,t27_tracking_lag_b1_diag_20260430_100314.csv,6,swing,opposite_leg,right,left,ankle_pitch,32,0.3100574016571045,18.751135537249198,0.0,0.0,3.1251892562081998,0.07649499999999998,0.21640310000000001,2.8289835936989354,0.24677300867473154,0.8384572271732111,0.3965630123941683,walking_residual_candidate,5.689569975810356,5.689569975810356,5.667089294395135,13.061565561438842,3.295703474422688,1.1933790535864521,0.7677841075656723,false,0.0,0.023615664074766375,false,true,false,false
real,30/0.4 all_ankles,kp30_kd0.4,30.0,0.4,t27_tracking_lag_b1_diag_20260430_100314.csv,6,swing,opposite_leg,right,left,ankle_roll,32,0.3100574016571045,3.1251892562081998,29.034016315740693,14.517008157870347,3.1251892562081998,0.58172735,0.2440421,0.41951285254165893,4.363284717059152,1.505807640792505,0.2751594388080696,walking_residual_candidate,5.666282714962426,5.666282714962426,5.658926896033916,2.541093458754226,0.5515413567268367,1.1524582373742147,0.6162519644211744,false,0.0,0.12798041291062232,false,false,false,false
real,30/0.4 all_ankles,kp30_kd0.4,30.0,0.4,t27_tracking_lag_b1_diag_20260430_100314.csv,6,touchdown,landing_leg,right,right,ankle_pitch,15,0.1399216651916504,6.66707041324416,14.28657945695177,7.143289728475885,6.66707041324416,0.20942899999999998,0.446741,2.133138199580765,3.75683465044868,3.1912003965890454,0.48979623128675187,walking_residual_candidate,5.611629346881893,5.611629346881893,5.667037816547372,1.0554410663622669,1.1880810369182213,1.1723676625378296,0.6906383077026569,false,0.0,0.01349709170795762,false,true,false,false
real,30/0.4 all_ankles,kp30_kd0.4,30.0,0.4,t27_tracking_lag_b1_diag_20260430_100314.csv,6,touchdown,landing_leg,right,right,ankle_roll,15,0.1399216651916504,20.001211239732477,42.85973837085531,21.429869185427656,13.33414082648832,0.27317020000000003,0.07098476999999999,0.25985546739724896,8.088309814446657,1.2674584694401423,0.10012032646928225,walking_residual_candidate,5.553864059380838,5.553864059380838,5.6904437093776075,14.447347180351638,3.601314512901901,1.5420830806227925,1.8810777221303137,false,0.0,0.04585344108933724,false,false,false,false
real,30/0.4 all_ankles,kp30_kd0.4,30.0,0.4,t27_tracking_lag_b1_diag_20260430_100314.csv,6,touchdown,stance_leg,right,left,ankle_pitch,15,0.1399216651916504,20.001211239732477,35.716448642379426,17.858224321189713,6.66707041324416,0.20771699999999998,0.10923568,0.5258870482435237,3.2367817283464495,1.2976618699358786,0.2721598936306737,walking_residual_candidate,5.689569975810356,5.689569975810356,5.667089294395135,14.311641263922121,3.5154170393842,1.1933790535864521,0.7677841075656723,false,0.0,0.023615664074766375,false,false,false,false
real,30/0.4 all_ankles,kp30_kd0.4,30.0,0.4,t27_tracking_lag_b1_diag_20260430_100314.csv,6,touchdown,stance_leg,right,left,ankle_roll,15,0.1399216651916504,13.33414082648832,50.003028099331196,25.001514049665598,13.33414082648832,0.2188161,0.056312600000000004,0.25735126437222855,3.855472766664339,0.9541797835238017,0.040258840753158324,walking_residual_candidate,5.666282714962426,5.666282714962426,5.658926896033916,7.667858111525893,2.353243122034503,1.1524582373742147,0.6162519644211744,false,0.0,0.12798041291062232,false,false,false,false
real,35/0.5 all_ankles,kp35_kd0.5,35.0,0.5,t27_tracking_lag_b1_diag_20260430_100705.csv,1,swing,event_leg,left,left,ankle_pitch,33,0.3200044631958008,3.030305920227957,28.12502682211573,14.062513411057864,3.030305920227957,0.6513,0.537684,0.8255550437586366,6.008400730057459,2.5126711462699376,0.3006948178438222,walking_residual_candidate,10.002622175886092,10.002622175886092,10.003569835311225,6.972316255658135,0.30295115290201535,0.998923839358375,-0.004676222918065759,false,0.0,0.01485804522397336,false,false,false,false
real,35/0.5 all_ankles,kp35_kd0.5,35.0,0.5,t27_tracking_lag_b1_diag_20260430_100705.csv,1,swing,event_leg,left,left,ankle_roll,33,0.3200044631958008,3.030305920227957,40.62503874305605,20.312519371528026,3.030305920227957,0.5140353,0.342381,0.6660651515567122,2.870312518593328,2.058117587773884,0.24475848991831806,walking_residual_candidate,5.709467041589592,5.709467041589592,5.719966797279201,2.679161121361635,0.53075110131195,1.094437856417343,0.3919110680733723,false,59.99798677405533,0.21614553051218652,false,false,false,false
real,35/0.5 all_ankles,kp35_kd0.5,35.0,0.5,t27_tracking_lag_b1_diag_20260430_100705.csv,1,swing,opposite_leg,left,right,ankle_pitch,33,0.3200044631958008,3.030305920227957,34.37503278258589,17.187516391292945,3.030305920227957,0.76,0.25149199999999994,0.3309105263157894,5.778384260696659,1.038235365138402,0.23593644894713092,walking_residual_candidate,5.688531653077654,5.688531653077654,5.68601513364125,2.658225732849697,0.5327044139041535,1.0712797921768218,0.2990291278244308,false,0.0,0.05877070928828793,false,false,false,false
real,35/0.5 all_ankles,kp35_kd0.5,35.0,0.5,t27_tracking_lag_b1_diag_20260430_100705.csv,1,swing,opposite_leg,left,right,ankle_roll,33,0.3200044631958008,3.030305920227957,31.25002980235081,15.625014901175405,3.030305920227957,0.4581927,0.0971939,0.2121245056937834,2.3919925936819015,0.7974383854965071,0.17150183465490712,walking_residual_candidate,5.614171554235619,5.614171554235619,10.00657904268642,2.583865634007662,0.5397601214985565,1.1412297945050371,0.5737310141845788,false,0.0,0.05498504649999858,false,false,false,false
real,35/0.5 all_ankles,kp35_kd0.5,35.0,0.5,t27_tracking_lag_b1_diag_20260430_100705.csv,1,touchdown,landing_leg,left,left,ankle_pitch,15,0.13990473747253418,46.66671117151054,0.0,0.0,6.666673024501506,0.0,0.138785,,0.0,1.0581081519477114,0.2629973757803171,walking_residual_candidate,10.002622175886092,10.002622175886092,10.003569835311225,36.664088995624454,4.665447754691037,0.998923839358375,-0.004676222918065759,false,0.0,0.01485804522397336,false,false,false,false
real,35/0.5 all_ankles,kp35_kd0.5,35.0,0.5,t27_tracking_lag_b1_diag_20260430_100705.csv,1,touchdown,landing_leg,left,left,ankle_roll,15,0.13990473747253418,6.666673024501506,28.57145581929217,14.285727909646084,6.666673024501506,0.284194,0.21192699999999998,0.7457124358712709,2.437545181767093,2.2578592961195634,0.22492899470810782,walking_residual_candidate,5.709467041589592,5.709467041589592,5.719966797279201,0.9572059829119137,1.1676524228862901,1.094437856417343,0.3919110680733723,false,59.99798677405533,0.21614553051218652,true,false,false,false
real,35/0.5 all_ankles,kp35_kd0.5,35.0,0.5,t27_tracking_lag_b1_diag_20260430_100705.csv,1,touchdown,stance_leg,left,right,ankle_pitch,15,0.13990473747253418,6.666673024501506,21.428591864469126,10.714295932234563,6.666673024501506,0.17965099999999998,0.09749400000000003,0.5426855402975772,2.127587743311501,1.2027368613049683,0.12163374101539423,walking_residual_candidate,5.688531653077654,5.688531653077654,5.68601513364125,0.9781413714238516,1.1719497105891377,1.0712797921768218,0.2990291278244308,false,0.0,0.05877070928828793,true,false,false,false
real,35/0.5 all_ankles,kp35_kd0.5,35.0,0.5,t27_tracking_lag_b1_diag_20260430_100705.csv,1,touchdown,stance_leg,left,right,ankle_roll,15,0.13990473747253418,6.666673024501506,14.285727909646084,7.142863954823042,6.666673024501506,0.06516522,0.2102916,3.227052713088362,0.9243911672824002,2.592504615262209,0.10833716588298083,walking_residual_candidate,5.614171554235619,5.614171554235619,10.00657904268642,1.052501470265887,1.1874722672968243,1.1412297945050371,0.5737310141845788,false,0.0,0.05498504649999858,false,true,false,false
real,35/0.5 all_ankles,kp35_kd0.5,35.0,0.5,t27_tracking_lag_b1_diag_20260430_100705.csv,2,swing,event_leg,right,right,ankle_pitch,33,0.32009291648864746,12.121223680911829,31.25002980235081,15.625014901175405,3.030305920227957,0.4991098,0.30019799999999996,0.6014668515825575,3.147727376906754,1.4339013674749064,0.136312307718002,walking_residual_candidate,5.688531653077654,5.688531653077654,5.68601513364125,6.432692027834174,2.130817655616614,1.0712797921768218,0.2990291278244308,false,0.0,0.05877070928828793,false,false,false,false
real,35/0.5 all_ankles,kp35_kd0.5,35.0,0.5,t27_tracking_lag_b1_diag_20260430_100705.csv,2,swing,event_leg,right,right,ankle_roll,33,0.32009291648864746,9.090917760683872,18.750017881410486,9.375008940705243,3.030305920227957,0.18303360000000002,0.26480360000000003,1.4467485751250044,1.3575914197000694,1.9412438513144032,0.09488991981449744,walking_residual_candidate,5.614171554235619,5.614171554235619,10.00657904268642,3.4767462064482535,1.6192803644956695,1.1412297945050371,0.5737310141845788,false,0.0,0.05498504649999858,false,true,false,false
real,35/0.5 all_ankles,kp35_kd0.5,35.0,0.5,t27_tracking_lag_b1_diag_20260430_100705.csv,2,swing,opposite_leg,right,left,ankle_pitch,33,0.32009291648864746,3.030305920227957,18.750017881410486,9.375008940705243,3.030305920227957,0.6513,0.359826,0.5524735145094426,4.983593502725126,2.2802584246238946,0.33147943826351134,walking_residual_candidate,10.002622175886092,10.002622175886092,10.003569835311225,6.972316255658135,0.30295115290201535,0.998923839358375,-0.004676222918065759,false,0.0,0.01485804522397336,false,false,false,false
real,35/0.5 all_ankles,kp35_kd0.5,35.0,0.5,t27_tracking_lag_b1_diag_20260430_100705.csv,2,swing,opposite_leg,right,left,ankle_roll,33,0.32009291648864746,3.030305920227957,40.62503874305605,20.312519371528026,6.060611840455914,0.411158,0.496092,1.206572655767369,3.5615158965262386,2.4161929292611406,0.2613054702189664,walking_residual_candidate,5.709467041589592,5.709467041589592,5.719966797279201,2.679161121361635,0.53075110131195,1.094437856417343,0.3919110680733723,false,59.99798677405533,0.21614553051218652,false,true,false,false
real,35/0.5 all_ankles,kp35_kd0.5,35.0,0.5,t27_tracking_lag_b1_diag_20260430_100705.csv,2,touchdown,landing_leg,right,right,ankle_pitch,16,0.14993810653686523,25.000023841880648,0.0,0.0,6.250005960470162,0.0,0.5873360000000001,,0.0,3.9155770675186163,0.4328943443884929,walking_residual_candidate,5.688531653077654,5.688531653077654,5.68601513364125,19.311492188802994,4.394811414709267,1.0712797921768218,0.2990291278244308,false,0.0,0.05877070928828793,false,false,false,false
real,35/0.5 all_ankles,kp35_kd0.5,35.0,0.5,t27_tracking_lag_b1_diag_20260430_100705.csv,2,touchdown,landing_leg,right,right,ankle_roll,16,0.14993810653686523,6.250005960470162,53.33338419601205,26.666692098006024,6.250005960470162,0.458578,0.20961249999999998,0.45709235942413284,9.255882827097727,3.3435031886131172,0.20868567124901827,walking_residual_candidate,5.614171554235619,5.614171554235619,10.00657904268642,0.6358344062345429,1.1132552505907727,1.1412297945050371,0.5737310141845788,false,0.0,0.05498504649999858,true,false,false,false
real,35/0.5 all_ankles,kp35_kd0.5,35.0,0.5,t27_tracking_lag_b1_diag_20260430_100705.csv,2,touchdown,stance_leg,right,left,ankle_pitch,16,0.14993810653686523,18.750017881410486,46.66671117151054,23.33335558575527,6.250005960470162,0.25323399999999996,0.11084639999999998,0.437723212522805,5.188798281756986,1.336733274808192,0.16177745786252368,walking_residual_candidate,10.002622175886092,10.002622175886092,10.003569835311225,8.747395705524394,1.8745102585812201,0.998923839358375,-0.004676222918065759,false,0.0,0.01485804522397336,false,false,false,false
real,35/0.5 all_ankles,kp35_kd0.5,35.0,0.5,t27_tracking_lag_b1_diag_20260430_100705.csv,2,touchdown,stance_leg,right,left,ankle_roll,16,0.14993810653686523,12.500011920940324,26.666692098006024,13.333346049003012,6.250005960470162,0.2545884,0.46957,1.84442810434411,3.384025227257945,4.732049846167735,0.13364355034106234,walking_residual_candidate,5.709467041589592,5.709467041589592,5.719966797279201,6.7905448793507315,2.189348292911794,1.094437856417343,0.3919110680733723,false,59.99798677405533,0.21614553051218652,false,true,false,false
real,35/0.5 all_ankles,kp35_kd0.5,35.0,0.5,t27_tracking_lag_b1_diag_20260430_100705.csv,3,swing,event_leg,left,left,ankle_pitch,32,0.3098018169403076,3.125002980235081,41.935523863799794,20.967761931899897,3.125002980235081,0.25323399999999996,0.3872934,1.5293894184825105,3.0152383594263488,1.8637946806789236,0.1216710291783712,walking_residual_candidate,10.002622175886092,10.002622175886092,10.003569835311225,6.877619195651011,0.31241837643020337,0.998923839358375,-0.004676222918065759,false,0.0,0.01485804522397336,false,true,false,false
real,35/0.5 all_ankles,kp35_kd0.5,35.0,0.5,t27_tracking_lag_b1_diag_20260430_100705.csv,3,swing,event_leg,left,left,ankle_roll,32,0.3098018169403076,3.125002980235081,29.032285751861398,14.516142875930699,3.125002980235081,0.1320844,0.5853079999999999,4.431318157178289,1.6876958030605285,4.669301227186204,0.20118657661505387,walking_residual_candidate,5.709467041589592,5.709467041589592,5.719966797279201,2.5844640613545113,0.5473370732279484,1.094437856417343,0.3919110680733723,false,59.99798677405533,0.21614553051218652,false,true,false,false
real,35/0.5 all_ankles,kp35_kd0.5,35.0,0.5,t27_tracking_lag_b1_diag_20260430_100705.csv,3,swing,opposite_leg,left,right,ankle_pitch,32,0.3098018169403076,25.000023841880648,0.0,0.0,3.125002980235081,0.0,0.5548109999999999,,0.0,1.8738856580443655,0.551888948223641,walking_residual_candidate,5.688531653077654,5.688531653077654,5.68601513364125,19.311492188802994,4.394811414709267,1.0712797921768218,0.2990291278244308,false,0.0,0.05877070928828793,false,false,false,false
real,35/0.5 all_ankles,kp35_kd0.5,35.0,0.5,t27_tracking_lag_b1_diag_20260430_100705.csv,3,swing,opposite_leg,left,right,ankle_roll,32,0.3098018169403076,3.125002980235081,48.387142919769,24.1935714598845,6.250005960470162,0.458578,0.20961249999999998,0.45709235942413284,6.012456701667468,1.4693252722255163,0.19122629440247646,walking_residual_candidate,5.614171554235619,5.614171554235619,10.00657904268642,2.489168574000538,0.5566276252953863,1.1412297945050371,0.5737310141845788,false,0.0,0.05498504649999858,false,false,false,false
real,35/0.5 all_ankles,kp35_kd0.5,35.0,0.5,t27_tracking_lag_b1_diag_20260430_100705.csv,3,touchdown,landing_leg,left,left,ankle_pitch,15,0.1397855281829834,46.66671117151054,0.0,0.0,6.666673024501506,0.0,0.3353762,,0.0,2.4511480518826567,0.2734408619023609,walking_residual_candidate,10.002622175886092,10.002622175886092,10.003569835311225,36.664088995624454,4.665447754691037,0.998923839358375,-0.004676222918065759,false,0.0,0.01485804522397336,false,false,false,false
real,35/0.5 all_ankles,kp35_kd0.5,35.0,0.5,t27_tracking_lag_b1_diag_20260430_100705.csv,3,touchdown,landing_leg,left,left,ankle_roll,15,0.1397855281829834,6.666673024501506,35.71431977411521,17.857159887057605,6.666673024501506,0.5866757,0.498284,0.8493346494494317,6.849697246666054,3.6648892093964247,0.3320208907991403,walking_residual_candidate,5.709467041589592,5.709467041589592,5.719966797279201,0.9572059829119137,1.1676524228862901,1.094437856417343,0.3919110680733723,false,59.99798677405533,0.21614553051218652,true,false,false,false
real,35/0.5 all_ankles,kp35_kd0.5,35.0,0.5,t27_tracking_lag_b1_diag_20260430_100705.csv,3,touchdown,stance_leg,left,right,ankle_pitch,15,0.1397855281829834,6.666673024501506,28.57145581929217,14.285727909646084,6.666673024501506,0.24437299999999998,0.44322700000000004,1.8137314678790213,5.090904855065208,3.165931590696217,0.44611058219711996,walking_residual_candidate,5.688531653077654,5.688531653077654,5.68601513364125,0.9781413714238516,1.1719497105891377,1.0712797921768218,0.2990291278244308,false,0.0,0.05877070928828793,true,true,false,false
real,35/0.5 all_ankles,kp35_kd0.5,35.0,0.5,t27_tracking_lag_b1_diag_20260430_100705.csv,3,touchdown,stance_leg,left,right,ankle_roll,15,0.1397855281829834,6.666673024501506,35.71431977411521,17.857159887057605,6.666673024501506,0.5044051,0.3338954,0.66195881048784,9.65731063850055,2.3849694173412215,0.19315605079466283,walking_residual_candidate,5.614171554235619,5.614171554235619,10.00657904268642,1.052501470265887,1.1874722672968243,1.1412297945050371,0.5737310141845788,false,0.0,0.05498504649999858,false,false,false,false
real,35/0.5 all_ankles,kp35_kd0.5,35.0,0.5,t27_tracking_lag_b1_diag_20260430_100705.csv,4,swing,event_leg,right,right,ankle_pitch,34,0.32985758781433105,2.9411792755153705,33.33336512250753,16.666682561253765,2.9411792755153705,0.23313399999999998,0.5793233,2.4849369890277697,2.0459413451011077,3.334385907190928,0.29576524318844094,walking_residual_candidate,5.688531653077654,5.688531653077654,5.68601513364125,2.747352377562284,0.5170366370246195,1.0712797921768218,0.2990291278244308,false,0.0,0.05877070928828793,false,true,false,false
real,35/0.5 all_ankles,kp35_kd0.5,35.0,0.5,t27_tracking_lag_b1_diag_20260430_100705.csv,4,swing,event_leg,right,right,ankle_roll,34,0.32985758781433105,2.9411792755153705,45.45458880341936,22.72729440170968,2.9411792755153705,0.5011181,0.375111,0.7485480967460565,2.573933666815641,2.1175253527628763,0.1571592125758432,walking_residual_candidate,5.614171554235619,5.614171554235619,10.00657904268642,2.6729922787202485,0.5238848238074225,1.1412297945050371,0.5737310141845788,false,0.0,0.05498504649999858,false,false,false,false
real,35/0.5 all_ankles,kp35_kd0.5,35.0,0.5,t27_tracking_lag_b1_diag_20260430_100705.csv,4,swing,opposite_leg,right,left,ankle_pitch,34,0.32985758781433105,2.9411792755153705,6.060611840455914,3.030305920227957,5.882358551030741,0.278653,0.1096279,0.3934208495871209,1.0768676936477282,0.4408776931810053,0.3595193796571001,walking_residual_candidate,10.002622175886092,10.002622175886092,10.003569835311225,7.0614429003707215,0.29404082487548555,0.998923839358375,-0.004676222918065759,false,0.0,0.01485804522397336,false,false,false,false
real,35/0.5 all_ankles,kp35_kd0.5,35.0,0.5,t27_tracking_lag_b1_diag_20260430_100705.csv,4,swing,opposite_leg,right,left,ankle_roll,34,0.32985758781433105,2.9411792755153705,27.272753282051614,13.636376641025807,2.9411792755153705,0.867869,0.2678018,0.3085739898533073,4.607242939263807,1.2412448807130596,0.19467563006259217,walking_residual_candidate,5.709467041589592,5.709467041589592,5.719966797279201,2.768287766074222,0.5151407748027751,1.094437856417343,0.3919110680733723,false,59.99798677405533,0.21614553051218652,false,false,false,false
real,35/0.5 all_ankles,kp35_kd0.5,35.0,0.5,t27_tracking_lag_b1_diag_20260430_100705.csv,4,touchdown,landing_leg,right,right,ankle_pitch,15,0.14015865325927734,13.333346049003012,42.85718372893825,21.428591864469126,,0.4749598,0.0,0.0,11.230752139051297,0.0,0.2607649213471006,walking_residual_candidate,5.688531653077654,5.688531653077654,5.68601513364125,7.644814395925358,2.3438994211782753,1.0712797921768218,0.2990291278244308,false,0.0,0.05877070928828793,false,false,false,false
real,35/0.5 all_ankles,kp35_kd0.5,35.0,0.5,t27_tracking_lag_b1_diag_20260430_100705.csv,4,touchdown,landing_leg,right,right,ankle_roll,15,0.14015865325927734,20.000019073504518,35.71431977411521,17.857159887057605,,0.3267559,0.0,0.0,7.331735277801916,0.0,0.15119441236495415,walking_residual_candidate,5.614171554235619,5.614171554235619,10.00657904268642,14.3858475192689,3.5624168018904725,1.1412297945050371,0.5737310141845788,false,0.0,0.05498504649999858,false,false,false,false
real,35/0.5 all_ankles,kp35_kd0.5,35.0,0.5,t27_tracking_lag_b1_diag_20260430_100705.csv,4,touchdown,stance_leg,right,left,ankle_pitch,15,0.14015865325927734,6.666673024501506,57.14291163858434,28.57145581929217,6.666673024501506,0.20164700000000002,0.22113829999999998,1.0966605007761085,3.631867749333279,1.6357858457212338,0.22529114323049387,walking_residual_candidate,10.002622175886092,10.002622175886092,10.003569835311225,3.335949151384586,0.6664925363844338,0.998923839358375,-0.004676222918065759,false,0.0,0.01485804522397336,false,true,false,false
real,35/0.5 all_ankles,kp35_kd0.5,35.0,0.5,t27_tracking_lag_b1_diag_20260430_100705.csv,4,touchdown,stance_leg,right,left,ankle_roll,15,0.14015865325927734,20.000019073504518,28.57145581929217,14.285727909646084,6.666673024501506,0.29339550000000003,0.1074224,0.3661351315885894,5.759361206840576,0.8882884899950614,0.07354624573638367,walking_residual_candidate,5.709467041589592,5.709467041589592,5.719966797279201,14.290552031914926,3.50295726865887,1.094437856417343,0.3919110680733723,false,59.99798677405533,0.21614553051218652,false,false,false,false
real,35/0.5 all_ankles,kp35_kd0.5,35.0,0.5,t27_tracking_lag_b1_diag_20260430_100705.csv,5,swing,event_leg,left,left,ankle_pitch,32,0.3100547790527344,3.125002980235081,32.258095279845996,16.129047639922998,3.125002980235081,0.730898,0.35165,0.48112048466407076,3.170261087912705,1.8014178469981916,0.25094929895181267,walking_residual_candidate,10.002622175886092,10.002622175886092,10.003569835311225,6.877619195651011,0.31241837643020337,0.998923839358375,-0.004676222918065759,false,0.0,0.01485804522397336,false,false,false,false
real,35/0.5 all_ankles,kp35_kd0.5,35.0,0.5,t27_tracking_lag_b1_diag_20260430_100705.csv,5,swing,event_leg,left,left,ankle_roll,32,0.3100547790527344,3.125002980235081,25.806476223876796,12.903238111938398,3.125002980235081,0.64923845,0.202189,0.3114248701690419,2.533954513341532,1.3006418855500512,0.1996811705407039,walking_residual_candidate,5.709467041589592,5.709467041589592,5.719966797279201,2.5844640613545113,0.5473370732279484,1.094437856417343,0.3919110680733723,false,59.99798677405533,0.21614553051218652,false,false,false,false
real,35/0.5 all_ankles,kp35_kd0.5,35.0,0.5,t27_tracking_lag_b1_diag_20260430_100705.csv,5,swing,opposite_leg,left,right,ankle_pitch,32,0.3100547790527344,3.125002980235081,3.2258095279845995,1.6129047639922998,,0.579125,0.0,0.0,3.223665654972301,0.0,0.32493787173507466,walking_residual_candidate,5.688531653077654,5.688531653077654,5.68601513364125,2.5635286728425735,0.5493514268386583,1.0712797921768218,0.2990291278244308,false,0.0,0.05877070928828793,false,false,false,false
real,35/0.5 all_ankles,kp35_kd0.5,35.0,0.5,t27_tracking_lag_b1_diag_20260430_100705.csv,5,swing,opposite_leg,left,right,ankle_roll,32,0.3100547790527344,3.125002980235081,38.7097143358152,19.3548571679076,,0.619163,0.0,0.0,5.567278341628431,0.0,0.285807001476043,walking_residual_candidate,5.614171554235619,5.614171554235619,10.00657904268642,2.489168574000538,0.5566276252953863,1.1412297945050371,0.5737310141845788,false,0.0,0.05498504649999858,false,false,false,false
real,35/0.5 all_ankles,kp35_kd0.5,35.0,0.5,t27_tracking_lag_b1_diag_20260430_100705.csv,5,touchdown,landing_leg,left,left,ankle_pitch,16,0.1498241424560547,6.250005960470162,6.666673024501506,3.333336512250753,6.250005960470162,0.07965,0.117647,1.4770495919648463,0.8439808048828169,0.9104675349561708,0.66031273337038,walking_residual_candidate,10.002622175886092,10.002622175886092,10.003569835311225,3.75261621541593,0.6248367528604067,0.998923839358375,-0.004676222918065759,false,0.0,0.01485804522397336,false,true,false,false
real,35/0.5 all_ankles,kp35_kd0.5,35.0,0.5,t27_tracking_lag_b1_diag_20260430_100705.csv,5,touchdown,landing_leg,left,left,ankle_roll,16,0.1498241424560547,6.250005960470162,6.666673024501506,3.333336512250753,6.250005960470162,0.12463199999999997,0.20119579999999998,1.6143189550035306,1.1145343962361618,1.3704666403121697,0.4868607046863688,walking_residual_candidate,5.709467041589592,5.709467041589592,5.719966797279201,0.5405389188805696,1.094674146455897,1.094437856417343,0.3919110680733723,false,59.99798677405533,0.21614553051218652,true,true,false,false
real,35/0.5 all_ankles,kp35_kd0.5,35.0,0.5,t27_tracking_lag_b1_diag_20260430_100705.csv,5,touchdown,stance_leg,left,right,ankle_pitch,16,0.1498241424560547,6.250005960470162,6.666673024501506,3.333336512250753,,0.76,0.0,0.0,6.687639711163563,0.0,0.3674671137784951,walking_residual_candidate,5.688531653077654,5.688531653077654,5.68601513364125,0.5614743073925075,1.0987028536773167,1.0712797921768218,0.2990291278244308,false,0.0,0.05877070928828793,true,false,false,false
real,35/0.5 all_ankles,kp35_kd0.5,35.0,0.5,t27_tracking_lag_b1_diag_20260430_100705.csv,5,touchdown,stance_leg,left,right,ankle_roll,16,0.1498241424560547,12.500011920940324,33.33336512250753,16.666682561253765,,0.08126177000000001,0.0,0.0,1.0529021374590593,0.0,0.05560743932632738,walking_residual_candidate,5.614171554235619,5.614171554235619,10.00657904268642,6.885840366704705,2.2265105011815454,1.1412297945050371,0.5737310141845788,false,0.0,0.05498504649999858,false,false,false,false
real,35/0.5 all_ankles,kp35_kd0.5,35.0,0.5,t27_tracking_lag_b1_diag_20260430_100705.csv,6,swing,event_leg,right,right,ankle_pitch,33,0.3199610710144043,3.030305920227957,3.125002980235081,1.5625014901175405,,0.76,0.0,0.0,4.750004529957322,0.0,0.34989615561545434,walking_residual_candidate,5.688531653077654,5.688531653077654,5.68601513364125,2.658225732849697,0.5327044139041535,1.0712797921768218,0.2990291278244308,false,0.0,0.05877070928828793,false,false,false,false
real,35/0.5 all_ankles,kp35_kd0.5,35.0,0.5,t27_tracking_lag_b1_diag_20260430_100705.csv,6,swing,event_leg,right,right,ankle_roll,33,0.3199610710144043,3.030305920227957,25.000023841880648,12.500011920940324,,0.665224,0.0,0.0,4.608812957806547,0.0,0.1638676150694283,walking_residual_candidate,5.614171554235619,5.614171554235619,10.00657904268642,2.583865634007662,0.5397601214985565,1.1412297945050371,0.5737310141845788,false,0.0,0.05498504649999858,false,false,false,false
real,35/0.5 all_ankles,kp35_kd0.5,35.0,0.5,t27_tracking_lag_b1_diag_20260430_100705.csv,6,swing,opposite_leg,right,left,ankle_pitch,33,0.3199610710144043,3.030305920227957,9.375008940705243,4.687504470352621,3.030305920227957,0.682447,0.128589,0.18842342335741824,4.370785418305795,0.8922789759435426,0.5024356812334315,walking_residual_candidate,10.002622175886092,10.002622175886092,10.003569835311225,6.972316255658135,0.30295115290201535,0.998923839358375,-0.004676222918065759,false,0.0,0.01485804522397336,false,false,false,false
real,35/0.5 all_ankles,kp35_kd0.5,35.0,0.5,t27_tracking_lag_b1_diag_20260430_100705.csv,6,swing,opposite_leg,right,left,ankle_roll,33,0.3199610710144043,3.030305920227957,9.375008940705243,4.687504470352621,3.030305920227957,0.5965457000000001,0.3147654,0.5276467502825013,3.776106101175405,1.3748275611377343,0.3573749426463378,walking_residual_candidate,5.709467041589592,5.709467041589592,5.719966797279201,2.679161121361635,0.53075110131195,1.094437856417343,0.3919110680733723,false,59.99798677405533,0.21614553051218652,false,false,false,false
real,35/0.5 all_ankles,kp35_kd0.5,35.0,0.5,t27_tracking_lag_b1_diag_20260430_100705.csv,6,touchdown,landing_leg,right,right,ankle_pitch,15,0.13998675346374512,46.66671117151054,0.0,0.0,,0.0,0.0,,0.0,0.0,0.35000000000000003,walking_residual_candidate,5.688531653077654,5.688531653077654,5.68601513364125,40.97817951843289,8.203647974123964,1.0712797921768218,0.2990291278244308,false,0.0,0.05877070928828793,false,false,false,false
real,35/0.5 all_ankles,kp35_kd0.5,35.0,0.5,t27_tracking_lag_b1_diag_20260430_100705.csv,6,touchdown,landing_leg,right,right,ankle_roll,15,0.13998675346374512,6.666673024501506,35.71431977411521,17.857159887057605,,0.8429530000000001,0.0,0.0,10.733710236463772,0.0,0.35678912772243127,walking_residual_candidate,5.614171554235619,5.614171554235619,10.00657904268642,1.052501470265887,1.1874722672968243,1.1412297945050371,0.5737310141845788,false,0.0,0.05498504649999858,false,false,false,false
real,35/0.5 all_ankles,kp35_kd0.5,35.0,0.5,t27_tracking_lag_b1_diag_20260430_100705.csv,6,touchdown,stance_leg,right,left,ankle_pitch,15,0.13998675346374512,13.333346049003012,28.57145581929217,14.285727909646084,6.666673024501506,0.396226349,0.211005,0.5325365174035914,7.186797553864244,1.507180008787436,0.14668668631463908,walking_residual_candidate,10.002622175886092,10.002622175886092,10.003569835311225,3.33072387311692,1.3329850727688677,0.998923839358375,-0.004676222918065759,false,0.0,0.01485804522397336,false,false,false,false
real,35/0.5 all_ankles,kp35_kd0.5,35.0,0.5,t27_tracking_lag_b1_diag_20260430_100705.csv,6,touchdown,stance_leg,right,left,ankle_roll,15,0.13998675346374512,6.666673024501506,42.85718372893825,21.428591864469126,6.666673024501506,0.3174779,0.2147655,0.6764738584953472,4.883937514828629,1.8122277997036795,0.09397886192148831,walking_residual_candidate,5.709467041589592,5.709467041589592,5.719966797279201,0.9572059829119137,1.1676524228862901,1.094437856417343,0.3919110680733723,false,59.99798677405533,0.21614553051218652,true,false,false,false
real,40/0.8 all_ankles,kp40_kd0.8,40.0,0.8,t27_tracking_lag_b1_diag_20260430_101404.csv,1,swing,event_leg,left,left,ankle_pitch,33,0.3201467990875244,3.030594940559413,25.002408259615155,12.501204129807578,3.030594940559413,0.31663929999999996,0.186231,0.5881487231686023,3.118627264627196,0.9244984237106273,0.14249396784692434,walking_residual_candidate,5.556200176262084,5.556200176262084,5.490663078333261,2.525605235702671,0.5454438005144437,1.1813225586181233,0.7236849736044675,false,0.0,0.09009524622552774,false,false,false,false
real,40/0.8 all_ankles,kp40_kd0.8,40.0,0.8,t27_tracking_lag_b1_diag_20260430_101404.csv,1,swing,event_leg,left,left,ankle_roll,33,0.3201467990875244,3.030594940559413,34.37831135697084,17.18915567848542,3.030594940559413,0.5533677,0.1828801,0.3304856788713906,2.978706599814015,0.9417832136007056,0.2756128766131269,walking_residual_candidate,5.266887982718637,5.266887982718637,5.630838785667386,2.236293042159224,0.5754052393943444,2.065752688196095,3.1507832658301202,false,0.0,0.1580326994577535,false,false,false,false
real,40/0.8 all_ankles,kp40_kd0.8,40.0,0.8,t27_tracking_lag_b1_diag_20260430_101404.csv,1,swing,opposite_leg,left,right,ankle_pitch,33,0.3201467990875244,3.030594940559413,37.503612389422734,18.751806194711367,3.030594940559413,0.3898985,0.11857000000000001,0.3041047862456511,4.158345536441023,0.383568195712821,0.1337464940786294,walking_residual_candidate,5.9580365174346195,5.9580365174346195,5.933000213727791,2.9274415768752067,0.5086566575567602,1.4800373615490157,1.7027267871236986,false,0.0,0.048893090781785546,false,false,false,false
real,40/0.8 all_ankles,kp40_kd0.8,40.0,0.8,t27_tracking_lag_b1_diag_20260430_101404.csv,1,swing,opposite_leg,left,right,ankle_roll,33,0.3201467990875244,3.030594940559413,31.253010324518943,15.626505162259472,3.030594940559413,0.4077027,0.0791876,0.19422878484739003,1.9078340771882971,0.37824608933164844,0.10455981406673892,walking_residual_candidate,5.000430956267183,5.000430956267183,5.604502439064748,1.9698360157077706,0.6060667504589942,21.111220102052062,13.245133336523377,true,0.0,0.11116189792954426,false,false,true,false
real,40/0.8 all_ankles,kp40_kd0.8,40.0,0.8,t27_tracking_lag_b1_diag_20260430_101404.csv,1,touchdown,landing_leg,left,left,ankle_pitch,15,0.14001822471618652,6.667308869230708,21.430635651098704,10.715317825549352,6.667308869230708,0.507565,0.13810000000000003,0.272083378483544,5.199207936315669,0.9865235944722439,0.1965927198974248,walking_residual_candidate,5.556200176262084,5.556200176262084,5.490663078333261,1.1111086929686245,1.1999763611317762,1.1813225586181233,0.7236849736044675,false,0.0,0.09009524622552774,false,false,false,false
real,40/0.8 all_ankles,kp40_kd0.8,40.0,0.8,t27_tracking_lag_b1_diag_20260430_101404.csv,1,touchdown,landing_leg,left,left,ankle_roll,15,0.14001822471618652,6.667308869230708,28.574180868131606,14.287090434065803,6.667308869230708,0.165088,0.1339498,0.8113842314402016,1.53271906176658,0.9964516936148758,0.2691884428986802,walking_residual_candidate,5.266887982718637,5.266887982718637,5.630838785667386,1.4004208865120713,1.2658915266675577,2.065752688196095,3.1507832658301202,false,0.0,0.1580326994577535,false,false,false,false
real,40/0.8 all_ankles,kp40_kd0.8,40.0,0.8,t27_tracking_lag_b1_diag_20260430_101404.csv,1,touchdown,stance_leg,left,right,ankle_pitch,15,0.14001822471618652,6.667308869230708,7.1435452170329015,3.5717726085164507,6.667308869230708,0.13099200000000003,0.076125,0.5811423598387686,1.8651010771699033,1.07077456676193,0.08930604960322305,walking_residual_candidate,5.9580365174346195,5.9580365174346195,5.933000213727791,0.7092723517960886,1.1190446466248722,1.4800373615490157,1.7027267871236986,false,0.0,0.048893090781785546,true,false,false,false
real,40/0.8 all_ankles,kp40_kd0.8,40.0,0.8,t27_tracking_lag_b1_diag_20260430_101404.csv,1,touchdown,stance_leg,left,right,ankle_roll,15,0.14001822471618652,6.667308869230708,21.430635651098704,10.715317825549352,6.667308869230708,0.03905797,0.04053665,1.0378585983859376,0.5478947023951113,0.35422090466357603,0.02029680138197051,walking_residual_candidate,5.000430956267183,5.000430956267183,5.604502439064748,1.6668779129635247,1.3333468510097872,21.111220102052062,13.245133336523377,true,0.0,0.11116189792954426,false,true,true,false
real,40/0.8 all_ankles,kp40_kd0.8,40.0,0.8,t27_tracking_lag_b1_diag_20260430_101404.csv,2,swing,event_leg,right,right,ankle_pitch,33,0.3199639320373535,6.061189881118826,31.253010324518943,15.626505162259472,3.030594940559413,0.31553319999999996,0.14646000000000003,0.46416668673851136,2.7226034941796415,0.8570044226137965,0.10818874784418257,walking_residual_candidate,5.9580365174346195,5.9580365174346195,5.933000213727791,0.10315336368420613,1.0173133151135203,1.4800373615490157,1.7027267871236986,false,0.0,0.048893090781785546,true,false,false,false
real,40/0.8 all_ankles,kp40_kd0.8,40.0,0.8,t27_tracking_lag_b1_diag_20260430_101404.csv,2,swing,event_leg,right,right,ankle_roll,33,0.3199639320373535,9.091784821678239,34.37831135697084,17.18915567848542,3.030594940559413,0.1731354,0.05575965,0.3220580539854935,1.2282803093178183,0.4211153435456259,0.03988859528105744,walking_residual_candidate,5.000430956267183,5.000430956267183,5.604502439064748,4.0913538654110555,1.8182002513769828,21.111220102052062,13.245133336523377,true,0.0,0.11116189792954426,false,false,true,false
real,40/0.8 all_ankles,kp40_kd0.8,40.0,0.8,t27_tracking_lag_b1_diag_20260430_101404.csv,2,swing,opposite_leg,right,left,ankle_pitch,33,0.3199639320373535,6.061189881118826,28.12770929206705,14.063854646033525,3.030594940559413,0.76,0.16796999999999998,0.2210131578947368,5.50432580774935,0.9443065816543075,0.28801175317863914,walking_residual_candidate,5.556200176262084,5.556200176262084,5.490663078333261,0.504989704856742,1.0908876010288875,1.1813225586181233,0.7236849736044675,false,0.0,0.09009524622552774,true,false,false,false
real,40/0.8 all_ankles,kp40_kd0.8,40.0,0.8,t27_tracking_lag_b1_diag_20260430_101404.csv,2,swing,opposite_leg,right,left,ankle_roll,33,0.3199639320373535,3.030594940559413,34.37831135697084,17.18915567848542,3.030594940559413,0.5161235000000001,0.205036,0.3972615081467904,2.9795729332602114,1.0832687166408352,0.3071271150863202,walking_residual_candidate,5.266887982718637,5.266887982718637,5.630838785667386,2.236293042159224,0.5754052393943444,2.065752688196095,3.1507832658301202,false,0.0,0.1580326994577535,false,false,false,false
real,40/0.8 all_ankles,kp40_kd0.8,40.0,0.8,t27_tracking_lag_b1_diag_20260430_101404.csv,2,touchdown,landing_leg,right,right,ankle_pitch,15,0.13997626304626465,6.667308869230708,7.1435452170329015,3.5717726085164507,6.667308869230708,0.306467,0.29085249999999996,0.9490499792799876,4.378521744056844,2.400315486756616,0.36644418779862503,walking_residual_candidate,5.9580365174346195,5.9580365174346195,5.933000213727791,0.7092723517960886,1.1190446466248722,1.4800373615490157,1.7027267871236986,false,0.0,0.048893090781785546,true,false,false,false
real,40/0.8 all_ankles,kp40_kd0.8,40.0,0.8,t27_tracking_lag_b1_diag_20260430_101404.csv,2,touchdown,landing_leg,right,right,ankle_roll,15,0.13997626304626465,6.667308869230708,50.00481651923031,25.002408259615155,13.334617738461416,0.666254,0.053504399999999994,0.08030630960564589,12.143790560480152,1.190293221073753,0.22907898634849433,walking_residual_candidate,5.000430956267183,5.000430956267183,5.604502439064748,1.6668779129635247,1.3333468510097872,21.111220102052062,13.245133336523377,true,0.0,0.11116189792954426,false,false,true,false
real,40/0.8 all_ankles,kp40_kd0.8,40.0,0.8,t27_tracking_lag_b1_diag_20260430_101404.csv,2,touchdown,stance_leg,right,left,ankle_pitch,15,0.13997626304626465,6.667308869230708,21.430635651098704,10.715317825549352,6.667308869230708,0.76,0.16428399999999999,0.2161631578947368,7.155132047374927,1.7765782648404314,0.31807782267977125,walking_residual_candidate,5.556200176262084,5.556200176262084,5.490663078333261,1.1111086929686245,1.1999763611317762,1.1813225586181233,0.7236849736044675,false,0.0,0.09009524622552774,false,false,false,false
real,40/0.8 all_ankles,kp40_kd0.8,40.0,0.8,t27_tracking_lag_b1_diag_20260430_101404.csv,2,touchdown,stance_leg,right,left,ankle_roll,15,0.13997626304626465,13.334617738461416,35.71772608516451,17.858863042582254,6.667308869230708,0.1217368,0.36251500000000003,2.977858790439703,2.154739118283493,4.12923487532709,0.11603636313394869,walking_residual_candidate,5.266887982718637,5.266887982718637,5.630838785667386,8.067729755742779,2.5317830533351153,2.065752688196095,3.1507832658301202,false,0.0,0.1580326994577535,false,true,false,false
real,40/0.8 all_ankles,kp40_kd0.8,40.0,0.8,t27_tracking_lag_b1_diag_20260430_101404.csv,3,swing,event_leg,left,left,ankle_pitch,33,0.3199753761291504,9.091784821678239,31.253010324518943,15.626505162259472,3.030594940559413,0.76,0.284139,0.37386710526315786,3.947355213619782,1.8029392861060107,0.2234166539850952,walking_residual_candidate,5.556200176262084,5.556200176262084,5.490663078333261,3.5355846454161552,1.6363314015433312,1.1813225586181233,0.7236849736044675,false,0.0,0.09009524622552774,false,false,false,false
real,40/0.8 all_ankles,kp40_kd0.8,40.0,0.8,t27_tracking_lag_b1_diag_20260430_101404.csv,3,swing,event_leg,left,left,ankle_roll,33,0.3199753761291504,3.030594940559413,40.62891342187463,20.314456710937314,6.061189881118826,0.13663350000000002,0.411339,3.010528164761936,1.3352409243825554,3.7539584604306255,0.14619104306587874,walking_residual_candidate,5.266887982718637,5.266887982718637,5.630838785667386,2.236293042159224,0.5754052393943444,2.065752688196095,3.1507832658301202,false,0.0,0.1580326994577535,false,true,false,false
real,40/0.8 all_ankles,kp40_kd0.8,40.0,0.8,t27_tracking_lag_b1_diag_20260430_101404.csv,3,swing,opposite_leg,left,right,ankle_pitch,33,0.3199753761291504,3.030594940559413,3.1253010324518944,1.5626505162259472,3.030594940559413,0.306467,0.29085249999999996,0.9490499792799876,1.915603263024869,1.61278847056916,0.35716662530134513,walking_residual_candidate,5.9580365174346195,5.9580365174346195,5.933000213727791,2.9274415768752067,0.5086566575567602,1.4800373615490157,1.7027267871236986,false,0.0,0.048893090781785546,false,false,false,false
real,40/0.8 all_ankles,kp40_kd0.8,40.0,0.8,t27_tracking_lag_b1_diag_20260430_101404.csv,3,swing,opposite_leg,left,right,ankle_roll,33,0.3199753761291504,3.030594940559413,31.253010324518943,15.626505162259472,3.030594940559413,0.666254,0.0986217,0.14802417696554168,7.200255786600537,0.8051021108257231,0.24140294327527304,walking_residual_candidate,5.000430956267183,5.000430956267183,5.604502439064748,1.9698360157077706,0.6060667504589942,21.111220102052062,13.245133336523377,true,0.0,0.11116189792954426,false,false,true,false
real,40/0.8 all_ankles,kp40_kd0.8,40.0,0.8,t27_tracking_lag_b1_diag_20260430_101404.csv,3,touchdown,landing_leg,left,left,ankle_pitch,15,0.14008855819702148,33.33654434615354,14.287090434065803,7.1435452170329015,6.667308869230708,0.11981899999999995,0.451642,3.7693687979368895,2.089479832436906,3.2725866477366785,0.37595004298040735,walking_residual_candidate,5.556200176262084,5.556200176262084,5.490663078333261,27.780344169891453,5.99988180565888,1.1813225586181233,0.7236849736044675,false,0.0,0.09009524622552774,false,true,false,false
real,40/0.8 all_ankles,kp40_kd0.8,40.0,0.8,t27_tracking_lag_b1_diag_20260430_101404.csv,3,touchdown,landing_leg,left,left,ankle_roll,15,0.14008855819702148,6.667308869230708,42.86127130219741,21.430635651098704,6.667308869230708,0.498962,0.484688,0.9713926110605617,4.414510924860255,3.4686341026729304,0.15712431048268163,walking_residual_candidate,5.266887982718637,5.266887982718637,5.630838785667386,1.4004208865120713,1.2658915266675577,2.065752688196095,3.1507832658301202,false,0.0,0.1580326994577535,false,false,false,false
real,40/0.8 all_ankles,kp40_kd0.8,40.0,0.8,t27_tracking_lag_b1_diag_20260430_101404.csv,3,touchdown,stance_leg,left,right,ankle_pitch,15,0.14008855819702148,6.667308869230708,50.00481651923031,25.002408259615155,6.667308869230708,0.76,0.079348,0.10440526315789474,16.20422366588753,0.6622995077067717,0.2098756545287999,walking_residual_candidate,5.9580365174346195,5.9580365174346195,5.933000213727791,0.7092723517960886,1.1190446466248722,1.4800373615490157,1.7027267871236986,false,0.0,0.048893090781785546,true,false,false,false
real,40/0.8 all_ankles,kp40_kd0.8,40.0,0.8,t27_tracking_lag_b1_diag_20260430_101404.csv,3,touchdown,stance_leg,left,right,ankle_roll,15,0.14008855819702148,13.334617738461416,21.430635651098704,10.715317825549352,6.667308869230708,0.464136,0.2100143,0.4524844011238085,6.284547477420608,2.1077194464395568,0.1120282080530394,walking_residual_candidate,5.000430956267183,5.000430956267183,5.604502439064748,8.334186782194234,2.6666937020195745,21.111220102052062,13.245133336523377,true,0.0,0.11116189792954426,false,false,true,false
real,40/0.8 all_ankles,kp40_kd0.8,40.0,0.8,t27_tracking_lag_b1_diag_20260430_101404.csv,4,swing,event_leg,right,right,ankle_pitch,32,0.31011104583740234,3.1253010324518944,29.03505475310147,14.517527376550735,3.1253010324518944,0.169642,0.14662199999999997,0.8643024722651229,1.6806651093285254,0.6813043336643309,0.07086429857084243,walking_residual_candidate,5.9580365174346195,5.9580365174346195,5.933000213727791,2.832735484982725,0.5245521781054089,1.4800373615490157,1.7027267871236986,false,0.0,0.048893090781785546,false,false,false,false
real,40/0.8 all_ankles,kp40_kd0.8,40.0,0.8,t27_tracking_lag_b1_diag_20260430_101404.csv,4,swing,event_leg,right,right,ankle_roll,32,0.31011104583740234,3.1253010324518944,19.356703168734313,9.678351584367157,6.250602064903789,0.11503089999999999,0.474725,4.126934588880032,1.0376627875369835,3.6409181166145297,0.13504145752830135,walking_residual_candidate,5.000430956267183,5.000430956267183,5.604502439064748,1.875129923815289,0.6250063364108378,21.111220102052062,13.245133336523377,true,0.0,0.11116189792954426,false,true,true,false
real,40/0.8 all_ankles,kp40_kd0.8,40.0,0.8,t27_tracking_lag_b1_diag_20260430_101404.csv,4,swing,opposite_leg,right,left,ankle_pitch,32,0.31011104583740234,3.1253010324518944,0.0,0.0,3.1253010324518944,0.25143099999999996,0.2358777,0.9381408815937574,0.8111458724030061,1.2504992752796449,0.4241208560380913,walking_residual_candidate,5.556200176262084,5.556200176262084,5.490663078333261,2.4308991438101892,0.56248891928052,1.1813225586181233,0.7236849736044675,false,0.0,0.09009524622552774,false,false,false,false
real,40/0.8 all_ankles,kp40_kd0.8,40.0,0.8,t27_tracking_lag_b1_diag_20260430_101404.csv,4,swing,opposite_leg,right,left,ankle_roll,32,0.31011104583740234,3.1253010324518944,32.261171947890524,16.130585973945262,3.1253010324518944,0.5747145,0.3300228,0.5742378172118504,3.292831040095253,1.5383055906506298,0.19280345354983192,walking_residual_candidate,5.266887982718637,5.266887982718637,5.630838785667386,2.1415869502667424,0.5933866531254176,2.065752688196095,3.1507832658301202,false,0.0,0.1580326994577535,false,false,false,false
real,40/0.8 all_ankles,kp40_kd0.8,40.0,0.8,t27_tracking_lag_b1_diag_20260430_101404.csv,4,touchdown,landing_leg,right,right,ankle_pitch,16,0.14987516403198242,6.250602064903789,6.667308869230708,3.333654434615354,6.250602064903789,0.10154599999999997,0.4146719,4.083586748862586,1.3540770928698025,3.088250130334692,0.3358449226239592,walking_residual_candidate,5.9580365174346195,5.9580365174346195,5.933000213727791,0.2925655474691693,1.0491043562108178,1.4800373615490157,1.7027267871236986,false,0.0,0.048893090781785546,true,true,false,false
real,40/0.8 all_ankles,kp40_kd0.8,40.0,0.8,t27_tracking_lag_b1_diag_20260430_101404.csv,4,touchdown,landing_leg,right,right,ankle_roll,16,0.14987516403198242,18.751806194711367,53.338470953845665,26.669235476922832,6.250602064903789,0.4442822,0.482752,1.0865886591900373,8.086558239566353,5.678888330137898,0.33032578889442427,walking_residual_candidate,5.000430956267183,5.000430956267183,5.604502439064748,13.751375238444183,3.750038018465027,21.111220102052062,13.245133336523377,true,0.0,0.11116189792954426,false,true,true,false
real,40/0.8 all_ankles,kp40_kd0.8,40.0,0.8,t27_tracking_lag_b1_diag_20260430_101404.csv,4,touchdown,stance_leg,right,left,ankle_pitch,16,0.14987516403198242,6.250602064903789,46.671162084614956,23.335581042307478,6.250602064903789,0.25143099999999996,0.181618,0.722337341059774,3.6106811181318896,1.5246515227875408,0.19078940492312293,walking_residual_candidate,5.556200176262084,5.556200176262084,5.490663078333261,0.6944018886417052,1.12497783856104,1.1813225586181233,0.7236849736044675,false,0.0,0.09009524622552774,true,false,false,false
real,40/0.8 all_ankles,kp40_kd0.8,40.0,0.8,t27_tracking_lag_b1_diag_20260430_101404.csv,4,touchdown,stance_leg,right,left,ankle_roll,16,0.14987516403198242,6.250602064903789,40.00385321538425,20.001926607692123,6.250602064903789,0.1476148,0.253251,1.71562065592339,2.671271079784716,2.580989270407655,0.1079769120107325,walking_residual_candidate,5.266887982718637,5.266887982718637,5.630838785667386,0.983714082185152,1.1867733062508352,2.065752688196095,3.1507832658301202,false,0.0,0.1580326994577535,true,true,false,false
real,40/0.8 all_ankles,kp40_kd0.8,40.0,0.8,t27_tracking_lag_b1_diag_20260430_101404.csv,5,swing,event_leg,left,left,ankle_pitch,34,0.3299102783203125,2.941459795248842,36.367139286712955,18.183569643356478,2.941459795248842,0.25143099999999996,0.404957,1.6106088748006415,1.5581773580936815,1.4699406772208121,0.11841286437537842,walking_residual_candidate,5.556200176262084,5.556200176262084,5.490663078333261,2.6147403810132417,0.5294013357934306,1.1813225586181233,0.7236849736044675,false,0.0,0.09009524622552774,false,true,false,false
real,40/0.8 all_ankles,kp40_kd0.8,40.0,0.8,t27_tracking_lag_b1_diag_20260430_101404.csv,5,swing,event_leg,left,left,ankle_roll,34,0.3299102783203125,2.941459795248842,39.397734227272366,19.698867113636183,5.882919590497684,0.22595179999999998,0.279471,1.2368611358705708,1.7456778244065703,2.5575105846722552,0.11504651468758537,walking_residual_candidate,5.266887982718637,5.266887982718637,5.630838785667386,2.325428187469795,0.5584815558827461,2.065752688196095,3.1507832658301202,false,0.0,0.1580326994577535,false,true,false,false
real,40/0.8 all_ankles,kp40_kd0.8,40.0,0.8,t27_tracking_lag_b1_diag_20260430_101404.csv,5,swing,opposite_leg,left,right,ankle_pitch,34,0.3299102783203125,2.941459795248842,24.244759524475302,12.122379762237651,5.882919590497684,0.517166,0.415371,0.803167648298612,4.84099871459255,2.603087095864339,0.3178360745319951,walking_residual_candidate,5.9580365174346195,5.9580365174346195,5.933000213727791,3.0165767221857775,0.4936961676286201,1.4800373615490157,1.7027267871236986,false,0.0,0.048893090781785546,false,false,false,false
real,40/0.8 all_ankles,kp40_kd0.8,40.0,0.8,t27_tracking_lag_b1_diag_20260430_101404.csv,5,swing,opposite_leg,left,right,ankle_roll,34,0.3299102783203125,2.941459795248842,33.33654434615354,16.66827217307677,2.941459795248842,0.49447702,0.561462,1.1354663155023867,6.446561000491246,4.000079837568416,0.3180177506105688,walking_residual_candidate,5.000430956267183,5.000430956267183,5.604502439064748,2.0589711610183414,0.5882412577984356,21.111220102052062,13.245133336523377,true,0.0,0.11116189792954426,false,true,true,false
real,40/0.8 all_ankles,kp40_kd0.8,40.0,0.8,t27_tracking_lag_b1_diag_20260430_101404.csv,5,touchdown,landing_leg,left,left,ankle_pitch,16,0.14995551109313965,50.00481651923031,20.001926607692123,10.000963303846062,6.250602064903789,0.04788299999999995,0.3486905,7.282135622245899,1.0262055119165125,2.498841357829864,0.2423762529659697,walking_residual_candidate,5.556200176262084,5.556200176262084,5.490663078333261,44.44861634296823,8.99982270848832,1.1813225586181233,0.7236849736044675,false,0.0,0.09009524622552774,false,true,false,false
real,40/0.8 all_ankles,kp40_kd0.8,40.0,0.8,t27_tracking_lag_b1_diag_20260430_101404.csv,5,touchdown,landing_leg,left,left,ankle_roll,16,0.14995551109313965,6.250602064903789,33.33654434615354,16.66827217307677,6.250602064903789,0.5291112,0.18996476,0.35902615556049466,7.833375852758847,2.7333207431435818,0.2955815853516778,walking_residual_candidate,5.266887982718637,5.266887982718637,5.630838785667386,0.983714082185152,1.1867733062508352,2.065752688196095,3.1507832658301202,false,0.0,0.1580326994577535,true,false,false,false
real,40/0.8 all_ankles,kp40_kd0.8,40.0,0.8,t27_tracking_lag_b1_diag_20260430_101404.csv,5,touchdown,stance_leg,left,right,ankle_pitch,16,0.14995551109313965,6.250602064903789,46.671162084614956,23.335581042307478,6.250602064903789,0.3525076,0.420935,1.1941160984897916,10.713289249202255,2.806503658869628,0.20351084168546157,walking_residual_candidate,5.9580365174346195,5.9580365174346195,5.933000213727791,0.2925655474691693,1.0491043562108178,1.4800373615490157,1.7027267871236986,false,0.0,0.048893090781785546,true,true,false,false
real,40/0.8 all_ankles,kp40_kd0.8,40.0,0.8,t27_tracking_lag_b1_diag_20260430_101404.csv,5,touchdown,stance_leg,left,right,ankle_roll,16,0.14995551109313965,6.250602064903789,40.00385321538425,20.001926607692123,6.250602064903789,0.18144359999999998,0.741455,4.086421345255496,2.8969439035073474,6.473163502267578,0.26575945791698474,walking_residual_candidate,5.000430956267183,5.000430956267183,5.604502439064748,1.2501711086366054,1.2500126728216756,21.111220102052062,13.245133336523377,true,0.0,0.11116189792954426,false,true,true,false
real,40/0.8 all_ankles,kp40_kd0.8,40.0,0.8,t27_tracking_lag_b1_diag_20260430_101404.csv,6,swing,event_leg,right,right,ankle_pitch,33,0.32001209259033203,3.030594940559413,53.130117551682204,26.565058775841102,3.030594940559413,0.192399,0.212332,1.1036024095759334,2.1598986688285358,1.5207433546817997,0.09738257721279542,walking_residual_candidate,5.9580365174346195,5.9580365174346195,5.933000213727791,2.9274415768752067,0.5086566575567602,1.4800373615490157,1.7027267871236986,false,0.0,0.048893090781785546,false,true,false,false
real,40/0.8 all_ankles,kp40_kd0.8,40.0,0.8,t27_tracking_lag_b1_diag_20260430_101404.csv,6,swing,event_leg,right,right,ankle_roll,33,0.32001209259033203,3.030594940559413,40.62891342187463,20.314456710937314,6.061189881118826,0.1066006,0.924572,8.673234484608903,0.9060648356670401,10.982907885834187,0.29148246938100963,walking_residual_candidate,5.000430956267183,5.000430956267183,5.604502439064748,1.9698360157077706,0.6060667504589942,21.111220102052062,13.245133336523377,true,0.0,0.11116189792954426,false,true,true,false
real,40/0.8 all_ankles,kp40_kd0.8,40.0,0.8,t27_tracking_lag_b1_diag_20260430_101404.csv,6,swing,opposite_leg,right,left,ankle_pitch,33,0.32001209259033203,3.030594940559413,3.1253010324518944,1.5626505162259472,3.030594940559413,0.3938448,0.11954419999999999,0.303531238701133,1.3805323494027035,0.5117930464722573,0.26974424287888915,walking_residual_candidate,5.556200176262084,5.556200176262084,5.490663078333261,2.525605235702671,0.5454438005144437,1.1813225586181233,0.7236849736044675,false,0.0,0.09009524622552774,false,false,false,false
real,40/0.8 all_ankles,kp40_kd0.8,40.0,0.8,t27_tracking_lag_b1_diag_20260430_101404.csv,6,swing,opposite_leg,right,left,ankle_roll,33,0.32001209259033203,3.030594940559413,37.503612389422734,18.751806194711367,3.030594940559413,0.713454,0.136521,0.1913522105139224,3.3210761397267463,1.0231110471875815,0.20564141552084902,walking_residual_candidate,5.266887982718637,5.266887982718637,5.630838785667386,2.236293042159224,0.5754052393943444,2.065752688196095,3.1507832658301202,false,0.0,0.1580326994577535,false,false,false,false
real,40/0.8 all_ankles,kp40_kd0.8,40.0,0.8,t27_tracking_lag_b1_diag_20260430_101404.csv,6,touchdown,landing_leg,right,right,ankle_pitch,15,0.14001893997192383,6.667308869230708,7.1435452170329015,3.5717726085164507,6.667308869230708,0.016159999999999952,0.4400145,27.22862004950503,0.16776615942201714,3.1432634769001235,0.25236003216686753,walking_residual_candidate,5.9580365174346195,5.9580365174346195,5.933000213727791,0.7092723517960886,1.1190446466248722,1.4800373615490157,1.7027267871236986,false,0.0,0.048893090781785546,true,true,false,false
real,40/0.8 all_ankles,kp40_kd0.8,40.0,0.8,t27_tracking_lag_b1_diag_20260430_101404.csv,6,touchdown,landing_leg,right,right,ankle_roll,15,0.14001893997192383,6.667308869230708,35.71772608516451,17.858863042582254,6.667308869230708,0.45759465000000005,0.785339,1.7162329148734583,8.681178323554278,8.257081045463991,0.4181753214918341,walking_residual_candidate,5.000430956267183,5.000430956267183,5.604502439064748,1.6668779129635247,1.3333468510097872,21.111220102052062,13.245133336523377,true,0.0,0.11116189792954426,false,true,true,false
real,40/0.8 all_ankles,kp40_kd0.8,40.0,0.8,t27_tracking_lag_b1_diag_20260430_101404.csv,6,touchdown,stance_leg,right,left,ankle_pitch,15,0.14001893997192383,13.334617738461416,42.86127130219741,21.430635651098704,6.667308869230708,0.3938448,0.066562,0.16900565908195309,6.809724491622866,0.823950792423009,0.13679150567835952,walking_residual_candidate,5.556200176262084,5.556200176262084,5.490663078333261,7.778417562199333,2.3999527222635524,1.1813225586181233,0.7236849736044675,false,0.0,0.09009524622552774,false,false,false,false
real,40/0.8 all_ankles,kp40_kd0.8,40.0,0.8,t27_tracking_lag_b1_diag_20260430_101404.csv,6,touchdown,stance_leg,right,left,ankle_roll,15,0.14001893997192383,6.667308869230708,50.00481651923031,25.002408259615155,6.667308869230708,0.39298479999999997,0.22222999999999998,0.5654926093833654,5.155906622628102,2.0847272318040146,0.19520019243535766,walking_residual_candidate,5.266887982718637,5.266887982718637,5.630838785667386,1.4004208865120713,1.2658915266675577,2.065752688196095,3.1507832658301202,false,0.0,0.1580326994577535,false,false,false,false
sim,2504,kp25_kd0.4,25.0,0.4,t27_tracking_lag_b1_diag_20260506_133905_2504.csv,1,swing,event_leg,left,left,ankle_pitch,33,0.3199949264526367,3.030305920227957,3.125002980235081,1.5625014901175405,3.030305920227957,0.15532399999999996,0.2640849,1.7002195410883063,0.704878797224805,1.2966099865436427,0.18751622585855432,walking_residual_candidate,5.72213338184806,5.72213338184806,5.721387510812696,2.691827461620103,0.5295762468314341,1.7218496739989573,2.359952327143019,false,0.0,0.1045679901851159,false,true,false,false
sim,2504,kp25_kd0.4,25.0,0.4,t27_tracking_lag_b1_diag_20260506_133905_2504.csv,1,swing,event_leg,left,left,ankle_roll,33,0.3199949264526367,3.030305920227957,15.625014901175405,7.812507450587702,3.030305920227957,0.6731286,0.0494498,0.07346263403456636,2.918559658355387,0.33461075660968453,0.3005874784845207,walking_residual_candidate,5.716987791663108,5.716987791663108,5.697956218073852,2.686681871435151,0.5300528933518016,1.210735145652667,0.8304914945043484,false,0.0,0.18714133704925381,false,false,false,false
sim,2504,kp25_kd0.4,25.0,0.4,t27_tracking_lag_b1_diag_20260506_133905_2504.csv,1,swing,opposite_leg,left,right,ankle_pitch,33,0.3199949264526367,3.030305920227957,12.500011920940324,6.250005960470162,3.030305920227957,0.4820633,0.15882500000000002,0.32946917966997286,3.100836082187732,0.5420223919128342,0.20401148488102258,walking_residual_candidate,5.714925549280227,5.714925549280227,5.719104916189026,2.6846196290522695,0.5302441640048334,0.913970187653125,-0.39067970074592595,false,0.0,0.12371306841219513,false,false,false,false
sim,2504,kp25_kd0.4,25.0,0.4,t27_tracking_lag_b1_diag_20260506_133905_2504.csv,1,swing,opposite_leg,left,right,ankle_roll,33,0.3199949264526367,3.030305920227957,21.875020861645567,10.937510430822783,3.030305920227957,0.2304738,0.0531647,0.23067567766921881,1.2660612074100566,0.2274527169158143,0.08216258251582455,walking_residual_candidate,7.134830076088211,7.134830076088211,7.133936734437023,4.104524155860254,0.4247201247838789,1.0378185926288426,0.16121446859757,false,0.0,0.3044421214139146,false,false,false,false
sim,2504,kp25_kd0.4,25.0,0.4,t27_tracking_lag_b1_diag_20260506_133905_2504.csv,1,touchdown,landing_leg,left,left,ankle_pitch,16,0.1499786376953125,25.000023841880648,0.0,0.0,6.250005960470162,0.0,0.013096999999999998,,0.0,0.11574677705139508,0.3015090267289895,walking_residual_candidate,5.72213338184806,5.72213338184806,5.721387510812696,19.277890460032587,4.369004036359332,1.7218496739989573,2.359952327143019,false,0.0,0.1045679901851159,false,false,false,false
sim,2504,kp25_kd0.4,25.0,0.4,t27_tracking_lag_b1_diag_20260506_133905_2504.csv,1,touchdown,landing_leg,left,left,ankle_roll,16,0.1499786376953125,6.250005960470162,26.666692098006024,13.333346049003012,6.250005960470162,0.086868,0.0572489,0.6590332458442695,0.7579807228667473,0.586906559717712,0.38375346284371703,walking_residual_candidate,5.716987791663108,5.716987791663108,5.697956218073852,0.5330181688070539,1.0932340925380908,1.210735145652667,0.8304914945043484,false,0.0,0.18714133704925381,true,false,false,false
sim,2504,kp25_kd0.4,25.0,0.4,t27_tracking_lag_b1_diag_20260506_133905_2504.csv,1,touchdown,stance_leg,left,right,ankle_pitch,16,0.1499786376953125,6.250005960470162,6.666673024501506,3.333336512250753,6.250005960470162,0.07566600000000001,0.049738000000000004,0.657336187984035,0.5765405498319147,0.340200324440312,0.025247927273837744,walking_residual_candidate,5.714925549280227,5.714925549280227,5.719104916189026,0.5350804111899352,1.093628588259969,0.913970187653125,-0.39067970074592595,false,0.0,0.12371306841219513,true,false,false,false
sim,2504,kp25_kd0.4,25.0,0.4,t27_tracking_lag_b1_diag_20260506_133905_2504.csv,1,touchdown,stance_leg,left,right,ankle_roll,16,0.1499786376953125,6.250005960470162,33.33336512250753,16.666682561253765,6.250005960470162,0.03309388,0.014470499999999999,0.43725607272402023,0.33297285088098927,0.16478282381581352,0.01242629717984027,walking_residual_candidate,7.134830076088211,7.134830076088211,7.133936734437023,0.8848241156180494,0.8759852573667503,1.0378185926288426,0.16121446859757,false,0.0,0.3044421214139146,true,false,false,false
sim,2504,kp25_kd0.4,25.0,0.4,t27_tracking_lag_b1_diag_20260506_133905_2504.csv,2,swing,event_leg,left,left,ankle_pitch,34,0.3299880027770996,2.9411792755153705,3.030305920227957,1.5151529601139786,2.9411792755153705,0.15602499999999997,0.20656600000000003,1.3239288575548795,0.678452162173917,1.130428350787758,0.1623149438763672,walking_residual_candidate,5.72213338184806,5.72213338184806,5.721387510812696,2.7809541063326897,0.5140004748658038,1.7218496739989573,2.359952327143019,false,0.0,0.1045679901851159,false,true,false,false
sim,2504,kp25_kd0.4,25.0,0.4,t27_tracking_lag_b1_diag_20260506_133905_2504.csv,2,swing,event_leg,left,left,ankle_roll,34,0.3299880027770996,2.9411792755153705,27.272753282051614,13.636376641025807,2.9411792755153705,0.6323242,0.042260900000000004,0.06683422839106902,2.5970733858530957,0.2391387735150519,0.2793951027062662,walking_residual_candidate,5.716987791663108,5.716987791663108,5.697956218073852,2.7758085161477375,0.5144631023708663,1.210735145652667,0.8304914945043484,false,0.0,0.18714133704925381,false,false,false,false
sim,2504,kp25_kd0.4,25.0,0.4,t27_tracking_lag_b1_diag_20260506_133905_2504.csv,2,swing,opposite_leg,left,right,ankle_pitch,34,0.3299880027770996,2.9411792755153705,15.151529601139787,7.575764800569893,2.9411792755153705,0.5874729999999999,0.130429,0.22201701184565079,3.7759217828178064,0.42627616410438685,0.18293032359850278,walking_residual_candidate,5.714925549280227,5.714925549280227,5.719104916189026,2.773746273764856,0.514648747416456,0.913970187653125,-0.39067970074592595,false,0.0,0.12371306841219513,false,false,false,false
sim,2504,kp25_kd0.4,25.0,0.4,t27_tracking_lag_b1_diag_20260506_133905_2504.csv,2,swing,opposite_leg,left,right,ankle_roll,34,0.3299880027770996,2.9411792755153705,15.151529601139787,7.575764800569893,2.9411792755153705,0.2227829,0.0323564,0.14523735888167358,1.4876639338984,0.1780369273650026,0.09844039358551537,walking_residual_candidate,7.134830076088211,7.134830076088211,7.133936734437023,4.193650800572841,0.41222835640788247,1.0378185926288426,0.16121446859757,false,0.0,0.3044421214139146,false,false,false,false
sim,2504,kp25_kd0.4,25.0,0.4,t27_tracking_lag_b1_diag_20260506_133905_2504.csv,2,touchdown,landing_leg,left,left,ankle_pitch,16,0.14999842643737793,18.750017881410486,0.0,0.0,6.250005960470162,0.0045540000000000025,0.07402799999999998,,0.030360028953579875,0.49352047065779736,0.2105677830184677,walking_residual_candidate,5.72213338184806,5.72213338184806,5.721387510812696,13.027884499562425,3.276753027269499,1.7218496739989573,2.359952327143019,false,0.0,0.1045679901851159,false,false,false,false
sim,2504,kp25_kd0.4,25.0,0.4,t27_tracking_lag_b1_diag_20260506_133905_2504.csv,2,touchdown,landing_leg,left,left,ankle_roll,16,0.14999842643737793,6.250005960470162,26.666692098006024,13.333346049003012,12.500011920940324,0.052613999999999994,0.02333313,0.44347759151556626,0.6115472498835728,0.2176233408751242,0.4252480404205893,walking_residual_candidate,5.716987791663108,5.716987791663108,5.697956218073852,0.5330181688070539,1.0932340925380908,1.210735145652667,0.8304914945043484,false,0.0,0.18714133704925381,true,false,false,false
sim,2504,kp25_kd0.4,25.0,0.4,t27_tracking_lag_b1_diag_20260506_133905_2504.csv,2,touchdown,stance_leg,left,right,ankle_pitch,16,0.14999842643737793,6.250005960470162,13.333346049003012,6.666673024501506,6.250005960470162,0.10628500000000002,0.06668299999999999,0.6273980335889352,0.7160606828886825,0.44455375729283386,0.03457809312086194,walking_residual_candidate,5.714925549280227,5.714925549280227,5.719104916189026,0.5350804111899352,1.093628588259969,0.913970187653125,-0.39067970074592595,false,0.0,0.12371306841219513,true,false,false,false
sim,2504,kp25_kd0.4,25.0,0.4,t27_tracking_lag_b1_diag_20260506_133905_2504.csv,2,touchdown,stance_leg,left,right,ankle_roll,16,0.14999842643737793,6.250005960470162,20.000019073504518,10.000009536752259,6.250005960470162,0.03986099,0.0184975,0.464050190424272,0.329789847845441,0.19862418942278806,0.013824489450748434,walking_residual_candidate,7.134830076088211,7.134830076088211,7.133936734437023,0.8848241156180494,0.8759852573667503,1.0378185926288426,0.16121446859757,false,0.0,0.3044421214139146,true,false,false,false
sim,2504,kp25_kd0.4,25.0,0.4,t27_tracking_lag_b1_diag_20260506_133905_2504.csv,3,swing,event_leg,right,right,ankle_pitch,34,0.32999658584594727,2.9411792755153705,30.303059202279574,15.151529601139787,2.9411792755153705,0.167061,0.15547799999999998,0.9306660441395658,1.6982137407549498,0.8716159827529277,0.06404628054383799,walking_residual_candidate,5.714925549280227,5.714925549280227,5.719104916189026,2.773746273764856,0.514648747416456,0.913970187653125,-0.39067970074592595,false,0.0,0.12371306841219513,false,false,false,false
sim,2504,kp25_kd0.4,25.0,0.4,t27_tracking_lag_b1_diag_20260506_133905_2504.csv,3,swing,event_leg,right,right,ankle_roll,34,0.32999658584594727,2.9411792755153705,21.2121414415957,10.60607072079785,2.9411792755153705,0.18966859,0.0676132,0.3564807435959744,1.1119663331810055,0.32167091282989396,0.04190632676591906,walking_residual_candidate,7.134830076088211,7.134830076088211,7.133936734437023,4.193650800572841,0.41222835640788247,1.0378185926288426,0.16121446859757,false,0.0,0.3044421214139146,false,false,false,false
sim,2504,kp25_kd0.4,25.0,0.4,t27_tracking_lag_b1_diag_20260506_133905_2504.csv,3,swing,opposite_leg,right,left,ankle_pitch,34,0.32999658584594727,2.9411792755153705,3.030305920227957,1.5151529601139786,2.9411792755153705,0.741304,0.218291,0.2944689358212016,3.5670791594075357,0.8219462384144717,0.2902572008657433,walking_residual_candidate,5.72213338184806,5.72213338184806,5.721387510812696,2.7809541063326897,0.5140004748658038,1.7218496739989573,2.359952327143019,false,0.0,0.1045679901851159,false,false,false,false
sim,2504,kp25_kd0.4,25.0,0.4,t27_tracking_lag_b1_diag_20260506_133905_2504.csv,3,swing,opposite_leg,right,left,ankle_roll,34,0.32999658584594727,5.882358551030741,27.272753282051614,13.636376641025807,2.9411792755153705,0.59046119,0.0651298,0.11030326988976194,3.0486792407804253,0.4089783597291273,0.3982604671120941,walking_residual_candidate,5.716987791663108,5.716987791663108,5.697956218073852,0.165370759367633,1.0289262047417327,1.210735145652667,0.8304914945043484,false,0.0,0.18714133704925381,true,false,false,false
sim,2504,kp25_kd0.4,25.0,0.4,t27_tracking_lag_b1_diag_20260506_133905_2504.csv,3,touchdown,landing_leg,right,right,ankle_pitch,15,0.1400003433227539,6.666673024501506,42.85718372893825,21.428591864469126,6.666673024501506,0.13838599999999995,0.081283,0.5873643287615801,3.0291243173694897,1.1805796973171072,0.13604435249138425,walking_residual_candidate,5.714925549280227,5.714925549280227,5.719104916189026,0.9517474752212793,1.1665371608106336,0.913970187653125,-0.39067970074592595,false,0.0,0.12371306841219513,true,false,false,false
sim,2504,kp25_kd0.4,25.0,0.4,t27_tracking_lag_b1_diag_20260506_133905_2504.csv,3,touchdown,landing_leg,right,right,ankle_roll,15,0.1400003433227539,6.666673024501506,35.71431977411521,17.857159887057605,6.666673024501506,0.35246500000000003,0.0657818,0.1866335664534067,5.282367894801449,0.6073901506809584,0.10997228265240354,walking_residual_candidate,7.134830076088211,7.134830076088211,7.133936734437023,0.4681570515867053,0.9343842745245335,1.0378185926288426,0.16121446859757,false,0.0,0.3044421214139146,true,false,false,false
sim,2504,kp25_kd0.4,25.0,0.4,t27_tracking_lag_b1_diag_20260506_133905_2504.csv,3,touchdown,stance_leg,right,left,ankle_pitch,15,0.1400003433227539,6.666673024501506,21.428591864469126,10.714295932234563,13.333346049003012,0.70286,0.024791000000000007,0.03527160458697323,6.0023985814762195,0.6108434396885564,0.2635475806961619,walking_residual_candidate,5.72213338184806,5.72213338184806,5.721387510812696,0.9445396426534458,1.1650677430291552,1.7218496739989573,2.359952327143019,false,0.0,0.1045679901851159,true,false,false,false
sim,2504,kp25_kd0.4,25.0,0.4,t27_tracking_lag_b1_diag_20260506_133905_2504.csv,3,touchdown,stance_leg,right,left,ankle_roll,15,0.1400003433227539,6.666673024501506,21.428591864469126,10.714295932234563,13.333346049003012,0.1321889,0.1121209,0.8481869506441161,1.318431257354028,1.2952198066464349,0.03628382383120701,walking_residual_candidate,5.716987791663108,5.716987791663108,5.697956218073852,0.949685232838398,1.1661163653739637,1.210735145652667,0.8304914945043484,false,0.0,0.18714133704925381,true,false,false,false
sim,2504,kp25_kd0.4,25.0,0.4,t27_tracking_lag_b1_diag_20260506_133905_2504.csv,4,swing,event_leg,left,left,ankle_pitch,33,0.3199927806854248,6.060611840455914,28.12502682211573,14.062513411057864,3.030305920227957,0.27255999999999997,0.18315199999999998,0.6719694746110948,2.643327520873566,0.9572821629354124,0.08204715214269946,walking_residual_candidate,5.72213338184806,5.72213338184806,5.721387510812696,0.3384784586078542,1.0591524936628682,1.7218496739989573,2.359952327143019,false,0.0,0.1045679901851159,true,false,false,false
sim,2504,kp25_kd0.4,25.0,0.4,t27_tracking_lag_b1_diag_20260506_133905_2504.csv,4,swing,event_leg,left,left,ankle_roll,33,0.3199927806854248,3.030305920227957,25.000023841880648,12.500011920940324,3.030305920227957,0.4245889,0.0289351,0.06814850788609876,1.894735306960399,0.17906929577378822,0.20118756063059906,walking_residual_candidate,5.716987791663108,5.716987791663108,5.697956218073852,2.686681871435151,0.5300528933518016,1.210735145652667,0.8304914945043484,false,0.0,0.18714133704925381,false,false,false,false
sim,2504,kp25_kd0.4,25.0,0.4,t27_tracking_lag_b1_diag_20260506_133905_2504.csv,4,swing,opposite_leg,left,right,ankle_pitch,33,0.3199927806854248,3.030305920227957,18.750017881410486,9.375008940705243,3.030305920227957,0.76,0.14140700000000003,0.1860618421052632,4.613682524950529,0.6751756438976706,0.28867736575901903,walking_residual_candidate,5.714925549280227,5.714925549280227,5.719104916189026,2.6846196290522695,0.5302441640048334,0.913970187653125,-0.39067970074592595,false,0.0,0.12371306841219513,false,false,false,false
sim,2504,kp25_kd0.4,25.0,0.4,t27_tracking_lag_b1_diag_20260506_133905_2504.csv,4,swing,opposite_leg,left,right,ankle_roll,33,0.3199927806854248,3.030305920227957,21.875020861645567,10.937510430822783,3.030305920227957,0.35832630000000004,0.035913,0.10022429277449073,1.9465972314197837,0.19135136998688698,0.21539951228300477,walking_residual_candidate,7.134830076088211,7.134830076088211,7.133936734437023,4.104524155860254,0.4247201247838789,1.0378185926288426,0.16121446859757,false,0.0,0.3044421214139146,false,false,false,false
sim,2504,kp25_kd0.4,25.0,0.4,t27_tracking_lag_b1_diag_20260506_133905_2504.csv,4,touchdown,landing_leg,left,left,ankle_pitch,15,0.14000320434570312,6.666673024501506,7.142863954823042,3.571431977411521,6.666673024501506,0.38111300000000004,0.10487800000000003,0.2751887235544314,2.9859385618986316,0.7491292858539312,0.2888114540054578,walking_residual_candidate,5.72213338184806,5.72213338184806,5.721387510812696,0.9445396426534458,1.1650677430291552,1.7218496739989573,2.359952327143019,false,0.0,0.1045679901851159,true,false,false,false
sim,2504,kp25_kd0.4,25.0,0.4,t27_tracking_lag_b1_diag_20260506_133905_2504.csv,4,touchdown,landing_leg,left,left,ankle_roll,15,0.14000320434570312,6.666673024501506,35.71431977411521,17.857159887057605,6.666673024501506,0.07859700000000003,0.0544394,0.6926396681807191,0.9770723603802441,0.4634282991025234,0.44048737496607876,walking_residual_candidate,5.716987791663108,5.716987791663108,5.697956218073852,0.949685232838398,1.1661163653739637,1.210735145652667,0.8304914945043484,false,0.0,0.18714133704925381,true,false,false,false
sim,2504,kp25_kd0.4,25.0,0.4,t27_tracking_lag_b1_diag_20260506_133905_2504.csv,4,touchdown,stance_leg,left,right,ankle_pitch,15,0.14000320434570312,6.666673024501506,0.0,0.0,6.666673024501506,0.09543200000000002,0.045701999999999965,0.4788959678095393,0.6816577929366727,0.32644316846332244,0.024127023959314455,walking_residual_candidate,5.714925549280227,5.714925549280227,5.719104916189026,0.9517474752212793,1.1665371608106336,0.913970187653125,-0.39067970074592595,false,0.0,0.12371306841219513,true,false,false,false
sim,2504,kp25_kd0.4,25.0,0.4,t27_tracking_lag_b1_diag_20260506_133905_2504.csv,4,touchdown,stance_leg,left,right,ankle_roll,15,0.14000320434570312,6.666673024501506,28.57145581929217,14.285727909646084,6.666673024501506,0.016588620000000002,0.02401093,1.4474338432009413,0.22502550031532592,0.18069438660930992,0.01128461208724315,walking_residual_candidate,7.134830076088211,7.134830076088211,7.133936734437023,0.4681570515867053,0.9343842745245335,1.0378185926288426,0.16121446859757,false,0.0,0.3044421214139146,true,true,false,false
sim,2504,kp25_kd0.4,25.0,0.4,t27_tracking_lag_b1_diag_20260506_133905_2504.csv,5,swing,event_leg,right,right,ankle_pitch,34,0.3299987316131592,2.9411792755153705,18.181835521367745,9.090917760683872,2.9411792755153705,0.6541410000000001,0.217579,0.3326178912497458,3.024187732575017,1.0938858916957284,0.3453192560046155,walking_residual_candidate,5.714925549280227,5.714925549280227,5.719104916189026,2.773746273764856,0.514648747416456,0.913970187653125,-0.39067970074592595,false,0.0,0.12371306841219513,false,false,false,false
sim,2504,kp25_kd0.4,25.0,0.4,t27_tracking_lag_b1_diag_20260506_133905_2504.csv,5,swing,event_leg,right,right,ankle_roll,34,0.3299987316131592,2.9411792755153705,36.36367104273549,18.181835521367745,2.9411792755153705,0.451135,0.020218439999999997,0.044816828665477065,3.4607217246438484,0.20911654791392936,0.1934978022679603,walking_residual_candidate,7.134830076088211,7.134830076088211,7.133936734437023,4.193650800572841,0.41222835640788247,1.0378185926288426,0.16121446859757,false,0.0,0.3044421214139146,false,false,false,false
sim,2504,kp25_kd0.4,25.0,0.4,t27_tracking_lag_b1_diag_20260506_133905_2504.csv,5,swing,opposite_leg,right,left,ankle_pitch,34,0.3299987316131592,2.9411792755153705,24.242447361823658,12.121223680911829,2.9411792755153705,0.716426,0.16932599999999998,0.2363482062348379,4.354086576622962,1.16463141370937,0.4652616696183923,walking_residual_candidate,5.72213338184806,5.72213338184806,5.721387510812696,2.7809541063326897,0.5140004748658038,1.7218496739989573,2.359952327143019,false,0.0,0.1045679901851159,false,false,false,false
sim,2504,kp25_kd0.4,25.0,0.4,t27_tracking_lag_b1_diag_20260506_133905_2504.csv,5,swing,opposite_leg,right,left,ankle_roll,34,0.3299987316131592,2.9411792755153705,30.303059202279574,15.151529601139787,2.9411792755153705,0.45953443,0.1183652,0.2575763474349463,1.6684524396450884,0.6981142112281387,0.28017167114317454,walking_residual_candidate,5.716987791663108,5.716987791663108,5.697956218073852,2.7758085161477375,0.5144631023708663,1.210735145652667,0.8304914945043484,false,0.0,0.18714133704925381,false,false,false,false
sim,2504,kp25_kd0.4,25.0,0.4,t27_tracking_lag_b1_diag_20260506_133905_2504.csv,5,touchdown,landing_leg,right,right,ankle_pitch,15,0.1399993896484375,6.666673024501506,7.142863954823042,3.571431977411521,6.666673024501506,0.08615699999999998,0.07653399999999999,0.888308552990471,0.7223721174791639,0.5466719499184266,0.6289455397517341,walking_residual_candidate,5.714925549280227,5.714925549280227,5.719104916189026,0.9517474752212793,1.1665371608106336,0.913970187653125,-0.39067970074592595,false,0.0,0.12371306841219513,true,false,false,false
sim,2504,kp25_kd0.4,25.0,0.4,t27_tracking_lag_b1_diag_20260506_133905_2504.csv,5,touchdown,landing_leg,right,right,ankle_roll,15,0.1399993896484375,6.666673024501506,42.85718372893825,21.428591864469126,6.666673024501506,0.09880099999999997,0.0323059,0.3269794840133198,1.6123729662501136,0.2838531278462948,0.3618807042343095,walking_residual_candidate,7.134830076088211,7.134830076088211,7.133936734437023,0.4681570515867053,0.9343842745245335,1.0378185926288426,0.16121446859757,false,0.0,0.3044421214139146,true,false,false,false
sim,2504,kp25_kd0.4,25.0,0.4,t27_tracking_lag_b1_diag_20260506_133905_2504.csv,5,touchdown,stance_leg,right,left,ankle_pitch,15,0.1399993896484375,6.666673024501506,21.428591864469126,10.714295932234563,6.666673024501506,0.04568700000000003,0.02238399999999996,0.4899424343905256,0.6219291645464425,0.19657161603672965,0.01891066931302715,walking_residual_candidate,5.72213338184806,5.72213338184806,5.721387510812696,0.9445396426534458,1.1650677430291552,1.7218496739989573,2.359952327143019,false,0.0,0.1045679901851159,true,false,false,false
sim,2504,kp25_kd0.4,25.0,0.4,t27_tracking_lag_b1_diag_20260506_133905_2504.csv,5,touchdown,stance_leg,right,left,ankle_roll,15,0.1399993896484375,6.666673024501506,14.285727909646084,7.142863954823042,6.666673024501506,0.01761136,0.01319378,0.7491630402194948,0.18031381481779696,0.11073231988828376,0.007006504471234807,walking_residual_candidate,5.716987791663108,5.716987791663108,5.697956218073852,0.949685232838398,1.1661163653739637,1.210735145652667,0.8304914945043484,false,0.0,0.18714133704925381,true,false,false,false
sim,2504,kp25_kd0.4,25.0,0.4,t27_tracking_lag_b1_diag_20260506_133905_2504.csv,6,swing,event_leg,left,left,ankle_pitch,32,0.31000232696533203,3.125002980235081,25.806476223876796,12.903238111938398,3.125002980235081,0.430559,0.16806699999999997,0.3903460385220143,4.015286732501637,0.9354331501630857,0.1214278481898537,walking_residual_candidate,5.72213338184806,5.72213338184806,5.721387510812696,2.5971304016129793,0.5461255045449165,1.7218496739989573,2.359952327143019,false,0.0,0.1045679901851159,false,false,false,false
sim,2504,kp25_kd0.4,25.0,0.4,t27_tracking_lag_b1_diag_20260506_133905_2504.csv,6,swing,event_leg,left,left,ankle_roll,32,0.31000232696533203,3.125002980235081,19.3548571679076,9.6774285839538,3.125002980235081,0.4647043,0.055438299999999996,0.11929801381222424,2.151304503256755,0.317730593334087,0.18277944894678286,walking_residual_candidate,5.716987791663108,5.716987791663108,5.697956218073852,2.591984811428027,0.5466170462690454,1.210735145652667,0.8304914945043484,false,0.0,0.18714133704925381,false,false,false,false
sim,2504,kp25_kd0.4,25.0,0.4,t27_tracking_lag_b1_diag_20260506_133905_2504.csv,6,swing,opposite_leg,left,right,ankle_pitch,32,0.31000232696533203,3.125002980235081,25.806476223876796,12.903238111938398,3.125002980235081,0.76,0.148719,0.19568289473684208,3.3597219137579173,0.9594622053370434,0.5714807234893406,walking_residual_candidate,5.714925549280227,5.714925549280227,5.719104916189026,2.5899225690451457,0.5468142941299845,0.913970187653125,-0.39067970074592595,false,0.0,0.12371306841219513,false,false,false,false
sim,2504,kp25_kd0.4,25.0,0.4,t27_tracking_lag_b1_diag_20260506_133905_2504.csv,6,swing,opposite_leg,left,right,ankle_roll,32,0.31000232696533203,3.125002980235081,32.258095279845996,16.129047639922998,6.250005960470162,0.41498379999999996,0.07478467999999999,0.18021108293865928,1.873555496439176,0.5603957763705427,0.2726067039257517,walking_residual_candidate,7.134830076088211,7.134830076088211,7.133936734437023,4.00982709585313,0.43799262868337513,1.0378185926288426,0.16121446859757,false,0.0,0.3044421214139146,false,false,false,false
sim,2504,kp25_kd0.4,25.0,0.4,t27_tracking_lag_b1_diag_20260506_133905_2504.csv,6,touchdown,landing_leg,left,left,ankle_pitch,16,0.14998888969421387,6.250005960470162,20.000019073504518,10.000009536752259,6.250005960470162,0.32023650000000004,0.095723,0.29891345927150714,2.867741068224337,0.6381539419243577,0.3976567723498599,walking_residual_candidate,5.72213338184806,5.72213338184806,5.721387510812696,0.5278725786221017,1.092251009089833,1.7218496739989573,2.359952327143019,false,0.0,0.1045679901851159,true,false,false,false
sim,2504,kp25_kd0.4,25.0,0.4,t27_tracking_lag_b1_diag_20260506_133905_2504.csv,6,touchdown,landing_leg,left,left,ankle_roll,16,0.14998888969421387,6.250005960470162,20.000019073504518,10.000009536752259,6.250005960470162,0.12059499999999995,0.0721441,0.5982345868402507,1.0509476689284665,0.5661058732139651,0.44368804825475183,walking_residual_candidate,5.716987791663108,5.716987791663108,5.697956218073852,0.5330181688070539,1.0932340925380908,1.210735145652667,0.8304914945043484,false,0.0,0.18714133704925381,true,false,false,false
sim,2504,kp25_kd0.4,25.0,0.4,t27_tracking_lag_b1_diag_20260506_133905_2504.csv,6,touchdown,stance_leg,left,right,ankle_pitch,16,0.14998888969421387,6.250005960470162,40.000038147009036,20.000019073504518,6.250005960470162,0.090779,0.03001799999999999,0.3306711904735676,0.7839407476241562,0.23378688962321836,0.019360558680923956,walking_residual_candidate,5.714925549280227,5.714925549280227,5.719104916189026,0.5350804111899352,1.093628588259969,0.913970187653125,-0.39067970074592595,false,0.0,0.12371306841219513,true,false,false,false
sim,2504,kp25_kd0.4,25.0,0.4,t27_tracking_lag_b1_diag_20260506_133905_2504.csv,6,touchdown,stance_leg,left,right,ankle_roll,16,0.14998888969421387,6.250005960470162,13.333346049003012,6.666673024501506,6.250005960470162,0.02476416,0.03909862,1.5788389349769991,0.25550544366897926,0.260657715249235,0.017133267019196707,walking_residual_candidate,7.134830076088211,7.134830076088211,7.133936734437023,0.8848241156180494,0.8759852573667503,1.0378185926288426,0.16121446859757,false,0.0,0.3044421214139146,true,true,false,false
sim,3505,kp35_kd0.5,35.0,0.5,t27_tracking_lag_b1_diag_20260506_133024_3505.csv,1,swing,event_leg,left,left,ankle_pitch,34,0.32998228073120117,2.9413896602990266,3.030522680308088,1.515261340154044,2.9413896602990266,0.15720699999999999,0.26494779999999996,1.6853435279599507,0.6856345427609427,1.4143043258958685,0.18704909475403064,walking_residual_candidate,5.710362134376128,5.710362134376128,5.7060854925802875,2.7689724740771013,0.515096869704986,1.6851220564725276,2.2663136309026743,false,0.0,0.1841833071394129,false,true,false,false
sim,3505,kp35_kd0.5,35.0,0.5,t27_tracking_lag_b1_diag_20260506_133024_3505.csv,1,swing,event_leg,left,left,ankle_roll,34,0.32998228073120117,2.9413896602990266,15.15261340154044,7.57630670077022,2.9413896602990266,0.6723353,0.1595375,0.23728859692477847,2.892515404917269,0.7355961033312236,0.29576547796954317,walking_residual_candidate,5.699570904802013,5.699570904802013,5.704833001951788,2.7581812445029867,0.5160721235735205,0.8082226621446668,-0.9246897633040037,false,29.99185993835685,0.3418368710546283,false,false,false,false
sim,3505,kp35_kd0.5,35.0,0.5,t27_tracking_lag_b1_diag_20260506_133024_3505.csv,1,swing,opposite_leg,left,right,ankle_pitch,34,0.32998228073120117,2.9413896602990266,12.122090721232352,6.061045360616176,2.9413896602990266,0.549951,0.149515,0.27186967566201353,3.619668411450702,0.504357767592954,0.18022572682899055,walking_residual_candidate,5.718517655513583,5.718517655513583,5.7243868555209545,2.7771279952145567,0.5143622591534797,1.0768727415128023,0.32164383962568294,false,49.98643323059475,0.22884993407811863,false,false,false,false
sim,3505,kp35_kd0.5,35.0,0.5,t27_tracking_lag_b1_diag_20260506_133024_3505.csv,1,swing,opposite_leg,left,right,ankle_roll,34,0.32998228073120117,2.9413896602990266,27.274704122772793,13.637352061386396,2.9413896602990266,0.23204039999999998,0.0540745,0.23303916042206443,1.2290919321438707,0.24112732521206343,0.08032372430513161,walking_residual_candidate,5.679765291913798,5.679765291913798,8.557989603620422,2.738375631614771,0.5178716917205438,1.1057435640136948,0.43654420235652314,false,19.994573292237902,0.2140380700937044,false,false,false,false
sim,3505,kp35_kd0.5,35.0,0.5,t27_tracking_lag_b1_diag_20260506_133024_3505.csv,1,touchdown,landing_leg,left,left,ankle_pitch,15,0.1399998664855957,46.67004927674456,0.0,0.0,6.667149896677794,0.0,0.048886999999999986,,0.0,0.3492181682130934,0.2514639205109419,walking_residual_candidate,5.710362134376128,5.710362134376128,5.7060854925802875,40.95968714236843,8.172870332652446,1.6851220564725276,2.2663136309026743,false,0.0,0.1841833071394129,false,false,false,false
sim,3505,kp35_kd0.5,35.0,0.5,t27_tracking_lag_b1_diag_20260506_133024_3505.csv,1,touchdown,landing_leg,left,left,ankle_roll,15,0.1399998664855957,6.667149896677794,21.43012466789291,10.715062333946454,6.667149896677794,0.07136799999999999,0.1198197,1.6788995067817511,0.8130517865249672,1.0148071238858234,0.2515286886256291,walking_residual_candidate,5.699570904802013,5.699570904802013,5.704833001951788,0.9675789918757802,1.1697634800999797,0.8082226621446668,-0.9246897633040037,false,29.99185993835685,0.3418368710546283,true,true,false,false
sim,3505,kp35_kd0.5,35.0,0.5,t27_tracking_lag_b1_diag_20260506_133024_3505.csv,1,touchdown,stance_leg,left,right,ankle_pitch,15,0.1399998664855957,6.667149896677794,0.0,0.0,6.667149896677794,0.10727800000000001,0.09275899999999998,0.864660042133522,0.7663269713740719,0.6626123113563592,0.03308233665064586,walking_residual_candidate,5.718517655513583,5.718517655513583,5.7243868555209545,0.9486322411642103,1.165887787414554,1.0768727415128023,0.32164383962568294,false,49.98643323059475,0.22884993407811863,true,false,false,false
sim,3505,kp35_kd0.5,35.0,0.5,t27_tracking_lag_b1_diag_20260506_133024_3505.csv,1,touchdown,stance_leg,left,right,ankle_roll,15,0.1399998664855957,6.667149896677794,42.86024933578582,21.43012466789291,6.667149896677794,0.03964072,0.02281161,0.5754590229440838,0.3630911737181006,0.21750305017181004,0.013049286201995624,walking_residual_candidate,5.679765291913798,5.679765291913798,8.557989603620422,0.9873846047639958,1.1738425012332325,1.1057435640136948,0.43654420235652314,false,19.994573292237902,0.2140380700937044,true,false,false,false
sim,3505,kp35_kd0.5,35.0,0.5,t27_tracking_lag_b1_diag_20260506_133024_3505.csv,2,swing,event_leg,right,right,ankle_pitch,32,0.3099849224090576,3.1252265140677156,12.904161090344116,6.452080545172058,3.1252265140677156,0.20154999999999998,0.127028,0.6302555197221534,0.9546724197455657,1.0547861275247281,0.13935319498187418,walking_residual_candidate,5.718517655513583,5.718517655513583,5.7243868555209545,2.5932911414458677,0.5465099003505721,1.0768727415128023,0.32164383962568294,false,49.98643323059475,0.22884993407811863,false,false,false,false
sim,3505,kp35_kd0.5,35.0,0.5,t27_tracking_lag_b1_diag_20260506_133024_3505.csv,2,swing,event_leg,right,right,ankle_roll,32,0.3099849224090576,3.1252265140677156,29.034362453274262,14.517181226637131,3.1252265140677156,0.2616655,0.1418305,0.5420298052284309,1.8146184899255768,0.8178208234254156,0.04995290861083426,walking_residual_candidate,5.679765291913798,5.679765291913798,8.557989603620422,2.554538777846082,0.5502386724530778,1.1057435640136948,0.43654420235652314,false,19.994573292237902,0.2140380700937044,false,false,false,false
sim,3505,kp35_kd0.5,35.0,0.5,t27_tracking_lag_b1_diag_20260506_133024_3505.csv,2,swing,opposite_leg,right,left,ankle_pitch,32,0.3099849224090576,3.1252265140677156,16.130201362930148,8.065100681465074,3.1252265140677156,0.4858935,0.17320800000000003,0.35647317776426324,3.210442367868075,0.6482727927761625,0.16880261756529227,walking_residual_candidate,5.710362134376128,5.710362134376128,5.7060854925802875,2.5851356203084124,0.5472904240615477,1.6851220564725276,2.2663136309026743,false,0.0,0.1841833071394129,false,false,false,false
sim,3505,kp35_kd0.5,35.0,0.5,t27_tracking_lag_b1_diag_20260506_133024_3505.csv,2,swing,opposite_leg,right,left,ankle_roll,32,0.3099849224090576,3.1252265140677156,19.356241635516174,9.678120817758087,3.1252265140677156,0.4384439,0.1932858,0.4408449975013907,1.750053487722122,0.8415973854424293,0.1343359532286553,walking_residual_candidate,5.699570904802013,5.699570904802013,5.704833001951788,2.5743443907342978,0.5483266312968654,0.8082226621446668,-0.9246897633040037,false,29.99185993835685,0.3418368710546283,false,false,false,false
sim,3505,kp35_kd0.5,35.0,0.5,t27_tracking_lag_b1_diag_20260506_133024_3505.csv,2,touchdown,landing_leg,right,right,ankle_pitch,14,0.12999534606933594,7.143374889297636,0.0,0.0,7.143374889297636,0.3075809,0.056860999999999995,0.18486518506188127,2.3661784219096873,0.4374240118557646,0.11692876392622562,walking_residual_candidate,5.718517655513583,5.718517655513583,5.7243868555209545,1.4248572337840528,1.2491654865155934,1.0768727415128023,0.32164383962568294,false,49.98643323059475,0.22884993407811863,false,false,false,false
sim,3505,kp35_kd0.5,35.0,0.5,t27_tracking_lag_b1_diag_20260506_133024_3505.csv,2,touchdown,landing_leg,right,right,ankle_roll,14,0.12999534606933594,7.143374889297636,7.6928652653974545,3.8464326326987273,7.143374889297636,0.216535,0.0025794000000000025,0.011912162006142205,1.7928914858882654,0.027878943721800446,0.14424179892817873,walking_residual_candidate,5.679765291913798,5.679765291913798,8.557989603620422,1.4636095973838383,1.2576883941784636,1.1057435640136948,0.43654420235652314,false,19.994573292237902,0.2140380700937044,false,false,false,false
sim,3505,kp35_kd0.5,35.0,0.5,t27_tracking_lag_b1_diag_20260506_133024_3505.csv,2,touchdown,stance_leg,right,left,ankle_pitch,14,0.12999534606933594,7.143374889297636,7.6928652653974545,3.8464326326987273,7.143374889297636,0.08616000000000001,0.03181299999999998,0.3692316620241408,0.6789953669197758,0.3676266453028135,0.023992922740734546,walking_residual_candidate,5.710362134376128,5.710362134376128,5.7060854925802875,1.4330127549215081,1.2509495407121092,1.6851220564725276,2.2663136309026743,false,0.0,0.1841833071394129,false,false,false,false
sim,3505,kp35_kd0.5,35.0,0.5,t27_tracking_lag_b1_diag_20260506_133024_3505.csv,2,touchdown,stance_leg,right,left,ankle_roll,14,0.12999534606933594,7.143374889297636,7.6928652653974545,3.8464326326987273,7.143374889297636,0.0200105,0.01702138,0.8506224232278053,0.17841693152503577,0.1369005378326547,0.006422035820664103,walking_residual_candidate,5.699570904802013,5.699570904802013,5.704833001951788,1.4438039844956227,1.2533180143928355,0.8082226621446668,-0.9246897633040037,false,29.99185993835685,0.3418368710546283,false,false,false,false
sim,3505,kp35_kd0.5,35.0,0.5,t27_tracking_lag_b1_diag_20260506_133024_3505.csv,3,swing,event_leg,left,left,ankle_pitch,32,0.3099851608276367,6.250453028135431,9.678120817758087,4.839060408879043,3.1252265140677156,0.19740599999999997,0.189763,0.9612828384142327,1.6009482935929975,0.9871328369683267,0.10209163083521464,walking_residual_candidate,5.710362134376128,5.710362134376128,5.7060854925802875,0.5400908937593032,1.0945808481230954,1.6851220564725276,2.2663136309026743,false,0.0,0.1841833071394129,true,false,false,false
sim,3505,kp35_kd0.5,35.0,0.5,t27_tracking_lag_b1_diag_20260506_133024_3505.csv,3,swing,event_leg,left,left,ankle_roll,32,0.3099851608276367,3.1252265140677156,22.582281908102203,11.291140954051102,3.1252265140677156,0.5113723,0.03661066,0.07159296661160568,2.09260773515123,0.21292943296518835,0.21497112569812626,walking_residual_candidate,5.699570904802013,5.699570904802013,5.704833001951788,2.5743443907342978,0.5483266312968654,0.8082226621446668,-0.9246897633040037,false,29.99185993835685,0.3418368710546283,false,false,false,false
sim,3505,kp35_kd0.5,35.0,0.5,t27_tracking_lag_b1_diag_20260506_133024_3505.csv,3,swing,opposite_leg,left,right,ankle_pitch,32,0.3099851608276367,3.1252265140677156,12.904161090344116,6.452080545172058,3.1252265140677156,0.7592829999999999,0.14332100000000003,0.18875834175136286,5.033919693423784,0.7261171445536636,0.3069984516706701,walking_residual_candidate,5.718517655513583,5.718517655513583,5.7243868555209545,2.5932911414458677,0.5465099003505721,1.0768727415128023,0.32164383962568294,false,49.98643323059475,0.22884993407811863,false,false,false,false
sim,3505,kp35_kd0.5,35.0,0.5,t27_tracking_lag_b1_diag_20260506_133024_3505.csv,3,swing,opposite_leg,left,right,ankle_roll,32,0.3099851608276367,3.1252265140677156,12.904161090344116,6.452080545172058,3.1252265140677156,0.2890002,0.04283619,0.14822200815085942,2.1420633519152092,0.18639154177685485,0.11718044296826105,walking_residual_candidate,5.679765291913798,5.679765291913798,8.557989603620422,2.554538777846082,0.5502386724530778,1.1057435640136948,0.43654420235652314,false,19.994573292237902,0.2140380700937044,false,false,false,false
sim,3505,kp35_kd0.5,35.0,0.5,t27_tracking_lag_b1_diag_20260506_133024_3505.csv,3,touchdown,landing_leg,left,left,ankle_pitch,15,0.14000773429870605,6.667149896677794,0.0,0.0,6.667149896677794,0.399428,0.10647899999999999,0.266578707551799,2.853263945282376,0.7606194148375229,0.24762871203758904,walking_residual_candidate,5.710362134376128,5.710362134376128,5.7060854925802875,0.9567877623016656,1.1675529046646351,1.6851220564725276,2.2663136309026743,false,0.0,0.1841833071394129,true,false,false,false
sim,3505,kp35_kd0.5,35.0,0.5,t27_tracking_lag_b1_diag_20260506_133024_3505.csv,3,touchdown,landing_leg,left,left,ankle_roll,15,0.14000773429870605,6.667149896677794,28.573499557190544,14.286749778595272,6.667149896677794,0.03821800000000003,0.21275432,5.566861688209739,0.4354387031269167,1.5197838670775938,0.31571177486482344,walking_residual_candidate,5.699570904802013,5.699570904802013,5.704833001951788,0.9675789918757802,1.1697634800999797,0.8082226621446668,-0.9246897633040037,false,29.99185993835685,0.3418368710546283,true,true,false,false
sim,3505,kp35_kd0.5,35.0,0.5,t27_tracking_lag_b1_diag_20260506_133024_3505.csv,3,touchdown,stance_leg,left,right,ankle_pitch,15,0.14000773429870605,6.667149896677794,0.0,0.0,6.667149896677794,0.138226,0.091115,0.6591741061739471,0.987400137448055,0.6508686030383541,0.03511245170496263,walking_residual_candidate,5.718517655513583,5.718517655513583,5.7243868555209545,0.9486322411642103,1.165887787414554,1.0768727415128023,0.32164383962568294,false,49.98643323059475,0.22884993407811863,true,false,false,false
sim,3505,kp35_kd0.5,35.0,0.5,t27_tracking_lag_b1_diag_20260506_133024_3505.csv,3,touchdown,stance_leg,left,right,ankle_roll,15,0.14000773429870605,6.667149896677794,28.573499557190544,14.286749778595272,6.667149896677794,0.01749283,0.01486521,0.8497887420160145,0.25022877925090264,0.1574359822701819,0.008256340323658908,walking_residual_candidate,5.679765291913798,5.679765291913798,8.557989603620422,0.9873846047639958,1.1738425012332325,1.1057435640136948,0.43654420235652314,false,19.994573292237902,0.2140380700937044,true,false,false,false
sim,3505,kp35_kd0.5,35.0,0.5,t27_tracking_lag_b1_diag_20260506_133024_3505.csv,4,swing,event_leg,right,right,ankle_pitch,33,0.3199961185455322,3.030522680308088,18.751359084406296,9.375679542203148,3.030522680308088,0.672493,0.2701958,0.4017823233847787,3.949283116070578,1.4855189192942297,0.3613769631443577,walking_residual_candidate,5.718517655513583,5.718517655513583,5.7243868555209545,2.6879949752054952,0.5299489942793427,1.0768727415128023,0.32164383962568294,false,49.98643323059475,0.22884993407811863,false,false,false,false
sim,3505,kp35_kd0.5,35.0,0.5,t27_tracking_lag_b1_diag_20260506_133024_3505.csv,4,swing,event_leg,right,right,ankle_roll,33,0.3199961185455322,3.030522680308088,31.252265140677157,15.626132570338578,3.030522680308088,0.3847519,0.032014780400000005,0.08320889487485314,2.769118109848355,0.18376338403189318,0.12170892924277409,walking_residual_candidate,5.679765291913798,5.679765291913798,8.557989603620422,2.6492426116057097,0.533564773287833,1.1057435640136948,0.43654420235652314,false,19.994573292237902,0.2140380700937044,false,false,false,false
sim,3505,kp35_kd0.5,35.0,0.5,t27_tracking_lag_b1_diag_20260506_133024_3505.csv,4,swing,opposite_leg,right,left,ankle_pitch,33,0.3199961185455322,3.030522680308088,12.500906056270862,6.250453028135431,3.030522680308088,0.714796,0.146102,0.20439677894112449,4.197272965188365,1.245240254077253,0.424541602159108,walking_residual_candidate,5.710362134376128,5.710362134376128,5.7060854925802875,2.67983945406804,0.5307058657566524,1.6851220564725276,2.2663136309026743,false,0.0,0.1841833071394129,false,false,false,false
sim,3505,kp35_kd0.5,35.0,0.5,t27_tracking_lag_b1_diag_20260506_133024_3505.csv,4,swing,opposite_leg,right,left,ankle_roll,33,0.3199961185455322,3.030522680308088,25.001812112541725,12.500906056270862,3.030522680308088,0.44475814,0.21514011800000002,0.48372384595366824,1.5151160332207918,1.041078954119752,0.1496128525251256,walking_residual_candidate,5.699570904802013,5.699570904802013,5.704833001951788,2.6690482244939253,0.5317106727727181,0.8082226621446668,-0.9246897633040037,false,29.99185993835685,0.3418368710546283,false,false,false,false
sim,3505,kp35_kd0.5,35.0,0.5,t27_tracking_lag_b1_diag_20260506_133024_3505.csv,4,touchdown,landing_leg,right,right,ankle_pitch,14,0.12998533248901367,7.143374889297636,0.0,0.0,7.143374889297636,0.061929999999999985,0.06707000000000002,1.0829969320200232,0.4764191458860642,0.5159604733502074,0.6242750550572354,walking_residual_candidate,5.718517655513583,5.718517655513583,5.7243868555209545,1.4248572337840528,1.2491654865155934,1.0768727415128023,0.32164383962568294,false,49.98643323059475,0.22884993407811863,false,true,false,false
sim,3505,kp35_kd0.5,35.0,0.5,t27_tracking_lag_b1_diag_20260506_133024_3505.csv,4,touchdown,landing_leg,right,right,ankle_roll,14,0.12998533248901367,7.143374889297636,23.078595796192364,11.539297898096182,7.143374889297636,0.17710199999999998,0.0171435,0.09680014906663957,1.6822296190455228,0.2623290134096328,0.24893706210533245,walking_residual_candidate,5.679765291913798,5.679765291913798,8.557989603620422,1.4636095973838383,1.2576883941784636,1.1057435640136948,0.43654420235652314,false,19.994573292237902,0.2140380700937044,false,false,false,false
sim,3505,kp35_kd0.5,35.0,0.5,t27_tracking_lag_b1_diag_20260506_133024_3505.csv,4,touchdown,stance_leg,right,left,ankle_pitch,14,0.12998533248901367,7.143374889297636,23.078595796192364,11.539297898096182,7.143374889297636,0.04802400000000001,0.028249999999999997,0.5882475428952189,0.5169528529694432,0.2806664963427604,0.017703472564927568,walking_residual_candidate,5.710362134376128,5.710362134376128,5.7060854925802875,1.4330127549215081,1.2509495407121092,1.6851220564725276,2.2663136309026743,false,0.0,0.1841833071394129,false,false,false,false
sim,3505,kp35_kd0.5,35.0,0.5,t27_tracking_lag_b1_diag_20260506_133024_3505.csv,4,touchdown,stance_leg,right,left,ankle_roll,14,0.12998533248901367,7.143374889297636,38.46432632698727,19.232163163493635,7.143374889297636,0.02956024,0.012652556,0.42802615946284606,0.2937766773280511,0.1050299047962144,0.008052737399928392,walking_residual_candidate,5.699570904802013,5.699570904802013,5.704833001951788,1.4438039844956227,1.2533180143928355,0.8082226621446668,-0.9246897633040037,false,29.99185993835685,0.3418368710546283,false,false,false,false
sim,3505,kp35_kd0.5,35.0,0.5,t27_tracking_lag_b1_diag_20260506_133024_3505.csv,5,swing,event_leg,left,left,ankle_pitch,32,0.30998992919921875,6.250453028135431,22.582281908102203,11.291140954051102,3.1252265140677156,0.4044794,0.18724,0.46291603478446613,3.744270736766195,0.9794258267571188,0.09506598425339896,walking_residual_candidate,5.710362134376128,5.710362134376128,5.7060854925802875,0.5400908937593032,1.0945808481230954,1.6851220564725276,2.2663136309026743,false,0.0,0.1841833071394129,true,false,false,false
sim,3505,kp35_kd0.5,35.0,0.5,t27_tracking_lag_b1_diag_20260506_133024_3505.csv,5,swing,event_leg,left,left,ankle_roll,32,0.30998992919921875,3.1252265140677156,38.71248327103235,19.356241635516174,3.1252265140677156,0.47298720000000005,0.03156984,0.06674565400501324,2.3496941105138833,0.23674721667959694,0.1737793529889419,walking_residual_candidate,5.699570904802013,5.699570904802013,5.704833001951788,2.5743443907342978,0.5483266312968654,0.8082226621446668,-0.9246897633040037,false,29.99185993835685,0.3418368710546283,false,false,false,false
sim,3505,kp35_kd0.5,35.0,0.5,t27_tracking_lag_b1_diag_20260506_133024_3505.csv,5,swing,opposite_leg,left,right,ankle_pitch,32,0.30998992919921875,3.1252265140677156,19.356241635516174,9.678120817758087,3.1252265140677156,0.76,0.143484,0.18879473684210527,2.884450998323257,1.0989764271786118,0.5734889056998447,walking_residual_candidate,5.718517655513583,5.718517655513583,5.7243868555209545,2.5932911414458677,0.5465099003505721,1.0768727415128023,0.32164383962568294,false,49.98643323059475,0.22884993407811863,false,false,false,false
sim,3505,kp35_kd0.5,35.0,0.5,t27_tracking_lag_b1_diag_20260506_133024_3505.csv,5,swing,opposite_leg,left,right,ankle_roll,32,0.30998992919921875,3.1252265140677156,25.808322180688233,12.904161090344116,3.1252265140677156,0.3724769,0.0877088,0.23547446834958088,2.1171758480876455,0.6073424068177273,0.1950775194541314,walking_residual_candidate,5.679765291913798,5.679765291913798,8.557989603620422,2.554538777846082,0.5502386724530778,1.1057435640136948,0.43654420235652314,false,19.994573292237902,0.2140380700937044,false,false,false,false
sim,3505,kp35_kd0.5,35.0,0.5,t27_tracking_lag_b1_diag_20260506_133024_3505.csv,5,touchdown,landing_leg,left,left,ankle_pitch,14,0.12999534606933594,7.143374889297636,23.078595796192364,11.539297898096182,7.143374889297636,0.290392,0.07612599999999997,0.26214909501639155,3.032710577812993,0.5856270611936464,0.26760672175579514,walking_residual_candidate,5.710362134376128,5.710362134376128,5.7060854925802875,1.4330127549215081,1.2509495407121092,1.6851220564725276,2.2663136309026743,false,0.0,0.1841833071394129,false,false,false,false
sim,3505,kp35_kd0.5,35.0,0.5,t27_tracking_lag_b1_diag_20260506_133024_3505.csv,5,touchdown,landing_leg,left,left,ankle_roll,14,0.12999534606933594,7.143374889297636,23.078595796192364,11.539297898096182,7.143374889297636,0.05418200000000001,0.18982094,3.5033948543796827,0.6643481514544589,1.4602669159710944,0.34221509054899346,walking_residual_candidate,5.699570904802013,5.699570904802013,5.704833001951788,1.4438039844956227,1.2533180143928355,0.8082226621446668,-0.9246897633040037,false,29.99185993835685,0.3418368710546283,false,true,false,false
sim,3505,kp35_kd0.5,35.0,0.5,t27_tracking_lag_b1_diag_20260506_133024_3505.csv,5,touchdown,stance_leg,left,right,ankle_pitch,14,0.12999534606933594,7.143374889297636,15.385730530794909,7.6928652653974545,7.143374889297636,0.09030900000000003,0.051429,0.5694781251038101,0.7087821412273946,0.40881424593375126,0.022903347626493372,walking_residual_candidate,5.718517655513583,5.718517655513583,5.7243868555209545,1.4248572337840528,1.2491654865155934,1.0768727415128023,0.32164383962568294,false,49.98643323059475,0.22884993407811863,false,false,false,false
sim,3505,kp35_kd0.5,35.0,0.5,t27_tracking_lag_b1_diag_20260506_133024_3505.csv,5,touchdown,stance_leg,left,right,ankle_roll,14,0.12999534606933594,7.143374889297636,23.078595796192364,11.539297898096182,7.143374889297636,0.015743590000000002,0.02428959,1.5428240953937442,0.2456178021936099,0.19627807224093027,0.009691646437727117,walking_residual_candidate,5.679765291913798,5.679765291913798,8.557989603620422,1.4636095973838383,1.2576883941784636,1.1057435640136948,0.43654420235652314,false,19.994573292237902,0.2140380700937044,false,true,false,false
sim,3505,kp35_kd0.5,35.0,0.5,t27_tracking_lag_b1_diag_20260506_133024_3505.csv,6,swing,event_leg,right,right,ankle_pitch,33,0.31999731063842773,3.030522680308088,18.751359084406296,9.375679542203148,3.030522680308088,0.685226,0.328542,0.47946516915586973,3.5560421142584637,1.6392594372913687,0.26328287644750775,walking_residual_candidate,5.718517655513583,5.718517655513583,5.7243868555209545,2.6879949752054952,0.5299489942793427,1.0768727415128023,0.32164383962568294,false,49.98643323059475,0.22884993407811863,false,false,false,false
sim,3505,kp35_kd0.5,35.0,0.5,t27_tracking_lag_b1_diag_20260506_133024_3505.csv,6,swing,event_leg,right,right,ankle_roll,33,0.31999731063842773,3.030522680308088,31.252265140677157,15.626132570338578,3.030522680308088,0.3892379,0.021170033,0.05438841644146163,2.823360197524082,0.22375942416480687,0.10332055789069568,walking_residual_candidate,5.679765291913798,5.679765291913798,8.557989603620422,2.6492426116057097,0.533564773287833,1.1057435640136948,0.43654420235652314,false,19.994573292237902,0.2140380700937044,false,false,false,false
sim,3505,kp35_kd0.5,35.0,0.5,t27_tracking_lag_b1_diag_20260506_133024_3505.csv,6,swing,opposite_leg,right,left,ankle_pitch,33,0.31999731063842773,3.030522680308088,21.876585598474012,10.938292799237006,3.030522680308088,0.7209829999999999,0.15070999999999998,0.2090340548944982,3.894741912965189,1.2001932391034815,0.45631689299387107,walking_residual_candidate,5.710362134376128,5.710362134376128,5.7060854925802875,2.67983945406804,0.5307058657566524,1.6851220564725276,2.2663136309026743,false,0.0,0.1841833071394129,false,false,false,false
sim,3505,kp35_kd0.5,35.0,0.5,t27_tracking_lag_b1_diag_20260506_133024_3505.csv,6,swing,opposite_leg,right,left,ankle_roll,33,0.31999731063842773,3.030522680308088,15.626132570338578,7.813066285169289,3.030522680308088,0.44082160000000004,0.23351815,0.5297339104980336,1.4532272350672395,1.1615246551835956,0.14978321818711338,walking_residual_candidate,5.699570904802013,5.699570904802013,5.704833001951788,2.6690482244939253,0.5317106727727181,0.8082226621446668,-0.9246897633040037,false,29.99185993835685,0.3418368710546283,false,false,false,false
sim,3505,kp35_kd0.5,35.0,0.5,t27_tracking_lag_b1_diag_20260506_133024_3505.csv,6,touchdown,landing_leg,right,right,ankle_pitch,14,0.1300039291381836,7.143374889297636,46.15719159238473,23.078595796192364,7.143374889297636,0.09799200000000002,0.03744699999999998,0.38214344028083896,1.5197947689666558,0.2880747255933383,0.43399395621384274,walking_residual_candidate,5.718517655513583,5.718517655513583,5.7243868555209545,1.4248572337840528,1.2491654865155934,1.0768727415128023,0.32164383962568294,false,49.98643323059475,0.22884993407811863,false,false,false,false
sim,3505,kp35_kd0.5,35.0,0.5,t27_tracking_lag_b1_diag_20260506_133024_3505.csv,6,touchdown,landing_leg,right,right,ankle_roll,14,0.1300039291381836,7.143374889297636,7.6928652653974545,3.8464326326987273,7.143374889297636,0.185479,0.012729579999999999,0.06863084230559793,1.4866769839991196,0.17037665646425296,0.24886584505532613,walking_residual_candidate,5.679765291913798,5.679765291913798,8.557989603620422,1.4636095973838383,1.2576883941784636,1.1057435640136948,0.43654420235652314,false,19.994573292237902,0.2140380700937044,false,false,false,false
sim,3505,kp35_kd0.5,35.0,0.5,t27_tracking_lag_b1_diag_20260506_133024_3505.csv,6,touchdown,stance_leg,right,left,ankle_pitch,14,0.1300039291381836,7.143374889297636,23.078595796192364,11.539297898096182,7.143374889297636,0.037248,0.034109,0.9157270189003436,0.4690955381534062,0.319515465933018,0.016782751904857562,walking_residual_candidate,5.710362134376128,5.710362134376128,5.7060854925802875,1.4330127549215081,1.2509495407121092,1.6851220564725276,2.2663136309026743,false,0.0,0.1841833071394129,false,false,false,false
sim,3505,kp35_kd0.5,35.0,0.5,t27_tracking_lag_b1_diag_20260506_133024_3505.csv,6,touchdown,stance_leg,right,left,ankle_roll,14,0.1300039291381836,7.143374889297636,7.6928652653974545,3.8464326326987273,7.143374889297636,0.02533999,0.01336059,0.5272531678189297,0.23855044380294196,0.11621311534690586,0.0071227835155475904,walking_residual_candidate,5.699570904802013,5.699570904802013,5.704833001951788,1.4438039844956227,1.2533180143928355,0.8082226621446668,-0.9246897633040037,false,29.99185993835685,0.3418368710546283,false,false,false,false
sim,4005,kp40_kd0.5,40.0,0.5,t27_tracking_lag_b1_diag_20260506_134153_4005.csv,1,swing,event_leg,left,left,ankle_pitch,33,0.31995630264282227,3.030378170142607,3.125077487959563,1.5625387439797815,3.030378170142607,0.17451299999999997,0.20599799999999996,1.1804163586666896,0.8342206849458775,1.1220028206570976,0.15383845648966063,walking_residual_candidate,5.699564424191484,5.699564424191484,5.7068406420797055,2.6691862540488773,0.5316859227488219,1.1611903771533785,0.6490342815300134,false,49.994719417198844,0.27084283607010556,false,true,false,false
sim,4005,kp40_kd0.5,40.0,0.5,t27_tracking_lag_b1_diag_20260506_134153_4005.csv,1,swing,event_leg,left,left,ankle_roll,33,0.31995630264282227,3.030378170142607,25.000619903676505,12.500309951838252,3.030378170142607,0.5365296,0.1549836,0.2888630934807697,2.272966046902866,0.6222983677192312,0.22515115559060853,walking_residual_candidate,5.704568580371282,5.704568580371282,5.710990781417613,2.674190410228675,0.5312195177335172,0.7499679066977651,-1.2495732093134653,false,29.996831650319308,0.3558176815364681,false,false,false,false
sim,4005,kp40_kd0.5,40.0,0.5,t27_tracking_lag_b1_diag_20260506_134153_4005.csv,1,swing,opposite_leg,left,right,ankle_pitch,33,0.31995630264282227,3.030378170142607,12.500309951838252,6.250154975919126,3.030378170142607,0.76,0.15551099999999998,0.20461973684210524,4.9606917529922265,0.8530336514233942,0.2537902225932664,walking_residual_candidate,5.698890455778904,5.698890455778904,5.71152776480133,2.668512285636297,0.5317488015706078,0.964169944768814,-0.15846410526208687,false,49.994719417198844,0.312471701326361,false,false,false,false
sim,4005,kp40_kd0.5,40.0,0.5,t27_tracking_lag_b1_diag_20260506_134153_4005.csv,1,swing,opposite_leg,left,right,ankle_roll,33,0.31995630264282227,3.030378170142607,15.625387439797816,7.812693719898908,3.030378170142607,0.30365149999999996,0.0328117,0.10805709835123489,1.6466970807305328,0.1723302417700634,0.15446466331577802,walking_residual_candidate,7.130436116807874,7.130436116807874,8.588450648329458,4.100057946665267,0.42499198092517726,1.3751557841322217,1.3835189988020233,false,29.996831650319308,0.33216002054833965,false,false,false,false
sim,4005,kp40_kd0.5,40.0,0.5,t27_tracking_lag_b1_diag_20260506_134153_4005.csv,1,touchdown,landing_leg,left,left,ankle_pitch,16,0.14997315406799316,6.250154975919126,0.0,0.0,6.250154975919126,0.500703,0.11895499999999998,0.2375759681887266,3.33810277003481,0.7930529975044902,0.18855340852187774,walking_residual_candidate,5.699564424191484,5.699564424191484,5.7068406420797055,0.5505905517276419,1.096602215669445,1.1611903771533785,0.6490342815300134,false,49.994719417198844,0.27084283607010556,true,false,false,false
sim,4005,kp40_kd0.5,40.0,0.5,t27_tracking_lag_b1_diag_20260506_134153_4005.csv,1,touchdown,landing_leg,left,left,ankle_roll,16,0.14997315406799316,6.250154975919126,26.66732789725494,13.33366394862747,6.250154975919126,0.04916400000000004,0.16111019999999998,3.2769953624603336,0.6244088158822512,1.0740946327480805,0.2186057127345715,walking_residual_candidate,5.704568580371282,5.704568580371282,5.710990781417613,0.5455863955478444,1.095640255325379,0.7499679066977651,-1.2495732093134653,false,29.996831650319308,0.3558176815364681,true,true,false,false
sim,4005,kp40_kd0.5,40.0,0.5,t27_tracking_lag_b1_diag_20260506_134153_4005.csv,1,touchdown,stance_leg,left,right,ankle_pitch,16,0.14997315406799316,6.250154975919126,0.0,0.0,6.250154975919126,0.168071,0.11681799999999998,0.6950514960939126,1.1205011167548837,0.7788059775753817,0.04030511229592967,walking_residual_candidate,5.698890455778904,5.698890455778904,5.71152776480133,0.5512645201402222,1.0967319032393785,0.964169944768814,-0.15846410526208687,false,49.994719417198844,0.312471701326361,true,false,false,false
sim,4005,kp40_kd0.5,40.0,0.5,t27_tracking_lag_b1_diag_20260506_134153_4005.csv,1,touchdown,stance_leg,left,right,ankle_roll,16,0.14997315406799316,6.250154975919126,26.66732789725494,13.33366394862747,6.250154975919126,0.02071063,0.01374521,0.6636789899679537,0.26078605299564794,0.1861736829422218,0.008080511382127177,walking_residual_candidate,7.130436116807874,7.130436116807874,8.588450648329458,0.8802811408887479,0.876545960658178,1.3751557841322217,1.3835189988020233,false,29.996831650319308,0.33216002054833965,true,false,false,false
sim,4005,kp40_kd0.5,40.0,0.5,t27_tracking_lag_b1_diag_20260506_134153_4005.csv,2,swing,event_leg,right,right,ankle_pitch,34,0.3299679756164551,2.9412494004325302,18.18226902085564,9.09113451042782,2.9412494004325302,0.589663,0.25091019999999997,0.4255145735784676,3.1972823086195508,1.2375561404086162,0.2599223116729333,walking_residual_candidate,5.698890455778904,5.698890455778904,5.71152776480133,2.7576410553463737,0.5161091309361782,0.964169944768814,-0.15846410526208687,false,49.994719417198844,0.312471701326361,false,false,false,false
sim,4005,kp40_kd0.5,40.0,0.5,t27_tracking_lag_b1_diag_20260506_134153_4005.csv,2,swing,event_leg,right,right,ankle_roll,34,0.3299679756164551,2.9412494004325302,30.303781701426068,15.151890850713034,2.9412494004325302,0.40613,0.049651299999999995,0.12225469677196955,3.1872780605588957,0.25877532556283345,0.08676245452011878,walking_residual_candidate,7.130436116807874,7.130436116807874,8.588450648329458,4.189186716375344,0.4124922167803191,1.3751557841322217,1.3835189988020233,false,29.996831650319308,0.33216002054833965,false,false,false,false
sim,4005,kp40_kd0.5,40.0,0.5,t27_tracking_lag_b1_diag_20260506_134153_4005.csv,2,swing,opposite_leg,right,left,ankle_pitch,34,0.3299679756164551,2.9412494004325302,18.18226902085564,9.09113451042782,2.9412494004325302,0.746955,0.15175200000000003,0.20316083298190657,4.963929143871118,1.282340887233886,0.3574852766647768,walking_residual_candidate,5.699564424191484,5.699564424191484,5.7068406420797055,2.758315023758954,0.5160481014915036,1.1611903771533785,0.6490342815300134,false,49.994719417198844,0.27084283607010556,false,false,false,false
sim,4005,kp40_kd0.5,40.0,0.5,t27_tracking_lag_b1_diag_20260506_134153_4005.csv,2,swing,opposite_leg,right,left,ankle_roll,34,0.3299679756164551,2.9412494004325302,27.27340353128346,13.63670176564173,2.9412494004325302,0.44166130000000003,0.27159,0.6149282266750562,1.5870469577345918,1.3284291209252606,0.1254212401122327,walking_residual_candidate,5.704568580371282,5.704568580371282,5.710990781417613,2.7633191799387515,0.5155954142707666,0.7499679066977651,-1.2495732093134653,false,29.996831650319308,0.3558176815364681,false,false,false,false
sim,4005,kp40_kd0.5,40.0,0.5,t27_tracking_lag_b1_diag_20260506_134153_4005.csv,2,touchdown,landing_leg,right,right,ankle_pitch,15,0.13998150825500488,6.666831974313735,21.429102774579864,10.714551387289932,6.666831974313735,0.11666699999999997,0.06230199999999997,0.5340156170982368,1.2028655399769748,0.445025320353958,0.5275047243362534,walking_residual_candidate,5.698890455778904,5.698890455778904,5.71152776480133,0.9679415185348308,1.169847363455337,0.964169944768814,-0.15846410526208687,false,49.994719417198844,0.312471701326361,true,false,false,false
sim,4005,kp40_kd0.5,40.0,0.5,t27_tracking_lag_b1_diag_20260506_134153_4005.csv,2,touchdown,landing_leg,right,right,ankle_roll,15,0.13998150825500488,6.666831974313735,28.57213703277315,14.286068516386575,6.666831974313735,0.21064,0.0257759,0.12236944549943031,1.877217975190229,0.24828472778054045,0.2173149936744832,walking_residual_candidate,7.130436116807874,7.130436116807874,8.588450648329458,0.4636041424941393,0.9349823580353899,1.3751557841322217,1.3835189988020233,false,29.996831650319308,0.33216002054833965,true,false,false,false
sim,4005,kp40_kd0.5,40.0,0.5,t27_tracking_lag_b1_diag_20260506_134153_4005.csv,2,touchdown,stance_leg,right,left,ankle_pitch,15,0.13998150825500488,6.666831974313735,21.429102774579864,10.714551387289932,6.666831974313735,0.069575,0.027303999999999995,0.3924398131512755,0.6095651144914406,0.3692091547374943,0.020425958565838058,walking_residual_candidate,5.699564424191484,5.699564424191484,5.7068406420797055,0.9672675501222505,1.169709030047408,1.1611903771533785,0.6490342815300134,false,49.994719417198844,0.27084283607010556,true,false,false,false
sim,4005,kp40_kd0.5,40.0,0.5,t27_tracking_lag_b1_diag_20260506_134153_4005.csv,2,touchdown,stance_leg,right,left,ankle_roll,15,0.13998150825500488,6.666831974313735,21.429102774579864,10.714551387289932,6.666831974313735,0.027510649999999998,0.022177299999999997,0.8061350785968343,0.26537971594558474,0.15841321365422997,0.00827138085319165,walking_residual_candidate,5.704568580371282,5.704568580371282,5.710990781417613,0.962263393942453,1.1686829390137377,0.7499679066977651,-1.2495732093134653,false,29.996831650319308,0.3558176815364681,true,false,false,false
sim,4005,kp40_kd0.5,40.0,0.5,t27_tracking_lag_b1_diag_20260506_134153_4005.csv,3,swing,event_leg,left,left,ankle_pitch,33,0.32000184059143066,6.060756340285214,25.000619903676505,12.500309951838252,3.030378170142607,0.252584,0.19054600000000002,0.754386659487537,2.9005906716894754,1.0228222364217252,0.09329689838782357,walking_residual_candidate,5.699564424191484,5.699564424191484,5.7068406420797055,0.3611919160937296,1.0633718454976437,1.1611903771533785,0.6490342815300134,false,49.994719417198844,0.27084283607010556,true,false,false,false
sim,4005,kp40_kd0.5,40.0,0.5,t27_tracking_lag_b1_diag_20260506_134153_4005.csv,3,swing,event_leg,left,left,ankle_roll,33,0.32000184059143066,3.030378170142607,21.875542415716943,10.937771207858471,6.060756340285214,0.5046467,0.052431599999999995,0.1038976376938559,2.347861247719231,0.38134833698497933,0.1817987775673868,walking_residual_candidate,5.704568580371282,5.704568580371282,5.710990781417613,2.674190410228675,0.5312195177335172,0.7499679066977651,-1.2495732093134653,false,29.996831650319308,0.3558176815364681,false,false,false,false
sim,4005,kp40_kd0.5,40.0,0.5,t27_tracking_lag_b1_diag_20260506_134153_4005.csv,3,swing,opposite_leg,left,right,ankle_pitch,33,0.32000184059143066,3.030378170142607,25.000619903676505,12.500309951838252,3.030378170142607,0.76,0.13682600000000003,0.18003421052631582,3.3200916984407045,0.8197578263316005,0.48303966158854456,walking_residual_candidate,5.698890455778904,5.698890455778904,5.71152776480133,2.668512285636297,0.5317488015706078,0.964169944768814,-0.15846410526208687,false,49.994719417198844,0.312471701326361,false,false,false,false
sim,4005,kp40_kd0.5,40.0,0.5,t27_tracking_lag_b1_diag_20260506_134153_4005.csv,3,swing,opposite_leg,left,right,ankle_roll,33,0.32000184059143066,3.030378170142607,18.750464927757378,9.375232463878689,3.030378170142607,0.3523343,0.0917409,0.26038026953379223,2.083629758458824,0.5983043977759763,0.16599918081436688,walking_residual_candidate,7.130436116807874,7.130436116807874,8.588450648329458,4.100057946665267,0.42499198092517726,1.3751557841322217,1.3835189988020233,false,29.996831650319308,0.33216002054833965,false,false,false,false
sim,4005,kp40_kd0.5,40.0,0.5,t27_tracking_lag_b1_diag_20260506_134153_4005.csv,3,touchdown,landing_leg,left,left,ankle_pitch,15,0.13999533653259277,6.666831974313735,21.429102774579864,10.714551387289932,6.666831974313735,0.38181,0.08459,0.22154998559492942,3.069847547075212,0.6042292679005702,0.21766575467151006,walking_residual_candidate,5.699564424191484,5.699564424191484,5.7068406420797055,0.9672675501222505,1.169709030047408,1.1611903771533785,0.6490342815300134,false,49.994719417198844,0.27084283607010556,true,false,false,false
sim,4005,kp40_kd0.5,40.0,0.5,t27_tracking_lag_b1_diag_20260506_134153_4005.csv,3,touchdown,landing_leg,left,left,ankle_roll,15,0.13999533653259277,6.666831974313735,50.00123980735301,25.000619903676505,6.666831974313735,0.05515300000000001,0.2302877,4.175433793266005,0.705317488722522,1.6449529303405381,0.2867274981308199,walking_residual_candidate,5.704568580371282,5.704568580371282,5.710990781417613,0.962263393942453,1.1686829390137377,0.7499679066977651,-1.2495732093134653,false,29.996831650319308,0.3558176815364681,true,true,false,false
sim,4005,kp40_kd0.5,40.0,0.5,t27_tracking_lag_b1_diag_20260506_134153_4005.csv,3,touchdown,stance_leg,left,right,ankle_pitch,15,0.13999533653259277,6.666831974313735,0.0,0.0,6.666831974313735,0.10994100000000001,0.081482,0.741142976687496,0.7853123293800283,0.5820287174261054,0.027914202401883772,walking_residual_candidate,5.698890455778904,5.698890455778904,5.71152776480133,0.9679415185348308,1.169847363455337,0.964169944768814,-0.15846410526208687,false,49.994719417198844,0.312471701326361,true,false,false,false
sim,4005,kp40_kd0.5,40.0,0.5,t27_tracking_lag_b1_diag_20260506_134153_4005.csv,3,touchdown,stance_leg,left,right,ankle_roll,15,0.13999533653259277,6.666831974313735,21.429102774579864,10.714551387289932,6.666831974313735,0.01966229,0.021058729999999998,1.0710212289616317,0.29488806904947645,0.18446885971784166,0.00862946091947726,walking_residual_candidate,7.130436116807874,7.130436116807874,8.588450648329458,0.4636041424941393,0.9349823580353899,1.3751557841322217,1.3835189988020233,false,29.996831650319308,0.33216002054833965,true,true,false,false
sim,4005,kp40_kd0.5,40.0,0.5,t27_tracking_lag_b1_diag_20260506_134153_4005.csv,4,swing,event_leg,right,right,ankle_pitch,33,0.3199946880340576,3.030378170142607,25.000619903676505,12.500309951838252,3.030378170142607,0.673441,0.3239696,0.48106604735975395,3.9800849383243517,1.666988833875352,0.29251584058835617,walking_residual_candidate,5.698890455778904,5.698890455778904,5.71152776480133,2.668512285636297,0.5317488015706078,0.964169944768814,-0.15846410526208687,false,49.994719417198844,0.312471701326361,false,false,false,false
sim,4005,kp40_kd0.5,40.0,0.5,t27_tracking_lag_b1_diag_20260506_134153_4005.csv,4,swing,event_leg,right,right,ankle_roll,33,0.3199946880340576,3.030378170142607,28.12569739163607,14.062848695818035,3.030378170142607,0.29789730000000003,0.0344055,0.11549450095720906,1.9397603786409798,0.25251648628067336,0.09993348624355913,walking_residual_candidate,7.130436116807874,7.130436116807874,8.588450648329458,4.100057946665267,0.42499198092517726,1.3751557841322217,1.3835189988020233,false,29.996831650319308,0.33216002054833965,false,false,false,false
sim,4005,kp40_kd0.5,40.0,0.5,t27_tracking_lag_b1_diag_20260506_134153_4005.csv,4,swing,opposite_leg,right,left,ankle_pitch,33,0.3199946880340576,3.030378170142607,9.375232463878689,4.687616231939344,3.030378170142607,0.702437,0.14201699999999995,0.20217756183116772,4.081110568308617,1.217345809737256,0.43398622956048016,walking_residual_candidate,5.699564424191484,5.699564424191484,5.7068406420797055,2.6691862540488773,0.5316859227488219,1.1611903771533785,0.6490342815300134,false,49.994719417198844,0.27084283607010556,false,false,false,false
sim,4005,kp40_kd0.5,40.0,0.5,t27_tracking_lag_b1_diag_20260506_134153_4005.csv,4,swing,opposite_leg,right,left,ankle_roll,33,0.3199946880340576,3.030378170142607,18.750464927757378,9.375232463878689,3.030378170142607,0.44030756,0.25109228,0.5702656570330067,1.468234405653522,1.123819865711697,0.12642532769293854,walking_residual_candidate,5.704568580371282,5.704568580371282,5.710990781417613,2.674190410228675,0.5312195177335172,0.7499679066977651,-1.2495732093134653,false,29.996831650319308,0.3558176815364681,false,false,false,false
sim,4005,kp40_kd0.5,40.0,0.5,t27_tracking_lag_b1_diag_20260506_134153_4005.csv,4,touchdown,landing_leg,right,right,ankle_pitch,16,0.14993858337402344,6.250154975919126,26.66732789725494,13.33366394862747,6.250154975919126,0.09007600000000002,0.04253399999999999,0.47220125227585574,1.6967754057825888,0.28356703119546034,0.44979420685874505,walking_residual_candidate,5.698890455778904,5.698890455778904,5.71152776480133,0.5512645201402222,1.0967319032393785,0.964169944768814,-0.15846410526208687,false,49.994719417198844,0.312471701326361,true,false,false,false
sim,4005,kp40_kd0.5,40.0,0.5,t27_tracking_lag_b1_diag_20260506_134153_4005.csv,4,touchdown,landing_leg,right,right,ankle_roll,16,0.14993858337402344,6.250154975919126,13.33366394862747,6.666831974313735,6.250154975919126,0.18466,0.0353054,0.1911913787501354,1.4351422517826204,0.29957476144898515,0.23405245298574767,walking_residual_candidate,7.130436116807874,7.130436116807874,8.588450648329458,0.8802811408887479,0.876545960658178,1.3751557841322217,1.3835189988020233,false,29.996831650319308,0.33216002054833965,true,false,false,false
sim,4005,kp40_kd0.5,40.0,0.5,t27_tracking_lag_b1_diag_20260506_134153_4005.csv,4,touchdown,stance_leg,right,left,ankle_pitch,16,0.14993858337402344,6.250154975919126,6.666831974313735,3.3334159871568674,6.250154975919126,0.04771599999999998,0.039983999999999964,0.8379579176796039,0.3884696323112864,0.35452879073005544,0.018433618255784722,walking_residual_candidate,5.699564424191484,5.699564424191484,5.7068406420797055,0.5505905517276419,1.096602215669445,1.1611903771533785,0.6490342815300134,false,49.994719417198844,0.27084283607010556,true,false,false,false
sim,4005,kp40_kd0.5,40.0,0.5,t27_tracking_lag_b1_diag_20260506_134153_4005.csv,4,touchdown,stance_leg,right,left,ankle_roll,16,0.14993858337402344,6.250154975919126,33.33415987156867,16.667079935784336,6.250154975919126,0.02747227,0.01748838,0.6365829980558578,0.27938494083163734,0.1284589185405878,0.007432156901773334,walking_residual_candidate,5.704568580371282,5.704568580371282,5.710990781417613,0.5455863955478444,1.095640255325379,0.7499679066977651,-1.2495732093134653,false,29.996831650319308,0.3558176815364681,true,false,false,false
sim,4005,kp40_kd0.5,40.0,0.5,t27_tracking_lag_b1_diag_20260506_134153_4005.csv,5,swing,event_leg,left,left,ankle_pitch,33,0.3199901580810547,3.030378170142607,12.500309951838252,6.250154975919126,3.030378170142607,0.24021499999999998,0.203679,0.8479029203005641,1.5014841050975152,1.1029273476705925,0.15119956633575776,walking_residual_candidate,5.699564424191484,5.699564424191484,5.7068406420797055,2.6691862540488773,0.5316859227488219,1.1611903771533785,0.6490342815300134,false,49.994719417198844,0.27084283607010556,false,false,false,false
sim,4005,kp40_kd0.5,40.0,0.5,t27_tracking_lag_b1_diag_20260506_134153_4005.csv,5,swing,event_leg,left,left,ankle_roll,33,0.3199901580810547,3.030378170142607,28.12569739163607,14.062848695818035,6.060756340285214,0.4988949,0.1162878,0.23309077723584667,2.4858988016838492,0.5811706604358399,0.2013837620875184,walking_residual_candidate,5.704568580371282,5.704568580371282,5.710990781417613,2.674190410228675,0.5312195177335172,0.7499679066977651,-1.2495732093134653,false,29.996831650319308,0.3558176815364681,false,false,false,false
sim,4005,kp40_kd0.5,40.0,0.5,t27_tracking_lag_b1_diag_20260506_134153_4005.csv,5,swing,opposite_leg,left,right,ankle_pitch,33,0.3199901580810547,3.030378170142607,12.500309951838252,6.250154975919126,3.030378170142607,0.744953,0.13010199999999997,0.1746445748926442,3.5275468424014114,0.6598038601878784,0.39431644373576025,walking_residual_candidate,5.698890455778904,5.698890455778904,5.71152776480133,2.668512285636297,0.5317488015706078,0.964169944768814,-0.15846410526208687,false,49.994719417198844,0.312471701326361,false,false,false,false
sim,4005,kp40_kd0.5,40.0,0.5,t27_tracking_lag_b1_diag_20260506_134153_4005.csv,5,swing,opposite_leg,left,right,ankle_roll,33,0.3199901580810547,3.030378170142607,21.875542415716943,10.937771207858471,3.030378170142607,0.37354719999999997,0.1165791,0.31208666535313345,1.932260367674217,0.8458013470945591,0.17558454856750189,walking_residual_candidate,7.130436116807874,7.130436116807874,8.588450648329458,4.100057946665267,0.42499198092517726,1.3751557841322217,1.3835189988020233,false,29.996831650319308,0.33216002054833965,false,false,false,false
sim,4005,kp40_kd0.5,40.0,0.5,t27_tracking_lag_b1_diag_20260506_134153_4005.csv,5,touchdown,landing_leg,left,left,ankle_pitch,15,0.1398935317993164,6.666831974313735,0.0,0.0,6.666831974313735,0.33961539999999996,0.07387299999999997,0.21751958244531897,2.4258844368100165,0.5276773697555125,0.1506702195413015,walking_residual_candidate,5.699564424191484,5.699564424191484,5.7068406420797055,0.9672675501222505,1.169709030047408,1.1611903771533785,0.6490342815300134,false,49.994719417198844,0.27084283607010556,true,false,false,false
sim,4005,kp40_kd0.5,40.0,0.5,t27_tracking_lag_b1_diag_20260506_134153_4005.csv,5,touchdown,landing_leg,left,left,ankle_roll,15,0.1398935317993164,6.666831974313735,57.1442740655463,28.57213703277315,6.666831974313735,0.026351000000000013,0.2027324,7.693537247163292,0.31200059336362557,1.4481244784457448,0.25868756320164166,walking_residual_candidate,5.704568580371282,5.704568580371282,5.710990781417613,0.962263393942453,1.1686829390137377,0.7499679066977651,-1.2495732093134653,false,29.996831650319308,0.3558176815364681,true,true,false,false
sim,4005,kp40_kd0.5,40.0,0.5,t27_tracking_lag_b1_diag_20260506_134153_4005.csv,5,touchdown,stance_leg,left,right,ankle_pitch,15,0.1398935317993164,6.666831974313735,0.0,0.0,6.666831974313735,0.11684999999999998,0.07896699999999995,0.6757980316645269,0.8346635530698855,0.564063986266749,0.03136406886443997,walking_residual_candidate,5.698890455778904,5.698890455778904,5.71152776480133,0.9679415185348308,1.169847363455337,0.964169944768814,-0.15846410526208687,false,49.994719417198844,0.312471701326361,true,false,false,false
sim,4005,kp40_kd0.5,40.0,0.5,t27_tracking_lag_b1_diag_20260506_134153_4005.csv,5,touchdown,stance_leg,left,right,ankle_roll,15,0.1398935317993164,6.666831974313735,28.57213703277315,14.286068516386575,6.666831974313735,0.01937626,0.013974839999999999,0.7212351609650159,0.2778872332189895,0.20424249287274268,0.007878652872137484,walking_residual_candidate,7.130436116807874,7.130436116807874,8.588450648329458,0.4636041424941393,0.9349823580353899,1.3751557841322217,1.3835189988020233,false,29.996831650319308,0.33216002054833965,true,false,false,false
sim,4005,kp40_kd0.5,40.0,0.5,t27_tracking_lag_b1_diag_20260506_134153_4005.csv,6,swing,event_leg,right,right,ankle_pitch,33,0.3200185298919678,3.030378170142607,31.25077487959563,15.625387439797816,3.030378170142607,0.4010014,0.2693932,0.671801145831411,2.8642960217443134,1.2931520643936867,0.08531736744721281,walking_residual_candidate,5.698890455778904,5.698890455778904,5.71152776480133,2.668512285636297,0.5317488015706078,0.964169944768814,-0.15846410526208687,false,49.994719417198844,0.312471701326361,false,false,false,false
sim,4005,kp40_kd0.5,40.0,0.5,t27_tracking_lag_b1_diag_20260506_134153_4005.csv,6,swing,event_leg,right,right,ankle_roll,33,0.3200185298919678,3.030378170142607,43.751084831433886,21.875542415716943,3.030378170142607,0.3451784,0.055658200000000005,0.16124473605532677,2.6380306301235037,0.33219048683992186,0.0762954162847862,walking_residual_candidate,7.130436116807874,7.130436116807874,8.588450648329458,4.100057946665267,0.42499198092517726,1.3751557841322217,1.3835189988020233,false,29.996831650319308,0.33216002054833965,false,false,false,false
sim,4005,kp40_kd0.5,40.0,0.5,t27_tracking_lag_b1_diag_20260506_134153_4005.csv,6,swing,opposite_leg,right,left,ankle_pitch,33,0.3200185298919678,3.030378170142607,12.500309951838252,6.250154975919126,6.060756340285214,0.749996,0.10866899999999999,0.1448927727614547,5.179447177149396,1.159141241524009,0.35832351825253184,walking_residual_candidate,5.699564424191484,5.699564424191484,5.7068406420797055,2.6691862540488773,0.5316859227488219,1.1611903771533785,0.6490342815300134,false,49.994719417198844,0.27084283607010556,false,false,false,false
sim,4005,kp40_kd0.5,40.0,0.5,t27_tracking_lag_b1_diag_20260506_134153_4005.csv,6,swing,opposite_leg,right,left,ankle_roll,33,0.3200185298919678,3.030378170142607,31.25077487959563,15.625387439797816,3.030378170142607,0.456032,0.3099158,0.6795922215984843,1.6658341802451007,1.5250119384826664,0.12013462578950392,walking_residual_candidate,5.704568580371282,5.704568580371282,5.710990781417613,2.674190410228675,0.5312195177335172,0.7499679066977651,-1.2495732093134653,false,29.996831650319308,0.3558176815364681,false,false,false,false
sim,4005,kp40_kd0.5,40.0,0.5,t27_tracking_lag_b1_diag_20260506_134153_4005.csv,6,touchdown,landing_leg,right,right,ankle_pitch,15,0.1399374008178711,6.666831974313735,35.71517129096644,17.85758564548322,6.666831974313735,0.0679547,0.04442600000000002,0.6537590483071813,0.9631203096521046,0.3173364399544951,0.13615311312084638,walking_residual_candidate,5.698890455778904,5.698890455778904,5.71152776480133,0.9679415185348308,1.169847363455337,0.964169944768814,-0.15846410526208687,false,49.994719417198844,0.312471701326361,true,false,false,false
sim,4005,kp40_kd0.5,40.0,0.5,t27_tracking_lag_b1_diag_20260506_134153_4005.csv,6,touchdown,landing_leg,right,right,ankle_roll,15,0.1399374008178711,6.666831974313735,35.71517129096644,17.85758564548322,6.666831974313735,0.197284,0.0153078,0.07759270898805783,1.6291118232661426,0.13472691205406107,0.21915593253931778,walking_residual_candidate,7.130436116807874,7.130436116807874,8.588450648329458,0.4636041424941393,0.9349823580353899,1.3751557841322217,1.3835189988020233,false,29.996831650319308,0.33216002054833965,true,false,false,false
sim,4005,kp40_kd0.5,40.0,0.5,t27_tracking_lag_b1_diag_20260506_134153_4005.csv,6,touchdown,stance_leg,right,left,ankle_pitch,15,0.1399374008178711,6.666831974313735,14.286068516386575,7.143034258193287,6.666831974313735,0.06953199999999998,0.03064800000000001,0.4407754702870623,0.5371418901476184,0.42151759461024474,0.02036664060009243,walking_residual_candidate,5.699564424191484,5.699564424191484,5.7068406420797055,0.9672675501222505,1.169709030047408,1.1611903771533785,0.6490342815300134,false,49.994719417198844,0.27084283607010556,true,false,false,false
sim,4005,kp40_kd0.5,40.0,0.5,t27_tracking_lag_b1_diag_20260506_134153_4005.csv,6,touchdown,stance_leg,right,left,ankle_roll,15,0.1399374008178711,6.666831974313735,21.429102774579864,10.714551387289932,6.666831974313735,0.01958623,0.02609241,1.3321813335184975,0.2004974000111719,0.19097052092999175,0.006851499905966603,walking_residual_candidate,5.704568580371282,5.704568580371282,5.710990781417613,0.962263393942453,1.1686829390137377,0.7499679066977651,-1.2495732093134653,false,29.996831650319308,0.3558176815364681,true,true,false,false
sim,5008,kp50_kd0.8,50.0,0.8,t27_tracking_lag_b1_diag_20260506_134417_5008.csv,1,swing,event_leg,left,left,ankle_pitch,33,0.3199729919433594,3.030667204256789,3.1253755543898136,1.5626877771949068,3.030667204256789,0.14706199999999997,0.232933,1.5839101875399495,0.6289787049453954,1.309688626067051,0.17279969986637445,walking_residual_candidate,5.694025014703751,5.694025014703751,5.7016951909784925,2.663357810446962,0.5322539322238065,1.1487675427254669,0.6023215651664446,false,49.98799309740741,0.269827543008001,false,true,false,false
sim,5008,kp50_kd0.8,50.0,0.8,t27_tracking_lag_b1_diag_20260506_134417_5008.csv,1,swing,event_leg,left,left,ankle_roll,33,0.3199729919433594,3.030667204256789,18.75225332633888,9.37612666316944,3.030667204256789,0.6196543,0.25645,0.41385979246815524,2.886855643130336,0.9505524712022508,0.24272018015742527,walking_residual_candidate,5.695967573156199,5.695967573156199,5.708096336550314,2.6653003688994104,0.5320724118128121,0.8914034995448894,-0.4992566525763772,false,79.98078895585185,0.4104999448532436,false,false,false,false
sim,5008,kp50_kd0.8,50.0,0.8,t27_tracking_lag_b1_diag_20260506_134417_5008.csv,1,swing,opposite_leg,left,right,ankle_pitch,33,0.3199729919433594,3.030667204256789,18.75225332633888,9.37612666316944,3.030667204256789,0.539892,0.15463699999999997,0.28642209923466166,3.6105776077066145,0.605532137536363,0.17852984082077217,walking_residual_candidate,5.710881066320011,5.710881066320011,5.720554338084288,2.6802138620632223,0.530682948753772,0.9788039564724793,-0.09304283833230848,false,49.98799309740741,0.38509034014765614,false,false,false,false
sim,5008,kp50_kd0.8,50.0,0.8,t27_tracking_lag_b1_diag_20260506_134417_5008.csv,1,swing,opposite_leg,left,right,ankle_roll,33,0.3199729919433594,3.030667204256789,21.877628880728693,10.938814440364347,3.030667204256789,0.27495349999999996,0.032759300000000005,0.11914487358771578,1.315963098776289,0.1584763742408317,0.11611087311959913,walking_residual_candidate,7.1226416388028335,7.1226416388028335,8.566718389222746,4.091974434546044,0.4254976394918249,1.6154650855417008,2.082975762066899,false,29.992795858444442,0.368103420222808,false,false,false,false
sim,5008,kp50_kd0.8,50.0,0.8,t27_tracking_lag_b1_diag_20260506_134417_5008.csv,1,touchdown,landing_leg,left,left,ankle_pitch,14,0.13000774383544922,28.57486221156401,0.0,0.0,7.143715552891003,0.0,0.054179000000000005,,0.0,0.4168116237816264,0.21699431346202858,walking_residual_candidate,5.694025014703751,5.694025014703751,5.7016951909784925,22.88083719686026,5.018394218110175,1.1487675427254669,0.6023215651664446,false,49.98799309740741,0.269827543008001,false,false,false,false
sim,5008,kp50_kd0.8,50.0,0.8,t27_tracking_lag_b1_diag_20260506_134417_5008.csv,1,touchdown,landing_leg,left,left,ankle_roll,14,0.13000774383544922,7.143715552891003,23.079696401647855,11.539848200823927,7.143715552891003,0.048649,0.031671000000000005,0.6510102982589572,0.5367414195167225,0.42725903301943874,0.14503610313051615,walking_residual_candidate,5.695967573156199,5.695967573156199,5.708096336550314,1.4477479797348032,1.2541706849873426,0.8914034995448894,-0.4992566525763772,false,79.98078895585185,0.4104999448532436,false,false,false,false
sim,5008,kp50_kd0.8,50.0,0.8,t27_tracking_lag_b1_diag_20260506_134417_5008.csv,1,touchdown,stance_leg,left,right,ankle_pitch,14,0.13000774383544922,7.143715552891003,0.0,0.0,7.143715552891003,0.09874500000000003,0.09272699999999998,0.9390551420325075,0.7596682070602393,0.7133703360785333,0.030226614304048584,walking_residual_candidate,5.710881066320011,5.710881066320011,5.720554338084288,1.4328344865709912,1.2508955220624625,0.9788039564724793,-0.09304283833230848,false,49.98799309740741,0.38509034014765614,false,false,false,false
sim,5008,kp50_kd0.8,50.0,0.8,t27_tracking_lag_b1_diag_20260506_134417_5008.csv,1,touchdown,stance_leg,left,right,ankle_roll,14,0.13000774383544922,7.143715552891003,7.693232133882618,3.846616066941309,7.143715552891003,0.034094280000000005,0.01994467,0.5849858099364468,0.2778852376676193,0.18811060392770282,0.009682987497739456,walking_residual_candidate,7.1226416388028335,7.1226416388028335,8.566718389222746,0.021073914088169055,1.0029587216593014,1.6154650855417008,2.082975762066899,false,29.992795858444442,0.368103420222808,true,false,false,false
sim,5008,kp50_kd0.8,50.0,0.8,t27_tracking_lag_b1_diag_20260506_134417_5008.csv,2,swing,event_leg,right,right,ankle_pitch,32,0.3101663589477539,3.1253755543898136,25.809552965283622,12.904776482641811,3.1253755543898136,0.2358601,0.120589,0.5112734201333757,2.290898184341555,1.0707802810354454,0.07195840694423107,walking_residual_candidate,5.710881066320011,5.710881066320011,5.720554338084288,2.5855055119301977,0.5472667909023273,0.9788039564724793,-0.09304283833230848,false,49.98799309740741,0.38509034014765614,false,false,false,false
sim,5008,kp50_kd0.8,50.0,0.8,t27_tracking_lag_b1_diag_20260506_134417_5008.csv,2,swing,event_leg,right,right,ankle_roll,32,0.3101663589477539,3.1253755543898136,22.58335884462317,11.291679422311585,3.1253755543898136,0.2604515,0.1446837,0.5555111028348848,2.038667230361255,0.8538042730713696,0.04638041796614782,walking_residual_candidate,7.1226416388028335,7.1226416388028335,8.566718389222746,3.99726608441302,0.4387944407259444,1.6154650855417008,2.082975762066899,false,29.992795858444442,0.368103420222808,false,false,false,false
sim,5008,kp50_kd0.8,50.0,0.8,t27_tracking_lag_b1_diag_20260506_134417_5008.csv,2,swing,opposite_leg,right,left,ankle_pitch,32,0.3101663589477539,3.1253755543898136,12.904776482641811,6.4523882413209055,3.1253755543898136,0.7212989999999999,0.15066500000000002,0.20888008994882848,4.882115681748326,1.1210476116294563,0.21680650300451523,walking_residual_candidate,5.694025014703751,5.694025014703751,5.7016951909784925,2.5686494603139374,0.5488868676058004,1.1487675427254669,0.6023215651664446,false,49.98799309740741,0.269827543008001,false,false,false,false
sim,5008,kp50_kd0.8,50.0,0.8,t27_tracking_lag_b1_diag_20260506_134417_5008.csv,2,swing,opposite_leg,right,left,ankle_roll,32,0.3101663589477539,3.1253755543898136,22.58335884462317,11.291679422311585,3.1253755543898136,0.4382875,0.28414839999999997,0.6483150899808915,1.8905348754997402,1.4553629452411316,0.10061414310417481,walking_residual_candidate,5.695967573156199,5.695967573156199,5.708096336550314,2.5705920187663858,0.5486996746819625,0.8914034995448894,-0.4992566525763772,false,79.98078895585185,0.4104999448532436,false,false,false,false
sim,5008,kp50_kd0.8,50.0,0.8,t27_tracking_lag_b1_diag_20260506_134417_5008.csv,2,touchdown,landing_leg,right,right,ankle_pitch,16,0.14995312690734863,6.250751108779627,13.334935698729872,6.667467849364936,6.250751108779627,0.38954,0.06165799999999999,0.15828412999948654,2.6443950916851864,0.4111027326561431,0.3335329084857393,walking_residual_candidate,5.710881066320011,5.710881066320011,5.720554338084288,0.5398700424596159,1.0945335818046547,0.9788039564724793,-0.09304283833230848,false,49.98799309740741,0.38509034014765614,true,false,false,false
sim,5008,kp50_kd0.8,50.0,0.8,t27_tracking_lag_b1_diag_20260506_134417_5008.csv,2,touchdown,landing_leg,right,right,ankle_roll,16,0.14995312690734863,6.250751108779627,6.667467849364936,3.333733924682468,6.250751108779627,0.2403026,0.012392199999999999,0.05156914656770255,1.7658495230457656,0.08262459508290015,0.1391294982699167,walking_residual_candidate,7.1226416388028335,7.1226416388028335,8.566718389222746,0.8718905300232063,0.8775888814518888,1.6154650855417008,2.082975762066899,false,29.992795858444442,0.368103420222808,true,false,false,false
sim,5008,kp50_kd0.8,50.0,0.8,t27_tracking_lag_b1_diag_20260506_134417_5008.csv,2,touchdown,stance_leg,right,left,ankle_pitch,16,0.14995312690734863,6.250751108779627,0.0,0.0,6.250751108779627,0.13466699999999998,0.07080700000000001,0.5257932529869978,0.8998281260145927,0.6074863306913382,0.032106098800500506,walking_residual_candidate,5.694025014703751,5.694025014703751,5.7016951909784925,0.5567260940758763,1.0977737352116008,1.1487675427254669,0.6023215651664446,false,49.98799309740741,0.269827543008001,true,false,false,false
sim,5008,kp50_kd0.8,50.0,0.8,t27_tracking_lag_b1_diag_20260506_134417_5008.csv,2,touchdown,stance_leg,right,left,ankle_roll,16,0.14995312690734863,6.250751108779627,13.334935698729872,6.667467849364936,6.250751108779627,0.0287677,0.0322094,1.1196376491690332,0.23405612487767655,0.21873428375983595,0.008780198916147317,walking_residual_candidate,5.695967573156199,5.695967573156199,5.708096336550314,0.5547835356234279,1.097399349363925,0.8914034995448894,-0.4992566525763772,false,79.98078895585185,0.4104999448532436,true,true,false,false
sim,5008,kp50_kd0.8,50.0,0.8,t27_tracking_lag_b1_diag_20260506_134417_5008.csv,3,swing,event_leg,left,left,ankle_pitch,34,0.3299577236175537,5.883059867086708,18.18400322554073,9.092001612770366,2.941529933543354,0.22626299999999996,0.19588000000000003,0.8657182128761665,2.746814913906097,1.053953918953954,0.08436874482643579,walking_residual_candidate,5.694025014703751,5.694025014703751,5.7016951909784925,0.1890348523829566,1.0331988096109184,1.1487675427254669,0.6023215651664446,false,49.98799309740741,0.269827543008001,true,false,false,false
sim,5008,kp50_kd0.8,50.0,0.8,t27_tracking_lag_b1_diag_20260506_134417_5008.csv,3,swing,event_leg,left,left,ankle_roll,34,0.3299577236175537,2.941529933543354,27.2760048383111,13.63800241915555,5.883059867086708,0.4465399,0.1832514,0.4103807968783977,1.9664253824112652,0.7078723327648173,0.1973003056199849,walking_residual_candidate,5.695967573156199,5.695967573156199,5.708096336550314,2.7544376396128456,0.5164232232300823,0.8914034995448894,-0.4992566525763772,false,79.98078895585185,0.4104999448532436,false,false,false,false
sim,5008,kp50_kd0.8,50.0,0.8,t27_tracking_lag_b1_diag_20260506_134417_5008.csv,3,swing,opposite_leg,left,right,ankle_pitch,34,0.3299577236175537,2.941529933543354,18.18400322554073,9.092001612770366,2.941529933543354,0.76,0.14440999999999998,0.19001315789473683,4.0401175937165545,0.8554573397439509,0.3741164574250562,walking_residual_candidate,5.710881066320011,5.710881066320011,5.720554338084288,2.7693511327766576,0.5150746267316021,0.9788039564724793,-0.09304283833230848,false,49.98799309740741,0.38509034014765614,false,false,false,false
sim,5008,kp50_kd0.8,50.0,0.8,t27_tracking_lag_b1_diag_20260506_134417_5008.csv,3,swing,opposite_leg,left,right,ankle_roll,34,0.3299577236175537,2.941529933543354,15.153336021283945,7.576668010641972,2.941529933543354,0.3022863,0.06040252,0.19981891339435495,2.131977821137523,0.27549019462739366,0.10660831138641827,walking_residual_candidate,7.1226416388028335,7.1226416388028335,8.566718389222746,4.18111170525948,0.41298300303618296,1.6154650855417008,2.082975762066899,false,29.992795858444442,0.368103420222808,false,false,false,false
sim,5008,kp50_kd0.8,50.0,0.8,t27_tracking_lag_b1_diag_20260506_134417_5008.csv,3,touchdown,landing_leg,left,left,ankle_pitch,16,0.1499946117401123,6.250751108779627,6.667467849364936,3.333733924682468,6.250751108779627,0.463875,0.103883,0.22394610617084346,3.280287502401958,0.6926365625955776,0.2708930040965817,walking_residual_candidate,5.694025014703751,5.694025014703751,5.7016951909784925,0.5567260940758763,1.0977737352116008,1.1487675427254669,0.6023215651664446,false,49.98799309740741,0.269827543008001,true,false,false,false
sim,5008,kp50_kd0.8,50.0,0.8,t27_tracking_lag_b1_diag_20260506_134417_5008.csv,3,touchdown,landing_leg,left,left,ankle_roll,16,0.1499946117401123,12.501502217559255,26.669871397459744,13.334935698729872,6.250751108779627,0.04624299999999998,0.2463314,5.32689055640854,0.9103160529416441,1.6597087688581555,0.21268910540078798,walking_residual_candidate,5.695967573156199,5.695967573156199,5.708096336550314,6.805534644403055,2.19479869872785,0.8914034995448894,-0.4992566525763772,false,79.98078895585185,0.4104999448532436,false,true,false,false
sim,5008,kp50_kd0.8,50.0,0.8,t27_tracking_lag_b1_diag_20260506_134417_5008.csv,3,touchdown,stance_leg,left,right,ankle_pitch,16,0.1499946117401123,6.250751108779627,0.0,0.0,6.250751108779627,0.174639,0.11852599999999996,0.6786914721224925,1.1643999177452429,0.7902682943138282,0.037786614041052956,walking_residual_candidate,5.710881066320011,5.710881066320011,5.720554338084288,0.5398700424596159,1.0945335818046547,0.9788039564724793,-0.09304283833230848,false,49.98799309740741,0.38509034014765614,true,false,false,false
sim,5008,kp50_kd0.8,50.0,0.8,t27_tracking_lag_b1_diag_20260506_134417_5008.csv,3,touchdown,stance_leg,left,right,ankle_roll,16,0.1499946117401123,6.250751108779627,26.669871397459744,13.334935698729872,6.250751108779627,0.014889920000000001,0.01200274,0.8060983537856482,0.26474047866723893,0.13735517167119718,0.005779636468786159,walking_residual_candidate,7.1226416388028335,7.1226416388028335,8.566718389222746,0.8718905300232063,0.8775888814518888,1.6154650855417008,2.082975762066899,false,29.992795858444442,0.368103420222808,true,false,false,false
sim,5008,kp50_kd0.8,50.0,0.8,t27_tracking_lag_b1_diag_20260506_134417_5008.csv,4,swing,event_leg,right,right,ankle_pitch,33,0.3200070858001709,3.030667204256789,18.75225332633888,9.37612666316944,3.030667204256789,0.6640029999999999,0.2983538,0.44932598196092494,3.787261338547378,1.6108391882111688,0.3574155137573642,walking_residual_candidate,5.710881066320011,5.710881066320011,5.720554338084288,2.6802138620632223,0.530682948753772,0.9788039564724793,-0.09304283833230848,false,49.98799309740741,0.38509034014765614,false,false,false,false
sim,5008,kp50_kd0.8,50.0,0.8,t27_tracking_lag_b1_diag_20260506_134417_5008.csv,4,swing,event_leg,right,right,ankle_roll,33,0.3200070858001709,3.030667204256789,28.12837998950832,14.06418999475416,3.030667204256789,0.23545539999999998,0.04444382,0.1887568516160598,1.535771480352902,0.2916759548972293,0.06673454984914683,walking_residual_candidate,7.1226416388028335,7.1226416388028335,8.566718389222746,4.091974434546044,0.4254976394918249,1.6154650855417008,2.082975762066899,false,29.992795858444442,0.368103420222808,false,false,false,false
sim,5008,kp50_kd0.8,50.0,0.8,t27_tracking_lag_b1_diag_20260506_134417_5008.csv,4,swing,opposite_leg,right,left,ankle_pitch,33,0.3200070858001709,3.030667204256789,12.501502217559255,6.250751108779627,3.030667204256789,0.685403,0.163205,0.2381153861304955,4.078815122514187,1.4029248296056085,0.4182149987610958,walking_residual_candidate,5.694025014703751,5.694025014703751,5.7016951909784925,2.663357810446962,0.5322539322238065,1.1487675427254669,0.6023215651664446,false,49.98799309740741,0.269827543008001,false,false,false,false
sim,5008,kp50_kd0.8,50.0,0.8,t27_tracking_lag_b1_diag_20260506_134417_5008.csv,4,swing,opposite_leg,right,left,ankle_roll,33,0.3200070858001709,3.030667204256789,21.877628880728693,10.938814440364347,3.030667204256789,0.44579176,0.29324612,0.657809646369417,1.4735480659029998,1.1547110034965904,0.09855346380958556,walking_residual_candidate,5.695967573156199,5.695967573156199,5.708096336550314,2.6653003688994104,0.5320724118128121,0.8914034995448894,-0.4992566525763772,false,79.98078895585185,0.4104999448532436,false,false,false,false
sim,5008,kp50_kd0.8,50.0,0.8,t27_tracking_lag_b1_diag_20260506_134417_5008.csv,4,touchdown,landing_leg,right,right,ankle_pitch,15,0.13998699188232422,6.667467849364936,21.431146658673008,10.715573329336504,6.667467849364936,0.08229899999999996,0.06289299999999998,0.7642012661150197,0.8571315668980731,0.44928970226797366,0.6112340037089451,walking_residual_candidate,5.710881066320011,5.710881066320011,5.720554338084288,0.9565867830449246,1.1675024872582982,0.9788039564724793,-0.09304283833230848,false,49.98799309740741,0.38509034014765614,true,false,false,false
sim,5008,kp50_kd0.8,50.0,0.8,t27_tracking_lag_b1_diag_20260506_134417_5008.csv,4,touchdown,landing_leg,right,right,ankle_roll,15,0.13998699188232422,6.667467849364936,28.57486221156401,14.287431105782005,6.667467849364936,0.19783309999999998,0.023476900000000002,0.11867023263548923,1.7134287478195702,0.221489471974275,0.16988736429078727,walking_residual_candidate,7.1226416388028335,7.1226416388028335,8.566718389222746,0.45517378943789755,0.9360948068820149,1.6154650855417008,2.082975762066899,false,29.992795858444442,0.368103420222808,true,false,false,false
sim,5008,kp50_kd0.8,50.0,0.8,t27_tracking_lag_b1_diag_20260506_134417_5008.csv,4,touchdown,stance_leg,right,left,ankle_pitch,15,0.13998699188232422,6.667467849364936,21.431146658673008,10.715573329336504,6.667467849364936,0.04864600000000002,0.029521999999999993,0.606874152037166,0.4857226515877177,0.2972428604402418,0.01630723996879914,walking_residual_candidate,5.694025014703751,5.694025014703751,5.7016951909784925,0.973442834661185,1.1709586508923744,1.1487675427254669,0.6023215651664446,false,49.98799309740741,0.269827543008001,true,false,false,false
sim,5008,kp50_kd0.8,50.0,0.8,t27_tracking_lag_b1_diag_20260506_134417_5008.csv,4,touchdown,stance_leg,right,left,ankle_roll,15,0.13998699188232422,6.667467849364936,21.431146658673008,10.715573329336504,6.667467849364936,0.0322363,0.01551344,0.48124133352773113,0.28693940806115154,0.14937859263157177,0.008325055368753552,walking_residual_candidate,5.695967573156199,5.695967573156199,5.708096336550314,0.9715002762087366,1.1705593059881865,0.8914034995448894,-0.4992566525763772,false,79.98078895585185,0.4104999448532436,true,false,false,false
sim,5008,kp50_kd0.8,50.0,0.8,t27_tracking_lag_b1_diag_20260506_134417_5008.csv,5,swing,event_leg,left,left,ankle_pitch,33,0.3200843334197998,6.061334408513578,21.877628880728693,10.938814440364347,3.030667204256789,0.32056789999999996,0.186337,0.5812715496467364,3.4186351683342076,1.0473133482760266,0.09030560786671035,walking_residual_candidate,5.694025014703751,5.694025014703751,5.7016951909784925,0.3673093938098271,1.064507864447613,1.1487675427254669,0.6023215651664446,false,49.98799309740741,0.269827543008001,true,false,false,false
sim,5008,kp50_kd0.8,50.0,0.8,t27_tracking_lag_b1_diag_20260506_134417_5008.csv,5,swing,event_leg,left,left,ankle_roll,33,0.3200843334197998,3.030667204256789,25.00300443511851,12.501502217559255,6.061334408513578,0.5099772,0.1716083,0.33650190635973526,2.3576382695521962,0.7487877578062855,0.1816976482993684,walking_residual_candidate,5.695967573156199,5.695967573156199,5.708096336550314,2.6653003688994104,0.5320724118128121,0.8914034995448894,-0.4992566525763772,false,79.98078895585185,0.4104999448532436,false,false,false,false
sim,5008,kp50_kd0.8,50.0,0.8,t27_tracking_lag_b1_diag_20260506_134417_5008.csv,5,swing,opposite_leg,left,right,ankle_pitch,33,0.3200843334197998,3.030667204256789,25.00300443511851,12.501502217559255,3.030667204256789,0.76,0.134465,0.17692763157894736,2.9315991446420906,1.198890937288378,0.5451292809901479,walking_residual_candidate,5.710881066320011,5.710881066320011,5.720554338084288,2.6802138620632223,0.530682948753772,0.9788039564724793,-0.09304283833230848,false,49.98799309740741,0.38509034014765614,false,false,false,false
sim,5008,kp50_kd0.8,50.0,0.8,t27_tracking_lag_b1_diag_20260506_134417_5008.csv,5,swing,opposite_leg,left,right,ankle_roll,33,0.3200843334197998,3.030667204256789,28.12837998950832,14.06418999475416,3.030667204256789,0.3101967,0.10567402000000001,0.3406677762851765,1.8755786250865567,0.6999658599723402,0.13581038723752384,walking_residual_candidate,7.1226416388028335,7.1226416388028335,8.566718389222746,4.091974434546044,0.4254976394918249,1.6154650855417008,2.082975762066899,false,29.992795858444442,0.368103420222808,false,false,false,false
sim,5008,kp50_kd0.8,50.0,0.8,t27_tracking_lag_b1_diag_20260506_134417_5008.csv,5,touchdown,landing_leg,left,left,ankle_pitch,14,0.13001465797424316,7.143715552891003,15.386464267765236,7.693232133882618,7.143715552891003,0.378156,0.07130700000000001,0.18856503665154067,3.3353700187162736,0.5485813037707679,0.22757114306991033,walking_residual_candidate,5.694025014703751,5.694025014703751,5.7016951909784925,1.4496905381872516,1.2545985545275438,1.1487675427254669,0.6023215651664446,false,49.98799309740741,0.269827543008001,false,false,false,false
sim,5008,kp50_kd0.8,50.0,0.8,t27_tracking_lag_b1_diag_20260506_134417_5008.csv,5,touchdown,landing_leg,left,left,ankle_roll,14,0.13001465797424316,7.143715552891003,30.772928535530472,15.386464267765236,7.143715552891003,0.02826200000000001,0.172216,6.093553180949684,0.3644668723426899,1.324897665168729,0.18302302938818538,walking_residual_candidate,5.695967573156199,5.695967573156199,5.708096336550314,1.4477479797348032,1.2541706849873426,0.8914034995448894,-0.4992566525763772,false,79.98078895585185,0.4104999448532436,false,true,false,false
sim,5008,kp50_kd0.8,50.0,0.8,t27_tracking_lag_b1_diag_20260506_134417_5008.csv,5,touchdown,stance_leg,left,right,ankle_pitch,14,0.13001465797424316,7.143715552891003,0.0,0.0,7.143715552891003,0.130418,0.08714699999999997,0.6682129767363398,1.0033359484367033,0.6704421007714683,0.034753377383664866,walking_residual_candidate,5.710881066320011,5.710881066320011,5.720554338084288,1.4328344865709912,1.2508955220624625,0.9788039564724793,-0.09304283833230848,false,49.98799309740741,0.38509034014765614,false,false,false,false
sim,5008,kp50_kd0.8,50.0,0.8,t27_tracking_lag_b1_diag_20260506_134417_5008.csv,5,touchdown,stance_leg,left,right,ankle_roll,14,0.13001465797424316,7.143715552891003,46.15939280329571,23.079696401647855,7.143715552891003,0.020009930000000002,0.011751580000000001,0.5872874118000413,0.2526361267365378,0.17369579487844694,0.007597937751579085,walking_residual_candidate,7.1226416388028335,7.1226416388028335,8.566718389222746,0.021073914088169055,1.0029587216593014,1.6154650855417008,2.082975762066899,false,29.992795858444442,0.368103420222808,true,false,false,false
sim,5008,kp50_kd0.8,50.0,0.8,t27_tracking_lag_b1_diag_20260506_134417_5008.csv,6,swing,event_leg,right,right,ankle_pitch,33,0.3200559616088867,3.030667204256789,25.00300443511851,12.501502217559255,3.030667204256789,0.6525540000000001,0.33609089000000003,0.515039199821011,3.729570968801565,1.6319141581420196,0.20560263246843244,walking_residual_candidate,5.710881066320011,5.710881066320011,5.720554338084288,2.6802138620632223,0.530682948753772,0.9788039564724793,-0.09304283833230848,false,49.98799309740741,0.38509034014765614,false,false,false,false
sim,5008,kp50_kd0.8,50.0,0.8,t27_tracking_lag_b1_diag_20260506_134417_5008.csv,6,swing,event_leg,right,right,ankle_roll,33,0.3200559616088867,3.030667204256789,34.37913109828795,17.189565549143975,3.030667204256789,0.364324,0.0324872,0.08917117730371868,2.783965904594401,0.2523913593437932,0.06370990225710521,walking_residual_candidate,7.1226416388028335,7.1226416388028335,8.566718389222746,4.091974434546044,0.4254976394918249,1.6154650855417008,2.082975762066899,false,29.992795858444442,0.368103420222808,false,false,false,false
sim,5008,kp50_kd0.8,50.0,0.8,t27_tracking_lag_b1_diag_20260506_134417_5008.csv,6,swing,opposite_leg,right,left,ankle_pitch,33,0.3200559616088867,3.030667204256789,9.37612666316944,4.68806333158472,3.030667204256789,0.715622,0.14190599999999998,0.19829742517697888,4.319640935857695,1.3698896099957076,0.4069291601958108,walking_residual_candidate,5.694025014703751,5.694025014703751,5.7016951909784925,2.663357810446962,0.5322539322238065,1.1487675427254669,0.6023215651664446,false,49.98799309740741,0.269827543008001,false,false,false,false
sim,5008,kp50_kd0.8,50.0,0.8,t27_tracking_lag_b1_diag_20260506_134417_5008.csv,6,swing,opposite_leg,right,left,ankle_roll,33,0.3200559616088867,3.030667204256789,18.75225332633888,9.37612666316944,3.030667204256789,0.4394727,0.3053837,0.694886622081417,1.5078357485125664,1.226580202012494,0.09309948345505582,walking_residual_candidate,5.695967573156199,5.695967573156199,5.708096336550314,2.6653003688994104,0.5320724118128121,0.8914034995448894,-0.4992566525763772,false,79.98078895585185,0.4104999448532436,false,false,false,false
sim,5008,kp50_kd0.8,50.0,0.8,t27_tracking_lag_b1_diag_20260506_134417_5008.csv,6,touchdown,landing_leg,right,right,ankle_pitch,15,0.14000558853149414,6.667467849364936,28.57486221156401,14.287431105782005,6.667467849364936,0.11505526,0.02498700000000001,0.2171739040874794,1.7859393180474579,0.17850002052008754,0.2773030380471741,walking_residual_candidate,5.710881066320011,5.710881066320011,5.720554338084288,0.9565867830449246,1.1675024872582982,0.9788039564724793,-0.09304283833230848,false,49.98799309740741,0.38509034014765614,true,false,false,false
sim,5008,kp50_kd0.8,50.0,0.8,t27_tracking_lag_b1_diag_20260506_134417_5008.csv,6,touchdown,landing_leg,right,right,ankle_roll,15,0.14000558853149414,6.667467849364936,7.143715552891003,3.5718577764455013,6.667467849364936,0.22702340000000004,0.0229884,0.1012600463212162,1.6476279838618915,0.18764183331312206,0.17394711038991134,walking_residual_candidate,7.1226416388028335,7.1226416388028335,8.566718389222746,0.45517378943789755,0.9360948068820149,1.6154650855417008,2.082975762066899,false,29.992795858444442,0.368103420222808,true,false,false,false
sim,5008,kp50_kd0.8,50.0,0.8,t27_tracking_lag_b1_diag_20260506_134417_5008.csv,6,touchdown,stance_leg,right,left,ankle_pitch,15,0.14000558853149414,6.667467849364936,21.431146658673008,10.715573329336504,6.667467849364936,0.03656899999999996,0.04130600000000001,1.1295359457463987,0.34677024036843485,0.37435926983370016,0.015895044684848595,walking_residual_candidate,5.694025014703751,5.694025014703751,5.7016951909784925,0.973442834661185,1.1709586508923744,1.1487675427254669,0.6023215651664446,false,49.98799309740741,0.269827543008001,true,true,false,false
sim,5008,kp50_kd0.8,50.0,0.8,t27_tracking_lag_b1_diag_20260506_134417_5008.csv,6,touchdown,stance_leg,right,left,ankle_roll,15,0.14000558853149414,6.667467849364936,7.143715552891003,3.5718577764455013,6.667467849364936,0.0306563,0.015334546,0.5002086357453444,0.2694802386870414,0.13778617108041122,0.0076707562040175935,walking_residual_candidate,5.695967573156199,5.695967573156199,5.708096336550314,0.9715002762087366,1.1705593059881865,0.8914034995448894,-0.4992566525763772,false,79.98078895585185,0.4104999448532436,true,false,false,false
