dataset,case_label,diag_csv,step_index,touchdown_side,window,side,axis,touchdown_time_sec,lag_samples,lag_ms,corr,raw_sample_count,aligned_sample_count,target_range_rad,joint_range_rad,target_path_rad,joint_path_rad,joint_hp_rms_rad,joint_vel_rms_radps,joint_direction_change_rate_hz,joint_extrema_rate_hz,joint_dominant_freq_hz,aligned_tracking_err_rms_rad,aligned_tracking_err_hp_rms_rad,aligned_tracking_err_path_rad
real,25/0.4 all_ankles,t27_tracking_lag_b1_diag_20260430_100024.csv,1,left,swing,left,roll,1777514424.878831,5,49.997568130493164,0.63124208682104,33,28,0.6296726,0.06318111,1.1389901999999998,0.13788741000000004,0.0034327809996890376,0.6214375104908355,11.11165155284275,11.11165155284275,7.143204569684625,0.3278422431567948,0.030864361101652412,1.0886758099999998
real,25/0.4 all_ankles,t27_tracking_lag_b1_diag_20260430_100024.csv,1,left,swing,left,pitch,1777514424.878831,1,9.999513626098633,0.37100133007605074,33,32,0.641534,0.3154128,1.8624379999999998,0.38745149999999995,0.008561454442966058,2.250964595067339,6.451926708102242,6.451926708102242,3.1251519992370236,0.18946439496899398,0.0758453096940124,1.8597189000000005
real,25/0.4 all_ankles,t27_tracking_lag_b1_diag_20260430_100024.csv,1,left,swing,right,roll,1777514424.878831,20,199.99027252197266,0.6683149379550061,33,13,0.22325,0.019817599999999998,0.239473,0.039303199999999996,0.0028623283815818134,0.4086000528255331,16.667477329264123,8.333738664632062,7.69268184427575,0.2914091396352439,0.018590204713791265,0.2472608000000001
real,25/0.4 all_ankles,t27_tracking_lag_b1_diag_20260430_100024.csv,1,left,swing,right,pitch,1777514424.878831,12,119.9941635131836,0.7562918049974321,33,21,0.76,0.057759000000000005,1.688488,0.07021700000000003,0.0021715577696691797,0.4378107450783652,15.000729596337713,5.000243198779238,4.76213637978975,0.2993052436044458,0.0645983264620592,1.6886789999999998
real,25/0.4 all_ankles,t27_tracking_lag_b1_diag_20260430_100024.csv,1,left,touchdown,left,roll,1777514424.878831,0,0.0,0.011432187782624845,15,15,0.272561,0.1711163,0.27501500000000006,0.1711163,0.005091058419078019,1.3829404211244012,0.0,0.0,6.66699093170565,0.42375999989851104,0.016448718390448716,0.44367730000000005
real,25/0.4 all_ankles,t27_tracking_lag_b1_diag_20260430_100024.csv,1,left,touchdown,left,pitch,1777514424.878831,4,39.99805450439453,-0.18218788742653622,15,11,0.5299499999999999,0.212304,0.6526807999999998,0.21230400000000002,0.008376968693234833,2.2000078808995345,0.0,0.0,9.091351270507705,0.16322496982258455,0.05892095501466424,0.6359148000000001
real,25/0.4 all_ankles,t27_tracking_lag_b1_diag_20260430_100024.csv,1,left,touchdown,right,roll,1777514424.878831,2,19.999027252197266,0.06530354589484849,15,13,0.08544729999999999,0.1355592,0.09660039999999998,0.13555920000000002,0.004612881063295682,1.1785484834668298,0.0,0.0,7.69268184427575,0.02538289145098601,0.0052668318648968915,0.09655914000000002
real,25/0.4 all_ankles,t27_tracking_lag_b1_diag_20260430_100024.csv,1,left,touchdown,right,pitch,1777514424.878831,4,39.99805450439453,-0.3471114450999301,15,11,0.23532499999999998,0.04423899999999997,0.27793,0.07209099999999996,0.005713974335289196,0.8353948443191082,10.000486397558475,10.000486397558475,9.091351270507705,0.11956177802025042,0.02111303179747132,0.3058329999999999
real,25/0.4 all_ankles,t27_tracking_lag_b1_diag_20260430_100024.csv,2,right,swing,left,roll,1777514425.088886,13,129.99367713928223,0.303137596433407,33,20,0.22663100000000003,0.157726,0.5563330000000002,0.23300430000000005,0.005566543453999746,1.3803941212543098,5.263413893451829,0.0,5.000243198779238,0.40174946946485635,0.034169286495963,0.5267537000000001
real,25/0.4 all_ankles,t27_tracking_lag_b1_diag_20260430_100024.csv,2,right,swing,left,pitch,1777514425.088886,5,49.997568130493164,0.48544204859306317,33,28,0.5299499999999999,0.29349220000000004,1.6966228,0.35937720000000006,0.005971369747246729,1.5958217809479476,3.7038838509475833,3.7038838509475833,3.5716022848423123,0.2518192279384952,0.06276927029984217,1.6669188
real,25/0.4 all_ankles,t27_tracking_lag_b1_diag_20260430_100024.csv,2,right,swing,right,roll,1777514425.088886,1,9.999513626098633,0.2368513649093632,33,32,0.573896,0.20601419999999998,1.5192705000000002,0.4136890999999999,0.010815099564327094,2.087863195614377,9.677890062153363,6.451926708102242,3.1251519992370236,0.09469254453834298,0.06681496646368631,1.5255571799999998
real,25/0.4 all_ankles,t27_tracking_lag_b1_diag_20260430_100024.csv,2,right,swing,right,pitch,1777514425.088886,1,9.999513626098633,0.2997866648910775,33,32,0.533567,0.329162,1.9115089999999997,0.4331716000000001,0.009309271455437215,2.319107793410195,6.451926708102242,3.225963354051121,3.1251519992370236,0.13443487954974356,0.08347556764519096,2.013511
real,25/0.4 all_ankles,t27_tracking_lag_b1_diag_20260430_100024.csv,2,right,touchdown,left,roll,1777514425.088886,4,39.99805450439453,-0.06708727104260874,15,11,0.03155242,0.1394447,0.08959667,0.14732760000000003,0.008156050560759156,1.684349728838041,10.000486397558475,10.000486397558475,9.091351270507705,0.07414407915336552,0.009708739983467248,0.17408943
real,25/0.4 all_ankles,t27_tracking_lag_b1_diag_20260430_100024.csv,2,right,touchdown,left,pitch,1777514425.088886,4,39.99805450439453,-0.016466027820256447,15,11,0.09504000000000001,0.07092599999999999,0.2851459999999999,0.07927299999999998,0.005698984225708447,0.9571037880856815,10.000486397558475,0.0,9.091351270507705,0.1388647951485054,0.029220538402896973,0.2922689999999999
real,25/0.4 all_ankles,t27_tracking_lag_b1_diag_20260430_100024.csv,2,right,touchdown,right,roll,1777514425.088886,0,0.0,0.6101821533961039,15,15,0.305897,0.0376371,0.8094159999999999,0.07507669999999998,0.005598466196578491,0.7566893041534146,42.85922741810775,35.71602284842312,6.66699093170565,0.289622309526246,0.06386183632442799,0.8023123
real,25/0.4 all_ankles,t27_tracking_lag_b1_diag_20260430_100024.csv,2,right,touchdown,right,pitch,1777514425.088886,4,39.99805450439453,0.28576034544264944,15,11,0.3270229,0.036535099999999994,0.5848558,0.04265739999999999,0.003031561972930483,0.5252622984625042,10.000486397558475,0.0,9.091351270507705,0.23206853212665435,0.053520726899505586,0.5860357999999999
real,25/0.4 all_ankles,t27_tracking_lag_b1_diag_20260430_100024.csv,3,left,swing,left,roll,1777514425.4288707,20,199.99027252197266,0.22801678043662166,33,13,0.02911312,0.374813,0.06215882,0.38657140000000006,0.016690286794301377,3.963559583262833,8.333738664632062,8.333738664632062,7.69268184427575,0.13110888894320868,0.01613541159970406,0.3726759000000001
real,25/0.4 all_ankles,t27_tracking_lag_b1_diag_20260430_100024.csv,3,left,swing,left,pitch,1777514425.4288707,20,199.99027252197266,0.17230351456178572,33,13,0.08274999999999999,0.3444693,0.19033499999999998,0.3813453,0.018396752910338956,3.840103303338886,8.333738664632062,8.333738664632062,7.69268184427575,0.13349738961071642,0.023510796182056152,0.4256063
real,25/0.4 all_ankles,t27_tracking_lag_b1_diag_20260430_100024.csv,3,left,swing,right,roll,1777514425.4288707,5,49.997568130493164,0.23818415885677513,33,28,0.49657019999999996,0.0626345,0.7959582000000001,0.130384,0.00480268599595599,0.6852609218208977,22.2233031056855,18.519419254737915,3.5716022848423123,0.29649760677033965,0.02930370195457379,0.7903468
real,25/0.4 all_ankles,t27_tracking_lag_b1_diag_20260430_100024.csv,3,left,swing,right,pitch,1777514425.4288707,5,49.997568130493164,0.3017270146199057,33,28,0.602174,0.111359,0.95704,0.11550999999999996,0.0014445168461727944,0.5288438412729471,3.7038838509475833,0.0,3.5716022848423123,0.25200135665462053,0.05533395679227137,1.0479311999999998
real,25/0.4 all_ankles,t27_tracking_lag_b1_diag_20260430_100024.csv,3,left,touchdown,left,roll,1777514425.4288707,4,39.99805450439453,0.4513864346775285,15,11,0.464002,0.367388,0.776907,0.3951382,0.019633688763059827,4.620775823460705,10.000486397558475,10.000486397558475,9.091351270507705,0.5393351518239603,0.06027670554940071,0.703534088
real,25/0.4 all_ankles,t27_tracking_lag_b1_diag_20260430_100024.csv,3,left,touchdown,left,pitch,1777514425.4288707,4,39.99805450439453,0.2729341934962733,15,11,0.07503699999999996,0.2170377,0.15259199999999984,0.2724857,0.016638167565650154,3.0435152198013533,10.000486397558475,10.000486397558475,9.091351270507705,0.5152903738032579,0.023111580113832932,0.27248570000000005
real,25/0.4 all_ankles,t27_tracking_lag_b1_diag_20260430_100024.csv,3,left,touchdown,right,roll,1777514425.4288707,4,39.99805450439453,0.32104270697529996,15,11,0.19681477,0.0663021,0.44264163999999995,0.11247950000000001,0.010743696533989959,1.4843409582425309,10.000486397558475,10.000486397558475,9.091351270507705,0.06339122991275464,0.04681173920697765,0.44769394
real,25/0.4 all_ankles,t27_tracking_lag_b1_diag_20260430_100024.csv,3,left,touchdown,right,pitch,1777514425.4288707,0,0.0,-0.5528573843674732,15,15,0.7419709999999999,0.116448,0.8622859999999997,0.15187999999999996,0.00700110485779315,1.3050695501490428,7.143204569684625,0.0,6.66699093170565,0.22687154878938437,0.07201060205877823,0.9871739999999999
real,25/0.4 all_ankles,t27_tracking_lag_b1_diag_20260430_100024.csv,4,right,swing,left,roll,1777514425.7888448,5,49.997568130493164,0.4746179087960005,33,28,0.6192342,0.410462,0.7216302000000002,0.6179701000000001,0.011692637775775715,2.7821894305173362,11.11165155284275,11.11165155284275,3.5716022848423123,0.33917421367859507,0.014793120941119925,0.5930772999999999
real,25/0.4 all_ankles,t27_tracking_lag_b1_diag_20260430_100024.csv,4,right,swing,left,pitch,1777514425.7888448,3,29.9985408782959,0.38617814130604305,33,30,0.25523999999999997,0.305515,0.3378169999999999,0.3692274999999998,0.007475818779674007,1.9220671754670708,3.4484435853649913,0.0,3.333495465852825,0.34141349319149666,0.021505785055465517,0.5253029
real,25/0.4 all_ankles,t27_tracking_lag_b1_diag_20260430_100024.csv,4,right,swing,right,roll,1777514425.7888448,0,0.0,0.20966347197218616,33,33,0.2951728,0.1219535,0.7589889999999999,0.2821899,0.0044626972152873685,1.0449155607476792,15.625759996185117,12.500607996948094,3.030450423502568,0.06132075795755817,0.03289349460917961,0.8397906
real,25/0.4 all_ankles,t27_tracking_lag_b1_diag_20260430_100024.csv,4,right,swing,right,pitch,1777514425.7888448,20,199.99027252197266,0.49804904190236704,33,13,0.125969,0.3452978,0.22448,0.34717380000000003,0.030235240401534007,4.769959703166209,8.333738664632062,8.333738664632062,7.69268184427575,0.10099580322889279,0.03116555966682701,0.4771198000000001
real,25/0.4 all_ankles,t27_tracking_lag_b1_diag_20260430_100024.csv,4,right,touchdown,left,roll,1777514425.7888448,0,0.0,-0.1423773188361535,14,14,0.10939289999999999,0.38331899999999997,0.30232696,0.439476,0.017763693770499234,3.7509945971125527,7.69268184427575,7.69268184427575,7.143204569684625,0.17686965289910517,0.030452157982444574,0.65139376
real,25/0.4 all_ankles,t27_tracking_lag_b1_diag_20260430_100024.csv,4,right,touchdown,left,pitch,1777514425.7888448,3,29.9985408782959,0.512776277427897,14,11,0.10469600000000001,0.1966567,0.18371900000000002,0.1966567,0.010540065375204168,2.13658769518639,0.0,0.0,9.091351270507705,0.14107466787952463,0.014206951343754578,0.1661561
real,25/0.4 all_ankles,t27_tracking_lag_b1_diag_20260430_100024.csv,4,right,touchdown,right,roll,1777514425.7888448,0,0.0,0.18974630180858063,14,14,0.42764749999999996,0.048799800000000004,1.2367264999999998,0.089464728,0.005312365582664751,0.8070327506383485,15.3853636885515,15.3853636885515,14.28640913936925,0.21975693987722975,0.08334332432311613,1.2204156599999998
real,25/0.4 all_ankles,t27_tracking_lag_b1_diag_20260430_100024.csv,4,right,touchdown,right,pitch,1777514425.7888448,0,0.0,0.0,14,14,0.0,0.29163700000000004,0.0,0.2955304000000001,0.026341478608632018,3.5815604973663397,15.3853636885515,15.3853636885515,7.143204569684625,0.4769853500393189,0.026341478608631997,0.2955304000000001
real,25/0.4 all_ankles,t27_tracking_lag_b1_diag_20260430_100024.csv,5,left,swing,left,roll,1777514426.0589106,18,179.9912452697754,0.28949530472249174,32,14,0.10939289999999999,0.343537,0.32653043,0.35457299999999997,0.011519842819322943,3.015816485378622,7.69268184427575,7.69268184427575,7.143204569684625,0.14363817356345573,0.024706622200758217,0.40192455000000005
real,25/0.4 all_ankles,t27_tracking_lag_b1_diag_20260430_100024.csv,5,left,swing,left,pitch,1777514426.0589106,8,79.99610900878906,0.21869116256262436,32,24,0.19390599999999997,0.3726162,0.4553519999999999,0.4093292000000001,0.005613161785552999,1.9734985545908437,4.348037564155859,4.348037564155859,4.166869332316031,0.0834415071984561,0.02057187734556298,0.48327039999999977
real,25/0.4 all_ankles,t27_tracking_lag_b1_diag_20260430_100024.csv,5,left,swing,right,roll,1777514426.0589106,5,49.997568130493164,0.2927264069030096,32,27,0.5402462,0.0436193,1.9809721999999998,0.134585528,0.003570890243358675,0.6130911109272881,26.924386454965124,26.924386454965124,3.7038838509475833,0.2290874817379217,0.07306304939584962,1.9401088921999996
real,25/0.4 all_ankles,t27_tracking_lag_b1_diag_20260430_100024.csv,5,left,swing,right,pitch,1777514426.0589106,0,0.0,0.0,32,32,0.0,0.539007,0.0,0.5579764000000002,0.017260519231157196,3.4056255400077307,16.129816770255605,16.129816770255605,3.1251519992370236,0.49743449200792517,0.0172605192311572,0.5579764
real,25/0.4 all_ankles,t27_tracking_lag_b1_diag_20260430_100024.csv,5,left,touchdown,left,roll,1777514426.0589106,0,0.0,0.13114262607586466,16,16,0.662844,0.2028917,0.8853552,0.3409414,0.017455081277886635,2.869515794173065,20.00097279511695,13.3339818634113,6.250303998474047,0.39205802911186793,0.046434973820772975,0.9488901999999999
real,25/0.4 all_ankles,t27_tracking_lag_b1_diag_20260430_100024.csv,5,left,touchdown,left,pitch,1777514426.0589106,0,0.0,0.15723761658501603,16,16,0.120836,0.4805733,0.30010499999999996,0.4805733,0.012897551843974677,4.174846689412095,0.0,0.0,6.250303998474047,0.31480498675474616,0.029179359933651255,0.6225302999999998
real,25/0.4 all_ankles,t27_tracking_lag_b1_diag_20260430_100024.csv,5,left,touchdown,right,roll,1777514426.0589106,1,9.999513626098633,0.10250689604340911,16,15,0.41580399999999995,0.0765055,0.99525428,0.07832689999999998,0.00584270788835026,0.8691929317830687,14.28640913936925,14.28640913936925,6.66699093170565,0.10994086712108775,0.06267085049292123,0.9856513799999999
real,25/0.4 all_ankles,t27_tracking_lag_b1_diag_20260430_100024.csv,5,left,touchdown,right,pitch,1777514426.0589106,0,0.0,0.08212256854974682,16,16,0.32997639999999995,0.27297499999999997,0.8346197999999998,0.272975,0.011122582123426927,2.2575708206749288,0.0,0.0,6.250303998474047,0.42898160682416653,0.07055614823106138,0.9374902
real,25/0.4 all_ankles,t27_tracking_lag_b1_diag_20260430_100024.csv,6,right,swing,left,roll,1777514426.4787288,12,119.9941635131836,0.21473811537926352,34,22,0.526564,0.0824013,0.87215,0.10294840000000001,0.003779923559673853,0.6820664120259707,23.81068189894875,23.81068189894875,4.545675635253852,0.37127147667435334,0.03947329582598888,0.8600321999999998
real,25/0.4 all_ankles,t27_tracking_lag_b1_diag_20260430_100024.csv,6,right,swing,left,pitch,1777514426.4787288,3,29.9985408782959,0.332163772484588,34,31,0.18402999999999997,0.09931320000000002,0.18402999999999997,0.1840121,0.004314338697469051,0.7857912029044197,6.66699093170565,0.0,3.225963354051121,0.46360330999391974,0.021246250233123997,0.31572409999999995
real,25/0.4 all_ankles,t27_tracking_lag_b1_diag_20260430_100024.csv,6,right,swing,right,roll,1777514426.4787288,20,199.99027252197266,0.0903862493697502,34,14,0.06413959999999999,0.1066625,0.16319660000000002,0.13473536,0.00870287696174846,1.2396996975811194,15.3853636885515,15.3853636885515,7.143204569684625,0.07018726614867207,0.014017632587590216,0.22852996
real,25/0.4 all_ankles,t27_tracking_lag_b1_diag_20260430_100024.csv,6,right,swing,right,pitch,1777514426.4787288,20,199.99027252197266,0.33091742752663406,34,14,0.07552699999999998,0.291977,0.155619,0.312592,0.009298068176816861,2.553424064596154,7.69268184427575,7.69268184427575,7.143204569684625,0.16588706167622425,0.01515345823403603,0.32253699999999996
real,25/0.4 all_ankles,t27_tracking_lag_b1_diag_20260430_100024.csv,6,right,touchdown,left,roll,1777514426.4787288,2,19.999027252197266,-0.04016948975907548,15,13,0.1027927,0.1360969,0.34986379999999995,0.13609690000000002,0.006577851954135417,1.3535357059119522,0.0,0.0,7.69268184427575,0.07816540346898876,0.029160984899813325,0.43736970000000003
real,25/0.4 all_ankles,t27_tracking_lag_b1_diag_20260430_100024.csv,6,right,touchdown,left,pitch,1777514426.4787288,0,0.0,-0.039683321752902914,15,15,0.12176000000000001,0.1985304,0.395982,0.24732800000000002,0.01087603550858015,2.027602334860552,7.143204569684625,7.143204569684625,6.66699093170565,0.3320335461577541,0.029486902284399905,0.5159370000000002
real,25/0.4 all_ankles,t27_tracking_lag_b1_diag_20260430_100024.csv,6,right,touchdown,right,roll,1777514426.4787288,4,39.99805450439453,0.42585304009643893,15,11,0.61342824,0.1298083,1.7713823799999997,0.17222899999999997,0.011343009006077407,2.0395545910346007,10.000486397558475,10.000486397558475,9.091351270507705,0.2559307596694477,0.1711146921850881,1.7183015600000002
real,25/0.4 all_ankles,t27_tracking_lag_b1_diag_20260430_100024.csv,6,right,touchdown,right,pitch,1777514426.4787288,4,39.99805450439453,0.15994368053131847,15,11,0.3407167,0.21088849999999998,0.6964564,0.21088849999999998,0.008647656035915628,2.2787074135637693,0.0,0.0,9.091351270507705,0.14472855214082986,0.07444332305155306,0.7338077000000001
real,30/0.4 all_ankles,t27_tracking_lag_b1_diag_20260430_100314.csv,1,left,swing,left,roll,1777514594.977654,2,19.998788833618164,0.393025388566161,33,31,0.6129174,0.1103335,1.3532317,0.25813847999999995,0.006027821873269944,1.091258348268397,20.001211239732477,20.001211239732477,6.452003625720154,0.3049510074355656,0.04835309732584737,1.2994433140000001
real,30/0.4 all_ankles,t27_tracking_lag_b1_diag_20260430_100314.csv,1,left,swing,left,pitch,1777514594.977654,1,9.999394416809082,0.31318326725567075,33,32,0.6337269999999999,0.32742600000000005,1.8159984,0.39775850000000007,0.00878350490477856,2.2823257122797207,6.452003625720154,3.226001812860077,3.1251892562081998,0.09789235853567803,0.07993104207843386,1.83166572
real,30/0.4 all_ankles,t27_tracking_lag_b1_diag_20260430_100314.csv,1,left,swing,right,roll,1777514594.977654,20,199.98788833618164,0.5353545932449587,33,13,0.18540900000000002,0.0223267,0.2099790000000001,0.0453611,0.0034157511017164502,0.520827643214606,25.001514049665598,25.001514049665598,7.692773553743261,0.2785394595815907,0.011811628167740203,0.2087467
real,30/0.4 all_ankles,t27_tracking_lag_b1_diag_20260430_100314.csv,1,left,swing,right,pitch,1777514594.977654,11,109.9933385848999,0.5669444259863516,33,22,0.603726,0.125699,1.4852180000000001,0.13192599999999996,0.00287252748112585,0.7599562901878435,4.7621931523172565,0.0,4.545729827211927,0.20618656830013643,0.055737057884566975,1.4730760000000003
real,30/0.4 all_ankles,t27_tracking_lag_b1_diag_20260430_100314.csv,1,left,touchdown,left,roll,1777514594.977654,4,39.99757766723633,0.17089549403072463,15,11,0.054474999999999996,0.17936943,0.13816,0.17936943,0.007724057209301992,1.8688360857456965,0.0,0.0,9.091459654423854,0.4174299421614542,0.014810492694715119,0.22962596999999996
real,30/0.4 all_ankles,t27_tracking_lag_b1_diag_20260430_100314.csv,1,left,touchdown,left,pitch,1777514594.977654,4,39.99757766723633,-0.33869463236717656,15,11,0.48253729999999995,0.1771119,0.4825373,0.1771119,0.007376889986553559,1.8255576421819408,0.0,0.0,9.091459654423854,0.22790892060632467,0.05217424292404466,0.48100240000000005
real,30/0.4 all_ankles,t27_tracking_lag_b1_diag_20260430_100314.csv,1,left,touchdown,right,roll,1777514594.977654,4,39.99757766723633,0.703915986563455,15,11,0.0300908,0.08774199999999999,0.0643901,0.1044589,0.00703972746450798,1.1817028144298798,10.000605619866239,0.0,9.091459654423854,0.04523267805750215,0.006342010396071107,0.0788514
real,30/0.4 all_ankles,t27_tracking_lag_b1_diag_20260430_100314.csv,1,left,touchdown,right,pitch,1777514594.977654,0,0.0,-0.6168266495006034,15,15,0.19423500000000002,0.06528899999999999,0.37187600000000004,0.12935399999999997,0.005522402248756794,1.0101642987145134,7.143289728475885,0.0,6.66707041324416,0.10849287831312554,0.020936824362904935,0.44737600000000005
real,30/0.4 all_ankles,t27_tracking_lag_b1_diag_20260430_100314.csv,2,right,swing,left,roll,1777514595.167746,5,49.99697208404541,0.30415703975233715,32,27,0.274478,0.24924020000000002,0.9524400000000004,0.3176582,0.005457704193225034,1.4020052807159524,7.692773553743261,3.8463867768716304,3.703928007357866,0.3886111608116625,0.04006047688681524,0.9875975400000002
real,30/0.4 all_ankles,t27_tracking_lag_b1_diag_20260430_100314.csv,2,right,swing,left,pitch,1777514595.167746,7,69.99576091766357,0.1707901924935812,32,25,0.5064501,0.27226006999999997,1.0323785,0.27343506999999995,0.0023568376078330153,1.3433726010808484,4.1669190082776,4.1669190082776,4.000242247946495,0.13807164754635262,0.03634104317429085,1.00325755
real,30/0.4 all_ankles,t27_tracking_lag_b1_diag_20260430_100314.csv,2,right,swing,right,roll,1777514595.167746,0,0.0,0.0944036866317787,32,32,0.388482,0.16652899999999998,1.07942816,0.32689559999999995,0.005620022141080726,1.3657975272274074,12.904007251440309,9.67800543858023,3.1251892562081998,0.07268874819126271,0.05675972727529671,1.2109981399999998
real,30/0.4 all_ankles,t27_tracking_lag_b1_diag_20260430_100314.csv,2,right,swing,right,pitch,1777514595.167746,1,9.999394416809082,0.36053558590460344,32,31,0.4301992,0.3287339,1.1002252000000001,0.47929190000000005,0.016234922543575024,2.407913290083959,3.33353520662208,0.0,3.226001812860077,0.10840314388353854,0.05114978730200371,1.2638633000000004
real,30/0.4 all_ankles,t27_tracking_lag_b1_diag_20260430_100314.csv,2,right,touchdown,left,roll,1777514595.167746,4,39.99757766723633,0.06437967023517932,15,11,0.191293,0.26618200000000003,0.34017611999999997,0.2661819999999999,0.012388779608236642,2.9501186537047794,0.0,0.0,9.091459654423854,0.10856904640754775,0.036092984863867486,0.4167640399999999
real,30/0.4 all_ankles,t27_tracking_lag_b1_diag_20260430_100314.csv,2,right,touchdown,left,pitch,1777514595.167746,0,0.0,0.37825537797395636,15,15,0.549571,0.16236199999999998,1.1283290000000004,0.16236199999999995,0.003279840057358263,1.3359769580029817,0.0,0.0,6.66707041324416,0.17409776407620328,0.08906240699689719,1.1585990000000002
real,30/0.4 all_ankles,t27_tracking_lag_b1_diag_20260430_100314.csv,2,right,touchdown,right,roll,1777514595.167746,4,39.99757766723633,0.4871215539242658,15,11,0.717203,0.0571785,1.794867,0.06050750000000001,0.0039165486517361405,0.7114681133869697,30.001816859598716,30.001816859598716,9.091459654423854,0.2606556325737135,0.15013363790445836,1.7518219
real,30/0.4 all_ankles,t27_tracking_lag_b1_diag_20260430_100314.csv,2,right,touchdown,right,pitch,1777514595.167746,4,39.99757766723633,0.09687926028008997,15,11,0.4301992,0.0342207,0.4301992,0.0596773,0.004328186204587591,0.6982601563369164,10.000605619866239,10.000605619866239,9.091459654423854,0.44687638473787133,0.09036390692062031,0.4665185
real,30/0.4 all_ankles,t27_tracking_lag_b1_diag_20260430_100314.csv,3,left,swing,left,roll,1777514595.4575558,9,89.99454975128174,0.2320712409555023,33,24,0.191293,0.348932,0.42924155999999997,0.5534947100000001,0.011437329091215176,2.7183446898838906,8.696178799883686,8.696178799883686,4.1669190082776,0.14746319988443088,0.027177337534227908,0.8259950699999998
real,30/0.4 all_ankles,t27_tracking_lag_b1_diag_20260430_100314.csv,3,left,swing,left,pitch,1777514595.4575558,17,169.9897050857544,0.09624711785559205,33,16,0.549571,0.251707,1.8082416000000001,0.251707,0.0052162353267509965,1.7418772691005728,0.0,0.0,6.2503785124163995,0.11266842045887347,0.10900053399616151,1.7675966
real,30/0.4 all_ankles,t27_tracking_lag_b1_diag_20260430_100314.csv,3,left,swing,right,roll,1777514595.4575558,1,9.999394416809082,0.23914221367843572,33,32,0.734138,0.0891447,2.9167559999999995,0.14203580000000005,0.0047544620406148284,0.6663277833691537,29.034016315740693,29.034016315740693,3.1251892562081998,0.2145977954334282,0.09946950291247635,2.854244000000001
real,30/0.4 all_ankles,t27_tracking_lag_b1_diag_20260430_100314.csv,3,left,swing,right,pitch,1777514595.4575558,3,29.998183250427246,0.22042239045424694,33,30,0.4301992,0.1619484,0.8603984,0.2784169,0.014832533156054071,1.868236657586934,10.3454540895168,6.896969393011199,3.33353520662208,0.4431370774263546,0.0651524372931671,1.0204545000000003
real,30/0.4 all_ankles,t27_tracking_lag_b1_diag_20260430_100314.csv,3,left,touchdown,left,roll,1777514595.4575558,2,19.998788833618164,0.5725235560505263,15,13,0.5900991999999999,0.484638,0.65643578,0.5543359999999999,0.024067535965954217,5.258378187017603,8.3338380165552,8.3338380165552,7.692773553743261,0.46190786939977335,0.04261723363645985,1.0050392000000001
real,30/0.4 all_ankles,t27_tracking_lag_b1_diag_20260430_100314.csv,3,left,touchdown,left,pitch,1777514595.4575558,4,39.99757766723633,0.16818924311452083,15,11,0.19776099999999996,0.428673,0.35072,0.428673,0.02080064529736103,4.4832207297184405,0.0,0.0,9.091459654423854,0.31893123082345065,0.04357621894021757,0.6475387999999999
real,30/0.4 all_ankles,t27_tracking_lag_b1_diag_20260430_100314.csv,3,left,touchdown,right,roll,1777514595.4575558,4,39.99757766723633,-0.013981923211044833,15,11,0.607461,0.1463755,1.3749529800000002,0.1463755,0.011015572979412584,1.7906153373747649,0.0,0.0,9.091459654423854,0.23688419863143348,0.11277187450186395,1.3442764
real,30/0.4 all_ankles,t27_tracking_lag_b1_diag_20260430_100314.csv,3,left,touchdown,right,pitch,1777514595.4575558,4,39.99757766723633,0.5370817925424989,15,11,0.21822599999999998,0.045812099999999994,0.21822599999999998,0.07786536,0.00601649923062557,0.9674108873086059,10.000605619866239,10.000605619866239,9.091459654423854,0.38153433670820874,0.046101125933455445,0.27216483999999985
real,30/0.4 all_ankles,t27_tracking_lag_b1_diag_20260430_100314.csv,4,right,swing,left,roll,1777514595.8776815,10,99.99394416809082,0.23737464910389025,34,24,0.747939,0.296573,1.2215650000000002,0.39324349999999997,0.009417874525525428,2.328471524367814,13.04426819982553,13.04426819982553,4.1669190082776,0.2995371666941287,0.043210890183357394,0.9887187000000002
real,30/0.4 all_ankles,t27_tracking_lag_b1_diag_20260430_100314.csv,4,right,swing,left,pitch,1777514595.8776815,5,49.99697208404541,0.30380981840718235,34,29,0.275981,0.1806002,0.34540799999999994,0.25120800000000004,0.003760139336456498,0.9928208889257962,7.143289728475885,3.5716448642379426,3.4484846965055995,0.45891080617081564,0.027509499667468355,0.5466265999999999
real,30/0.4 all_ankles,t27_tracking_lag_b1_diag_20260430_100314.csv,4,right,swing,right,roll,1777514595.8776815,17,169.9897050857544,0.08611204354653539,34,17,0.110126,0.11416100000000001,0.37771670000000007,0.23318589999999997,0.01128999866704487,1.695275710109155,12.500757024832799,6.2503785124163995,5.882709188156611,0.1171243574089793,0.02342695417453402,0.39799054399999995
real,30/0.4 all_ankles,t27_tracking_lag_b1_diag_20260430_100314.csv,4,right,swing,right,pitch,1777514595.8776815,20,199.98788833618164,0.5223217836278112,34,14,0.2661557,0.140385,0.40831639999999997,0.146458,0.004574034428859147,1.2848200638434049,7.692773553743261,0.0,7.143289728475885,0.117368807218738,0.023650967989680253,0.3174044
real,30/0.4 all_ankles,t27_tracking_lag_b1_diag_20260430_100314.csv,4,right,touchdown,left,roll,1777514595.8776815,3,29.998183250427246,0.10368258462128707,15,12,0.1069893,0.376209,0.2521770000000001,0.381506,0.02042679583331879,4.09589937607704,9.091459654423854,9.091459654423854,8.3338380165552,0.14900548230809701,0.03244641675952476,0.5620186199999999
real,30/0.4 all_ankles,t27_tracking_lag_b1_diag_20260430_100314.csv,4,right,touchdown,left,pitch,1777514595.8776815,4,39.99757766723633,-0.11301359238465328,15,11,0.134878,0.2782621,0.387364,0.2782621,0.015352043697983672,3.0785803356379735,0.0,0.0,9.091459654423854,0.24956325980792898,0.04124759466344308,0.5236088600000002
real,30/0.4 all_ankles,t27_tracking_lag_b1_diag_20260430_100314.csv,4,right,touchdown,right,roll,1777514595.8776815,0,0.0,0.3211751466970609,15,15,0.567883,0.0727389,1.9911650000000003,0.16706559199999998,0.012366138401539162,1.5386596693656607,35.716448642379426,35.716448642379426,6.66707041324416,0.27459097552064204,0.1325547125587418,1.9638870919999998
real,30/0.4 all_ankles,t27_tracking_lag_b1_diag_20260430_100314.csv,4,right,touchdown,right,pitch,1777514595.8776815,0,0.0,0.20179650916180705,15,15,0.5874459999999999,0.17611670000000001,1.59739166,0.17613269999999998,0.006332224440376982,1.4693240441074205,0.0,0.0,6.66707041324416,0.17036035433719762,0.10826531085019521,1.56723096
real,30/0.4 all_ankles,t27_tracking_lag_b1_diag_20260430_100314.csv,5,left,swing,left,roll,1777514596.3676941,4,39.99757766723633,0.29171707192638413,32,28,0.6070921,0.338056,1.4958835999999998,0.6349670000000002,0.013939258044223147,2.7498053179873745,3.703928007357866,3.703928007357866,3.5716448642379426,0.26830608574549614,0.05082726732997568,1.5471148000000001
real,30/0.4 all_ankles,t27_tracking_lag_b1_diag_20260430_100314.csv,5,left,swing,left,pitch,1777514596.3676941,5,49.99697208404541,0.309065372024231,32,27,0.4837622,0.7241470000000001,1.2794773999999998,0.9090395000000001,0.013707562260908282,4.6869124879899005,7.692773553743261,7.692773553743261,3.703928007357866,0.3157864236926644,0.05819634735016807,1.65169704
real,30/0.4 all_ankles,t27_tracking_lag_b1_diag_20260430_100314.csv,5,left,swing,right,roll,1777514596.3676941,8,79.99515533447266,0.7676216749780554,32,24,0.6051567,0.0915672,0.7808499199999999,0.1302646,0.00398267865568796,0.847277507566097,39.132804599476586,39.132804599476586,4.1669190082776,0.23840851025060625,0.019280799355206844,0.7049567200000003
real,30/0.4 all_ankles,t27_tracking_lag_b1_diag_20260430_100314.csv,5,left,swing,right,pitch,1777514596.3676941,9,89.99454975128174,0.2546656362117523,32,23,0.532969,0.4440253,1.136327,0.45624430000000005,0.007846867125568603,2.4794884827668575,9.091459654423854,4.545729827211927,4.348089399941843,0.1287635598992288,0.06492374535838895,1.2970657
real,30/0.4 all_ankles,t27_tracking_lag_b1_diag_20260430_100314.csv,5,left,touchdown,left,roll,1777514596.3676941,0,0.0,0.7617899899670232,15,15,0.199065,0.1016147,0.26443099999999997,0.1410847,0.00587551536886105,1.1731602691129437,7.143289728475885,7.143289728475885,6.66707041324416,0.19824865674905845,0.011082560717436506,0.19138169999999993
real,30/0.4 all_ankles,t27_tracking_lag_b1_diag_20260430_100314.csv,5,left,touchdown,left,pitch,1777514596.3676941,0,0.0,0.0,15,15,0.0,0.0403018,0.0,0.0441744,0.0020169350920146126,0.4036676040683654,14.28657945695177,7.143289728475885,6.66707041324416,0.3577068778238284,0.0020169350920146013,0.04417439999999995
real,30/0.4 all_ankles,t27_tracking_lag_b1_diag_20260430_100314.csv,5,left,touchdown,right,roll,1777514596.3676941,3,29.998183250427246,0.41958569953720876,15,12,0.0618569,0.0346269,0.0668361,0.05132369999999999,0.0030429615560107716,0.5110396735764595,9.091459654423854,9.091459654423854,8.3338380165552,0.036885127953502815,0.003243009108916008,0.08030109999999997
real,30/0.4 all_ankles,t27_tracking_lag_b1_diag_20260430_100314.csv,5,left,touchdown,right,pitch,1777514596.3676941,3,29.998183250427246,0.09352554657925051,15,12,0.02338800000000002,0.19011099999999997,0.0668800000000001,0.19733499999999998,0.011722591967525064,2.1357937393615063,9.091459654423854,9.091459654423854,8.3338380165552,0.2114361308679684,0.013580250257158753,0.2121550000000001
real,30/0.4 all_ankles,t27_tracking_lag_b1_diag_20260430_100314.csv,6,right,swing,left,roll,1777514596.5476913,1,9.999394416809082,0.33402029954955653,32,31,0.5735734,0.22273,1.3443824,0.4340165999999999,0.008300788759670519,1.6657645907875387,3.33353520662208,3.33353520662208,3.226001812860077,0.2725840953838039,0.04177029859691897,1.1263166
real,30/0.4 all_ankles,t27_tracking_lag_b1_diag_20260430_100314.csv,6,right,swing,left,pitch,1777514596.5476913,0,0.0,0.34043528851156263,32,32,0.07649499999999998,0.21640310000000001,0.07649499999999998,0.25990599999999997,0.005907551324695937,1.2098063946165665,12.904007251440309,9.67800543858023,3.1251892562081998,0.3965630123941683,0.009696578473660313,0.3080178
real,30/0.4 all_ankles,t27_tracking_lag_b1_diag_20260430_100314.csv,6,right,swing,right,roll,1777514596.5476913,8,79.99515533447266,0.32509735616916574,32,24,0.0720316,0.1296632,0.23919852000000003,0.1815412,0.00649284433468461,1.1385153667015462,26.08853639965106,26.08853639965106,4.1669190082776,0.020499644723295716,0.010614778118009335,0.25738132
real,30/0.4 all_ankles,t27_tracking_lag_b1_diag_20260430_100314.csv,6,right,swing,right,pitch,1777514596.5476913,18,179.98909950256348,0.3403142720233326,32,14,0.095525,0.379371,0.2691240000000001,0.379371,0.012274659876128658,3.1101225012684854,0.0,0.0,7.143289728475885,0.13219215503900805,0.02026021996499545,0.3630209999999999
real,30/0.4 all_ankles,t27_tracking_lag_b1_diag_20260430_100314.csv,6,right,touchdown,left,roll,1777514596.5476913,0,0.0,0.3622340956014197,15,15,0.2188161,0.056312600000000004,0.5397335,0.13357708000000001,0.009065939399281282,1.1513067196776412,21.429869185427656,21.429869185427656,13.33414082648832,0.040258840753158324,0.03549086992104275,0.5006124060000001
real,30/0.4 all_ankles,t27_tracking_lag_b1_diag_20260430_100314.csv,6,right,touchdown,left,pitch,1777514596.5476913,1,9.999394416809082,0.41508346351432024,15,14,0.20771699999999998,0.10923568,0.4255379999999999,0.17354835999999998,0.009043834441285783,1.4841684189585245,7.692773553743261,7.692773553743261,7.143289728475885,0.27578088802780354,0.02867610527322909,0.43641080000000004
real,30/0.4 all_ankles,t27_tracking_lag_b1_diag_20260430_100314.csv,6,right,touchdown,right,roll,1777514596.5476913,2,19.998788833618164,0.11356695309893283,15,13,0.2459882,0.07098476999999999,0.9627125,0.12415904000000001,0.007259935209376868,1.2478397347396024,25.001514049665598,25.001514049665598,7.692773553743261,0.08056124183349198,0.07595738316176145,0.9260667999999999
real,30/0.4 all_ankles,t27_tracking_lag_b1_diag_20260430_100314.csv,6,right,touchdown,right,pitch,1777514596.5476913,3,29.998183250427246,0.08207226841356262,15,12,0.20942899999999998,0.3162174,0.525925,0.31621740000000004,0.022349953291663453,3.832720690889503,0.0,0.0,8.3338380165552,0.5226638447266065,0.059685531572464576,0.7149404000000001
real,35/0.5 all_ankles,t27_tracking_lag_b1_diag_20260430_100705.csv,1,left,swing,left,roll,1777514825.9877677,2,19.999980926513672,0.5531452569196997,33,31,0.5140353,0.342381,0.8981671299999997,0.653675,0.010509767305148998,2.7797757817148563,13.333346049003012,13.333346049003012,3.2258095279845995,0.2141030292202789,0.02539448113858798,0.95288449
real,35/0.5 all_ankles,t27_tracking_lag_b1_diag_20260430_100705.csv,1,left,swing,left,pitch,1777514825.9877677,5,49.99995231628418,0.2260017015557096,33,28,0.6513,0.532804,1.9226864,0.790277,0.009480089662641284,3.303833204283872,3.70370723583417,3.70370723583417,3.571431977411521,0.2555969078358756,0.09898374496194674,2.1535334
real,35/0.5 all_ankles,t27_tracking_lag_b1_diag_20260430_100705.csv,1,left,swing,right,roll,1777514825.9877677,19,189.99981880187988,1.1483811976144365,33,14,0.4255491,0.0971939,0.49246510000000004,0.17154805,0.009368387754407603,1.5527766567271268,7.6923150282709685,7.6923150282709685,7.142863954823042,0.2654838943238858,0.023222458902049443,0.4469897300000001
real,35/0.5 all_ankles,t27_tracking_lag_b1_diag_20260430_100705.csv,1,left,swing,right,pitch,1777514825.9877677,11,109.9998950958252,0.7159473801876219,33,22,0.76,0.25149199999999994,1.7142861999999996,0.309513,0.007018164298767515,1.7878700368601228,4.761909303215361,4.761909303215361,4.545458880341936,0.2443434663134895,0.06053111199135363,1.6882071999999995
real,35/0.5 all_ankles,t27_tracking_lag_b1_diag_20260430_100705.csv,1,left,touchdown,left,roll,1777514825.9877677,2,19.999980926513672,0.9748716396662651,15,13,0.19670900000000002,0.21192699999999998,0.2537710000000001,0.296598,0.013145722755672128,2.6547005380850397,8.333341280626883,8.333341280626883,7.6923150282709685,0.21163230679739,0.012648905958005455,0.323965
real,35/0.5 all_ankles,t27_tracking_lag_b1_diag_20260430_100705.csv,1,left,touchdown,left,pitch,1777514825.9877677,0,0.0,0.0,15,15,0.0,0.138785,0.0,0.148135,0.007861736384555304,1.372769817128705,7.142863954823042,7.142863954823042,6.666673024501506,0.2629973757803171,0.007861736384555298,0.148135
real,35/0.5 all_ankles,t27_tracking_lag_b1_diag_20260430_100705.csv,1,left,touchdown,right,roll,1777514825.9877677,4,39.999961853027344,0.48125077845049563,15,11,0.052220920000000004,0.1526587,0.06424942,0.23888489999999998,0.019474481100908613,2.8207444420456427,10.000009536752259,10.000009536752259,9.090917760683872,0.10899003903687446,0.01871182041618718,0.20674968000000005
real,35/0.5 all_ankles,t27_tracking_lag_b1_diag_20260430_100705.csv,1,left,touchdown,right,pitch,1777514825.9877677,3,29.999971389770508,-0.08293622595171776,15,12,0.10821299999999998,0.07088899999999998,0.19436199999999998,0.10019,0.006614409596346498,1.0195027168884085,9.090917760683872,0.0,8.333341280626883,0.14385295949597282,0.015584757104538195,0.23885799999999985
real,35/0.5 all_ankles,t27_tracking_lag_b1_diag_20260430_100705.csv,2,right,swing,left,roll,1777514826.1375866,1,9.999990463256836,0.5736410411925303,33,32,0.37282400000000004,0.463115,1.10135,0.7402040000000001,0.01743596649115185,2.9953688043113464,16.129047639922998,16.129047639922998,6.250005960470162,0.24658039963583125,0.025731782081283287,1.0845684
real,35/0.5 all_ankles,t27_tracking_lag_b1_diag_20260430_100705.csv,2,right,swing,left,pitch,1777514826.1375866,5,49.99995231628418,0.3086653215076136,33,28,0.6513,0.343708,1.5558674,0.46495580000000003,0.009898370598703457,2.1866550201018935,7.40741447166834,7.40741447166834,3.571431977411521,0.2934878222562017,0.10169529436531638,1.6653272
real,35/0.5 all_ankles,t27_tracking_lag_b1_diag_20260430_100705.csv,2,right,swing,right,roll,1777514826.1375866,9,89.99991416931152,0.36420314129724607,33,24,0.11479140000000002,0.26480360000000003,0.30187786,0.5570902000000001,0.01469936351160014,2.9139178771143746,8.695660466741094,8.695660466741094,4.166670640313441,0.0808017328719595,0.015545039636214076,0.5924136600000001
real,35/0.5 all_ankles,t27_tracking_lag_b1_diag_20260430_100705.csv,2,right,swing,right,pitch,1777514826.1375866,15,149.99985694885254,0.705625745650884,33,18,0.4991098,0.126633,0.7355828,0.235576,0.009283510212249518,1.5917902056214872,5.882358551030741,0.0,5.555560853751255,0.14802293378941128,0.04751779616900524,0.6919488
real,35/0.5 all_ankles,t27_tracking_lag_b1_diag_20260430_100705.csv,2,right,touchdown,left,roll,1777514826.1375866,4,39.999961853027344,0.7486117113423056,16,12,0.2545884,0.2628816,0.4529555,0.5031184000000001,0.03213446091971338,5.018629790838327,9.090917760683872,9.090917760683872,8.333341280626883,0.14576075245817632,0.030507081497484205,0.372680686
real,35/0.5 all_ankles,t27_tracking_lag_b1_diag_20260430_100705.csv,2,right,touchdown,left,pitch,1777514826.1375866,4,39.999961853027344,0.35228848432579146,16,12,0.25323399999999996,0.11084639999999998,0.6791159999999998,0.15938979999999997,0.010129623725585167,1.6270452458322675,9.090917760683872,9.090917760683872,8.333341280626883,0.18223708034041122,0.05116926917871602,0.6612736
real,35/0.5 all_ankles,t27_tracking_lag_b1_diag_20260430_100705.csv,2,right,touchdown,right,roll,1777514826.1375866,5,49.99995231628418,0.03240544886482219,16,11,0.458578,0.1698805,0.9820110999999998,0.2983557,0.02220656995469933,3.405932835771705,10.000009536752259,10.000009536752259,9.090917760683872,0.1786843237505134,0.10662316663698662,1.1155115999999998
real,35/0.5 all_ankles,t27_tracking_lag_b1_diag_20260430_100705.csv,2,right,touchdown,right,pitch,1777514826.1375866,0,0.0,0.0,16,16,0.0,0.5873360000000001,0.0,0.587336,0.013287815079924931,4.803498866674273,0.0,0.0,6.250005960470162,0.4328943443884929,0.013287815079924945,0.587336
real,35/0.5 all_ankles,t27_tracking_lag_b1_diag_20260430_100705.csv,3,left,swing,left,roll,1777514826.4476342,4,39.999961853027344,0.04992758446381142,32,28,0.1320844,0.5853079999999999,0.462485091,1.1939409999999997,0.018009214379869323,4.912097752727973,7.40741447166834,3.70370723583417,3.571431977411521,0.19860348678532772,0.01850024726905142,1.2572594769999998
real,35/0.5 all_ankles,t27_tracking_lag_b1_diag_20260430_100705.csv,3,left,swing,left,pitch,1777514826.4476342,4,39.999961853027344,0.16982169557001653,32,28,0.214353,0.3872934,0.867061,0.5286297999999998,0.007025723283370421,2.157515187262075,7.40741447166834,3.70370723583417,3.571431977411521,0.1214830492609933,0.037771070038362824,1.0309046000000002
real,35/0.5 all_ankles,t27_tracking_lag_b1_diag_20260430_100705.csv,3,left,swing,right,roll,1777514826.4476342,9,89.99991416931152,0.1821140152734502,32,23,0.458578,0.0922974,1.5823451999999996,0.15840770000000004,0.009294254475652916,1.2254514515552184,13.636376641025807,9.090917760683872,8.695660466741094,0.1766436004217588,0.08120755894182481,1.5381712200000002
real,35/0.5 all_ankles,t27_tracking_lag_b1_diag_20260430_100705.csv,3,left,swing,right,pitch,1777514826.4476342,0,0.0,0.0,32,32,0.0,0.5548109999999999,0.0,0.5809039999999999,0.011981764081739725,3.3105519596184165,3.2258095279845995,3.2258095279845995,3.125002980235081,0.551888948223641,0.011981764081739735,0.5809040000000002
real,35/0.5 all_ankles,t27_tracking_lag_b1_diag_20260430_100705.csv,3,left,touchdown,left,roll,1777514826.4476342,0,0.0,0.26091993283709086,15,15,0.5866757,0.498284,0.9589567,0.5130839999999999,0.021804540169267868,5.395492107760897,14.285727909646084,14.285727909646084,6.666673024501506,0.3320208907991403,0.058624193426896336,0.9223089000000002
real,35/0.5 all_ankles,t27_tracking_lag_b1_diag_20260430_100705.csv,3,left,touchdown,left,pitch,1777514826.4476342,0,0.0,0.0,15,15,0.0,0.3353762,0.0,0.3431604,0.009923645340987289,2.9594440044972408,14.285727909646084,7.142863954823042,6.666673024501506,0.2734408619023609,0.009923645340987278,0.34316040000000003
real,35/0.5 all_ankles,t27_tracking_lag_b1_diag_20260430_100705.csv,3,left,touchdown,right,roll,1777514826.4476342,0,0.0,-0.22727960841124903,15,15,0.5044051,0.3338954,1.3520222,0.33389539999999995,0.013168071809977607,2.974535914118069,0.0,0.0,6.666673024501506,0.19315605079466283,0.0937064231363197,1.5377728799999997
real,35/0.5 all_ankles,t27_tracking_lag_b1_diag_20260430_100705.csv,3,left,touchdown,right,pitch,1777514826.4476342,1,9.999990463256836,0.04863440627794477,15,14,0.24437299999999998,0.44322700000000004,0.6861220000000001,0.44323,0.01695535523012294,3.9622868436456273,0.0,0.0,7.142863954823042,0.44058626824440245,0.06404356269645375,0.9463485999999999
real,35/0.5 all_ankles,t27_tracking_lag_b1_diag_20260430_100705.csv,4,right,swing,left,roll,1777514826.837477,14,139.9998664855957,0.37951851987998625,34,20,0.6277192699999999,0.2540518,0.9661830699999999,0.29671741999999995,0.007343641979990997,2.0533944910878983,10.526325828160273,5.263162914080136,5.0000047683761295,0.27937663100779525,0.03761381296487853,0.83301927
real,35/0.5 all_ankles,t27_tracking_lag_b1_diag_20260430_100705.csv,4,right,swing,left,pitch,1777514826.837477,1,9.999990463256836,0.038537049706623194,34,33,0.278653,0.0895672,0.344122,0.1254288,0.00256378759242577,0.5135575603934263,12.500011920940324,6.250005960470162,3.030305920227957,0.36631770357037974,0.027562738298241136,0.45769859999999996
real,35/0.5 all_ankles,t27_tracking_lag_b1_diag_20260430_100705.csv,4,right,swing,right,roll,1777514826.837477,11,109.9998950958252,1.1824138210277055,34,23,0.4656193,0.323489,0.6730422999999998,0.323489,0.049884681886318,6.8968152306315575,0.0,0.0,17.391320933482188,0.06650277438832823,0.020478918705977085,0.4819693000000001
real,35/0.5 all_ankles,t27_tracking_lag_b1_diag_20260430_100705.csv,4,right,swing,right,pitch,1777514826.837477,10,99.99990463256836,0.44540667150995616,34,24,0.23313399999999998,0.521023,0.612875,0.5848880000000001,0.07712507856887055,10.945402654373847,4.347830233370547,4.347830233370547,4.166670640313441,0.23146325325533137,0.06752292891043404,1.0779410000000003
real,35/0.5 all_ankles,t27_tracking_lag_b1_diag_20260430_100705.csv,4,right,touchdown,left,roll,1777514826.837477,4,39.999961853027344,0.12368519501851942,15,11,0.29339550000000003,0.1074224,0.7699634999999999,0.10742240000000002,0.005914443302866575,1.1643405610517128,0.0,0.0,9.090917760683872,0.0860479397215073,0.07528626508515855,0.7623547800000001
real,35/0.5 all_ankles,t27_tracking_lag_b1_diag_20260430_100705.csv,4,right,touchdown,left,pitch,1777514826.837477,3,29.999971389770508,-0.07208134939400174,15,12,0.174396,0.22113829999999998,0.46722199999999997,0.22310909999999998,0.011876158882362327,2.347746368929034,9.090917760683872,9.090917760683872,8.333341280626883,0.1964808088816996,0.0338392317068583,0.4436554200000001
real,35/0.5 all_ankles,t27_tracking_lag_b1_diag_20260430_100705.csv,4,right,touchdown,right,roll,1777514826.837477,0,0.0,0.0,15,15,0.3267559,0.0,1.02644196,0.0,0.0,0.0,0.0,0.0,nan,0.15119441236495415,0.07320528623219585,1.02644196
real,35/0.5 all_ankles,t27_tracking_lag_b1_diag_20260430_100705.csv,4,right,touchdown,right,pitch,1777514826.837477,0,0.0,0.0,15,15,0.4749598,0.0,1.5723038,0.0,0.0,0.0,0.0,0.0,nan,0.2607649213471006,0.11082575622757347,1.5723038
real,35/0.5 all_ankles,t27_tracking_lag_b1_diag_20260430_100705.csv,5,left,swing,left,roll,1777514827.2476904,0,0.0,0.3730995415826008,32,32,0.64923845,0.202189,0.78552515,0.4031985999999999,0.005478698641006982,1.482143684862415,6.451619055969199,6.451619055969199,3.125002980235081,0.1996811705407039,0.026955860684949227,0.87066747
real,35/0.5 all_ankles,t27_tracking_lag_b1_diag_20260430_100705.csv,5,left,swing,left,pitch,1777514827.2476904,0,0.0,0.31134309005004995,32,32,0.730898,0.35165,0.9827800000000001,0.5584389999999999,0.008658815341390154,2.173395511478933,3.2258095279845995,3.2258095279845995,3.125002980235081,0.25094929895181267,0.032477789702652665,1.114011
real,35/0.5 all_ankles,t27_tracking_lag_b1_diag_20260430_100705.csv,5,left,swing,right,roll,1777514827.2476904,0,0.0,0.0,32,32,0.619163,0.0,1.72585464,0.0,0.0,0.0,0.0,0.0,nan,0.285807001476043,0.05665417825847609,1.72585464
real,35/0.5 all_ankles,t27_tracking_lag_b1_diag_20260430_100705.csv,5,left,swing,right,pitch,1777514827.2476904,0,0.0,0.0,32,32,0.579125,0.0,0.9993353999999999,0.0,0.0,0.0,0.0,0.0,nan,0.32493787173507466,0.06449709989207683,0.9993353999999999
real,35/0.5 all_ankles,t27_tracking_lag_b1_diag_20260430_100705.csv,5,left,touchdown,left,roll,1777514827.2476904,5,49.99995231628418,0.18347265816700048,16,11,0.12463199999999997,0.1622402,0.12463199999999997,0.1666142,0.009672438411072886,2.0087898541906997,10.000009536752259,0.0,9.090917760683872,0.4404202095694365,0.022002594886450785,0.21765360000000006
real,35/0.5 all_ankles,t27_tracking_lag_b1_diag_20260430_100705.csv,5,left,touchdown,left,pitch,1777514827.2476904,1,9.999990463256836,0.27351892539440026,16,15,0.04694699999999996,0.117647,0.04694699999999996,0.13026700000000002,0.003940463504326098,1.1003450744700005,7.142863954823042,7.142863954823042,6.666673024501506,0.6678194503831106,0.007209488915348787,0.15619800000000006
real,35/0.5 all_ankles,t27_tracking_lag_b1_diag_20260430_100705.csv,5,left,touchdown,right,roll,1777514827.2476904,0,0.0,0.0,16,16,0.08126177000000001,0.0,0.15793516999999996,0.0,0.0,0.0,0.0,0.0,nan,0.05560743932632738,0.016523910503197355,0.15793516999999996
real,35/0.5 all_ankles,t27_tracking_lag_b1_diag_20260430_100705.csv,5,left,touchdown,right,pitch,1777514827.2476904,0,0.0,0.0,16,16,0.76,0.0,1.003145,0.0,0.0,0.0,0.0,0.0,nan,0.3674671137784951,0.1026742863867684,1.003145
real,35/0.5 all_ankles,t27_tracking_lag_b1_diag_20260430_100705.csv,6,right,swing,left,roll,1777514827.4775395,8,79.99992370605469,0.765663756975321,33,25,0.5965457000000001,0.1918155,0.8783469,0.31699449999999996,0.0077012886409547595,1.6882366621225378,4.166670640313441,0.0,4.000003814700904,0.34594484337917397,0.03209980140420934,0.7697538000000003
real,35/0.5 all_ankles,t27_tracking_lag_b1_diag_20260430_100705.csv,6,right,swing,left,pitch,1777514827.4775395,0,0.0,0.18776965265003023,33,33,0.682447,0.128589,1.3986499999999997,0.28552900000000003,0.0071027218188873505,1.248113144030974,6.250005960470162,3.125002980235081,3.030305920227957,0.5024356812334315,0.03567555083185997,1.475311
real,35/0.5 all_ankles,t27_tracking_lag_b1_diag_20260430_100705.csv,6,right,swing,right,roll,1777514827.4775395,0,0.0,0.0,33,33,0.665224,0.0,1.4748187400000001,0.0,0.0,0.0,0.0,0.0,nan,0.1638676150694283,0.053161910900375746,1.4748187400000001
real,35/0.5 all_ankles,t27_tracking_lag_b1_diag_20260430_100705.csv,6,right,swing,right,pitch,1777514827.4775395,0,0.0,0.0,33,33,0.76,0.0,1.5199999999999998,0.0,0.0,0.0,0.0,0.0,nan,0.34989615561545434,0.06366644747324349,1.5199999999999998
real,35/0.5 all_ankles,t27_tracking_lag_b1_diag_20260430_100705.csv,6,right,touchdown,left,roll,1777514827.4775395,1,9.999990463256836,0.07230536809866793,15,14,0.3174779,0.1909955,0.6804208000000002,0.22994165000000003,0.01145152088798486,2.201618185642153,7.6923150282709685,7.6923150282709685,7.142863954823042,0.10175095377126256,0.06852491455340427,0.7230836500000001
real,35/0.5 all_ankles,t27_tracking_lag_b1_diag_20260430_100705.csv,6,right,touchdown,left,pitch,1777514827.4775395,0,0.0,0.06999815627568672,15,15,0.396226349,0.211005,1.006150698,0.211005,0.004547858084508941,1.696594164208814,0.0,0.0,6.666673024501506,0.14668668631463908,0.09281086354575309,0.988603698
real,35/0.5 all_ankles,t27_tracking_lag_b1_diag_20260430_100705.csv,6,right,touchdown,right,roll,1777514827.4775395,0,0.0,0.0,15,15,0.8429530000000001,0.0,1.502718,0.0,0.0,0.0,0.0,0.0,nan,0.35678912772243127,0.1344446404957399,1.502718
real,35/0.5 all_ankles,t27_tracking_lag_b1_diag_20260430_100705.csv,6,right,touchdown,right,pitch,1777514827.4775395,0,0.0,0.0,15,15,0.0,0.0,0.0,0.0,0.0,0.0,0.0,0.0,nan,0.35000000000000003,2.0269806481627057e-17,0.0
real,40/0.8 all_ankles,t27_tracking_lag_b1_diag_20260430_101404.csv,1,left,swing,left,roll,1777515244.5889251,1,9.99903678894043,0.5232983848516352,33,32,0.5533677,0.1828801,0.9481062999999998,0.29927979999999993,0.006114572928076238,1.32007473342572,19.356703168734313,9.678351584367157,3.1253010324518944,0.26777607220956195,0.027444987904004025,0.8988835000000002
real,40/0.8 all_ankles,t27_tracking_lag_b1_diag_20260430_101404.csv,1,left,swing,left,pitch,1777515244.5889251,20,199.9807357788086,0.0729942397404489,33,13,0.15812899999999996,0.02204700000000001,0.16761099999999995,0.038716000000000014,0.002489570383255662,0.3866948710535242,16.66827217307677,0.0,7.693048695266202,0.20920322887804577,0.009785643809661824,0.16963099999999998
real,40/0.8 all_ankles,t27_tracking_lag_b1_diag_20260430_101404.csv,1,left,swing,right,roll,1777515244.5889251,0,0.0,0.4224210292513244,33,33,0.4077027,0.0791876,0.6104480999999999,0.12102709000000003,0.0025455289648638594,0.4942613958506638,25.002408259615155,15.626505162259472,3.030594940559413,0.10455981406673892,0.014502636576042456,0.5395837940000002
real,40/0.8 all_ankles,t27_tracking_lag_b1_diag_20260430_101404.csv,1,left,swing,right,pitch,1777515244.5889251,13,129.9874782562256,0.6331018217514117,33,20,0.3898985,0.08293700000000001,0.9944244,0.08501500000000001,0.003072897509811471,0.6031150591205172,5.263664896761085,5.263664896761085,5.000481651923031,0.1496354148725361,0.04813261531194018,0.9882674
real,40/0.8 all_ankles,t27_tracking_lag_b1_diag_20260430_101404.csv,1,left,touchdown,left,roll,1777515244.5889251,0,0.0,0.9075878232441517,15,15,0.165088,0.1339498,0.21456000000000008,0.13948979999999997,0.003582373481811769,1.092959613183419,7.1435452170329015,0.0,6.667308869230708,0.2691884428986802,0.015061942752295441,0.28917380000000004
real,40/0.8 all_ankles,t27_tracking_lag_b1_diag_20260430_101404.csv,1,left,touchdown,left,pitch,1777515244.5889251,4,39.99614715576172,0.24605276839965776,15,11,0.187988,0.12448800000000002,0.321705,0.12448800000000002,0.005282476003934759,1.2600598926721542,0.0,0.0,9.091784821678239,0.14168467125082565,0.030316057037116102,0.3460610000000001
real,40/0.8 all_ankles,t27_tracking_lag_b1_diag_20260430_101404.csv,1,left,touchdown,right,roll,1777515244.5889251,2,19.99807357788086,0.47529070563488013,15,13,0.035745,0.029432700000000003,0.061364699999999994,0.03848220000000001,0.0024520089513602626,0.3763176993335872,25.002408259615155,25.002408259615155,7.693048695266202,0.016132065033295073,0.0035601840175320735,0.05943190000000001
real,40/0.8 all_ankles,t27_tracking_lag_b1_diag_20260430_101404.csv,1,left,touchdown,right,pitch,1777515244.5889251,4,39.99614715576172,-0.667597115449823,15,11,0.130097,0.076125,0.197403,0.100493,0.0068793936319146804,1.112793326765474,10.000963303846062,10.000963303846062,9.091784821678239,0.09399807642277486,0.02079370966824578,0.27940999999999994
real,40/0.8 all_ankles,t27_tracking_lag_b1_diag_20260430_101404.csv,2,right,swing,left,roll,1777515244.758935,1,9.99903678894043,0.5989443052308056,33,32,0.4754162,0.1881611,0.9126642,0.3194243,0.007931948469410663,1.3657521443700373,12.90446877915621,6.452234389578105,3.1253010324518944,0.3037639540235281,0.019725340577700465,0.8481975
real,40/0.8 all_ankles,t27_tracking_lag_b1_diag_20260430_101404.csv,2,right,swing,left,pitch,1777515244.758935,5,49.99518394470215,0.28405083211081655,33,28,0.525886,0.16796999999999998,1.4195265999999997,0.19855599999999995,0.0031531169396722372,0.884748570034087,7.408120965811898,3.704060482905949,3.5717726085164507,0.18366209687909205,0.03825203366010794,1.4255785999999997
real,40/0.8 all_ankles,t27_tracking_lag_b1_diag_20260430_101404.csv,2,right,swing,right,roll,1777515244.758935,7,69.99325752258301,0.2588177783433849,33,26,0.07805709999999999,0.05454951,0.22877149999999993,0.11631285,0.003588370283218577,0.6037904022399367,24.00231192923055,16.0015412861537,3.846524347633101,0.016941387799121993,0.011274485494187657,0.20648186000000004
real,40/0.8 all_ankles,t27_tracking_lag_b1_diag_20260430_101404.csv,2,right,swing,right,pitch,1777515244.758935,16,159.98458862304688,0.5714272557270107,33,17,0.26886519999999997,0.14646000000000003,0.6141221999999997,0.18515800000000004,0.00575383288347834,1.2450686954199954,6.250602064903789,6.250602064903789,5.882919590497684,0.07808598308532942,0.04857303918428968,0.6005501999999998
real,40/0.8 all_ankles,t27_tracking_lag_b1_diag_20260430_101404.csv,2,right,touchdown,left,roll,1777515244.758935,3,29.99711036682129,0.4725618987926708,15,12,0.1217368,0.2261467,0.28307308,0.44166890000000003,0.031144805711185237,4.596970220102528,9.091784821678239,9.091784821678239,8.334136086538384,0.11907420907883667,0.025177050393305745,0.40408038
real,40/0.8 all_ankles,t27_tracking_lag_b1_diag_20260430_101404.csv,2,right,touchdown,left,pitch,1777515244.758935,4,39.99614715576172,-0.4271120312295231,15,11,0.76,0.099048,0.8982079999999998,0.18346099999999999,0.01437191206457736,2.06285579287158,10.000963303846062,10.000963303846062,9.091784821678239,0.3119391461113937,0.08370008924396678,1.081461
real,40/0.8 all_ankles,t27_tracking_lag_b1_diag_20260430_101404.csv,2,right,touchdown,right,roll,1777515244.758935,0,0.0,0.233944367572519,15,15,0.666254,0.053504399999999994,1.6999669199999998,0.16662499990000001,0.010125120216559381,1.3528288063160718,28.574180868131606,21.430635651098704,13.334617738461416,0.22907898634849433,0.09865181066139507,1.6848813801000002
real,40/0.8 all_ankles,t27_tracking_lag_b1_diag_20260430_101404.csv,2,right,touchdown,right,pitch,1777515244.758935,4,39.99614715576172,0.29312102487062963,15,11,0.306467,0.146062,0.6129339999999999,0.1912213,0.01743294227777093,2.4960022224718306,10.000963303846062,10.000963303846062,9.091784821678239,0.39632476414550705,0.07855688935563403,0.7415940999999998
real,40/0.8 all_ankles,t27_tracking_lag_b1_diag_20260430_101404.csv,3,left,swing,left,roll,1777515245.0688696,4,39.99614715576172,0.2574997119665931,33,29,0.13663350000000002,0.411339,0.39959772999999993,0.9841671000000002,0.017402926226556738,3.9723710096959466,10.715317825549352,10.715317825549352,3.448608035808987,0.1464247242919044,0.0157508271694877,0.8980340899999997
real,40/0.8 all_ankles,t27_tracking_lag_b1_diag_20260430_101404.csv,3,left,swing,left,pitch,1777515245.0688696,17,169.9836254119873,0.612701066934311,33,16,0.76,0.12846199999999997,1.034015,0.23905099999999996,0.009152057144234666,1.7176498173291048,6.667308869230708,6.667308869230708,6.250602064903789,0.3173884766720982,0.06459250279878552,1.0196179999999997
real,40/0.8 all_ankles,t27_tracking_lag_b1_diag_20260430_101404.csv,3,left,swing,right,roll,1777515245.0688696,6,59.99422073364258,0.4251791136897514,33,27,0.666254,0.09380379999999999,2.09447992,0.18706056000000001,0.006556672251649914,0.9613914839215686,26.925670433431705,23.079146085798605,3.704060482905949,0.23466258999737788,0.07370620773193731,2.0561720799999996
real,40/0.8 all_ankles,t27_tracking_lag_b1_diag_20260430_101404.csv,3,left,swing,right,pitch,1777515245.0688696,4,39.99614715576172,0.17998679121207933,33,29,0.306467,0.1992625,0.6129339999999999,0.3712521000000001,0.011110959998411593,1.816221916788207,14.287090434065803,7.1435452170329015,3.448608035808987,0.36781415403828127,0.04846619895990377,0.9216248999999999
real,40/0.8 all_ankles,t27_tracking_lag_b1_diag_20260430_101404.csv,3,left,touchdown,left,roll,1777515245.0688696,0,0.0,0.5061079706283219,15,15,0.498962,0.484688,0.6179719999999999,0.4855620000000001,0.013285929992909324,4.311643948669229,7.1435452170329015,7.1435452170329015,6.667308869230708,0.15712431048268163,0.02136111064700679,0.5050029999999999
real,40/0.8 all_ankles,t27_tracking_lag_b1_diag_20260430_101404.csv,3,left,touchdown,left,pitch,1777515245.0688696,2,19.99807357788086,0.23009374301741028,15,13,0.11981899999999995,0.42066000000000003,0.2924989999999999,0.4271359999999999,0.012861426947526943,4.2109340863253335,8.334136086538384,8.334136086538384,7.693048695266202,0.398095446010909,0.03288358679032177,0.5931656719999999
real,40/0.8 all_ankles,t27_tracking_lag_b1_diag_20260430_101404.csv,3,left,touchdown,right,roll,1777515245.0688696,4,39.99614715576172,0.27852625107552714,15,11,0.464136,0.16362089999999999,0.8013463,0.24683659999999996,0.017822251208366696,2.697742675640822,10.000963303846062,10.000963303846062,9.091784821678239,0.14271571976409994,0.06718897991334671,0.7479671000000001
real,40/0.8 all_ankles,t27_tracking_lag_b1_diag_20260430_101404.csv,3,left,touchdown,right,pitch,1777515245.0688696,0,0.0,0.1609896038645784,15,15,0.76,0.079348,2.2683728,0.09271300000000005,0.0033027703010699446,0.8428990607546253,21.430635651098704,21.430635651098704,6.667308869230708,0.2098756545287999,0.15501487342392142,2.2531057999999997
real,40/0.8 all_ankles,t27_tracking_lag_b1_diag_20260430_101404.csv,4,right,swing,left,roll,1777515245.4390283,2,19.99807357788086,0.5196397742781779,32,30,0.5747145,0.3300228,0.9434845,0.41538980000000003,0.008604147886028621,1.8014416207406356,10.34582410742696,10.34582410742696,6.667308869230708,0.20676515352517538,0.017522889545113843,0.6891646999999997
real,40/0.8 all_ankles,t27_tracking_lag_b1_diag_20260430_101404.csv,4,right,swing,left,pitch,1777515245.4390283,0,0.0,0.10394057797277381,32,32,0.25143099999999996,0.2358777,0.25143099999999996,0.387617436,0.010205513157428497,1.67162546407146,6.452234389578105,3.2261171947890523,3.1253010324518944,0.4241208560380913,0.028417872787416552,0.6264784360000001
real,40/0.8 all_ankles,t27_tracking_lag_b1_diag_20260430_101404.csv,4,right,swing,right,roll,1777515245.4390283,16,159.98458862304688,0.6603497019274537,32,16,0.11503089999999999,0.474725,0.16826799999999997,0.6764639,0.022563707791170073,5.0835822028875,6.667308869230708,6.667308869230708,6.250602064903789,0.17039843324115944,0.019124236830451852,0.5626450999999999
real,40/0.8 all_ankles,t27_tracking_lag_b1_diag_20260430_101404.csv,4,right,swing,right,pitch,1777515245.4390283,18,179.98266220092773,0.18570851505577357,32,14,0.10777800000000001,0.04371999999999998,0.328079,0.052641999999999856,0.002971899498944299,0.5177171510877349,30.772194781064808,30.772194781064808,7.1435452170329015,0.05086880208719008,0.02597134010848641,0.3255429999999999
real,40/0.8 all_ankles,t27_tracking_lag_b1_diag_20260430_101404.csv,4,right,touchdown,left,roll,1777515245.4390283,5,49.99518394470215,-0.2096470892460885,16,11,0.1476148,0.253251,0.30554909999999996,0.257374,0.012405261250923401,2.9420788179484765,10.000963303846062,10.000963303846062,9.091784821678239,0.0903705683228078,0.03076952804432591,0.4189421000000001
real,40/0.8 all_ankles,t27_tracking_lag_b1_diag_20260430_101404.csv,4,right,touchdown,left,pitch,1777515245.4390283,2,19.99807357788086,0.5685793228581821,16,14,0.25143099999999996,0.181618,0.5279389999999999,0.22239070000000002,0.01139839309977149,2.0345776580060293,7.693048695266202,7.693048695266202,7.1435452170329015,0.18291249210291396,0.04465007729689358,0.5485087
real,40/0.8 all_ankles,t27_tracking_lag_b1_diag_20260430_101404.csv,4,right,touchdown,right,roll,1777515245.4390283,5,49.99518394470215,0.07538116570820184,16,11,0.3197992,0.3091602,0.6562668999999999,0.5107449,0.040033508789845886,6.138770603967016,10.000963303846062,10.000963303846062,9.091784821678239,0.31163037551272177,0.06679054129152959,0.7843498
real,40/0.8 all_ankles,t27_tracking_lag_b1_diag_20260430_101404.csv,4,right,touchdown,right,pitch,1777515245.4390283,0,0.0,0.0019527894640547791,16,16,0.10154599999999997,0.4146719,0.20309199999999994,0.4631928999999999,0.012323408493241244,3.4888021303481866,6.667308869230708,6.667308869230708,6.250602064903789,0.3358449226239592,0.025816386648788554,0.6148478999999998
real,40/0.8 all_ankles,t27_tracking_lag_b1_diag_20260430_101404.csv,5,left,swing,left,roll,1777515245.7589765,13,129.9874782562256,0.28917523244188065,34,21,0.1164491,0.272276,0.37599488400000003,0.5268970000000001,0.012742635745590689,2.931628227339712,10.000963303846062,10.000963303846062,4.762363478021935,0.08862992828140247,0.02156644891607206,0.640879324
real,40/0.8 all_ankles,t27_tracking_lag_b1_diag_20260430_101404.csv,5,left,swing,left,pitch,1777515245.7589765,9,89.99133110046387,0.2969787051499017,34,25,0.241542,0.3476533,0.4711099999999999,0.3869573,0.007390188734881621,2.0801643468611397,12.501204129807578,12.501204129807578,4.000385321538425,0.0705252230923065,0.017724078569932796,0.5091692999999999
real,40/0.8 all_ankles,t27_tracking_lag_b1_diag_20260430_101404.csv,5,left,swing,right,roll,1777515245.7589765,10,99.9903678894043,0.2741356637038958,34,24,0.4824012,0.4011536,1.8112411999999998,0.6768388000000002,0.022124232179346982,3.8139693078048618,13.044734744147037,13.044734744147037,4.167068043269192,0.1841230581262357,0.07334568887205971,1.7901630199999998
real,40/0.8 all_ankles,t27_tracking_lag_b1_diag_20260430_101404.csv,5,left,swing,right,pitch,1777515245.7589765,10,99.9903678894043,0.3852727076693379,34,24,0.517166,0.20971869999999998,1.007256,0.4628998,0.009294644293201041,2.2627719249470313,13.044734744147037,13.044734744147037,4.167068043269192,0.3211825118265192,0.036474007532223164,1.0793332000000002
real,40/0.8 all_ankles,t27_tracking_lag_b1_diag_20260430_101404.csv,5,left,touchdown,left,roll,1777515245.7589765,5,49.99518394470215,0.2338775239610833,16,11,0.5291112,0.18445793,0.7168082,0.25169856,0.019053529258411417,2.697712232709351,10.000963303846062,10.000963303846062,9.091784821678239,0.23046254678715247,0.07329862542086733,0.7727039
real,40/0.8 all_ankles,t27_tracking_lag_b1_diag_20260430_101404.csv,5,left,touchdown,left,pitch,1777515245.7589765,3,29.99711036682129,0.006772758631340951,16,13,0.04788299999999995,0.3342765,0.15391599999999983,0.35820609999999997,0.024811643554120015,4.2633241131108335,16.66827217307677,16.66827217307677,7.693048695266202,0.26862680711399595,0.027059556491421357,0.4910600999999998
real,40/0.8 all_ankles,t27_tracking_lag_b1_diag_20260430_101404.csv,5,left,touchdown,right,roll,1777515245.7589765,4,39.99614715576172,0.15909111493385425,16,12,0.18144359999999998,0.650991,0.40163737999999993,0.880417,0.045864380274339506,8.284161961784738,9.091784821678239,9.091784821678239,8.334136086538384,0.2334556566277727,0.0535613819372364,0.83529512
real,40/0.8 all_ankles,t27_tracking_lag_b1_diag_20260430_101404.csv,5,left,touchdown,right,pitch,1777515245.7589765,4,39.99614715576172,0.18686478335085618,16,12,0.3525076,0.3329204,1.5090576,0.3329204,0.01605198420307278,3.157588638747984,0.0,0.0,8.334136086538384,0.17288543423214792,0.11092648618544096,1.6084199999999997
real,40/0.8 all_ankles,t27_tracking_lag_b1_diag_20260430_101404.csv,6,right,swing,left,roll,1777515246.1590714,20,199.9807357788086,0.20032649008739725,33,13,0.17940499999999998,0.030483999999999983,0.440625,0.05952399999999995,0.004209502814385118,0.6323496467214696,25.002408259615155,25.002408259615155,7.693048695266202,0.2886478164083485,0.037488865148457784,0.4214390000000001
real,40/0.8 all_ankles,t27_tracking_lag_b1_diag_20260430_101404.csv,6,right,swing,left,pitch,1777515246.1590714,0,0.0,0.11002976068834552,33,33,0.3938448,0.11954419999999999,0.4417277999999999,0.163758,0.0021354226163241706,0.5701678155580941,6.250602064903789,0.0,3.030594940559413,0.26974424287888915,0.04256488978234018,0.6012057999999999
real,40/0.8 all_ankles,t27_tracking_lag_b1_diag_20260430_101404.csv,6,right,swing,right,roll,1777515246.1590714,5,49.99518394470215,0.4515558338680561,33,28,0.1066006,0.924572,0.23461782,3.107119199999999,0.060302113721682815,12.102868587066522,11.112181448717847,11.112181448717847,7.1435452170329015,0.27556546823432815,0.05868223041916839,2.9893575999999995
real,40/0.8 all_ankles,t27_tracking_lag_b1_diag_20260430_101404.csv,6,right,swing,right,pitch,1777515246.1590714,7,69.99325752258301,0.19907663645497614,33,26,0.14357799999999998,0.09668500000000002,0.45463599999999993,0.359911,0.011719165290872777,1.7063806990451729,24.00231192923055,20.001926607692123,11.539573042899303,0.11022061671815653,0.016064535524446606,0.5152669999999998
real,40/0.8 all_ankles,t27_tracking_lag_b1_diag_20260430_101404.csv,6,right,touchdown,left,roll,1777515246.1590714,0,0.0,-0.06383908455630212,15,15,0.39298479999999997,0.22222999999999998,0.7217573999999999,0.2918337,0.012231977228446432,2.6785864863008326,14.287090434065803,14.287090434065803,6.667308869230708,0.19520019243535766,0.05299233550235864,0.8069989000000001
real,40/0.8 all_ankles,t27_tracking_lag_b1_diag_20260430_101404.csv,6,right,touchdown,left,pitch,1777515246.1590714,4,39.99614715576172,0.28589938176966523,15,11,0.3938448,0.066562,0.8205415999999999,0.103099,0.0074884480261890275,1.1528693989108827,10.000963303846062,0.0,9.091784821678239,0.13079345738380105,0.08712013737685596,0.8554185999999999
real,40/0.8 all_ankles,t27_tracking_lag_b1_diag_20260430_101404.csv,6,right,touchdown,right,roll,1777515246.1590714,4,39.99614715576172,0.27098264017806717,15,11,0.43120765000000005,0.785339,0.7187899000000001,0.785339,0.035885805538658014,8.41773849808279,0.0,0.0,9.091784821678239,0.2799016161498833,0.05102928548371736,0.7584380000000001
real,40/0.8 all_ankles,t27_tracking_lag_b1_diag_20260430_101404.csv,6,right,touchdown,right,pitch,1777515246.1590714,4,39.99614715576172,0.09484319824812418,15,11,0.016159999999999952,0.2905445,0.023484999999999923,0.2905445,0.017202170099074383,3.1910562926223456,0.0,0.0,9.091784821678239,0.29139559225279615,0.018420785936082328,0.29937949999999997
sim,2504,t27_tracking_lag_b1_diag_20260506_133905_2504.csv,1,left,swing,left,roll,1778045946.048306,20,199.99980926513672,0.16493034488219088,33,13,0.0085778,0.038242,0.020589400000000004,0.05408423999999999,0.0036917967475917934,0.592731105737912,33.33336512250753,33.33336512250753,7.6923150282709685,0.02517443606785096,0.0034702393454496645,0.050193440000000006
sim,2504,t27_tracking_lag_b1_diag_20260506_133905_2504.csv,1,left,swing,left,pitch,1778045946.048306,13,129.99987602233887,0.5577103492024927,33,20,0.15532399999999996,0.2640849,0.22556099999999996,0.3714168,0.017781098371861457,3.227905173665365,15.789488742240408,15.789488742240408,5.0000047683761295,0.1761208910487623,0.018883554862060545,0.44144720000000004
sim,2504,t27_tracking_lag_b1_diag_20260506_133905_2504.csv,1,left,swing,right,roll,1778045946.048306,11,109.9998950958252,0.9743486881767912,33,22,0.2304738,0.0531647,0.32580960000000003,0.06352089999999999,0.0019028574564740942,0.4424685715297371,9.523818606430723,4.761909303215361,4.545458880341936,0.08966456605094753,0.01167960629816967,0.2768183
sim,2504,t27_tracking_lag_b1_diag_20260506_133905_2504.csv,1,left,swing,right,pitch,1778045946.048306,2,19.999980926513672,0.2898128833385127,33,31,0.4820633,0.15882500000000002,0.9786796000000002,0.17131800000000005,0.0025263656650580516,0.9522013516241413,6.666673024501506,3.333336512250753,3.2258095279845995,0.20793128102698938,0.048580825237800294,0.9638395999999999
sim,2504,t27_tracking_lag_b1_diag_20260506_133905_2504.csv,1,left,touchdown,left,roll,1778045946.048306,5,49.99995231628418,0.2939170331238757,16,11,0.08140399999999998,0.0570511,0.0839299999999999,0.057051099999999993,0.0033517246990781725,0.6157365634147569,0.0,0.0,9.090917760683872,0.3977588998197042,0.006364822870358962,0.06133216000000008
sim,2504,t27_tracking_lag_b1_diag_20260506_133905_2504.csv,1,left,touchdown,left,pitch,1778045946.048306,0,0.0,0.0,16,16,0.0,0.013096999999999998,0.0,0.01736199999999999,0.0007053619985954037,0.135906430666261,13.333346049003012,0.0,6.250005960470162,0.3015090267289895,0.0007053619985954051,0.017361999999999933
sim,2504,t27_tracking_lag_b1_diag_20260506_133905_2504.csv,1,left,touchdown,right,roll,1778045946.048306,4,39.999961853027344,0.3799898586294655,16,12,0.03183648,0.014470499999999999,0.03746328,0.015759799999999997,0.000802192812569374,0.17352214528077692,9.090917760683872,0.0,8.333341280626883,0.006129004841906094,0.0022366508209821553,0.030419079999999998
sim,2504,t27_tracking_lag_b1_diag_20260506_133905_2504.csv,1,left,touchdown,right,pitch,1778045946.048306,4,39.999961853027344,0.5735452646967603,16,12,0.07408800000000001,0.045204999999999995,0.07408800000000001,0.045204999999999995,0.002133580429711123,0.46673286309815276,0.0,0.0,8.333341280626883,0.009640909872344353,0.0026453451864041294,0.03401100000000004
sim,2504,t27_tracking_lag_b1_diag_20260506_133905_2504.csv,2,left,swing,left,roll,1778045946.7483065,12,119.99988555908203,0.1059983867229441,34,22,0.2978052,0.038871100000000006,0.3139004,0.07413952000000001,0.0030107318520147994,0.4774032566380534,19.047637212861446,9.523818606430723,4.545458880341936,0.0704530749294819,0.019612021682920616,0.34005510000000005
sim,2504,t27_tracking_lag_b1_diag_20260506_133905_2504.csv,2,left,swing,left,pitch,1778045946.7483065,12,119.99988555908203,0.5404296475783453,34,22,0.15602499999999997,0.20656600000000003,0.22388899999999995,0.3411210000000001,0.01737690725885336,2.800379762179521,14.285727909646084,14.285727909646084,4.545458880341936,0.1416712106161818,0.018129526065500074,0.40212800000000004
sim,2504,t27_tracking_lag_b1_diag_20260506_133905_2504.csv,2,left,swing,right,roll,1778045946.7483065,11,109.9998950958252,0.7278921178592767,34,23,0.2187791,0.030856599999999998,0.40835147999999993,0.05422153,0.0017743986979317351,0.3265289851501109,13.636376641025807,4.545458880341936,4.347830233370547,0.12423298442357142,0.012865628516958497,0.40039665
sim,2504,t27_tracking_lag_b1_diag_20260506_133905_2504.csv,2,left,swing,right,pitch,1778045946.7483065,15,149.99985694885254,0.4330885984392269,34,19,0.5874729999999999,0.12103299999999997,0.5874729999999999,0.12765699999999994,0.002956855169254054,0.8998199637212936,5.555560853751255,0.0,5.263162914080136,0.19526686653088246,0.06496396789922083,0.7018819999999999
sim,2504,t27_tracking_lag_b1_diag_20260506_133905_2504.csv,2,left,touchdown,left,roll,1778045946.7483065,1,9.999990463256836,0.5233990834102802,16,15,0.046933,0.02101638,0.0860510000000001,0.03032672,0.0018385799381985854,0.24943191304171564,14.285727909646084,7.142863954823042,6.666673024501506,0.4219760321148538,0.004810585311760408,0.0715001400000001
sim,2504,t27_tracking_lag_b1_diag_20260506_133905_2504.csv,2,left,touchdown,left,pitch,1778045946.7483065,5,49.99995231628418,0.14630889883833068,16,11,0.0,0.06053599999999998,0.0,0.06053599999999998,0.0029963297522202733,0.6250806533960311,0.0,0.0,9.090917760683872,0.19965757002382398,0.0029963297522202646,0.06053599999999998
sim,2504,t27_tracking_lag_b1_diag_20260506_133905_2504.csv,2,left,touchdown,right,roll,1778045946.7483065,4,39.999961853027344,0.5657839685947497,16,12,0.03699529,0.0184975,0.042176229999999995,0.01852521,0.001255557776647886,0.2156006395432464,0.0,0.0,8.333341280626883,0.004817594549830479,0.00204463029976448,0.026530820000000004
sim,2504,t27_tracking_lag_b1_diag_20260506_133905_2504.csv,2,left,touchdown,right,pitch,1778045946.7483065,3,29.999971389770508,0.8685403153426073,16,13,0.094644,0.06005900000000003,0.09576800000000002,0.06005900000000003,0.0028912706453011784,0.5718025790920254,0.0,0.0,7.6923150282709685,0.016137250242362084,0.0023254823983193547,0.03836700000000004
sim,2504,t27_tracking_lag_b1_diag_20260506_133905_2504.csv,3,right,swing,left,roll,1778045946.9683053,3,29.999971389770508,0.4465528475912587,34,31,0.5011629,0.0651298,0.9167649000000004,0.12647481,0.006900311369070127,0.8658245608440123,16.666682561253765,6.666673024501506,3.2258095279845995,0.4135298196441428,0.037548340543404904,0.84848549
sim,2504,t27_tracking_lag_b1_diag_20260506_133905_2504.csv,3,right,swing,left,pitch,1778045946.9683053,6,59.999942779541016,0.05693088372032103,34,28,0.35535839999999996,0.164602,0.35535839999999996,0.167776,0.0018145506717906976,0.681380590056267,3.70370723583417,3.70370723583417,3.571431977411521,0.1915881775043208,0.026432329417097587,0.5167864
sim,2504,t27_tracking_lag_b1_diag_20260506_133905_2504.csv,3,right,swing,right,roll,1778045946.9683053,0,0.0,0.5547720405780183,34,34,0.18966859,0.0676132,0.36694854,0.1061513,0.002565871554165212,0.4363440027354366,12.121223680911829,6.060611840455914,2.9411792755153705,0.04190632676591906,0.012775959568110767,0.37253820000000004
sim,2504,t27_tracking_lag_b1_diag_20260506_133905_2504.csv,3,right,swing,right,pitch,1778045946.9683053,2,19.999980926513672,0.5238429555842038,34,32,0.167061,0.15547799999999998,0.47881999999999997,0.270223,0.011460816606879627,1.5109014219061747,9.6774285839538,6.451619055969199,3.125002980235081,0.04523609201594453,0.011389887379926302,0.35237699999999994
sim,2504,t27_tracking_lag_b1_diag_20260506_133905_2504.csv,3,right,touchdown,left,roll,1778045946.9683053,2,19.999980926513672,0.8242306278679478,15,13,0.1321889,0.0863902,0.17903189999999997,0.15559989999999999,0.015038776282210274,1.840377533331584,25.000023841880648,25.000023841880648,15.384630056541937,0.04528751617417236,0.008536964153781138,0.13758061999999996
sim,2504,t27_tracking_lag_b1_diag_20260506_133905_2504.csv,3,right,touchdown,left,pitch,1778045946.9683053,4,39.999961853027344,0.4244177456783311,15,11,0.70286,0.024791000000000007,0.8030139999999999,0.06887299999999996,0.006335862364494519,0.8331632079048322,40.000038147009036,40.000038147009036,18.181835521367745,0.30424151337308564,0.05877656374221146,0.7654050000000002
sim,2504,t27_tracking_lag_b1_diag_20260506_133905_2504.csv,3,right,touchdown,right,roll,1778045946.9683053,0,0.0,0.8710072269516688,15,15,0.35246500000000003,0.0657818,0.7395308,0.08503454000000003,0.009131676333979603,1.3601727346573018,21.428591864469126,14.285727909646084,6.666673024501506,0.10997228265240354,0.0503090522974554,0.6578545000000001
sim,2504,t27_tracking_lag_b1_diag_20260506_133905_2504.csv,3,right,touchdown,right,pitch,1778045946.9683053,2,19.999980926513672,0.4388248503806466,15,13,0.13377799999999995,0.07047600000000001,0.38544999999999985,0.136464,0.015348095264491489,2.139176904365702,8.333341280626883,8.333341280626883,7.6923150282709685,0.1405846059843297,0.022580992533389476,0.34577999999999987
sim,2504,t27_tracking_lag_b1_diag_20260506_133905_2504.csv,4,left,swing,left,roll,1778045947.4082992,20,199.99980926513672,0.2199346979079095,33,13,0.014572060000000001,0.0216385666,0.02088148,0.025952186599999996,0.0017871928579765402,0.2634834513768557,16.666682561253765,16.666682561253765,7.6923150282709685,0.01321521542699193,0.002820329002172907,0.03960592660000001
sim,2504,t27_tracking_lag_b1_diag_20260506_133905_2504.csv,4,left,swing,left,pitch,1778045947.4082992,6,59.999942779541016,0.2568199851456845,33,27,0.22124699999999997,0.18315199999999998,0.5897929999999998,0.284015,0.00979610667552584,1.7095339524620212,3.8461575141354842,3.8461575141354842,3.70370723583417,0.06387137879479468,0.02456860374135393,0.549474
sim,2504,t27_tracking_lag_b1_diag_20260506_133905_2504.csv,4,left,swing,right,roll,1778045947.4082992,20,199.99980926513672,0.9328727369928312,33,13,0.181405,0.01571259,0.21328499999999997,0.02831548,0.0022472824013951187,0.33035860664638983,25.000023841880648,16.666682561253765,7.6923150282709685,0.2819394144237312,0.011825690084399244,0.19687911999999996
sim,2504,t27_tracking_lag_b1_diag_20260506_133905_2504.csv,4,left,swing,right,pitch,1778045947.4082992,7,69.99993324279785,0.2727495401718832,33,26,0.76,0.11529100000000003,1.403782,0.18994,0.005117249145182154,0.8587624552909616,12.00001144410271,12.00001144410271,3.8461575141354842,0.3443060392696195,0.05099369857117446,1.487024
sim,2504,t27_tracking_lag_b1_diag_20260506_133905_2504.csv,4,left,touchdown,left,roll,1778045947.4082992,4,39.999961853027344,-0.15883423069897157,15,11,0.07859700000000003,0.0544394,0.10179200000000005,0.0573264,0.004085086068207645,0.7312413858299204,10.000009536752259,0.0,9.090917760683872,0.43570543611608353,0.008234588828696428,0.12139319999999998
sim,2504,t27_tracking_lag_b1_diag_20260506_133905_2504.csv,4,left,touchdown,left,pitch,1778045947.4082992,0,0.0,-0.22260449323705014,15,15,0.38111300000000004,0.10487800000000003,0.41803100000000004,0.10487800000000003,0.0034540087877014077,0.763640025127448,0.0,0.0,6.666673024501506,0.2888114540054578,0.018580879312319616,0.508783
sim,2504,t27_tracking_lag_b1_diag_20260506_133905_2504.csv,4,left,touchdown,right,roll,1778045947.4082992,3,29.999971389770508,0.8018063574250821,15,12,0.016588620000000002,0.01843273,0.029146580000000005,0.01919889,0.0011733665198135597,0.20304687345400635,9.090917760683872,0.0,8.333341280626883,0.006273313225181285,0.0017216091357425776,0.020572087999999995
sim,2504,t27_tracking_lag_b1_diag_20260506_133905_2504.csv,4,left,touchdown,right,pitch,1778045947.4082992,2,19.999980926513672,0.5904575527653882,15,13,0.06373299999999998,0.037287000000000015,0.06373299999999998,0.037287000000000015,0.0018936945846451901,0.33503697547089645,0.0,0.0,7.6923150282709685,0.010864445661811818,0.002865369911718711,0.035043999999999964
sim,2504,t27_tracking_lag_b1_diag_20260506_133905_2504.csv,5,right,swing,left,roll,1778045947.7683032,4,39.999961853027344,0.6320694007212547,34,30,0.45953443,0.1070129,0.53770987,0.21882847000000002,0.004762514020624292,0.944324093999927,10.344837451812682,10.344837451812682,3.333336512250753,0.2809549692628175,0.010826932004311103,0.5504610400000001
sim,2504,t27_tracking_lag_b1_diag_20260506_133905_2504.csv,5,right,swing,left,pitch,1778045947.7683032,20,199.99980926513672,0.3542555666951585,34,14,0.4480672,0.14696299999999995,0.4480672,0.20176499999999992,0.01889188422418525,2.501873430887541,23.076945084812905,23.076945084812905,14.285727909646084,0.4628312160501771,0.01464558985393236,0.37790859999999993
sim,2504,t27_tracking_lag_b1_diag_20260506_133905_2504.csv,5,right,swing,right,roll,1778045947.7683032,1,9.999990463256836,0.5429280338612723,34,33,0.451135,0.020218439999999997,1.1163000799999998,0.06724529800000001,0.002293379594736992,0.3284157314801288,15.625014901175405,3.125002980235081,3.030305920227957,0.18823763214106115,0.04831523028899159,1.0926513620000002
sim,2504,t27_tracking_lag_b1_diag_20260506_133905_2504.csv,5,right,swing,right,pitch,1778045947.7683032,4,39.999961853027344,0.13413505431507922,34,30,0.648193,0.20870600000000003,0.9233140000000001,0.35210899999999995,0.009202706572324052,1.7326141944474236,3.448279150604227,3.448279150604227,3.333336512250753,0.32064524245243164,0.022238795125165512,0.857545
sim,2504,t27_tracking_lag_b1_diag_20260506_133905_2504.csv,5,right,touchdown,left,roll,1778045947.7683032,3,29.999971389770508,0.32467380953889974,15,12,0.01223676,0.01280759,0.01956741,0.01280759,0.0005891916245008998,0.12725745008092887,0.0,0.0,8.333341280626883,0.0036057907758146475,0.0011817547964694333,0.015336299999999999
sim,2504,t27_tracking_lag_b1_diag_20260506_133905_2504.csv,5,right,touchdown,left,pitch,1778045947.7683032,3,29.999971389770508,0.7200147528891677,15,12,0.02740300000000001,0.01899999999999996,0.059197,0.024135999999999935,0.0016287056749390639,0.2508787502389826,9.090917760683872,0.0,8.333341280626883,0.011449597744025779,0.0049148547794802405,0.04902100000000015
sim,2504,t27_tracking_lag_b1_diag_20260506_133905_2504.csv,5,right,touchdown,right,roll,1778045947.7683032,2,19.999980926513672,0.10815394978880172,15,13,0.09880099999999997,0.02744906,0.20187899999999986,0.03488256,0.0016446798932658595,0.3029253069988079,8.333341280626883,8.333341280626883,7.6923150282709685,0.3602179776653449,0.016755838122006095,0.20128303999999986
sim,2504,t27_tracking_lag_b1_diag_20260506_133905_2504.csv,5,right,touchdown,right,pitch,1778045947.7683032,2,19.999980926513672,0.34313000317844294,15,13,0.08615699999999998,0.06999699999999998,0.101132,0.06999699999999998,0.0028359697553516357,0.6047839174490429,0.0,0.0,7.6923150282709685,0.6308506514806326,0.011703592854210954,0.16354100000000016
sim,2504,t27_tracking_lag_b1_diag_20260506_133905_2504.csv,6,left,swing,left,roll,1778045948.0883052,2,19.999980926513672,0.4389780958997997,32,30,0.4267173,0.055438299999999996,0.6289167600000001,0.09761799999999998,0.004775046126776075,0.7451395460142279,10.344837451812682,6.896558301208454,3.333336512250753,0.15636126150535767,0.031043682616559105,0.5723708400000002
sim,2504,t27_tracking_lag_b1_diag_20260506_133905_2504.csv,6,left,swing,left,pitch,1778045948.0883052,5,49.99995231628418,0.19189250450944167,32,27,0.25873650000000004,0.16806699999999997,0.8072852,0.27450899999999995,0.005819238596670482,1.3201810318916911,7.6923150282709685,3.8461575141354842,3.70370723583417,0.06159568118374258,0.039967630251432455,0.6576742000000001
sim,2504,t27_tracking_lag_b1_diag_20260506_133905_2504.csv,6,left,swing,right,roll,1778045948.0883052,3,29.999971389770508,0.6439941351804502,32,29,0.41498379999999996,0.07478467999999999,0.5661930399999998,0.16471791,0.004916850704480003,0.8607498780020875,10.714295932234563,10.714295932234563,6.896558301208454,0.2880402212606094,0.009990890648203575,0.5222503499999998
sim,2504,t27_tracking_lag_b1_diag_20260506_133905_2504.csv,6,left,swing,right,pitch,1778045948.0883052,20,199.99980926513672,0.1877047850602432,32,12,0.03459599999999996,0.09787499999999999,0.03459599999999996,0.148714,0.01186065624535434,1.8425719828396268,18.181835521367745,18.181835521367745,8.333341280626883,0.7267181458387656,0.013602749311338872,0.17908000000000013
sim,2504,t27_tracking_lag_b1_diag_20260506_133905_2504.csv,6,left,touchdown,left,roll,1778045948.0883052,5,49.99995231628418,-0.11710222439154591,16,11,0.10952899999999999,0.0721441,0.11634300000000009,0.0740978,0.004255585292988401,0.8305672787636031,10.000009536752259,10.000009536752259,9.090917760683872,0.42503968931178715,0.008759371098526501,0.09825697999999994
sim,2504,t27_tracking_lag_b1_diag_20260506_133905_2504.csv,6,left,touchdown,left,pitch,1778045948.0883052,0,0.0,-0.2357951664011281,16,16,0.32023650000000004,0.095723,0.4301607500000001,0.095723,0.003112884398156261,0.6706617934801445,0.0,0.0,6.250005960470162,0.3976567723498599,0.022246496322318895,0.5072697500000001
sim,2504,t27_tracking_lag_b1_diag_20260506_133905_2504.csv,6,left,touchdown,right,roll,1778045948.0883052,2,19.999980926513672,0.8147886665895829,16,14,0.02476416,0.03409422,0.036210099999999995,0.034094219999999995,0.0014869225189161714,0.3007474331121975,0.0,0.0,7.142863954823042,0.0123488543405081,0.001971711748292976,0.029538219999999994
sim,2504,t27_tracking_lag_b1_diag_20260506_133905_2504.csv,6,left,touchdown,right,pitch,1778045948.0883052,3,29.999971389770508,0.5487385528329306,16,13,0.06174099999999999,0.025052999999999992,0.08643099999999998,0.026964999999999906,0.0019127764980508537,0.2806035715170182,16.666682561253765,8.333341280626883,7.6923150282709685,0.008750074632648744,0.005443525024530737,0.06567000000000006
sim,3505,t27_tracking_lag_b1_diag_20260506_133024_3505.csv,1,left,swing,left,roll,1778045425.262834,12,119.99130249023438,0.6599712585349314,34,22,0.4127223,0.1570209,0.42318589999999995,0.23578872,0.008782964177721517,1.5632854628437045,19.048999704793697,19.048999704793697,9.091568040924264,0.09138617528665875,0.012287401352083813,0.3560206200000001
sim,3505,t27_tracking_lag_b1_diag_20260506_133024_3505.csv,1,left,swing,left,pitch,1778045425.262834,13,129.9905776977539,0.5598294233988617,34,21,0.15720699999999999,0.26494779999999996,0.22624299999999997,0.4114806,0.017150110115937176,3.0650607120030804,15.001087267525035,15.001087267525035,4.762249926198424,0.17714403668767348,0.018666028143041958,0.47238559999999985
sim,3505,t27_tracking_lag_b1_diag_20260506_133024_3505.csv,1,left,swing,right,roll,1778045425.262834,10,99.99275207519531,0.8250901053346624,34,24,0.23204039999999998,0.0540745,0.36333509999999997,0.07067375000000001,0.0023619471645889615,0.4870322663137995,8.696282473927557,8.696282473927557,4.166968685423621,0.08591317753957842,0.011725166830085322,0.31493485
sim,3505,t27_tracking_lag_b1_diag_20260506_133024_3505.csv,1,left,swing,right,pitch,1778045425.262834,5,49.996376037597656,0.6446039881205576,34,29,0.549951,0.149515,1.151854,0.16509500000000005,0.0044012618339828394,1.0323218637377554,3.571687444648818,0.0,3.448525808626445,0.1919213427718807,0.054190482323808735,1.0794550000000003
sim,3505,t27_tracking_lag_b1_diag_20260506_133024_3505.csv,1,left,touchdown,left,roll,1778045425.262834,4,39.997100830078125,-0.007086750005185438,15,11,0.07136799999999999,0.022243000000000013,0.08198299999999992,0.044329000000000035,0.0032941831496034546,0.5105561610763314,10.000724845016691,0.0,9.091568040924264,0.22937646051553842,0.011983535475018856,0.08864199999999989
sim,3505,t27_tracking_lag_b1_diag_20260506_133024_3505.csv,1,left,touchdown,left,pitch,1778045425.262834,0,0.0,0.0,15,15,0.0,0.048886999999999986,0.0,0.048886999999999986,0.0018198198174188493,0.37822783955871375,0.0,0.0,6.667149896677794,0.2514639205109419,0.001819819817418851,0.048886999999999986
sim,3505,t27_tracking_lag_b1_diag_20260506_133024_3505.csv,1,left,touchdown,right,roll,1778045425.262834,4,39.997100830078125,0.4455636902289724,15,11,0.02953472,0.02281161,0.03217988,0.02281161,0.0012114826789890638,0.2700240174246459,0.0,0.0,9.091568040924264,0.0032634985101379667,0.0011191503634319067,0.015359869999999992
sim,3505,t27_tracking_lag_b1_diag_20260506_133024_3505.csv,1,left,touchdown,right,pitch,1778045425.262834,4,39.997100830078125,0.48287554336643773,15,11,0.09320800000000001,0.07550699999999999,0.09320800000000001,0.07550699999999999,0.0034617074472510605,0.763950345657706,0.0,0.0,9.091568040924264,0.006994350999849163,0.0030623515109456283,0.03328700000000012
sim,3505,t27_tracking_lag_b1_diag_20260506_133024_3505.csv,2,right,swing,left,roll,1778045425.6128368,4,39.997100830078125,0.8131377029898486,32,28,0.4384439,0.1892918,0.5365897599999999,0.24973628000000006,0.006499366283679061,1.3576857494511534,18.51986082410498,14.815888659283987,3.571687444648818,0.15518887333539352,0.009234934731797304,0.38198709999999997
sim,3505,t27_tracking_lag_b1_diag_20260506_133024_3505.csv,2,right,swing,left,pitch,1778045425.6128368,13,129.9905776977539,1.1316847012517481,32,19,0.4858935,0.10281200000000001,0.857226,0.13055399999999995,0.004830709248835379,0.8399900415578808,11.111916494462989,5.555958247231494,5.263539392114048,0.19339611867121165,0.04724222747794741,0.9026819999999999
sim,3505,t27_tracking_lag_b1_diag_20260506_133024_3505.csv,2,right,swing,right,roll,1778045425.6128368,1,9.999275207519531,0.8473913547160675,32,31,0.248681,0.1418305,0.5495064599999999,0.25289089,0.010209057976463305,1.6529940970120003,10.000724845016691,10.000724845016691,3.226040272586029,0.04899243733065704,0.00999637773305801,0.36642831
sim,3505,t27_tracking_lag_b1_diag_20260506_133024_3505.csv,2,right,swing,right,pitch,1778045425.6128368,16,159.9884033203125,0.5005922578991865,32,16,0.20154999999999998,0.110627,0.258051,0.189677,0.018371626814513552,2.256059795127207,6.667149896677794,6.667149896677794,6.250453028135431,0.07112390596654193,0.018615348936642347,0.35038199999999997
sim,3505,t27_tracking_lag_b1_diag_20260506_133024_3505.csv,2,right,touchdown,left,roll,1778045425.6128368,3,29.997825622558594,0.9738935541210587,14,11,0.01719159,0.015002680000000001,0.020121290000000003,0.015389880000000002,0.0008703589978786761,0.18007826328677892,0.0,0.0,9.091568040924264,0.001680537196366902,0.0008184933324651594,0.00884581
sim,3505,t27_tracking_lag_b1_diag_20260506_133024_3505.csv,2,right,touchdown,left,pitch,1778045425.6128368,0,0.0,0.8283360337738173,14,14,0.08616000000000001,0.03181299999999998,0.08826300000000004,0.047788,0.0028649983908760382,0.43763585217973094,7.6928652653974545,0.0,7.143374889297636,0.023992922740734546,0.003025933915958843,0.06821900000000003
sim,3505,t27_tracking_lag_b1_diag_20260506_133024_3505.csv,2,right,touchdown,right,roll,1778045425.6128368,3,29.997825622558594,0.49081134339466254,14,11,0.195512,0.002520300000000003,0.195512,0.003489900000000004,0.0002215075719400307,0.03985659437534427,10.000724845016691,0.0,9.091568040924264,0.11875573393136549,0.01077843885990177,0.1939613
sim,3505,t27_tracking_lag_b1_diag_20260506_133024_3505.csv,2,right,touchdown,right,pitch,1778045425.6128368,3,29.997825622558594,-0.24749093140208744,14,11,0.21082299999999998,0.047070999999999974,0.21082299999999998,0.047070999999999974,0.0022328270133036136,0.47207316835008273,0.0,0.0,9.091568040924264,0.08955711545102986,0.0140539235840849,0.25789399999999996
sim,3505,t27_tracking_lag_b1_diag_20260506_133024_3505.csv,3,left,swing,left,roll,1778045425.9128406,6,59.99565124511719,0.6859150302707947,32,26,0.4989213,0.03433976,0.52627838,0.06295803999999999,0.0028736595249567926,0.39025325290106977,16.001159752026705,16.001159752026705,3.8464326326987273,0.11162676778005558,0.03791747228723329,0.505340562
sim,3505,t27_tracking_lag_b1_diag_20260506_133024_3505.csv,3,left,swing,left,pitch,1778045425.9128406,8,79.99420166015625,0.49263271380843243,32,24,0.19740599999999997,0.18481899999999998,0.328032,0.28507000000000005,0.011004867783666635,1.7258742675217147,13.044423710891335,13.044423710891335,4.166968685423621,0.08474302823413656,0.017096539365664416,0.3228059999999999
sim,3505,t27_tracking_lag_b1_diag_20260506_133024_3505.csv,3,left,swing,right,roll,1778045425.9128406,10,99.99275207519531,0.9166582686275191,32,22,0.2890002,0.04283619,0.506833,0.055122790000000005,0.0022600291215591874,0.4301678945413632,9.524499852396849,4.762249926198424,9.091568040924264,0.1427097153799098,0.016335589808735566,0.4821835299999999
sim,3505,t27_tracking_lag_b1_diag_20260506_133024_3505.csv,3,left,swing,right,pitch,1778045425.9128406,5,49.996376037597656,0.7033682884394448,32,27,0.7592829999999999,0.125255,1.505461,0.20701400000000003,0.00659111253560086,0.9988923935323782,11.539297898096182,11.539297898096182,3.7039721648209967,0.3393629287603814,0.05242202219422837,1.5822789999999998
sim,3505,t27_tracking_lag_b1_diag_20260506_133024_3505.csv,3,left,touchdown,left,roll,1778045425.9128406,4,39.997100830078125,0.9505575947933365,15,11,0.03204299999999999,0.1319362,0.049434000000000033,0.1319362,0.006532072190634213,1.4109067231538837,0.0,0.0,9.091568040924264,0.2809029231239359,0.007444219051426517,0.14850419999999998
sim,3505,t27_tracking_lag_b1_diag_20260506_133024_3505.csv,3,left,touchdown,left,pitch,1778045425.9128406,4,39.997100830078125,-0.10799457956649643,15,11,0.24589591000000002,0.07726899999999998,0.24589591,0.07726899999999998,0.003943788327582733,0.7788421938595557,0.0,0.0,9.091568040924264,0.17859287022954498,0.01423765394545897,0.32316490999999997
sim,3505,t27_tracking_lag_b1_diag_20260506_133024_3505.csv,3,left,touchdown,right,roll,1778045425.9128406,3,29.997825622558594,0.714861938559653,15,12,0.00968601,0.009024071,0.026154379999999998,0.014078641,0.0013744302291845314,0.1714511671460825,27.274704122772793,9.091568040924264,8.333937370847242,0.0025810966048845888,0.0012201417777831047,0.018268379
sim,3505,t27_tracking_lag_b1_diag_20260506_133024_3505.csv,3,left,touchdown,right,pitch,1778045425.9128406,2,19.998550415039062,0.6391303855912357,15,13,0.10409999999999997,0.072266,0.10409999999999997,0.072266,0.003211979940098988,0.6269830358469465,0.0,0.0,7.6928652653974545,0.016333856928289963,0.0032199450512279543,0.03695599999999993
sim,3505,t27_tracking_lag_b1_diag_20260506_133024_3505.csv,4,right,swing,left,roll,1778045426.272838,3,29.997825622558594,0.7811105454963562,33,30,0.44475814,0.21514011800000002,0.47992263000000007,0.28321111919999997,0.006716697439311469,1.523461186161196,10.345577425879336,6.89705161725289,3.333574948338897,0.14346688182154718,0.007577024789208481,0.34273837679999997
sim,3505,t27_tracking_lag_b1_diag_20260506_133024_3505.csv,4,right,swing,left,pitch,1778045426.272838,11,109.99202728271484,0.37306663739832685,33,22,0.714796,0.145945,1.18019,0.30287299999999995,0.01307611664802483,2.0148264379856866,19.048999704793697,14.286749778595272,4.545784020462132,0.4957878209645019,0.05711096881027585,1.155465
sim,3505,t27_tracking_lag_b1_diag_20260506_133024_3505.csv,4,right,swing,right,roll,1778045426.272838,3,29.997825622558594,0.496518908409016,33,30,0.3847519,0.032014780400000005,0.83797557,0.05721044080000001,0.0016357684152535506,0.28289961892931237,17.242629043132226,3.448525808626445,3.333574948338897,0.1158199199481415,0.03476724375287207,0.8237227939999998
sim,3505,t27_tracking_lag_b1_diag_20260506_133024_3505.csv,4,right,swing,right,pitch,1778045426.272838,2,19.998550415039062,0.14804164265203887,33,31,0.672493,0.2604168,1.204997,0.46555259999999987,0.0123317499979746,2.1913010518985496,10.000724845016691,10.000724845016691,3.226040272586029,0.3501965500352407,0.03979992075376441,1.047758
sim,3505,t27_tracking_lag_b1_diag_20260506_133024_3505.csv,4,right,touchdown,left,roll,1778045426.272838,2,19.998550415039062,0.7866966178960824,14,12,0.022876340000000002,0.012652556,0.0315043,0.013120243800000002,0.0009176927208292293,0.15306971783624096,0.0,0.0,8.333937370847242,0.0035251225455846715,0.001994918545407445,0.023986062799999996
sim,3505,t27_tracking_lag_b1_diag_20260506_133024_3505.csv,4,right,touchdown,left,pitch,1778045426.272838,0,0.0,0.7968722505771025,14,14,0.04802400000000001,0.028249999999999997,0.06719899999999995,0.03648399999999996,0.001965936103538065,0.3184862562525855,7.6928652653974545,7.6928652653974545,7.143374889297636,0.017703472564927568,0.003732034201285338,0.06673899999999994
sim,3505,t27_tracking_lag_b1_diag_20260506_133024_3505.csv,4,right,touchdown,right,roll,1778045426.272838,1,9.999275207519531,0.11337395231962917,14,13,0.16807300000000003,0.0171435,0.20964500000000003,0.0326796,0.0024851536741765847,0.33727778301448963,8.333937370847242,8.333937370847242,7.6928652653974545,0.2415831213677425,0.01239219264539993,0.20093780000000003
sim,3505,t27_tracking_lag_b1_diag_20260506_133024_3505.csv,4,right,touchdown,right,pitch,1778045426.272838,2,19.998550415039062,0.5338287932207053,14,12,0.061929999999999985,0.061282,0.061929999999999985,0.061282,0.0027612105247962135,0.583508573908985,0.0,0.0,8.333937370847242,0.627202023121272,0.012341740001201022,0.12321199999999999
sim,3505,t27_tracking_lag_b1_diag_20260506_133024_3505.csv,5,left,swing,left,roll,1778045426.5928369,1,9.999275207519531,0.3466324768754825,32,31,0.46122019999999997,0.03156984,0.71199038,0.07334914349999999,0.0022194610213527536,0.3658832655832184,13.334299793355587,3.333574948338897,3.226040272586029,0.16132650861077524,0.03527736647169908,0.6806158154999999
sim,3505,t27_tracking_lag_b1_diag_20260506_133024_3505.csv,5,left,swing,left,pitch,1778045426.5928369,4,39.997100830078125,0.26836456533227654,32,28,0.268291,0.18724,0.7911780000000002,0.29181,0.006162854144224584,1.3795813417573939,7.407944329641993,7.407944329641993,3.571687444648818,0.058244242744301705,0.035323422252588894,0.634906
sim,3505,t27_tracking_lag_b1_diag_20260506_133024_3505.csv,5,left,swing,right,roll,1778045426.5928369,3,29.997825622558594,0.7661871092683316,32,29,0.3724769,0.0877088,0.6453443599999998,0.18231000000000003,0.005189265598832755,0.9671788139204595,17.85843722324409,14.286749778595272,3.448525808626445,0.2003685677241819,0.012496796654731357,0.53726888
sim,3505,t27_tracking_lag_b1_diag_20260506_133024_3505.csv,5,left,swing,right,pitch,1778045426.5928369,7,69.99492645263672,0.31466766568863674,32,25,0.52276,0.11234900000000003,0.602811,0.3095230000000001,0.011894420531713837,1.78257277893621,16.667874741694483,16.667874741694483,4.000289938006676,0.6703835818853912,0.040226121000407275,0.8319220000000002
sim,3505,t27_tracking_lag_b1_diag_20260506_133024_3505.csv,5,left,touchdown,left,roll,1778045426.5928369,3,29.997825622558594,0.09239592804551905,14,11,0.05418200000000001,0.1673788,0.07300899999999999,0.1673788,0.00710336864779557,1.6920024764684618,0.0,0.0,9.091568040924264,0.31628676333870154,0.005571078638298546,0.12085920000000003
sim,3505,t27_tracking_lag_b1_diag_20260506_133024_3505.csv,5,left,touchdown,left,pitch,1778045426.5928369,3,29.997825622558594,-0.24335268566038656,14,11,0.174564,0.06008899999999995,0.2783957999999999,0.06008899999999995,0.0030006688220539177,0.6044246724365435,0.0,0.0,9.091568040924264,0.22669349150215223,0.022361763759038825,0.3105648000000001
sim,3505,t27_tracking_lag_b1_diag_20260506_133024_3505.csv,5,left,touchdown,right,roll,1778045426.5928369,1,9.999275207519531,0.6670983907569119,14,13,0.01510739,0.022826489999999998,0.027847598,0.0240512,0.0012943557721069173,0.23253088127678032,8.333937370847242,0.0,7.6928652653974545,0.007522170680389487,0.0015771188499394458,0.026433681199999996
sim,3505,t27_tracking_lag_b1_diag_20260506_133024_3505.csv,5,left,touchdown,right,pitch,1778045426.5928369,2,19.998550415039062,0.7736889751993126,14,12,0.078538,0.04610800000000004,0.08036399999999999,0.04610800000000004,0.002952634449054847,0.4699605827579464,0.0,0.0,8.333937370847242,0.011158712896208048,0.003675459334760957,0.03960200000000014
sim,3505,t27_tracking_lag_b1_diag_20260506_133024_3505.csv,6,right,swing,left,roll,1778045426.972846,2,19.998550415039062,0.7639782152265345,33,31,0.44082160000000004,0.23351815,0.46101369000000014,0.33508194999999996,0.0065331498248569955,1.5622956373027987,10.000724845016691,10.000724845016691,3.226040272586029,0.14172871902629885,0.006500242628065174,0.3836093599999999
sim,3505,t27_tracking_lag_b1_diag_20260506_133024_3505.csv,6,right,swing,left,pitch,1778045426.972846,12,119.99130249023438,0.35072022770220185,33,21,0.5196419999999999,0.15070999999999998,0.8840560799999999,0.28182300000000005,0.013435001414599518,2.0730962558750092,20.001449690033382,5.000362422508346,4.762249926198424,0.5430053768472218,0.06204495609110181,0.91357108
sim,3505,t27_tracking_lag_b1_diag_20260506_133024_3505.csv,6,right,swing,right,roll,1778045426.972846,3,29.997825622558594,0.3470262082660572,33,30,0.3892379,0.021170033,0.8894737800000001,0.067429616,0.002044382314682315,0.3205461981712571,20.69115485175867,13.79410323450578,3.333574948338897,0.09695102173697089,0.0343474895712606,0.854865182
sim,3505,t27_tracking_lag_b1_diag_20260506_133024_3505.csv,6,right,swing,right,pitch,1778045426.972846,3,29.997825622558594,0.2004126302831202,33,30,0.685226,0.314522,1.0833279999999996,0.5105050000000001,0.014275144817540034,2.5457871922287145,3.448525808626445,3.448525808626445,3.333574948338897,0.25631530277700354,0.039432456547338596,0.9505482
sim,3505,t27_tracking_lag_b1_diag_20260506_133024_3505.csv,6,right,touchdown,left,roll,1778045426.972846,2,19.998550415039062,0.8158786338115802,14,12,0.02414359,0.01336059,0.02981291,0.014241390000000001,0.0009780777516630156,0.16102969233029382,9.091568040924264,0.0,8.333937370847242,0.00364576545824464,0.0016307026482392075,0.017568311999999996
sim,3505,t27_tracking_lag_b1_diag_20260506_133024_3505.csv,6,right,touchdown,left,pitch,1778045426.972846,0,0.0,0.7057882392668053,14,14,0.037248,0.034109,0.06097800000000003,0.041534000000000015,0.0025358220668967083,0.3817760293569823,7.6928652653974545,7.6928652653974545,7.143374889297636,0.016782751904857562,0.003440342013550166,0.05899600000000005
sim,3505,t27_tracking_lag_b1_diag_20260506_133024_3505.csv,6,right,touchdown,right,roll,1778045426.972846,3,29.997825622558594,0.554563167143044,14,11,0.175157,0.00941778,0.182932,0.01834346,0.0019526325928669614,0.255009638718193,10.000724845016691,10.000724845016691,9.091568040924264,0.22413491878210165,0.011312642908388574,0.1772859
sim,3505,t27_tracking_lag_b1_diag_20260506_133024_3505.csv,6,right,touchdown,right,pitch,1778045426.972846,0,0.0,0.5527194944244866,14,14,0.09799200000000002,0.03744699999999998,0.197559,0.03744699999999998,0.0015622636273780958,0.31237070191864486,0.0,0.0,7.143374889297636,0.43399395621384274,0.013404581052727713,0.18368799999999996
sim,4005,t27_tracking_lag_b1_diag_20260506_134153_4005.csv,1,left,swing,left,roll,1778046114.0419912,8,79.99801635742188,0.8638162606297192,33,25,0.5365296,0.1515754,0.5510451000000001,0.19192734,0.008095144958390857,1.3477629109461937,16.667079935784336,12.500309951838252,4.000099184588241,0.11123613991265814,0.03139814154520478,0.45207972
sim,4005,t27_tracking_lag_b1_diag_20260506_134153_4005.csv,1,left,swing,left,pitch,1778046114.0419912,10,99.99752044677734,0.5493533455007213,33,23,0.17451299999999997,0.177842,0.26694399999999996,0.3281179999999999,0.012922948194895272,2.1017545837678475,13.63670176564173,13.63670176564173,4.347933896291567,0.11791174161265888,0.016825554786773885,0.3940919999999999
sim,4005,t27_tracking_lag_b1_diag_20260506_134153_4005.csv,1,left,swing,right,roll,1778046114.0419912,10,99.99752044677734,1.0417670268814012,33,23,0.30365149999999996,0.0326846,0.4611453,0.05259800999999999,0.001980703041234533,0.3511087829410575,13.63670176564173,9.09113451042782,4.347933896291567,0.1874270296459978,0.016097636308669,0.44116348999999994
sim,4005,t27_tracking_lag_b1_diag_20260506_134153_4005.csv,1,left,swing,right,pitch,1778046114.0419912,5,49.99876022338867,0.878948207198513,33,28,0.76,0.13784,1.556347,0.25529300000000005,0.00897339363574693,1.3628775438627023,11.111386623856225,7.407591082570817,3.5715171290966437,0.26689317290260867,0.0513077387545418,1.5044039999999996
sim,4005,t27_tracking_lag_b1_diag_20260506_134153_4005.csv,1,left,touchdown,left,roll,1778046114.0419912,5,49.99876022338867,0.08654689425527536,16,11,0.019240000000000035,0.05865299999999998,0.053465000000000096,0.05865299999999998,0.003489895773877093,0.6445682898334565,0.0,0.0,9.09113451042782,0.1796693524381536,0.006928169638652374,0.07576000000000008
sim,4005,t27_tracking_lag_b1_diag_20260506_134153_4005.csv,1,left,touchdown,left,pitch,1778046114.0419912,5,49.99876022338867,-0.2159619818328533,16,11,0.20315399999999997,0.08628199999999997,0.20315399999999997,0.08628199999999997,0.004250102071468859,0.8798284332024311,0.0,0.0,9.09113451042782,0.11146939373168353,0.015594925862804332,0.2894359999999999
sim,4005,t27_tracking_lag_b1_diag_20260506_134153_4005.csv,1,left,touchdown,right,roll,1778046114.0419912,3,29.999256134033203,0.49336805901156583,16,13,0.02071063,0.01374521,0.032266277999999995,0.016807469999999998,0.0008921730713992224,0.1712245617640652,8.333539967892168,8.333539967892168,7.6924984319004635,0.003225844021913192,0.0018303861745449458,0.023903648000000007
sim,4005,t27_tracking_lag_b1_diag_20260506_134153_4005.csv,1,left,touchdown,right,pitch,1778046114.0419912,3,29.999256134033203,0.711682648594309,16,13,0.125946,0.10407899999999998,0.125946,0.10407899999999998,0.004984888037039169,0.931908525285356,0.0,0.0,7.6924984319004635,0.01042961319070331,0.0031112911197023123,0.041051000000000004
sim,4005,t27_tracking_lag_b1_diag_20260506_134153_4005.csv,2,right,swing,left,roll,1778046114.382012,3,29.999256134033203,0.9421347330721894,34,31,0.44166130000000003,0.27159,0.5158858100000002,0.40709674,0.009403997229376786,2.0719734593290626,13.33366394862747,6.666831974313735,3.225886439184065,0.12372653087774023,0.005906851715555989,0.2873372900000002
sim,4005,t27_tracking_lag_b1_diag_20260506_134153_4005.csv,2,right,swing,left,pitch,1778046114.382012,10,99.99752044677734,0.3855645959961633,34,24,0.746955,0.12980400000000003,1.50234,0.342173,0.013225252730694876,1.9358883897234902,17.391735585166266,17.391735585166266,4.166769983946084,0.3953982423238273,0.046792235697223516,1.543401
sim,4005,t27_tracking_lag_b1_diag_20260506_134153_4005.csv,2,right,swing,right,roll,1778046114.382012,2,19.99950408935547,0.19229934226268305,34,32,0.40613,0.049651299999999995,1.0078916800000002,0.08499473999999996,0.002909651794780533,0.4936190778200971,22.581205074288455,12.90354575673626,3.125077487959563,0.08487556931140525,0.04588875966198294,1.0190571798
sim,4005,t27_tracking_lag_b1_diag_20260506_134153_4005.csv,2,right,swing,right,pitch,1778046114.382012,19,189.99528884887695,0.09596197560439376,34,15,0.23689290000000002,0.13846199999999997,0.23689290000000002,0.138462,0.012933224879392068,1.9400474756436223,0.0,0.0,6.666831974313735,0.1044841452780341,0.017402119081672635,0.37535490000000005
sim,4005,t27_tracking_lag_b1_diag_20260506_134153_4005.csv,2,right,touchdown,left,roll,1778046114.382012,2,19.99950408935547,0.7887321520978077,15,13,0.024594949999999997,0.01757586,0.030577839,0.01757586,0.0010667614770343142,0.17692798262717171,0.0,0.0,7.6924984319004635,0.003943599274953714,0.002205839967163943,0.023251961
sim,4005,t27_tracking_lag_b1_diag_20260506_134153_4005.csv,2,right,touchdown,left,pitch,1778046114.382012,0,0.0,0.7540071028471457,15,15,0.069575,0.027303999999999995,0.085337,0.051687999999999956,0.003643331391290015,0.5006299862763987,7.143034258193287,7.143034258193287,6.666831974313735,0.020425958565838058,0.0037779938434870284,0.07419299999999995
sim,4005,t27_tracking_lag_b1_diag_20260506_134153_4005.csv,2,right,touchdown,right,roll,1778046114.382012,2,19.99950408935547,0.10925060820784654,15,13,0.20558700000000002,0.0257759,0.23839600000000005,0.032819299999999996,0.002887543871332535,0.40726226820934286,8.333539967892168,0.0,7.6924984319004635,0.2020936728339494,0.014504537883627596,0.22747770000000003
sim,4005,t27_tracking_lag_b1_diag_20260506_134153_4005.csv,2,right,touchdown,right,pitch,1778046114.382012,3,29.999256134033203,0.8247478005274987,15,12,0.11666699999999997,0.05503399999999997,0.15903799999999996,0.05503399999999997,0.002476206126656222,0.5256073197307539,0.0,0.0,8.333539967892168,0.5335602877869879,0.011194451204188778,0.16079
sim,4005,t27_tracking_lag_b1_diag_20260506_134153_4005.csv,3,left,swing,left,roll,1778046114.7019968,8,79.99801635742188,0.8949260497110285,33,25,0.3859137,0.052431599999999995,0.53384397,0.11378708199999998,0.005402208132777668,0.7227924317710575,16.667079935784336,12.500309951838252,4.000099184588241,0.0602807754287625,0.04428306650207304,0.52953563
sim,4005,t27_tracking_lag_b1_diag_20260506_134153_4005.csv,3,left,swing,left,pitch,1778046114.7019968,6,59.998512268066406,0.26918546687144945,33,27,0.252584,0.19054600000000002,0.6113009999999999,0.319666,0.008506743591067421,1.632687846014479,11.538747647850695,11.538747647850695,3.7037955412854084,0.07562258287364616,0.025800618391015686,0.5989530000000001
sim,4005,t27_tracking_lag_b1_diag_20260506_134153_4005.csv,3,left,swing,right,roll,1778046114.7019968,2,19.99950408935547,0.7166592865852405,33,31,0.3523343,0.0917409,0.6580463099999999,0.18923236000000002,0.00532703013959679,0.9541247781278576,16.667079935784336,6.666831974313735,3.225886439184065,0.1667070885686395,0.014541045762157532,0.591605364
sim,4005,t27_tracking_lag_b1_diag_20260506_134153_4005.csv,3,left,swing,right,pitch,1778046114.7019968,6,59.998512268066406,0.6995665342727801,33,27,0.76,0.11719299999999999,0.991641,0.24268299999999993,0.007650963735191276,1.1747124121034864,19.23124607975116,19.23124607975116,3.7037955412854084,0.5533658828077095,0.03920203309113346,0.9727480000000001
sim,4005,t27_tracking_lag_b1_diag_20260506_134153_4005.csv,3,left,touchdown,left,roll,1778046114.7019968,4,39.99900817871094,0.6792968379005287,15,11,0.05515300000000001,0.1507619,0.08538399999999996,0.1507619,0.007543815951836585,1.6326328897413427,0.0,0.0,9.09113451042782,0.24163497760721084,0.006464803631280886,0.12149589999999996
sim,4005,t27_tracking_lag_b1_diag_20260506_134153_4005.csv,3,left,touchdown,left,pitch,1778046114.7019968,0,0.0,0.13985965623054938,15,15,0.38181,0.08459,0.42976799999999993,0.08459,0.0026594792176637032,0.6065680104226837,0.0,0.0,6.666831974313735,0.21766575467151006,0.01886545577890832,0.490062
sim,4005,t27_tracking_lag_b1_diag_20260506_134153_4005.csv,3,left,touchdown,right,roll,1778046114.7019968,3,29.999256134033203,0.6417156489447802,15,12,0.01460494,0.01269352,0.030927845,0.01745979,0.0014296082387356872,0.192921699282586,9.09113451042782,0.0,8.333539967892168,0.0022874312418864817,0.0014654996912983238,0.019295005
sim,4005,t27_tracking_lag_b1_diag_20260506_134153_4005.csv,3,left,touchdown,right,pitch,1778046114.7019968,2,19.99950408935547,0.943707887149365,15,13,0.09783999999999998,0.06751799999999997,0.09783999999999998,0.06751799999999997,0.003733932025129896,0.6286583866001673,0.0,0.0,7.6924984319004635,0.013423887113305498,0.0034892675273554587,0.044535999999999965
sim,4005,t27_tracking_lag_b1_diag_20260506_134153_4005.csv,4,right,swing,left,roll,1778046115.0719929,2,19.99950408935547,0.7470906179265923,33,31,0.44030756,0.25109228,0.46849220000000014,0.31885943999999994,0.006310693503301372,1.6338093153534765,13.33366394862747,10.000247961470603,3.225886439184065,0.11937345022955846,0.008185151374631333,0.3237854599999999
sim,4005,t27_tracking_lag_b1_diag_20260506_134153_4005.csv,4,right,swing,left,pitch,1778046115.0719929,12,119.99702453613281,0.4490622188240045,33,21,0.585492,0.14201699999999995,1.070014,0.2961899999999999,0.014050643766411372,2.0823461934570906,20.000495922941205,15.000371942205904,4.762022838795525,0.5152080588753866,0.07658675459683743,1.05859
sim,4005,t27_tracking_lag_b1_diag_20260506_134153_4005.csv,4,right,swing,right,roll,1778046115.0719929,0,0.0,0.5323050969762155,33,33,0.29789730000000003,0.0344055,0.6207079299999998,0.08080327200000001,0.0023971606115243686,0.37968971080210656,15.625387439797816,6.250154975919126,3.030378170142607,0.09993348624355913,0.01940110333202503,0.6049145980000001
sim,4005,t27_tracking_lag_b1_diag_20260506_134153_4005.csv,4,right,swing,right,pitch,1778046115.0719929,3,29.999256134033203,0.20251435700038517,33,30,0.673441,0.3085156,1.2108755999999998,0.5179692,0.013927206838028582,2.5384598383374066,3.4483613660243457,3.4483613660243457,3.3334159871568674,0.29063450501910437,0.04122067736758992,1.1003922
sim,4005,t27_tracking_lag_b1_diag_20260506_134153_4005.csv,4,right,touchdown,left,roll,1778046115.0719929,3,29.999256134033203,0.9298489575706476,16,13,0.02346037,0.016623020000000002,0.032619102000000004,0.0178961,0.0013110922629406161,0.1968978623190531,0.0,0.0,7.6924984319004635,0.002287631829844197,0.0021598800947870167,0.020297330000000002
sim,4005,t27_tracking_lag_b1_diag_20260506_134153_4005.csv,4,right,touchdown,left,pitch,1778046115.0719929,0,0.0,0.661532259788462,16,16,0.04771599999999998,0.039983999999999964,0.058268999999999904,0.05317799999999995,0.003191952118419822,0.4639196822686163,6.666831974313735,0.0,6.250154975919126,0.018433618255784722,0.003523631641921644,0.06803500000000007
sim,4005,t27_tracking_lag_b1_diag_20260506_134153_4005.csv,4,right,touchdown,right,roll,1778046115.0719929,3,29.999256134033203,0.44856757008853637,16,13,0.17556899999999998,0.0353054,0.179273,0.042138600000000005,0.0039685105039109735,0.5513015120982752,8.333539967892168,0.0,7.6924984319004635,0.2125456718452766,0.010371763135630594,0.16282199999999994
sim,4005,t27_tracking_lag_b1_diag_20260506_134153_4005.csv,4,right,touchdown,right,pitch,1778046115.0719929,0,0.0,0.45909030042687315,16,16,0.09007600000000002,0.04253399999999999,0.25451,0.04253399999999999,0.0015417679647125528,0.3194045384476152,0.0,0.0,6.250154975919126,0.44979420685874505,0.014099544643318215,0.2373780000000002
sim,4005,t27_tracking_lag_b1_diag_20260506_134153_4005.csv,5,left,swing,left,roll,1778046115.4221342,9,89.99776840209961,0.9490374680083933,33,24,0.4704259,0.1162878,0.6104038920000001,0.16919634,0.007932020630809436,1.135182796785712,17.391735585166266,8.695867792583133,4.166769983946084,0.07356903243898673,0.03995210270697713,0.59922596
sim,4005,t27_tracking_lag_b1_diag_20260506_134153_4005.csv,5,left,swing,left,pitch,1778046115.4221342,6,59.998512268066406,0.4288587541071721,33,27,0.24021499999999998,0.203679,0.4095249999999999,0.346413,0.01141700497962193,1.7960817968168823,11.538747647850695,11.538747647850695,3.7037955412854084,0.12499784153321591,0.018850847702648457,0.45147600000000004
sim,4005,t27_tracking_lag_b1_diag_20260506_134153_4005.csv,5,left,swing,right,roll,1778046115.4221342,3,29.999256134033203,0.8741190342572871,33,30,0.37354719999999997,0.1165791,0.60730337,0.26757522,0.0068904241773018685,1.2601624039880692,17.241806830121728,10.345084098073038,3.3334159871568674,0.1752248170001442,0.01297185878932328,0.49231967
sim,4005,t27_tracking_lag_b1_diag_20260506_134153_4005.csv,5,left,swing,right,pitch,1778046115.4221342,6,59.998512268066406,1.0240598987968257,33,27,0.744953,0.11119299999999999,1.102102,0.19222299999999998,0.005531903578699908,0.9993005911588916,11.538747647850695,11.538747647850695,7.407591082570817,0.44749934749153175,0.036391879087649424,0.9774990000000001
sim,4005,t27_tracking_lag_b1_diag_20260506_134153_4005.csv,5,left,touchdown,left,roll,1778046115.4221342,3,29.999256134033203,0.6053058353826266,15,12,0.024882000000000015,0.132419,0.036909000000000136,0.132419,0.006062713371098169,1.3153189938427496,0.0,0.0,8.333539967892168,0.22831515647875125,0.005569977030999007,0.11283800000000002
sim,4005,t27_tracking_lag_b1_diag_20260506_134153_4005.csv,5,left,touchdown,left,pitch,1778046115.4221342,4,39.99900817871094,-0.4144847125375219,15,11,0.140926,0.056091999999999975,0.140926,0.056091999999999975,0.002668005206378464,0.5683060181920698,0.0,0.0,9.09113451042782,0.13711095223941813,0.019418229364516728,0.19701799999999997
sim,4005,t27_tracking_lag_b1_diag_20260506_134153_4005.csv,5,left,touchdown,right,roll,1778046115.4221342,4,39.99900817871094,0.606879564525418,15,11,0.01473356,0.01004094,0.031556348,0.01644326,0.0012848705622860992,0.18566839742121205,20.000495922941205,10.000247961470603,9.09113451042782,0.0022420556357133367,0.0018232919397665327,0.020643613399999997
sim,4005,t27_tracking_lag_b1_diag_20260506_134153_4005.csv,5,left,touchdown,right,pitch,1778046115.4221342,2,19.99950408935547,1.0461895617946688,15,13,0.09619599999999998,0.07056699999999999,0.09619599999999998,0.07056699999999999,0.0035538626520320855,0.6596313793654622,0.0,0.0,7.6924984319004635,0.014610035873698909,0.00187425385979636,0.02848899999999996
sim,4005,t27_tracking_lag_b1_diag_20260506_134153_4005.csv,6,right,swing,left,roll,1778046115.7920072,3,29.999256134033203,0.8784789187590254,33,30,0.456032,0.3099158,0.52250964,0.44981572,0.010611857470944158,2.295277906364405,20.690168196146075,13.793445464097383,3.3334159871568674,0.12379306696111134,0.007859219197204167,0.27806838000000006
sim,4005,t27_tracking_lag_b1_diag_20260506_134153_4005.csv,6,right,swing,left,pitch,1778046115.7920072,11,109.99727249145508,0.5640775004510685,33,22,0.749996,0.10241800000000001,1.4803959999999998,0.29381599999999997,0.012864459759961026,1.822206481696608,19.0480913551821,19.0480913551821,4.54556725521391,0.4170293440455193,0.05543420821711755,1.49262
sim,4005,t27_tracking_lag_b1_diag_20260506_134153_4005.csv,6,right,swing,right,roll,1778046115.7920072,0,0.0,0.65892403620556,33,33,0.3451784,0.055658200000000005,0.8441488699999999,0.10629832000000003,0.005002880246610868,0.7035522116176904,12.500309951838252,6.250154975919126,3.030378170142607,0.0762954162847862,0.03628315677982134,0.82274677
sim,4005,t27_tracking_lag_b1_diag_20260506_134153_4005.csv,6,right,swing,right,pitch,1778046115.7920072,3,29.999256134033203,0.3625604376924794,33,30,0.4010014,0.2518972,0.8714999999999999,0.3963024,0.009857169432438802,1.8603998584163037,10.345084098073038,10.345084098073038,3.3334159871568674,0.08243795803368939,0.02459020044830615,0.6931142
sim,4005,t27_tracking_lag_b1_diag_20260506_134153_4005.csv,6,right,touchdown,left,roll,1778046115.7920072,3,29.999256134033203,0.6772666677737303,15,12,0.01834914,0.01710631,0.026099690000000002,0.01774911,0.0008907495128829208,0.18482423080075827,0.0,0.0,8.333539967892168,0.0021063805820552947,0.0013873543931094776,0.020172819999999998
sim,4005,t27_tracking_lag_b1_diag_20260506_134153_4005.csv,6,right,touchdown,left,pitch,1778046115.7920072,0,0.0,0.5796035622751452,15,15,0.06953199999999998,0.03064800000000001,0.07519799999999993,0.05901100000000009,0.004631126465574894,0.6115861072230534,7.143034258193287,0.0,6.666831974313735,0.02036664060009243,0.004864403542061295,0.08057899999999996
sim,4005,t27_tracking_lag_b1_diag_20260506_134153_4005.csv,6,right,touchdown,right,roll,1778046115.7920072,4,39.99900817871094,0.4145249510338642,15,11,0.18813700000000003,0.0153078,0.203696,0.0172679,0.0025209559202125703,0.3188204419173252,0.0,0.0,9.09113451042782,0.18715825441004588,0.011401330710816279,0.18979050000000003
sim,4005,t27_tracking_lag_b1_diag_20260506_134153_4005.csv,6,right,touchdown,right,pitch,1778046115.7920072,2,19.99950408935547,0.4297672006823268,15,13,0.0679547,0.03972500000000001,0.1209907,0.03972500000000001,0.0016729967256253098,0.3432210113340384,0.0,0.0,7.6924984319004635,0.13782318894243561,0.008418755483010739,0.11991009999999998
sim,5008,t27_tracking_lag_b1_diag_20260506_134417_5008.csv,1,left,swing,left,roll,1778046258.257408,11,109.98678207397461,0.6760636098663245,33,22,0.44324830000000004,0.2545326,0.45224380000000003,0.29624644,0.010882566687021932,2.107835016627398,19.049908141042675,19.049908141042675,4.546000806385183,0.0684759457493161,0.011205366094177221,0.35056084
sim,5008,t27_tracking_lag_b1_diag_20260506_134417_5008.csv,1,left,swing,left,pitch,1778046258.257408,13,129.98437881469727,0.5267221975672114,33,20,0.14706199999999997,0.232933,0.20124899999999996,0.37044900000000003,0.016773429220655715,2.9174156380192895,10.52758081478674,5.26379040739337,5.000600887023702,0.16012779340857725,0.018801956988681316,0.42632800000000004
sim,5008,t27_tracking_lag_b1_diag_20260506_134417_5008.csv,1,left,swing,right,roll,1778046258.257408,9,89.98918533325195,0.735165428105383,33,24,0.27495349999999996,0.029936,0.38628364,0.047883046,0.001569885014643639,0.2791480850283577,13.045045792235744,4.348348597411914,4.1671674058530845,0.14175191194358347,0.012358542988577357,0.38201493999999986
sim,5008,t27_tracking_lag_b1_diag_20260506_134417_5008.csv,1,left,swing,right,pitch,1778046258.257408,5,49.99399185180664,0.7958692900377451,33,28,0.539892,0.15225499999999997,1.1101159999999999,0.19136499999999995,0.008514143980684697,1.4718444933846073,11.112446415608225,7.408297610405484,3.5718577764455013,0.18655265652289496,0.048013990541003505,1.0157250000000002
sim,5008,t27_tracking_lag_b1_diag_20260506_134417_5008.csv,1,left,touchdown,left,roll,1778046258.257408,3,29.996395111083984,0.2303079835805694,14,11,0.025846000000000036,0.01891899999999999,0.046965000000000034,0.02978799999999998,0.002030762773951113,0.3276417147134828,20.002403548094808,10.001201774047404,9.092001612770366,0.1348046239023519,0.004110658544134329,0.0512129999999999
sim,5008,t27_tracking_lag_b1_diag_20260506_134417_5008.csv,1,left,touchdown,left,pitch,1778046258.257408,0,0.0,0.0,14,14,0.0,0.054179000000000005,0.0,0.054179000000000005,0.0021795273498467827,0.46011277405313566,0.0,0.0,7.143715552891003,0.21699431346202858,0.002179527349846788,0.054179000000000005
sim,5008,t27_tracking_lag_b1_diag_20260506_134417_5008.csv,1,left,touchdown,right,roll,1778046258.257408,3,29.996395111083984,0.4445809905856045,14,11,0.02659738,0.01994467,0.028392340000000005,0.02035952,0.0009482911259173233,0.229701479767447,0.0,0.0,9.092001612770366,0.00333997535451849,0.0011659451176476165,0.015286160000000007
sim,5008,t27_tracking_lag_b1_diag_20260506_134417_5008.csv,1,left,touchdown,right,pitch,1778046258.257408,3,29.996395111083984,0.5852511313126727,14,11,0.078597,0.074539,0.078597,0.074539,0.00366848884921546,0.758458232416434,0.0,0.0,9.092001612770366,0.00859780076531202,0.0014612635839981736,0.018115999999999965
sim,5008,t27_tracking_lag_b1_diag_20260506_134417_5008.csv,2,right,swing,left,roll,1778046258.6174128,4,39.99519348144531,0.9549907939689644,32,28,0.4382875,0.28414839999999997,0.5730012879999999,0.43542529999999996,0.01325236171275824,2.577256585669785,18.52074402601371,14.816595220810967,3.5718577764455013,0.10792263326186864,0.008691387476846361,0.31753171799999996
sim,5008,t27_tracking_lag_b1_diag_20260506_134417_5008.csv,2,right,swing,left,pitch,1778046258.6174128,5,49.99399185180664,0.942990773962516,32,27,0.7212989999999999,0.12352000000000002,1.4907770000000002,0.32033800000000007,0.009941020483337918,1.5810773699313994,15.386464267765236,15.386464267765236,3.704148805202742,0.21164306801166172,0.039834793548476334,1.4053630000000001
sim,5008,t27_tracking_lag_b1_diag_20260506_134417_5008.csv,2,right,swing,right,roll,1778046258.6174128,1,9.998798370361328,0.9343310995940095,32,31,0.2591907,0.1446837,0.6168378,0.26320747,0.012016444190900146,1.8272005291431426,16.668669623412338,13.334935698729872,3.2261941206604527,0.04416961399361636,0.009978121856548752,0.3915799299999999
sim,5008,t27_tracking_lag_b1_diag_20260506_134417_5008.csv,2,right,swing,right,pitch,1778046258.6174128,2,19.997596740722656,0.4330544834290481,32,30,0.19172699999999998,0.109103,0.66596,0.319066,0.012353850430375644,1.7311820302228882,10.346070800738692,10.346070800738692,3.333733924682468,0.056030668851382935,0.018848182867414562,0.5859100000000002
sim,5008,t27_tracking_lag_b1_diag_20260506_134417_5008.csv,2,right,touchdown,left,roll,1778046258.6174128,3,29.996395111083984,1.0858197432542382,16,13,0.027388499999999996,0.024324600000000002,0.03346059999999999,0.024921400000000003,0.001346072036057079,0.25315352116489653,0.0,0.0,7.693232133882618,0.0022799429317334413,0.0010721305553027358,0.01582954
sim,5008,t27_tracking_lag_b1_diag_20260506_134417_5008.csv,2,right,touchdown,left,pitch,1778046258.6174128,0,0.0,0.8972589168602548,16,16,0.13466699999999998,0.07080700000000001,0.13495799999999997,0.09111200000000003,0.0045233782229487755,0.7460198229912604,6.667467849364936,0.0,6.250751108779627,0.032106098800500506,0.00323010911092907,0.083874
sim,5008,t27_tracking_lag_b1_diag_20260506_134417_5008.csv,2,right,touchdown,right,roll,1778046258.6174128,4,39.99519348144531,0.46846537235442204,16,12,0.23096760000000002,0.010948,0.2309676,0.010948,0.0003747858737854468,0.10550275710927222,0.0,0.0,8.334334811706169,0.10838872533715549,0.01273281841043618,0.2200196
sim,5008,t27_tracking_lag_b1_diag_20260506_134417_5008.csv,2,right,touchdown,right,pitch,1778046258.6174128,5,49.99399185180664,0.24803303513824546,16,11,0.195211,0.044889999999999985,0.2022826,0.044889999999999985,0.0024575880502018532,0.4570523430763916,0.0,0.0,9.092001612770366,0.2721958551053491,0.014550519607605774,0.240101
sim,5008,t27_tracking_lag_b1_diag_20260506_134417_5008.csv,3,left,swing,left,roll,1778046258.9173946,8,79.99038696289062,0.9657934447365278,34,26,0.43273290000000003,0.1723967,0.4956664,0.2221183,0.009618226251932621,1.5344628478727482,16.001922838475846,12.001442128856883,7.693232133882618,0.0674377416623245,0.03688332786246041,0.45765868000000004
sim,5008,t27_tracking_lag_b1_diag_20260506_134417_5008.csv,3,left,swing,left,pitch,1778046258.9173946,7,69.9915885925293,0.24161650485671618,34,27,0.22626299999999996,0.19290700000000002,0.6271589999999998,0.3244850000000001,0.009603861108208588,1.697690045745382,11.539848200823927,11.539848200823927,3.704148805202742,0.06923370853667121,0.025897619381726803,0.6240919999999999
sim,5008,t27_tracking_lag_b1_diag_20260506_134417_5008.csv,3,left,swing,right,roll,1778046258.9173946,9,89.98918533325195,0.8249145057740969,34,25,0.3022863,0.06040252,0.6662189399999999,0.08512484,0.0031852036679032845,0.5985257354281945,16.668669623412338,12.501502217559255,4.000480709618961,0.12239919794562142,0.02171734938344839,0.6183893399999999
sim,5008,t27_tracking_lag_b1_diag_20260506_134417_5008.csv,3,left,swing,right,pitch,1778046258.9173946,5,49.99399185180664,0.5170537220259872,34,29,0.76,0.12764199999999998,1.2904266000000002,0.26549899999999993,0.008803380861699652,1.2467406326192623,10.715573329336504,10.715573329336504,3.4486902669128976,0.42153953548899104,0.04750401782697974,1.3813239999999998
sim,5008,t27_tracking_lag_b1_diag_20260506_134417_5008.csv,3,left,touchdown,left,roll,1778046258.9173946,4,39.99519348144531,0.16642339186738556,16,12,0.04624299999999998,0.103022,0.11892099999999994,0.10561700000000002,0.005723286772411391,1.1549774916904751,9.092001612770366,9.092001612770366,8.334334811706169,0.1655140656190585,0.012355833515865387,0.13716399999999995
sim,5008,t27_tracking_lag_b1_diag_20260506_134417_5008.csv,3,left,touchdown,left,pitch,1778046258.9173946,0,0.0,0.11261888333457222,16,16,0.463875,0.103883,0.491984,0.103883,0.003256487031181526,0.7003115312462167,0.0,0.0,6.250751108779627,0.2708930040965817,0.01875579781642734,0.578377
sim,5008,t27_tracking_lag_b1_diag_20260506_134417_5008.csv,3,left,touchdown,right,roll,1778046258.9173946,3,29.996395111083984,0.7286707580081181,16,13,0.013066649999999999,0.00887352,0.02638675,0.01691088,0.000956891485592008,0.154295126937379,8.334334811706169,0.0,7.693232133882618,0.0017599112696071878,0.0013082420533365344,0.015896933999999998
sim,5008,t27_tracking_lag_b1_diag_20260506_134417_5008.csv,3,left,touchdown,right,pitch,1778046258.9173946,0,0.0,0.6572596279041991,16,16,0.174639,0.11852599999999996,0.174639,0.11852599999999996,0.005151926302209952,0.8664923665947145,0.0,0.0,6.250751108779627,0.037786614041052956,0.003713618831019238,0.07124899999999995
sim,5008,t27_tracking_lag_b1_diag_20260506_134417_5008.csv,4,right,swing,left,roll,1778046259.2674158,3,29.996395111083984,0.8628618502896389,33,30,0.44334359,0.29324612,0.46508757,0.3240781200000001,0.005803403110517232,1.7007616592536903,10.346070800738692,10.346070800738692,3.333733924682468,0.08683788889993235,0.005997524727303723,0.250053092
sim,5008,t27_tracking_lag_b1_diag_20260506_134417_5008.csv,4,right,swing,left,pitch,1778046259.2674158,11,109.98678207397461,0.41456862023197144,33,22,0.685403,0.163205,1.196716,0.36480700000000005,0.016059006010021273,2.3587654637002173,19.049908141042675,19.049908141042675,4.546000806385183,0.48059934097864293,0.051374649015987886,1.1961449999999998
sim,5008,t27_tracking_lag_b1_diag_20260506_134417_5008.csv,4,right,swing,right,roll,1778046259.2674158,0,0.0,0.5946200219861711,33,33,0.23545539999999998,0.04444382,0.49138782,0.09332509000000001,0.003673425643990638,0.5846569322324556,21.877628880728693,9.37612666316944,3.030667204256789,0.06673454984914683,0.014932510537333491,0.467772544
sim,5008,t27_tracking_lag_b1_diag_20260506_134417_5008.csv,4,right,swing,right,pitch,1778046259.2674158,3,29.996395111083984,0.10036506899570705,33,30,0.6640029999999999,0.2793238,1.1301109999999996,0.4963766,0.01212719126018628,2.3482260627858826,3.4486902669128976,3.4486902669128976,3.333733924682468,0.3479868443795723,0.03654366151980498,1.0332939999999997
sim,5008,t27_tracking_lag_b1_diag_20260506_134417_5008.csv,4,right,touchdown,left,roll,1778046259.2674158,3,29.996395111083984,0.8174109279891794,15,12,0.0205727,0.01551344,0.028503090000000002,0.0180778,0.0013065606404496443,0.2066471763160688,9.092001612770366,0.0,8.334334811706169,0.0016294313595014518,0.0012464129721441908,0.014742808
sim,5008,t27_tracking_lag_b1_diag_20260506_134417_5008.csv,4,right,touchdown,left,pitch,1778046259.2674158,0,0.0,0.7998933453163636,15,15,0.04864600000000002,0.029521999999999993,0.06799299999999997,0.04160900000000001,0.0022074900640395526,0.34681434061123934,7.143715552891003,7.143715552891003,6.667467849364936,0.01630723996879914,0.0028870730342915305,0.06032599999999999
sim,5008,t27_tracking_lag_b1_diag_20260506_134417_5008.csv,4,right,touchdown,right,roll,1778046259.2674158,2,19.997596740722656,0.4247973325082806,15,13,0.1862741,0.023476900000000002,0.2174022,0.029520500000000005,0.0033797604757121002,0.4330951801422463,8.334334811706169,0.0,7.693232133882618,0.1519755806601356,0.011119186930236889,0.19594689999999998
sim,5008,t27_tracking_lag_b1_diag_20260506_134417_5008.csv,4,right,touchdown,right,pitch,1778046259.2674158,0,0.0,0.7254188819622354,15,15,0.08229899999999996,0.06289299999999998,0.11998399999999987,0.06289299999999998,0.0022013385759620196,0.48439940227812156,0.0,0.0,6.667467849364936,0.6112340037089451,0.011487410486222788,0.14373499999999984
sim,5008,t27_tracking_lag_b1_diag_20260506_134417_5008.csv,5,left,swing,left,roll,1778046259.6173985,8,79.99038696289062,0.8113620377345746,33,25,0.39553119999999997,0.1716083,0.52360959,0.23042009400000002,0.009861445509329549,1.5603767786707579,16.668669623412338,8.334334811706169,4.000480709618961,0.058877398846454765,0.03671191583728505,0.49237802999999997
sim,5008,t27_tracking_lag_b1_diag_20260506_134417_5008.csv,5,left,swing,left,pitch,1778046259.6173985,7,69.9915885925293,0.1914514245078018,33,26,0.256254,0.184306,0.6197469999999998,0.319504,0.008062058476073875,1.6145491719194176,12.001442128856883,12.001442128856883,3.846616066941309,0.07285446326251556,0.02769170062989267,0.6353669999999998
sim,5008,t27_tracking_lag_b1_diag_20260506_134417_5008.csv,5,left,swing,right,roll,1778046259.6173985,2,19.997596740722656,0.6685804230046362,33,31,0.3101967,0.10567402000000001,0.5913567100000001,0.22231226000000004,0.006088546229768148,1.087875755050351,16.668669623412338,10.001201774047404,3.2261941206604527,0.13336899617276982,0.0123405578418868,0.53692135
sim,5008,t27_tracking_lag_b1_diag_20260506_134417_5008.csv,5,left,swing,right,pitch,1778046259.6173985,6,59.99279022216797,0.388532990601909,33,27,0.76,0.11165799999999998,0.8788429999999999,0.35673199999999994,0.01421866281555327,1.961733461386781,19.233080334706546,19.233080334706546,3.704148805202742,0.6202035850740238,0.04000879025262343,0.9349569999999998
sim,5008,t27_tracking_lag_b1_diag_20260506_134417_5008.csv,5,left,touchdown,left,roll,1778046259.6173985,2,19.997596740722656,0.064493318297313,14,12,0.02826200000000001,0.11727000000000001,0.04567100000000007,0.11727000000000001,0.0063197123942430366,1.1711186303193382,0.0,0.0,8.334334811706169,0.16369139312208814,0.007557253711678943,0.10753299999999996
sim,5008,t27_tracking_lag_b1_diag_20260506_134417_5008.csv,5,left,touchdown,left,pitch,1778046259.6173985,3,29.996395111083984,-0.44617237857212844,14,11,0.24042578,0.05643900000000002,0.29581578000000003,0.05643900000000002,0.0028269779291263874,0.5804378518730531,0.0,0.0,9.092001612770366,0.16868472360976702,0.024338834622773198,0.34416078000000005
sim,5008,t27_tracking_lag_b1_diag_20260506_134417_5008.csv,5,left,touchdown,right,roll,1778046259.6173985,3,29.996395111083984,0.7208366977189012,14,11,0.01553555,0.01082616,0.024353029999999998,0.01689834,0.001191195858596382,0.18939402085324125,10.001201774047404,0.0,9.092001612770366,0.0024124769526625723,0.001203247649237172,0.014719230000000002
sim,5008,t27_tracking_lag_b1_diag_20260506_134417_5008.csv,5,left,touchdown,right,pitch,1778046259.6173985,1,9.998798370361328,0.8158003042959564,14,13,0.108937,0.07904299999999997,0.108937,0.07904299999999997,0.0035900186172052664,0.7045168448389364,0.0,0.0,7.693232133882618,0.02401186944312846,0.002703589146113535,0.04085
sim,5008,t27_tracking_lag_b1_diag_20260506_134417_5008.csv,6,right,swing,left,roll,1778046259.977389,3,29.996395111083984,0.8425626295894774,33,30,0.4394727,0.3053837,0.4801672600000001,0.3607864999999999,0.007078531309542188,1.8843233650910702,17.24345133456449,10.346070800738692,3.333733924682468,0.08612917044536282,0.007277943572518191,0.24150435399999998
sim,5008,t27_tracking_lag_b1_diag_20260506_134417_5008.csv,6,right,swing,left,pitch,1778046259.977389,11,109.98678207397461,0.41660504181525726,33,22,0.609802,0.14190599999999998,1.121627,0.36127199999999987,0.015865954450116824,2.2225012954215093,19.049908141042675,14.287431105782005,4.546000806385183,0.47728902045668675,0.05424929252474614,1.128293
sim,5008,t27_tracking_lag_b1_diag_20260506_134417_5008.csv,6,right,swing,right,roll,1778046259.977389,0,0.0,0.6257149210369768,33,33,0.364324,0.0324872,0.8907620399999999,0.08075552999999999,0.00263357595634846,0.43719016349028683,18.75225332633888,12.501502217559255,3.030667204256789,0.06370990225710521,0.030344448757770613,0.87157989
sim,5008,t27_tracking_lag_b1_diag_20260506_134417_5008.csv,6,right,swing,right,pitch,1778046259.977389,2,19.997596740722656,0.12052547443608115,33,31,0.6525540000000001,0.32360089000000003,1.1642698000000002,0.50965978,0.013237249642240427,2.4981613318924913,3.333733924682468,3.333733924682468,3.2261941206604527,0.20801206528024585,0.04447914334202284,1.0730226600000001
sim,5008,t27_tracking_lag_b1_diag_20260506_134417_5008.csv,6,right,touchdown,left,roll,1778046259.977389,2,19.997596740722656,0.977172741914175,15,13,0.02632802,0.015334546,0.03339442,0.018770246,0.001236223574414644,0.19268927603106442,8.334334811706169,0.0,7.693232133882618,0.003182512800161291,0.0015185370787984258,0.016889814000000003
sim,5008,t27_tracking_lag_b1_diag_20260506_134417_5008.csv,6,right,touchdown,left,pitch,1778046259.977389,0,0.0,0.637739560283665,15,15,0.03656899999999996,0.04130600000000001,0.048541999999999974,0.052404000000000006,0.00424771983879675,0.5613227588036139,7.143715552891003,0.0,6.667467849364936,0.015895044684848595,0.0036846848408297666,0.0634659999999998
sim,5008,t27_tracking_lag_b1_diag_20260506_134417_5008.csv,6,right,touchdown,right,roll,1778046259.977389,3,29.996395111083984,0.7720202485708072,15,12,0.19661640000000002,0.0229884,0.2002332,0.025157099999999998,0.003733888903863212,0.47741715779428556,9.092001612770366,0.0,8.334334811706169,0.13858878366027078,0.007657598468741201,0.17788230000000002
sim,5008,t27_tracking_lag_b1_diag_20260506_134417_5008.csv,6,right,touchdown,right,pitch,1778046259.977389,0,0.0,0.5146667356594331,15,15,0.11505526,0.02498700000000001,0.25000146,0.02498700000000001,0.0011759770419779779,0.21269299605645062,0.0,0.0,6.667467849364936,0.2773030380471741,0.014518097917380877,0.23947645999999995
