stage,case_label,diag_csv,side,axis,window,touchdown_time_sec,sample_count,dt_ms,output_mean_abs_rad,output_range_rad,output_std_rad,output_net_delta_abs_rad,output_path_length_rad,output_hp_rms_rad,output_vel_rms_radps,output_flip_rate,output_direction_change_rate_hz,output_extrema_rate_hz,output_dominant_freq_hz,joint_mean_abs_rad,joint_range_rad,joint_std_rad,joint_net_delta_abs_rad,joint_path_length_rad,joint_hp_rms_rad,joint_vel_rms_radps,joint_flip_rate,joint_direction_change_rate_hz,joint_extrema_rate_hz,joint_dominant_freq_hz,tracking_err_rms_rad,joint_to_output_hp_rms_ratio
real,25/0.4 all_ankles,t27_tracking_lag_b1_diag_20260430_100024.csv,left,roll,swing,1777514424.748999,33,9.99937121387261,0.07401508939393939,0.5834816,0.1432390732571199,0.5495812,0.69311636,0.02184941143477819,3.9585267397354684,0.26666666666666666,25.00157206416769,25.00157206416769,3.030493583535477,0.021067246242424238,0.0665162,0.019823146082126875,0.007249499999999999,0.14344395999999998,0.002784658213989327,0.526269464237609,0.22580645161290322,21.876375556146726,21.876375556146726,3.030493583535477,0.1656748716438113,0.1274477448649681
real,25/0.4 all_ankles,t27_tracking_lag_b1_diag_20260430_100024.csv,left,pitch,swing,1777514424.748999,33,9.99937121387261,0.2516596545454546,0.684143,0.16809083327801447,0.578087,1.2687518,0.06805443443672596,9.980246424268397,0.43333333333333335,40.62755460427249,37.502358096251534,3.030493583535477,0.2435968424242424,0.2657207,0.057489400249279315,0.20545470000000002,0.32600270000000003,0.013837677618058224,2.0957521006226676,0.03571428571428571,3.125196508020961,3.125196508020961,3.030493583535477,0.1354596124703417,0.20333249012485574
real,25/0.4 all_ankles,t27_tracking_lag_b1_diag_20260430_100024.csv,right,roll,swing,1777514424.748999,33,9.99937121387261,0.2616069121212121,0.4491229,0.13853302311902466,0.06819439999999999,1.1751668,0.03815427904621434,5.101060864210535,0.3225806451612903,31.251965080209608,31.251965080209608,3.030493583535477,0.04145860575757576,0.06714759000000001,0.01527057154984369,0.02284049,0.16208028999999996,0.006637595385668953,0.8379731904647963,0.23076923076923078,18.751179048125767,15.625982540104804,3.030493583535477,0.2542705267753883,0.1739672600713847
real,25/0.4 all_ankles,t27_tracking_lag_b1_diag_20260430_100024.csv,right,pitch,swing,1777514424.748999,33,9.99937121387261,0.3102691787878789,0.76,0.24576384518876096,0.0,1.632688,0.05032550909095802,9.015164338873591,0.1875,9.375589524062883,6.250393016041922,3.030493583535477,0.2758761818181818,0.037161,0.009957107799181342,0.010320000000000051,0.10531399999999996,0.003585696481783993,0.5219880139245644,0.391304347826087,28.12676857218865,15.625982540104804,3.030493583535477,0.2562284742682906,0.07125007866891574
real,25/0.4 all_ankles,t27_tracking_lag_b1_diag_20260430_100024.csv,left,roll,touchdown,1777514424.748999,14,9.99937121387261,0.4920565,0.253189,0.0725521483021006,0.209395,0.7474630000000001,0.05065136870054384,7.296136845897514,0.5833333333333334,53.84953983051502,53.84953983051502,14.28661260809582,0.03143354285714286,0.0369164,0.010970025289443066,0.0143912,0.06740319999999997,0.00458488502792812,0.6693234628097354,0.2,15.385582808718578,15.385582808718578,7.14330630404791,0.5285582567911805,0.0905184824330106
real,25/0.4 all_ankles,t27_tracking_lag_b1_diag_20260430_100024.csv,left,pitch,touchdown,1777514424.748999,14,9.99937121387261,0.24138568571428573,0.26427839999999997,0.08616546337963336,0.0499,0.7487128,0.04629188377740369,7.20006262341531,0.45454545454545453,38.463957021796446,30.771165617437156,7.14330630404791,0.03310328428571428,0.1782008,0.04598251070097068,0.120475,0.2359266,0.020451834458358513,2.7986720205866864,0.08333333333333333,7.692791404359289,7.692791404359289,7.14330630404791,0.2829973666906477,0.44180173260396893
real,25/0.4 all_ankles,t27_tracking_lag_b1_diag_20260430_100024.csv,right,roll,touchdown,1777514424.748999,14,9.99937121387261,0.025544108571428577,0.09236240000000001,0.030581198967243567,0.025691699999999998,0.16350130000000004,0.011235400236920807,1.6589239431676543,0.36363636363636365,30.771165617437156,30.771165617437156,7.14330630404791,0.022209142857142854,0.019817599999999998,0.006964161734574099,0.011509600000000002,0.0336862,0.0017976501374083358,0.32169816228178827,0.3,23.078374213077865,23.078374213077865,7.14330630404791,0.03759195589831345,0.15999876279449773
real,25/0.4 all_ankles,t27_tracking_lag_b1_diag_20260430_100024.csv,right,pitch,touchdown,1777514424.748999,14,9.99937121387261,0.3727686428571429,0.13178499999999999,0.04109312474752078,0.13178499999999999,0.3180189999999999,0.03258310425976745,4.260628774194776,0.25,15.385582808718578,7.692791404359289,7.14330630404791,0.28970692857142855,0.043293000000000026,0.013571819803571382,0.03712500000000002,0.04953500000000005,0.0024132206609328525,0.45048238124876455,0.1,7.692791404359289,0.0,7.14330630404791,0.08991824961517624,0.0740635588829582
real,25/0.4 all_ankles,t27_tracking_lag_b1_diag_20260430_100024.csv,left,roll,swing,1777514425.0488515,33,9.99937121387261,0.4071839393939394,0.43911100000000003,0.12072421038928993,0.054114999999999996,1.3827130000000003,0.03796479125314155,5.664040446034292,0.3548387096774194,34.37716158823057,34.37716158823057,3.030493583535477,0.05456159878787879,0.1914324,0.06577286097445921,0.1483415,0.2875353,0.005265079474404601,1.1211407327970224,0.10714285714285714,9.375589524062883,6.250393016041922,3.030493583535477,0.42796015872756404,0.13868321938867295
real,25/0.4 all_ankles,t27_tracking_lag_b1_diag_20260430_100024.csv,left,pitch,swing,1777514425.0488515,33,9.99937121387261,0.16433073909090906,0.59968,0.18563072620388446,0.59968,2.4426608,0.09653157002179953,13.573656283272593,0.3333333333333333,31.251965080209608,28.12676857218865,3.030493583535477,0.11417388121212121,0.3346218,0.11079243544047027,0.09424000000000002,0.5750036000000001,0.014354704283873483,2.470743377496132,0.03225806451612903,3.125196508020961,3.125196508020961,3.030493583535477,0.2484568231059093,0.14870476343264477
real,25/0.4 all_ankles,t27_tracking_lag_b1_diag_20260430_100024.csv,right,roll,swing,1777514425.0488515,33,9.99937121387261,0.06364679454545454,0.409935,0.0788490627614993,0.1774362,0.8026446,0.04636071336813915,5.523114618809974,0.3793103448275862,34.37716158823057,31.251965080209608,3.030493583535477,0.04284080878787879,0.1566286,0.05256150800681162,0.01554563,0.32807357,0.013567324881511434,1.7591764491691724,0.1724137931034483,15.625982540104804,12.500786032083845,3.030493583535477,0.0552365240398384,0.2926470258077482
real,25/0.4 all_ankles,t27_tracking_lag_b1_diag_20260430_100024.csv,right,pitch,swing,1777514425.0488515,33,9.99937121387261,0.31330839393939397,0.533567,0.11157748002122171,0.458126,1.3802259999999995,0.061458792910756996,7.713044025882035,0.32,25.00157206416769,15.625982540104804,3.030493583535477,0.3061847878787879,0.245279,0.0500036545390238,0.155514,0.34745400000000004,0.014488334677410761,1.9928650378938169,0.10344827586206896,9.375589524062883,6.250393016041922,3.030493583535477,0.11177732516074494,0.2357406319133043
real,25/0.4 all_ankles,t27_tracking_lag_b1_diag_20260430_100024.csv,left,roll,touchdown,1777514425.0488515,15,9.99937121387261,0.04736676957163333,0.2675069,0.08130000185621898,0.14295013,0.43569392999999995,0.04012558932183631,5.67978798783612,0.5833333333333334,50.00314412833537,50.00314412833537,6.667085883778051,0.06444739933333334,0.20101989999999997,0.057779342610689254,0.20101989999999997,0.2010199,0.00871053633881587,1.6220810653902002,0.0,0.0,0.0,6.667085883778051,0.07028148237094632,0.21708182947672258
real,25/0.4 all_ankles,t27_tracking_lag_b1_diag_20260430_100024.csv,left,pitch,touchdown,1777514425.0488515,15,9.99937121387261,0.22806957066666664,0.668166,0.1771273654326116,0.31110610000000005,1.3816519,0.10372725919878059,16.230369280558108,0.6153846153846154,57.14645043238328,57.14645043238328,6.667085883778051,0.23140013333333334,0.16951800000000003,0.06257977903430326,0.15315400000000004,0.18588200000000002,0.00530293697148797,1.5072451408987924,0.07692307692307693,7.14330630404791,7.14330630404791,6.667085883778051,0.22996218664058862,0.05112385126580411
real,25/0.4 all_ankles,t27_tracking_lag_b1_diag_20260430_100024.csv,right,roll,touchdown,1777514425.0488515,15,9.99937121387261,0.27436358666666666,0.672233,0.19246272970761272,0.672233,1.8073089999999998,0.1222870163972155,16.99386076307059,0.5,42.85983782428746,42.85983782428746,6.667085883778051,0.07015781800000001,0.2022283,0.05679323273102084,0.1998943,0.2722802999999999,0.021347109279978665,2.9346172471297187,0.3076923076923077,28.57322521619164,28.57322521619164,13.334171767556102,0.240934379264386,0.17456562363610617
real,25/0.4 all_ankles,t27_tracking_lag_b1_diag_20260430_100024.csv,right,pitch,touchdown,1777514425.0488515,15,9.99937121387261,0.2646064733333333,0.533567,0.14590547113227553,0.0,1.8790797999999997,0.14015574108330264,17.608827126467695,0.5384615384615384,50.00314412833537,50.00314412833537,20.00125765133415,0.08155977333333334,0.227369,0.06397079400871897,0.19703899999999996,0.27001620000000004,0.023047646177561512,3.2222715300414473,0.3,21.42991891214373,0.0,6.667085883778051,0.231264317816512,0.16444311163723907
real,25/0.4 all_ankles,t27_tracking_lag_b1_diag_20260430_100024.csv,left,roll,swing,1777514425.3588588,32,9.99937121387261,0.016651719799203126,0.2215119,0.03659563504660013,0.20206331,0.36873273,0.023854275013821005,3.2508948957767814,0.4642857142857143,41.93812088182967,38.71211158322739,9.375589524062883,0.0646588628125,0.201569,0.07029004161359365,0.0008057999999999954,0.4039438000000001,0.004281606699619932,1.5002524595423785,0.06666666666666667,6.452018597204565,6.452018597204565,3.125196508020961,0.07769112113109747,0.17949012062362818
real,25/0.4 all_ankles,t27_tracking_lag_b1_diag_20260430_100024.csv,left,pitch,swing,1777514425.3588588,32,9.99937121387261,0.25610126749999995,0.668166,0.11675867729833075,0.61054,1.03969,0.061005576858477566,7.722835210118424,0.4,38.71211158322739,38.71211158322739,6.250393016041922,0.20463384374999993,0.17805400000000002,0.060105524705049665,0.016435000000000033,0.339673,0.0032952375111521956,1.2480329522709221,0.06896551724137931,6.452018597204565,3.2260092986022824,3.125196508020961,0.156170515523637,0.05401534877371259
real,25/0.4 all_ankles,t27_tracking_lag_b1_diag_20260430_100024.csv,right,roll,swing,1777514425.3588588,32,9.99937121387261,0.32962162500000003,0.578572,0.1143300622996139,0.020903000000000005,1.797673,0.07214930718607322,10.318553936302292,0.41379310344827586,38.71211158322739,38.71211158322739,3.125196508020961,0.06278767406250002,0.07737223,0.019226366542293045,0.01825623,0.20804442999999995,0.009463996513241445,1.2038344398993825,0.2413793103448276,22.582065090215977,19.356055791613695,3.125196508020961,0.28088227313119407,0.1311723824157282
real,25/0.4 all_ankles,t27_tracking_lag_b1_diag_20260430_100024.csv,right,pitch,swing,1777514425.3588588,32,9.99937121387261,0.34442128437500014,0.533567,0.12273720485005751,0.406157,1.4729228,0.07910712639341776,9.813108523817602,0.5,22.582065090215977,19.356055791613695,3.125196508020961,0.09678140000000002,0.127251,0.04379911602824451,0.04336799999999999,0.22345120000000002,0.008919734392115079,1.2587925301961753,0.1111111111111111,9.678027895806848,0.0,3.125196508020961,0.2673639193599703,0.11275513090635107
real,25/0.4 all_ankles,t27_tracking_lag_b1_diag_20260430_100024.csv,left,roll,touchdown,1777514425.3588588,15,9.99937121387261,0.2197168506666667,0.6639237,0.2468940125940459,0.6639237,0.8719314800000002,0.06369046024624155,9.807455016081462,0.5,42.85983782428746,42.85983782428746,6.667085883778051,0.15562373999999998,0.381341,0.1478067736090624,0.305059,0.457623,0.015999246261253406,3.901359693925492,0.07692307692307693,7.14330630404791,7.14330630404791,6.667085883778051,0.49110653828698747,0.2512031817543278
real,25/0.4 all_ankles,t27_tracking_lag_b1_diag_20260430_100024.csv,left,pitch,touchdown,1777514425.3588588,15,9.99937121387261,0.30883212000000004,0.35604719999999995,0.10281656773219122,0.091255,0.9234153999999999,0.07527753094586007,10.0112807485099,0.4166666666666667,35.71653152023955,28.57322521619164,6.667085883778051,0.16608050533333335,0.46816199999999997,0.17184865129692595,0.45152899999999996,0.484795,0.012243126409853861,3.9330050895926503,0.07692307692307693,7.14330630404791,7.14330630404791,6.667085883778051,0.3321346972451609,0.16263985090928623
real,25/0.4 all_ankles,t27_tracking_lag_b1_diag_20260430_100024.csv,right,roll,touchdown,1777514425.3588588,15,9.99937121387261,0.10381245133333335,0.442321,0.12976933512716265,0.29542739999999995,0.8906139400000002,0.051367396980089235,8.33461643894861,0.4166666666666667,35.71653152023955,35.71653152023955,6.667085883778051,0.04017248533333333,0.1460562,0.0416837447903986,0.1193768,0.20033,0.011148874850721129,1.90300899508539,0.3076923076923077,28.57322521619164,28.57322521619164,6.667085883778051,0.13274983303882534,0.21704184961995637
real,25/0.4 all_ankles,t27_tracking_lag_b1_diag_20260430_100024.csv,right,pitch,touchdown,1777514425.3588588,15,9.99937121387261,0.2841055266666667,0.748834,0.28855279670177625,0.006863000000000008,1.5574890000000003,0.08671901219795355,16.045147771393076,0.45454545454545453,35.71653152023955,28.57322521619164,6.667085883778051,0.16953666666666667,0.035573999999999995,0.011275328096729107,0.016957,0.05420499999999995,0.0031475558085629725,0.5443422869279397,0.1111111111111111,7.14330630404791,0.0,6.667085883778051,0.3105085453784281,0.036296029311058624
real,25/0.4 all_ankles,t27_tracking_lag_b1_diag_20260430_100024.csv,left,roll,swing,1777514425.7388427,33,9.99937121387261,0.39402377272727257,0.6192342,0.1620515913273923,0.1552322,1.3515081999999996,0.04063648287565275,6.564182963675103,0.16666666666666666,15.625982540104804,12.500786032083845,3.030493583535477,0.1455392926060606,0.484384,0.16018300365880936,0.2176928,0.8111912,0.016029331504141615,3.2097729036952436,0.12903225806451613,12.500786032083845,12.500786032083845,3.030493583535477,0.4494168352590416,0.39445666479530755
real,25/0.4 all_ankles,t27_tracking_lag_b1_diag_20260430_100024.csv,left,pitch,swing,1777514425.7388427,33,9.99937121387261,0.40154593939393946,0.10843499999999995,0.024786061625547074,0.10843499999999995,0.2610269999999998,0.018046253503131222,2.4604437713857017,0.5714285714285714,12.500786032083845,9.375589524062883,15.152467917677386,0.10509785030303032,0.312523,0.1136582021650464,0.0615451,0.5650929,0.011336518246636338,2.4616130750027607,0.07142857142857142,6.250393016041922,3.125196508020961,3.030493583535477,0.40031398126233647,0.6281923416774196
real,25/0.4 all_ankles,t27_tracking_lag_b1_diag_20260430_100024.csv,right,roll,swing,1777514425.7388427,33,9.99937121387261,0.04963361787878788,0.19681477,0.035107760610404805,0.0603755,0.7276195400000001,0.029275313541857233,4.215135453079864,0.43333333333333335,40.62755460427249,40.62755460427249,6.060987167070954,0.047063741515151504,0.15988170000000002,0.0464551870319081,0.1182231,0.36547270000000004,0.005785389397624123,1.4915176057012451,0.10344827586206896,9.375589524062883,6.250393016041922,6.060987167070954,0.06444830017207388,0.1976200661131193
real,25/0.4 all_ankles,t27_tracking_lag_b1_diag_20260430_100024.csv,right,pitch,swing,1777514425.7388427,33,9.99937121387261,0.33069496666666676,0.76,0.17148189877534886,0.76,1.0625459999999993,0.04822780834788597,7.190317185110441,0.36363636363636365,25.00157206416769,21.876375556146726,6.060987167070954,0.2923721212121212,0.265631,0.10583584927062188,0.227869,0.30363499999999993,0.002796562126737705,1.243654820245484,0.08333333333333333,6.250393016041922,3.125196508020961,3.030493583535477,0.15538113886343244,0.05798650659314669
real,25/0.4 all_ankles,t27_tracking_lag_b1_diag_20260430_100024.csv,left,roll,touchdown,1777514425.7388427,14,9.99937121387261,0.027917104999999998,0.11512710000000001,0.03287617494714636,0.11512710000000001,0.3874683,0.027841289834892775,3.522938137382345,0.3333333333333333,30.771165617437156,30.771165617437156,21.42991891214373,0.14323108571428575,0.3040235,0.0946996199612205,0.16355920000000002,0.4444877999999999,0.02124858402306384,3.8115428558758504,0.08333333333333333,7.692791404359289,7.692791404359289,7.14330630404791,0.16293096844371943,0.7632040091918993
real,25/0.4 all_ankles,t27_tracking_lag_b1_diag_20260430_100024.csv,left,pitch,touchdown,1777514425.7388427,14,9.99937121387261,0.2501298571428571,0.25523999999999997,0.06106633044468606,0.122417,0.5233829999999999,0.04620282025883655,5.747540451413261,0.4166666666666667,38.463957021796446,38.463957021796446,14.28661260809582,0.08103122142857143,0.0680415,0.020975239283129544,0.012101,0.123982,0.006404360968765812,1.0707204656512228,0.08333333333333333,7.692791404359289,7.692791404359289,7.14330630404791,0.17849862318297943,0.13861407015605162
real,25/0.4 all_ankles,t27_tracking_lag_b1_diag_20260430_100024.csv,right,roll,touchdown,1777514425.7388427,14,9.99937121387261,0.16730347857142855,0.5598548,0.15976565248216873,0.4083508,1.4231424000000001,0.0936100110254151,12.869617697220043,0.5,46.15674842615573,46.15674842615573,7.14330630404791,0.026758924714285724,0.057128564,0.01795912616148531,0.044002599999999996,0.09273132799999997,0.004579826065752952,0.8461896520445502,0.3333333333333333,30.771165617437156,30.771165617437156,7.14330630404791,0.21417942346358704,0.048924532916778854
real,25/0.4 all_ankles,t27_tracking_lag_b1_diag_20260430_100024.csv,right,pitch,touchdown,1777514425.7388427,14,9.99937121387261,0.4100000000000001,0.0,1.1102230246251565e-16,0.0,0.0,0.0,0.0,0.0,0.0,0.0,28.57322521619164,0.175985825,0.5013086,0.19794508918979134,0.5012936,0.505217,0.01813345210745096,5.266960297643231,0.18181818181818182,15.385582808718578,15.385582808718578,7.14330630404791,0.35926142569094266,nan
real,30/0.4 all_ankles,t27_tracking_lag_b1_diag_20260430_100314.csv,left,roll,swing,1777514594.847755,32,9.999666415469749,0.0626879305625,0.5483984,0.11777275114146446,0.39984780000000003,0.8186665000000001,0.037420047472246254,6.091605853103521,0.1724137931034483,16.129570315578203,12.903656252462563,3.1251042486432774,0.025904976000000003,0.1103335,0.029119835760028735,0.015989040000000003,0.24274963999999996,0.0063726504972761566,0.977420331642851,0.10344827586206896,9.677742189346922,9.677742189346922,3.1251042486432774,0.13970987971472923,0.17030043860854618
real,30/0.4 all_ankles,t27_tracking_lag_b1_diag_20260430_100314.csv,left,pitch,swing,1777514594.847755,32,9.999666415469749,0.25898140625,0.658281,0.11255915890213838,0.623621,0.990875,0.0775044713264715,10.090722316948225,0.39285714285714285,35.48505469427205,29.033226568040767,3.1251042486432774,0.24153418125,0.21112220000000004,0.04646550058759615,0.12598520000000002,0.3005152000000001,0.013773686008046147,1.863670483216997,0.08,6.451828126231281,0.0,3.1251042486432774,0.09886984406819908,0.17771472758039153
real,30/0.4 all_ankles,t27_tracking_lag_b1_diag_20260430_100314.csv,right,roll,swing,1777514594.847755,32,9.999666415469749,0.2748954625000001,0.5454732999999999,0.1503720586052069,0.10247979999999998,1.0169448,0.02953434279515526,4.612452536257058,0.2,19.355484378693845,19.355484378693845,3.1251042486432774,0.03459129062500001,0.0484166,0.014814246471120278,0.0100072,0.0954952,0.0018661930390725192,0.3805140297649926,0.2222222222222222,19.355484378693845,19.355484378693845,3.1251042486432774,0.2742224323103903,0.0631872207895767
real,30/0.4 all_ankles,t27_tracking_lag_b1_diag_20260430_100314.csv,right,pitch,swing,1777514594.847755,32,9.999666415469749,0.29249989062500004,0.603726,0.18678260828246562,0.01985899999999996,1.394729,0.04403053837279826,7.412640898473013,0.29411764705882354,16.129570315578203,16.129570315578203,3.1251042486432774,0.24303496875,0.025293999999999983,0.007598681540588043,0.012507999999999964,0.06718999999999986,0.001768794405223901,0.2912119066338372,0.2,12.903656252462563,3.2259140631156407,3.1251042486432774,0.19147824064462177,0.04017199131765895
real,30/0.4 all_ankles,t27_tracking_lag_b1_diag_20260430_100314.csv,left,roll,touchdown,1777514594.847755,15,9.999666415469749,0.44637826666666663,0.234767,0.07494267383404168,0.03198100000000004,0.7761829999999998,0.05504716172851069,7.67848757894676,0.46153846153846156,42.85857255282209,42.85857255282209,6.6668890637723255,0.02029211686666666,0.055960840000000005,0.013485039203400915,0.0362822,0.11660067999999998,0.009661762138622581,1.1705225548538207,0.3076923076923077,28.57238170188139,28.57238170188139,6.6668890637723255,0.4730111794772043,0.17551789838454912
real,30/0.4 all_ankles,t27_tracking_lag_b1_diag_20260430_100314.csv,left,pitch,touchdown,1777514594.847755,15,9.999666415469749,0.10934782666666666,0.578998,0.13720487326027292,0.028646999999999978,1.6207434,0.12161604432243758,18.736086952990117,0.38461538461538464,35.71547712735174,35.71547712735174,13.333778127544651,0.029718430000000004,0.188145,0.047285300784175886,0.13859950000000001,0.23769050000000003,0.020977004776023267,2.808972862820692,0.07692307692307693,7.143095425470348,7.143095425470348,6.6668890637723255,0.1476233626259894,0.1724855046296972
real,30/0.4 all_ankles,t27_tracking_lag_b1_diag_20260430_100314.csv,right,roll,touchdown,1777514594.847755,15,9.999666415469749,0.02801961866666667,0.10651440000000001,0.03172962998375995,0.020606600000000003,0.20861160000000004,0.017562660941794313,2.433696915574075,0.38461538461538464,35.71547712735174,35.71547712735174,6.6668890637723255,0.020150586666666657,0.0247239,0.007845752333151714,0.0038090999999999993,0.047758300000000004,0.003187639515047698,0.48445312952036146,0.23076923076923078,21.429286276411045,21.429286276411045,6.6668890637723255,0.04249970077489833,0.1815009425742537
real,30/0.4 all_ankles,t27_tracking_lag_b1_diag_20260430_100314.csv,right,pitch,touchdown,1777514594.847755,15,9.999666415469749,0.3562653333333334,0.17191599999999999,0.047626458276419786,0.089363,0.4939969999999999,0.041133187518107524,5.172622534356181,0.23076923076923078,21.429286276411045,21.429286276411045,20.000667191316975,0.2998393333333333,0.121536,0.03929378271544862,0.121536,0.121536,0.0036066142786424153,0.9190945466722972,0.0,0.0,0.0,6.6668890637723255,0.07382702673501984,0.08768137108398717
real,30/0.4 all_ankles,t27_tracking_lag_b1_diag_20260430_100314.csv,left,roll,swing,1777514595.1277688,32,9.999666415469749,0.4216159374999999,0.393494,0.10556336837740445,0.048061999999999994,1.4852040000000002,0.05625328571203958,7.834301941642937,0.36666666666666664,35.48505469427205,35.48505469427205,3.1251042486432774,0.06357388384375,0.2971756,0.08527115227325283,0.2971756,0.37749408000000007,0.006162861937335684,1.4491416448519159,0.13333333333333333,12.903656252462563,12.903656252462563,3.1251042486432774,0.41318916795201344,0.1095555905637825
real,30/0.4 all_ankles,t27_tracking_lag_b1_diag_20260430_100314.csv,left,pitch,swing,1777514595.1277688,32,9.999666415469749,0.22722532500000003,0.753524,0.19359855049545177,0.118418,2.2001064000000006,0.0856200553482027,13.030939953969238,0.28,22.581398441809487,19.355484378693845,3.1251042486432774,0.0863453328125,0.28409,0.09339194934925332,0.007235000000000019,0.5609449999999999,0.012532362828219774,2.520846027682554,0.03333333333333333,3.2259140631156407,3.2259140631156407,3.1251042486432774,0.20775708887120026,0.14637181414158998
real,30/0.4 all_ankles,t27_tracking_lag_b1_diag_20260430_100314.csv,right,roll,swing,1777514595.1277688,32,9.999666415469749,0.03495261750000001,0.1736791,0.03735514198748671,0.1503959,0.4577877600000001,0.015882464827568846,2.30716461447189,0.3448275862068966,32.259140631156406,29.033226568040767,3.1251042486432774,0.039610252290624995,0.1359203,0.04666712228599042,0.0469769,0.2366893,0.0049401290797879355,1.0004617826162894,0.1724137931034483,16.129570315578203,12.903656252462563,3.1251042486432774,0.04813044780782789,0.3110429730788914
real,30/0.4 all_ankles,t27_tracking_lag_b1_diag_20260430_100314.csv,right,pitch,swing,1777514595.1277688,32,9.999666415469749,0.3318340000000001,0.196369,0.06046153478193801,0.15207199999999998,1.0019639999999999,0.027869836980133223,4.5018788608079925,0.2857142857142857,25.807312504925125,25.807312504925125,6.250208497286555,0.33185284375,0.169249,0.056061272081373924,0.06406699999999999,0.27443100000000004,0.003303590663859601,0.9767930064430852,0.03571428571428571,3.2259140631156407,0.0,3.1251042486432774,0.09446335993802704,0.11853641864552482
real,30/0.4 all_ankles,t27_tracking_lag_b1_diag_20260430_100314.csv,left,roll,touchdown,1777514595.1277688,15,9.999666415469749,0.06715648033333334,0.299877,0.08996058626941039,0.25242960000000003,0.50461812,0.03777720705760451,5.452397607838295,0.5384615384615384,50.00166797829243,50.00166797829243,6.6668890637723255,0.12693507400000004,0.322645,0.10590024888451723,0.317238,0.328052,0.011236770105845503,2.6370395374220044,0.08333333333333333,7.143095425470348,0.0,6.6668890637723255,0.0912154808498395,0.2974484082084505
real,30/0.4 all_ankles,t27_tracking_lag_b1_diag_20260430_100314.csv,left,pitch,touchdown,1777514595.1277688,15,9.999666415469749,0.21347989333333334,0.549571,0.13286659516801286,0.13342400000000001,1.8567072,0.11125563104452914,18.798037089917084,0.5384615384615384,50.00166797829243,50.00166797829243,6.6668890637723255,0.2174169333333334,0.13693099999999997,0.04548878449239499,0.10714599999999999,0.16671599999999995,0.00621718291293633,1.3459230265468425,0.07692307692307693,7.143095425470348,7.143095425470348,6.6668890637723255,0.1644197178613644,0.05588196169996963
real,30/0.4 all_ankles,t27_tracking_lag_b1_diag_20260430_100314.csv,right,roll,touchdown,1777514595.1277688,15,9.999666415469749,0.23948364666666666,0.734138,0.24517719905688204,0.487267,2.2429609999999998,0.1378672752265613,19.443670698966717,0.46153846153846156,42.85857255282209,42.85857255282209,6.6668890637723255,0.06413622066666667,0.1550674,0.04579105300415565,0.1550674,0.16876339999999998,0.008754483618909908,1.569508426955778,0.15384615384615385,14.286190850940695,14.286190850940695,6.6668890637723255,0.2409488709036607,0.06349935910841359
real,30/0.4 all_ankles,t27_tracking_lag_b1_diag_20260430_100314.csv,right,pitch,touchdown,1777514595.1277688,15,9.999666415469749,0.38155288000000004,0.4301992,0.10704752423070082,0.0,0.8603984,0.09713420146347902,15.609880223344762,0.5,7.143095425470348,7.143095425470348,6.6668890637723255,0.12275567999999999,0.3867862,0.14795378250102054,0.3728218,0.423735,0.015552608145053578,4.156541400364778,0.16666666666666666,14.286190850940695,7.143095425470348,6.6668890637723255,0.37189478247454527,0.16011464459200933
real,30/0.4 all_ankles,t27_tracking_lag_b1_diag_20260430_100314.csv,left,roll,swing,1777514595.4976962,34,9.999666415469749,0.01830881955882353,0.12150149999999998,0.02454529085614972,0.08587231,0.44289988999999996,0.014397030424273214,1.9420319056038835,0.45161290322580644,42.42565767855116,39.39525355865465,2.9412745869583783,0.10846441294117647,0.35319100000000003,0.12092125355140011,0.316665,1.0145289999999998,0.01631589989703929,3.5994419639950617,0.0625,6.0608082397930225,6.0608082397930225,2.9412745869583783,0.13150037362023748,1.133282310047139
real,30/0.4 all_ankles,t27_tracking_lag_b1_diag_20260430_100314.csv,left,pitch,swing,1777514595.4976962,34,9.999666415469749,0.27314373529411756,0.2774,0.048701615829764115,0.20582399999999998,1.219228,0.03918875320066749,5.582376720093296,0.4,36.364849438758135,36.364849438758135,20.588922108708648,0.20531932352941176,0.251881,0.07914194671367784,0.09723799999999999,0.601,0.012224649545675132,2.224192806077485,0.06451612903225806,6.0608082397930225,3.0304041198965113,2.9412745869583783,0.10656480638946204,0.3119428036681431
real,30/0.4 all_ankles,t27_tracking_lag_b1_diag_20260430_100314.csv,right,roll,swing,1777514595.4976962,34,9.999666415469749,0.25474805647058835,0.803881,0.18761701818256243,0.12038870000000002,2.82077928,0.09057229373778865,12.15661891315602,0.375,36.364849438758135,36.364849438758135,2.9412745869583783,0.0974610294117647,0.0571785,0.014989432269897376,0.013688500000000006,0.1210167,0.002726538233837406,0.47706402718919977,0.3333333333333333,30.304041198965113,30.304041198965113,2.9412745869583783,0.21977875603800232,0.030103446885543957
real,30/0.4 all_ankles,t27_tracking_lag_b1_diag_20260430_100314.csv,right,pitch,swing,1777514595.4976962,34,9.999666415469749,0.4100000000000001,0.0,1.1102230246251565e-16,0.0,0.0,0.0,0.0,0.0,0.0,0.0,50.00166797829243,0.040629612941176466,0.08926819999999999,0.026672852294714267,1.9200000000000467e-05,0.2294582,0.009630421616577109,1.2425017099755518,0.11538461538461539,9.091212359689534,6.0608082397930225,2.9412745869583783,0.4501699933475367,nan
real,30/0.4 all_ankles,t27_tracking_lag_b1_diag_20260430_100314.csv,left,roll,touchdown,1777514595.4976962,15,9.999666415469749,0.36485877933333327,0.64583019,0.19216672115586364,0.44515419,1.03981419,0.04686243404203236,8.321336785005926,0.15384615384615385,14.286190850940695,14.286190850940695,6.6668890637723255,0.18981241333333335,0.3740836,0.13141463548024104,0.069538,0.6786291999999999,0.029199674153270815,5.711083772081811,0.07692307692307693,7.143095425470348,7.143095425470348,6.6668890637723255,0.6084637269174499,0.62309341693777
real,30/0.4 all_ankles,t27_tracking_lag_b1_diag_20260430_100314.csv,left,pitch,touchdown,1777514595.4976962,15,9.999666415469749,0.38970733333333335,0.169422,0.05211736134362734,0.169422,0.169422,0.0288893307529742,3.7229724819792547,0.0,0.0,0.0,6.6668890637723255,0.12086329800000001,0.41963399999999995,0.13554472596122116,0.41963399999999995,0.41963399999999995,0.01561332937944816,3.5581459058855476,0.0,0.0,0.0,6.6668890637723255,0.44303944869168277,0.5404531352060049
real,30/0.4 all_ankles,t27_tracking_lag_b1_diag_20260430_100314.csv,right,roll,touchdown,1777514595.4976962,15,9.999666415469749,0.14231859933333332,0.47318499,0.13531209789438114,0.13329399,1.0104013900000002,0.08106621678546769,12.236780810191625,0.46153846153846156,42.85857255282209,42.85857255282209,6.6668890637723255,0.07664371066666666,0.23866199999999999,0.08566843211756334,0.23866199999999999,0.23866199999999996,0.006182791553327658,1.9823829334776932,0.0,0.0,0.0,6.6668890637723255,0.23098139224840716,0.07626841116429174
real,30/0.4 all_ankles,t27_tracking_lag_b1_diag_20260430_100314.csv,right,pitch,touchdown,1777514595.4976962,15,9.999666415469749,0.3169885333333334,0.21822599999999998,0.0817055506387554,0.201891,0.535769,0.047787118218569874,6.840105078299399,0.2222222222222222,14.286190850940695,14.286190850940695,13.333778127544651,0.016941495333333334,0.0534492,0.017883775758261514,0.0258332,0.1327316,0.007761015870170292,1.107429581872056,0.15384615384615385,14.286190850940695,14.286190850940695,6.6668890637723255,0.32009651269524997,0.16240811665337865
real,30/0.4 all_ankles,t27_tracking_lag_b1_diag_20260430_100314.csv,left,roll,swing,1777514595.8676746,33,9.999666415469749,0.2499622284848485,0.82222,0.22886365362926375,0.3876574,1.6558646000000001,0.04634196320195027,6.636295432790634,0.26666666666666666,25.00083398914622,21.87572974050294,3.0304041198965113,0.1007777212121212,0.457938,0.13432745013416386,0.21533500000000003,0.7339095999999998,0.016276085943173004,3.4452563808647163,0.2,18.75062549185966,15.625521243216387,3.0304041198965113,0.40046905959040563,0.3512170140968054
real,30/0.4 all_ankles,t27_tracking_lag_b1_diag_20260430_100314.csv,left,pitch,swing,1777514595.8676746,33,9.999666415469749,0.37533769696969704,0.275981,0.07560948875696746,0.16316399999999998,0.39662,0.027479504897397512,3.8525335928853344,0.4,6.250208497286555,6.250208497286555,3.0304041198965113,0.0746287615151515,0.1806002,0.0631916066790863,0.0204895,0.34071090000000004,0.006554894476964431,1.2606493249399506,0.06666666666666667,6.250208497286555,3.1251042486432774,3.0304041198965113,0.46053571089392026,0.23853757560185235
real,30/0.4 all_ankles,t27_tracking_lag_b1_diag_20260430_100314.csv,right,roll,swing,1777514595.8676746,33,9.999666415469749,0.07357009787878788,0.346213,0.0923273432231882,0.19454699999999997,0.804923,0.025827830319111504,3.582584916201748,0.22580645161290322,21.87572974050294,21.87572974050294,3.0304041198965113,0.06778832812121213,0.2445948,0.0795284045331048,0.037836552,0.5581842479999999,0.008031176470346908,2.0069720526724826,0.1,9.37531274592983,6.250208497286555,3.0304041198965113,0.09909666951647923,0.3109504891088036
real,30/0.4 all_ankles,t27_tracking_lag_b1_diag_20260430_100314.csv,right,pitch,swing,1777514595.8676746,33,9.999666415469749,0.25423043333333334,0.31744269999999997,0.1033794861574802,0.21362399999999998,0.8475494000000001,0.025612688487124603,3.895867791730331,0.16666666666666666,12.50041699457311,9.37531274592983,3.0304041198965113,0.21213223,0.4077216,0.153176848112321,0.2432437,0.5721995000000001,0.005457005866311892,2.1240891853542014,0.06666666666666667,6.250208497286555,3.1251042486432774,3.0304041198965113,0.184203652499091,0.2130586903852404
real,30/0.4 all_ankles,t27_tracking_lag_b1_diag_20260430_100314.csv,left,roll,touchdown,1777514595.8676746,14,9.999666415469749,0.020301752142857142,0.1069893,0.026793945881143817,0.0545828,0.28763340000000004,0.023812145371502294,3.5539010795960873,0.75,69.23307873917415,69.23307873917415,21.429286276411045,0.1289615214285714,0.2543801,0.07695328797612204,0.1405828,0.3681774,0.02071158236139868,3.330883280531409,0.08333333333333333,7.692564304352683,7.692564304352683,7.143095425470348,0.14227055160744095,0.8697906903502161
real,30/0.4 all_ankles,t27_tracking_lag_b1_diag_20260430_100314.csv,left,pitch,touchdown,1777514595.8676746,14,9.999666415469749,0.3027195,0.134878,0.040304345974011994,0.04572100000000001,0.397987,0.0318433210439744,4.498783405180253,0.5,46.155385826116095,46.155385826116095,7.143095425470348,0.04435761571428571,0.1930646,0.060374562483777705,0.1606716,0.2254576,0.01261406935303527,2.154235598423748,0.09090909090909091,7.692564304352683,0.0,7.143095425470348,0.29327676875270525,0.3961292019640704
real,30/0.4 all_ankles,t27_tracking_lag_b1_diag_20260430_100314.csv,right,roll,touchdown,1777514595.8676746,14,9.999666415469749,0.24945307142857143,0.567883,0.14527081036817238,0.08960700000000002,1.989389,0.14423667545953062,18.100651899291233,0.5,46.155385826116095,46.155385826116095,21.429286276411045,0.019112984857142856,0.0745946,0.022200638378911692,0.00961971,0.17681183000000003,0.012919455921002949,1.6493166979992124,0.3333333333333333,30.77025721741073,30.77025721741073,7.143095425470348,0.26959270834092935,0.08957122645708679
real,30/0.4 all_ankles,t27_tracking_lag_b1_diag_20260430_100314.csv,right,pitch,touchdown,1777514595.8676746,14,9.999666415469749,0.1621173692857143,0.4818207,0.18772919089221612,0.39586279999999996,1.4058084599999998,0.10791961286462708,16.365325303848987,0.7777777777777778,53.84795013046878,53.84795013046878,7.143095425470348,0.19012600000000002,0.17002,0.06065266835256066,0.17002,0.170036,0.0055651929721904775,1.5155020864007374,0.0,0.0,0.0,7.143095425470348,0.16019723639622968,0.05156794788702014
real,35/0.5 all_ankles,t27_tracking_lag_b1_diag_20260430_100705.csv,left,roll,swing,1777514825.8477206,33,9.999664462342555,0.06400350212121213,0.4579189,0.1229535456622645,0.4124689,0.6587011800000001,0.0180340957819213,3.8563381784917192,0.36666666666666664,34.376153449400036,31.25104859036367,3.0304047117928405,0.08223742121212121,0.260419,0.08692612327159949,0.1250645,0.8024411000000001,0.016107542983670734,2.945441458015322,0.0967741935483871,9.375314577109101,9.375314577109101,3.0304047117928405,0.16894074352065844,0.8931716443370628
real,35/0.5 all_ankles,t27_tracking_lag_b1_diag_20260430_100705.csv,left,pitch,swing,1777514825.8477206,33,9.999664462342555,0.28099567878787884,0.6513,0.14549869626606876,0.3352854,1.5660665999999996,0.08714619889176048,12.074421855314531,0.3448275862068966,31.25104859036367,28.125943731327304,12.121618847171362,0.2819770575757576,0.3924048,0.09672349489894132,0.24328080000000002,0.5415288,0.011125415533758351,2.309956605446041,0.03333333333333333,3.1251048590363673,0.0,3.0304047117928405,0.12075001045540704,0.12766380720261386
real,35/0.5 all_ankles,t27_tracking_lag_b1_diag_20260430_100705.csv,right,roll,swing,1777514825.8477206,33,9.999664462342555,0.24292387272727267,0.4553643,0.13913357585640773,0.1260634,2.2956687999999996,0.07488230118039789,10.177220406873777,0.5161290322580645,50.001677744581876,50.001677744581876,3.0304047117928405,0.05690626696969697,0.30096999999999996,0.05283177246710599,0.13805937999999998,0.5689354199999999,0.02203198013410894,3.1406561404754547,0.10344827586206896,9.375314577109101,9.375314577109101,9.091214135378522,0.23954003000800672,0.2942214620385665
real,35/0.5 all_ankles,t27_tracking_lag_b1_diag_20260430_100705.csv,right,pitch,swing,1777514825.8477206,33,9.999664462342555,0.2590796181818181,0.76,0.24384360363814758,0.0,2.7201934,0.07266523704062024,11.780660924754866,0.4090909090909091,28.125943731327304,21.87573401325457,3.0304047117928405,0.2167811212121212,0.14836100000000002,0.03156980418610392,0.14836100000000002,0.21992300000000004,0.0058430248923683915,1.047998187398853,0.15384615384615385,12.500419436145469,12.500419436145469,9.091214135378522,0.24487109622342362,0.08041018140630452
real,35/0.5 all_ankles,t27_tracking_lag_b1_diag_20260430_100705.csv,left,roll,touchdown,1777514825.8477206,14,9.999664462342555,0.41856964285714293,0.18655100000000002,0.0532841098152256,0.18655100000000002,0.508525,0.037749784482464,5.489086611847241,0.5,46.1553948411525,46.1553948411525,14.286193641309108,0.13738155714285713,0.2440002,0.06922272857153469,0.23488520000000002,0.25914119999999996,0.02063288461451971,2.9926486928428186,0.25,23.07769742057625,23.07769742057625,7.143096820654554,0.29430739148510304,0.5465696002610122
real,35/0.5 all_ankles,t27_tracking_lag_b1_diag_20260430_100705.csv,left,pitch,touchdown,1777514825.8477206,14,9.999664462342555,0.29842112142857147,0.6513,0.236046690087207,0.631371,0.9244963999999999,0.06456515825839236,10.789520780406969,0.625,38.46282903429375,30.770263227435,7.143096820654554,0.08799817142857144,0.2501005,0.07730223372912748,0.0729411,0.4272599,0.021378971930688693,3.656869539424149,0.08333333333333333,7.69256580685875,7.69256580685875,7.143096820654554,0.4121819993798917,0.33112242744189035
real,35/0.5 all_ankles,t27_tracking_lag_b1_diag_20260430_100705.csv,right,roll,touchdown,1777514825.8477206,14,9.999664462342555,0.028581795,0.0918632,0.03352589430695888,0.0586646,0.1398616,0.009091279997529162,1.4876022085584322,0.2727272727272727,23.07769742057625,23.07769742057625,7.143096820654554,0.03831523214285715,0.07881982000000001,0.02881183518433185,0.045237200000000005,0.11240244000000002,0.00529877097444788,0.9754048487261175,0.16666666666666666,15.3851316137175,15.3851316137175,7.143096820654554,0.06721256442803597,0.5828410274337592
real,35/0.5 all_ankles,t27_tracking_lag_b1_diag_20260430_100705.csv,right,pitch,touchdown,1777514825.8477206,14,9.999664462342555,0.3177095,0.24461399999999997,0.05543869082502631,0.131696,0.44226799999999994,0.05401360629387049,7.1530110682098,0.6363636363636364,53.847960648011245,46.1553948411525,21.42929046196366,0.19992407142857146,0.173565,0.0544265908927721,0.130029,0.217101,0.01018300112383163,1.8826899661281646,0.08333333333333333,7.69256580685875,7.69256580685875,7.143096820654554,0.14645396916632689,0.18852659214104733
real,35/0.5 all_ankles,t27_tracking_lag_b1_diag_20260430_100705.csv,left,roll,swing,1777514826.1375866,33,9.999664462342555,0.3848317272727272,0.411158,0.11373047619389122,0.06808,1.1396840000000001,0.031942054801959704,5.214775153869119,0.41935483870967744,40.626363167472775,40.626363167472775,3.0304047117928405,0.18916984242424242,0.496092,0.11556416931869624,0.324571,0.7731810000000001,0.01570432869425598,3.005375149385478,0.16129032258064516,15.625524295181835,15.625524295181835,6.060809423585681,0.2613054702189664,0.4916505463290511
real,35/0.5 all_ankles,t27_tracking_lag_b1_diag_20260430_100705.csv,left,pitch,swing,1777514826.1375866,33,9.999664462342555,0.36148529393939405,0.6513,0.1785078283653256,0.038881,1.5947483999999998,0.0990904220889154,13.128045026597913,0.6,18.750629154218203,12.500419436145469,3.0304047117928405,0.12663240606060605,0.359826,0.12419761743183913,0.042266,0.729682,0.012445664730240103,2.9062862913421275,0.06666666666666667,6.2502097180727345,6.2502097180727345,3.0304047117928405,0.33147943826351134,0.12559906868771245
real,35/0.5 all_ankles,t27_tracking_lag_b1_diag_20260430_100705.csv,right,roll,swing,1777514826.1375866,33,9.999664462342555,0.03191034521212121,0.18303360000000002,0.037475002886906736,0.1313264,0.4344288400000001,0.011972426028487844,1.8713916957879004,0.20689655172413793,18.750629154218203,18.750629154218203,9.091214135378522,0.06700296515151516,0.26480360000000003,0.08375527691131052,0.06604940000000001,0.6211974400000001,0.012496384756033143,2.508843972284462,0.0967741935483871,9.375314577109101,9.375314577109101,3.0304047117928405,0.09488991981449744,1.0437637890848992
real,35/0.5 all_ankles,t27_tracking_lag_b1_diag_20260430_100705.csv,right,pitch,swing,1777514826.1375866,33,9.999664462342555,0.30668911515151515,0.4991098,0.09365463774128199,0.4991098,1.0072717999999998,0.040408686667918844,6.4231193736898025,0.37037037037037035,31.25104859036367,28.125943731327304,12.121618847171362,0.3048739696969696,0.30019799999999996,0.11127325621775483,0.14154799999999998,0.458848,0.0052965176040473206,1.6711584186687238,0.06666666666666667,6.2502097180727345,3.1251048590363673,3.0304047117928405,0.136312307718002,0.13107373787162246
real,35/0.5 all_ankles,t27_tracking_lag_b1_diag_20260430_100705.csv,left,roll,touchdown,1777514826.1375866,16,9.999664462342555,0.04172247706249999,0.2545884,0.06132842601169836,0.23297610000000002,0.5076033,0.025317047939363756,4.008160375499519,0.2857142857142857,26.667561463776998,26.667561463776998,12.500419436145469,0.13197100625,0.46957,0.15027377109987444,0.2293332,0.7098068,0.024445925738858943,5.077868292201358,0.07142857142857142,6.6668903659442496,6.6668903659442496,6.2502097180727345,0.13364355034106234,0.9655914780194272
real,35/0.5 all_ankles,t27_tracking_lag_b1_diag_20260430_100705.csv,left,pitch,touchdown,1777514826.1375866,16,9.999664462342555,0.28510818750000005,0.25323399999999996,0.06703259082642073,0.10577099999999995,0.7783189999999998,0.04730641738574139,7.049404842231574,0.5384615384615384,46.66823256160975,46.66823256160975,18.750629154218203,0.13454080625,0.11084639999999998,0.03367418523918709,0.02118299999999998,0.2005098,0.008432362755566676,1.494458084312251,0.07142857142857142,6.6668903659442496,6.6668903659442496,6.2502097180727345,0.16177745786252368,0.17824987013513038
real,35/0.5 all_ankles,t27_tracking_lag_b1_diag_20260430_100705.csv,right,roll,touchdown,1777514826.1375866,16,9.999664462342555,0.164009525,0.458578,0.1565672213936113,0.3339101,1.3883811,0.09661236204398109,13.7326678197929,0.5714285714285714,53.335122927553996,53.335122927553996,6.2502097180727345,0.05875731375000001,0.20961249999999998,0.06403521175286178,0.0823,0.5015249999999999,0.02383815189479973,3.781721172771244,0.14285714285714285,13.333780731888499,13.333780731888499,6.2502097180727345,0.20868567124901827,0.24674018304146034
real,35/0.5 all_ankles,t27_tracking_lag_b1_diag_20260430_100705.csv,right,pitch,touchdown,1777514826.1375866,16,9.999664462342555,0.4100000000000001,0.0,1.1102230246251565e-16,0.0,0.0,0.0,0.0,0.0,0.0,0.0,25.000838872290938,0.20071424375000002,0.5873360000000001,0.22303863314243894,0.5873360000000001,0.587336,0.013287815079924931,4.803655466431013,0.0,0.0,0.0,6.2502097180727345,0.4328943443884929,nan
real,35/0.5 all_ankles,t27_tracking_lag_b1_diag_20260430_100705.csv,left,roll,swing,1777514826.4476342,32,9.999664462342555,0.02639798981250001,0.1320844,0.03171137315042987,0.0180576,0.5231852,0.015816424558692626,2.3602011518695414,0.3103448275862069,29.033232238789477,25.807317545590646,3.1251048590363673,0.15957592187499997,0.5853079999999999,0.1813342929136074,0.488574,1.447482,0.018068926151768822,5.121763104962277,0.06896551724137931,6.4518293863976615,3.2259146931988307,3.1251048590363673,0.20118657661505387,1.1424153470790737
real,35/0.5 all_ankles,t27_tracking_lag_b1_diag_20260430_100705.csv,left,pitch,swing,1777514826.4476342,32,9.999664462342555,0.30863387500000006,0.25323399999999996,0.05586893623626527,0.038881,0.934723,0.03657964859616712,5.008138452096058,0.48148148148148145,41.9368910115848,41.9368910115848,3.1251048590363673,0.27582040312499995,0.3872934,0.14219178776431343,0.196811,0.5777757999999997,0.006689474614220586,2.061973501186674,0.06896551724137931,6.4518293863976615,3.2259146931988307,3.1251048590363673,0.1216710291783712,0.1828742175210923
real,35/0.5 all_ankles,t27_tracking_lag_b1_diag_20260430_100705.csv,right,roll,swing,1777514826.4476342,32,9.999664462342555,0.18009165624999998,0.458578,0.11267196254154395,0.0947794,1.8638597999999995,0.07200671427960932,9.974864242964978,0.5,48.38872039798246,48.38872039798246,3.1251048590363673,0.04413607250000001,0.20961249999999998,0.044885373962982054,0.0575272,0.45549039999999996,0.01290459898861524,2.236728588264255,0.18518518518518517,16.129573465994152,12.903658772795323,6.2502097180727345,0.19122629440247646,0.17921382912300904
real,35/0.5 all_ankles,t27_tracking_lag_b1_diag_20260430_100705.csv,right,pitch,swing,1777514826.4476342,32,9.999664462342555,0.4100000000000001,0.0,1.1102230246251565e-16,0.0,0.0,0.0,0.0,0.0,0.0,0.0,25.000838872290938,0.19131837187500003,0.5548109999999999,0.16302189578644413,0.52889,0.5809039999999999,0.011981764081739725,3.310659887536365,0.043478260869565216,3.2259146931988307,3.2259146931988307,3.1251048590363673,0.551888948223641,nan
real,35/0.5 all_ankles,t27_tracking_lag_b1_diag_20260430_100705.csv,left,roll,touchdown,1777514826.4476342,15,9.999664462342555,0.3389900466666667,0.5866757,0.20989258170448635,0.44122069999999997,0.9589567,0.055433964123898345,8.222868982842451,0.38461538461538464,35.71548410327277,35.71548410327277,6.6668903659442496,0.17763803333333333,0.498284,0.1919410735697727,0.48348399999999997,0.5130839999999999,0.021804540169267868,5.395668007198998,0.15384615384615385,14.286193641309108,14.286193641309108,6.6668903659442496,0.3320208907991403,0.39334261068779725
real,35/0.5 all_ankles,t27_tracking_lag_b1_diag_20260430_100705.csv,left,pitch,touchdown,1777514826.4476342,15,9.999664462342555,0.4100000000000001,0.0,1.1102230246251565e-16,0.0,0.0,0.0,0.0,0.0,0.0,0.0,46.66823256160975,0.16532603333333334,0.3353762,0.12208421271198373,0.3353762,0.3431604,0.009923645340987289,2.9595404858796774,0.16666666666666666,14.286193641309108,7.143096820654554,6.6668903659442496,0.2734408619023609,nan
real,35/0.5 all_ankles,t27_tracking_lag_b1_diag_20260430_100705.csv,right,roll,touchdown,1777514826.4476342,15,9.999664462342555,0.14044283999999999,0.5044051,0.12306422744379437,0.1240648,1.3520222,0.09325588193899755,12.669785564589032,0.38461538461538464,35.71548410327277,35.71548410327277,6.6668903659442496,0.09383117733333333,0.3338954,0.11277724110131154,0.3338954,0.33389539999999995,0.013168071809977607,2.974632887514648,0.0,0.0,0.0,6.6668903659442496,0.19315605079466283,0.14120365961035442
real,35/0.5 all_ankles,t27_tracking_lag_b1_diag_20260430_100705.csv,right,pitch,touchdown,1777514826.4476342,15,9.999664462342555,0.3502744,0.24437299999999998,0.07447697416589014,0.13333999999999996,0.7127260000000001,0.06147103317412195,9.635658765838135,0.5714285714285714,28.572387282618216,21.42929046196366,6.6668903659442496,0.14366778666666666,0.44322700000000004,0.15074441296641353,0.44322400000000006,0.44323,0.016375047918658035,3.818279616231168,0.0,0.0,0.0,6.6668903659442496,0.44611058219711996,0.2663864111779985
real,35/0.5 all_ankles,t27_tracking_lag_b1_diag_20260430_100705.csv,left,roll,swing,1777514826.837477,34,9.999664462342555,0.21893264676470583,0.867869,0.25092044331493474,0.5056966,1.5203887200000001,0.03645654305639071,5.994940494526296,0.28125,27.273642406135565,27.273642406135565,2.9412751614459927,0.11790960764705885,0.2678018,0.10084908464824999,0.1723263,0.40961041999999986,0.00582903911740129,1.6853133690063062,0.16129032258064516,15.152023558964203,12.121618847171362,2.9412751614459927,0.19467563006259217,0.15989006715159404
real,35/0.5 all_ankles,t27_tracking_lag_b1_diag_20260430_100705.csv,left,pitch,swing,1777514826.837477,34,9.999664462342555,0.37547485294117655,0.278653,0.08368332142601737,0.224428,0.35536599999999996,0.026896728726832863,3.9734612851051483,0.5,6.060809423585681,6.060809423585681,2.9412751614459927,0.031432978823529405,0.1096279,0.027093924784207683,0.1096279,0.14548949999999997,0.003953677580836981,0.6145917834707448,0.16,12.121618847171362,6.060809423585681,5.882550322891985,0.3595193796571001,0.14699473757537998
real,35/0.5 all_ankles,t27_tracking_lag_b1_diag_20260430_100705.csv,right,roll,swing,1777514826.837477,34,9.999664462342555,0.05631823558823528,0.5011181,0.08612029796054586,0.4089101,0.8493972999999996,0.04066168727959168,5.192152807065828,0.46875,45.45607067689261,45.45607067689261,2.9412751614459927,0.08802835294117645,0.375111,0.13623537914177897,0.0514393,0.6987827,0.03611704588366124,6.019321620018917,0.09090909090909091,3.0304047117928405,3.0304047117928405,2.9412751614459927,0.1571592125758432,0.888232837838694
real,35/0.5 all_ankles,t27_tracking_lag_b1_diag_20260430_100705.csv,right,pitch,swing,1777514826.837477,34,9.999664462342555,0.2936861470588235,0.23313399999999998,0.08845593674125266,0.0,0.67516,0.018737288032038904,2.889282699597221,0.44,33.334451829721246,33.334451829721246,2.9412751614459927,0.08353778823529412,0.5793233,0.1521978475506448,0.0583003,1.1003463,0.060205689270836575,9.570737738940837,0.09090909090909091,3.0304047117928405,3.0304047117928405,2.9412751614459927,0.29576524318844094,3.213148517965397
real,35/0.5 all_ankles,t27_tracking_lag_b1_diag_20260430_100705.csv,left,roll,touchdown,1777514826.837477,15,9.999664462342555,0.04278118760000001,0.29339550000000003,0.06651836229599896,0.054479,0.8063098,0.06456554298176825,9.981681261289326,0.3076923076923077,28.572387282618216,28.572387282618216,20.000671097832747,0.026065127999999996,0.1074224,0.03323362167089902,0.09048453000000001,0.12436027000000001,0.0052415681189700546,1.0127365848034997,0.07692307692307693,7.143096820654554,7.143096820654554,6.6668903659442496,0.07354624573638367,0.08118212713629848
real,35/0.5 all_ankles,t27_tracking_lag_b1_diag_20260430_100705.csv,left,pitch,touchdown,1777514826.837477,15,9.999664462342555,0.2503401333333333,0.20164700000000002,0.05932732031238971,0.20164700000000002,0.508461,0.02966354688495005,4.970841649567449,0.6153846153846154,57.14477456523643,57.14477456523643,6.6668903659442496,0.056189937333333335,0.22113829999999998,0.07158542519232877,0.21326679999999998,0.22900979999999999,0.01063913997189952,2.083113495795076,0.07692307692307693,7.143096820654554,7.143096820654554,6.6668903659442496,0.22529114323049387,0.3586604128347626
real,35/0.5 all_ankles,t27_tracking_lag_b1_diag_20260430_100705.csv,right,roll,touchdown,1777514826.837477,15,9.999664462342555,0.12060653733333332,0.3267559,0.09820219908563241,0.1097169,1.02644196,0.07320528623219585,10.723498056291357,0.38461538461538464,35.71548410327277,35.71548410327277,20.000671097832747,0.0,0.0,0.0,0.0,0.0,0.0,0.0,0.0,0.0,0.0,nan,0.15119441236495415,0.0
real,35/0.5 all_ankles,t27_tracking_lag_b1_diag_20260430_100705.csv,right,pitch,touchdown,1777514826.837477,15,9.999664462342555,0.21071248266666665,0.4749598,0.1648443704897944,0.4749598,1.5723038,0.11082575622757347,15.401268532230137,0.6,42.85858092392732,42.85858092392732,13.333780731888499,0.0,0.0,0.0,0.0,0.0,0.0,0.0,0.0,0.0,0.0,nan,0.2607649213471006,0.0
real,40/0.8 all_ankles,t27_tracking_lag_b1_diag_20260430_101404.csv,left,roll,swing,1777515244.4189363,33,9.99913816174855,0.05228036637575757,0.326558,0.06384071240616263,0.2057019,0.6070335468,0.019326338661771362,3.0014837993504804,0.26666666666666666,25.002154781335918,25.002154781335918,6.06112843183901,0.02152766454545454,0.0918786,0.02875371867844047,0.0553588,0.19256310000000001,0.0045559046693789025,0.8234652977624561,0.1724137931034483,15.62634673833495,9.37580804300097,6.06112843183901,0.0860074006703296,0.23573552906794243
real,40/0.8 all_ankles,t27_tracking_lag_b1_diag_20260430_101404.csv,left,pitch,swing,1777515244.4189363,33,9.99913816174855,0.28808656363636365,0.32511539999999994,0.08362387957585717,0.15791999999999995,0.6590727999999999,0.022795046642307394,3.3439907974102354,0.36,28.127424129002907,28.127424129002907,6.06112843183901,0.241138606060606,0.123895,0.04491191430772246,0.08695800000000004,0.16615199999999997,0.0020242898409092588,0.6640112851193438,0.15384615384615385,12.501077390667959,3.1252693476669897,3.030564215919505,0.07828875651237113,0.08880393502473452
real,40/0.8 all_ankles,t27_tracking_lag_b1_diag_20260430_101404.csv,right,roll,swing,1777515244.4189363,33,9.99913816174855,0.1890522727272727,0.552894,0.164611474863849,0.13573290000000002,1.0801096999999997,0.018321342408418904,4.053445021767042,0.1935483870967742,18.75161608600194,18.75161608600194,3.030564215919505,0.027521747333333332,0.06767435000000001,0.02239017234185398,0.020116969999999998,0.13445211,0.0022248232424459963,0.5394678187429851,0.18518518518518517,15.62634673833495,15.62634673833495,3.030564215919505,0.20154392057800685,0.12143341862459052
real,40/0.8 all_ankles,t27_tracking_lag_b1_diag_20260430_101404.csv,right,pitch,swing,1777515244.4189363,33,9.99913816174855,0.30366182424242427,0.3898985,0.13593297022243261,0.094208,0.8740049999999999,0.027549132999684436,4.808199265722303,0.14285714285714285,6.250538695333979,3.1252693476669897,3.030564215919505,0.19862139393939393,0.04191400000000001,0.012495431645058399,0.014580999999999983,0.07751899999999998,0.001428642495945204,0.31626011127852777,0.21739130434782608,15.62634673833495,6.250538695333979,3.030564215919505,0.17972640443611992,0.051857983914106065
real,40/0.8 all_ankles,t27_tracking_lag_b1_diag_20260430_101404.csv,left,roll,touchdown,1777515244.4189363,15,9.99913816174855,0.35583270666666666,0.4148237,0.13955648248273034,0.4148237,0.7067296999999999,0.04226595850418743,6.747952987051304,0.46153846153846156,42.86083676800443,42.86083676800443,6.667241275022912,0.04766375599999999,0.1426848,0.044722236436647564,0.1426848,0.16553939999999995,0.009557196725936731,1.6932212951370262,0.36363636363636365,28.573891178669623,14.286945589334811,6.667241275022912,0.3453406277626162,0.22612043034561416
real,40/0.8 all_ankles,t27_tracking_lag_b1_diag_20260430_101404.csv,left,pitch,touchdown,1777515244.4189363,15,9.99913816174855,0.35041626666666664,0.263795,0.08028990575696437,0.263795,0.5285329999999999,0.03327303853431845,5.542120945100277,0.4444444444444444,28.573891178669623,28.573891178669623,6.667241275022912,0.17565733333333336,0.186231,0.07470893448994051,0.17795399999999997,0.2110220000000001,0.012090911015195284,2.4747262392242653,0.36363636363636365,28.573891178669623,14.286945589334811,6.667241275022912,0.18976280697263448,0.3633846365646614
real,40/0.8 all_ankles,t27_tracking_lag_b1_diag_20260430_101404.csv,right,roll,touchdown,1777515244.4189363,15,9.99913816174855,0.019319386666666664,0.0910511,0.02353711459963576,0.0351869,0.25286709999999996,0.018936294538419572,2.7186983101190307,0.5384615384615384,50.004309562671835,50.004309562671835,13.334482550045824,0.003674037233333333,0.01350018,0.0040260381184605825,0.00064204,0.03646435,0.001772093359313509,0.3047151455459166,0.5454545454545454,42.86083676800443,28.573891178669623,6.667241275022912,0.023104972613676517,0.09358184388810253
real,40/0.8 all_ankles,t27_tracking_lag_b1_diag_20260430_101404.csv,right,pitch,touchdown,1777515244.4189363,15,9.99913816174855,0.25949771333333327,0.2663391,0.08476209515304875,0.25399710000000003,0.7604494999999999,0.055759572293592,8.443322167796286,0.6923076923076923,64.29125515200664,64.29125515200664,6.667241275022912,0.2262015333333333,0.03117800000000001,0.008949039239804215,0.029100000000000015,0.03325600000000001,0.001894132311552361,0.32386554324444805,0.125,7.143472794667406,7.143472794667406,6.667241275022912,0.08624471143772623,0.033969634874154844
real,40/0.8 all_ankles,t27_tracking_lag_b1_diag_20260430_101404.csv,left,roll,swing,1777515244.758935,33,9.99913816174855,0.38632773636363643,0.5161235000000001,0.1309091068935578,0.4245775,0.9533715,0.022167389425027023,3.8845580586091772,0.36666666666666664,34.37796282433689,31.2526934766699,3.030564215919505,0.12668062424242424,0.205036,0.06901024252335401,0.086314,0.34661259999999994,0.008681144011307108,1.4275830202742803,0.17857142857142858,15.62634673833495,6.250538695333979,3.030564215919505,0.3071271150863202,0.39161778795233687
real,40/0.8 all_ankles,t27_tracking_lag_b1_diag_20260430_101404.csv,left,pitch,swing,1777515244.758935,33,9.99913816174855,0.2911443878787878,0.76,0.24010800570879814,0.652426,1.7612146,0.033906839329580905,6.839965507851909,0.3,28.127424129002907,25.002154781335918,6.06112843183901,0.18171645454545457,0.16796999999999998,0.06086608780488669,0.05030499999999999,0.302149,0.00991976021557027,1.4336479210458088,0.13793103448275862,12.501077390667959,6.250538695333979,3.030564215919505,0.28801175317863914,0.2925592715719776
real,40/0.8 all_ankles,t27_tracking_lag_b1_diag_20260430_101404.csv,right,roll,swing,1777515244.758935,33,9.99913816174855,0.032895499393939404,0.1731354,0.03406486689835706,0.0950783,0.3930118399999999,0.014288504185775916,1.962284070409727,0.3548387096774194,34.37796282433689,34.37796282433689,9.091692647758515,0.021258359348484843,0.05575965,0.019783786271132635,0.00926426,0.13474393000000004,0.003389921996645,0.5550072211939329,0.2857142857142857,25.002154781335918,15.62634673833495,3.030564215919505,0.03988859528105744,0.23724820685006612
real,40/0.8 all_ankles,t27_tracking_lag_b1_diag_20260430_101404.csv,right,pitch,swing,1777515244.758935,33,9.99913816174855,0.2986348121212121,0.31553319999999996,0.07223705497161392,0.31553319999999996,0.8711491999999998,0.03708013229834592,5.117830934646419,0.35714285714285715,31.2526934766699,31.2526934766699,6.06112843183901,0.2711433939393939,0.14646000000000003,0.04599896773607214,0.018705,0.2742150000000001,0.0035453554032938584,1.0152150962437152,0.037037037037037035,3.1252693476669897,3.1252693476669897,3.030564215919505,0.10818874784418257,0.09561334287504715
real,40/0.8 all_ankles,t27_tracking_lag_b1_diag_20260430_101404.csv,left,roll,touchdown,1777515244.758935,15,9.99913816174855,0.020383808666666666,0.1217368,0.029425338007242258,0.08559286,0.30163441999999996,0.020643840545704083,2.7312758059776288,0.38461538461538464,35.71736397333703,35.71736397333703,13.334482550045824,0.11169192666666668,0.36251500000000003,0.1188722895946484,0.1469928,0.5780371999999999,0.022683815141416687,4.634771014604009,0.07692307692307693,7.143472794667406,7.143472794667406,6.667241275022912,0.11603636313394869,1.0988175911936655
real,40/0.8 all_ankles,t27_tracking_lag_b1_diag_20260430_101404.csv,left,pitch,touchdown,1777515244.758935,15,9.99913816174855,0.2848417733333333,0.76,0.2625542990263177,0.5936319999999999,1.0016219999999998,0.06894913961177096,11.87217481066784,0.3,21.430418384002216,14.286945589334811,6.667241275022912,0.18665873333333333,0.16428399999999999,0.05668624400148201,0.079871,0.24869699999999997,0.00961666470658174,1.9973467645491347,0.07692307692307693,7.143472794667406,7.143472794667406,6.667241275022912,0.31807782267977125,0.13947476010186483
real,40/0.8 all_ankles,t27_tracking_lag_b1_diag_20260430_101404.csv,right,roll,touchdown,1777515244.758935,15,9.99913816174855,0.18189667733333334,0.666254,0.19165035763789717,0.5723004,1.6999669199999998,0.10130304284851005,15.869214827123468,0.5384615384615384,50.004309562671835,50.004309562671835,6.667241275022912,0.012729027326666666,0.053504399999999994,0.015358067624649375,0.0232286399,0.16662499990000001,0.010125120216559381,1.3528150911285441,0.3333333333333333,28.573891178669623,21.430418384002216,13.334482550045824,0.22907898634849433,0.09994882613447874
real,40/0.8 all_ankles,t27_tracking_lag_b1_diag_20260430_101404.csv,right,pitch,touchdown,1777515244.758935,15,9.99913816174855,0.3822678000000001,0.306467,0.07932198206987348,0.0,0.6129339999999999,0.06763744618155439,10.167540035158012,0.5,7.143472794667406,7.143472794667406,6.667241275022912,0.08216311733333334,0.29085249999999996,0.1039780622295228,0.2456932,0.3360118,0.011975336909279636,3.1006739491216737,0.07692307692307693,7.143472794667406,7.143472794667406,6.667241275022912,0.36644418779862503,0.17705187858712304
real,40/0.8 all_ankles,t27_tracking_lag_b1_diag_20260430_101404.csv,left,roll,swing,1777515245.0688696,33,9.99913816174855,0.019329373030303024,0.13663350000000002,0.025240125717906178,0.094207,0.4272359399999999,0.014418653536344065,1.916190564391392,0.41935483870967744,40.62850151967087,40.62850151967087,3.030564215919505,0.1297622738545455,0.411339,0.14183592403502676,0.346557,1.201151,0.015588186052226637,4.239362178113206,0.0967741935483871,9.37580804300097,9.37580804300097,6.06112843183901,0.14619104306587874,1.0811124639991256
real,40/0.8 all_ankles,t27_tracking_lag_b1_diag_20260430_101404.csv,left,pitch,swing,1777515245.0688696,33,9.99913816174855,0.29616959393939396,0.76,0.19815803193697798,0.76,1.2630320000000002,0.04737537457025498,8.006673192522689,0.38461538461538464,31.2526934766699,25.002154781335918,9.091692647758515,0.26857681818181817,0.284139,0.09194242230098684,0.008606999999999976,0.5768849999999999,0.00627238269571917,1.9890462158147648,0.06451612903225806,6.250538695333979,6.250538695333979,3.030564215919505,0.2234166539850952,0.1323975325285837
real,40/0.8 all_ankles,t27_tracking_lag_b1_diag_20260430_101404.csv,right,roll,swing,1777515245.0688696,33,9.99913816174855,0.24074809575757566,0.666254,0.1597445373888047,0.1814454,2.3038599199999994,0.0700683272901761,10.914134372215132,0.3225806451612903,31.2526934766699,31.2526934766699,3.030564215919505,0.03474785181515151,0.0986217,0.029209788988499304,0.09104390000000001,0.25760786,0.0074387701198993066,1.0383425122820331,0.3103448275862069,28.127424129002907,21.876885433668928,3.030564215919505,0.24140294327527304,0.10616451694490865
real,40/0.8 all_ankles,t27_tracking_lag_b1_diag_20260430_101404.csv,right,pitch,swing,1777515245.0688696,33,9.99913816174855,0.3973944545454547,0.306467,0.05523286344147749,0.0,0.6129339999999999,0.045601156912968906,6.725195594580256,0.5,3.1252693476669897,3.1252693476669897,3.030564215919505,0.07884111454545455,0.29085249999999996,0.08598549785199178,0.09778299999999998,0.5160426,0.008507212093282571,2.2683981275114276,0.13793103448275862,12.501077390667959,6.250538695333979,3.030564215919505,0.35716662530134513,0.18655693559527065
real,40/0.8 all_ankles,t27_tracking_lag_b1_diag_20260430_101404.csv,left,roll,touchdown,1777515245.0688696,15,9.99913816174855,0.24200384066666664,0.498962,0.1861952937582343,0.498962,0.6179719999999999,0.02458022278438567,6.16889535792457,0.46153846153846156,42.86083676800443,42.86083676800443,6.667241275022912,0.1841924,0.484688,0.18063825885945967,0.48381399999999997,0.4855620000000001,0.013285929992909324,4.311600236556482,0.07692307692307693,7.143472794667406,7.143472794667406,6.667241275022912,0.15712431048268163,0.5405130014260519
real,40/0.8 all_ankles,t27_tracking_lag_b1_diag_20260430_101404.csv,left,pitch,touchdown,1777515245.0688696,15,9.99913816174855,0.39848800000000006,0.11981899999999995,0.03179411467761499,0.05286099999999999,0.2924989999999999,0.029454589955063143,4.744387843538029,1.0,14.286945589334811,7.143472794667406,33.33620637511456,0.16392182426666665,0.451642,0.17368562402699975,0.44516600000000006,0.45811799999999997,0.011133555441653904,3.942548454410376,0.07692307692307693,7.143472794667406,7.143472794667406,6.667241275022912,0.37595004298040735,0.3779905087336001
real,40/0.8 all_ankles,t27_tracking_lag_b1_diag_20260430_101404.csv,right,roll,touchdown,1777515245.0688696,15,9.99913816174855,0.07367509179999998,0.464136,0.10381624395351775,0.2785819,0.8797519,0.057595089124449834,9.70571589014388,0.23076923076923078,21.430418384002216,21.430418384002216,13.334482550045824,0.07483926266666667,0.2100143,0.07643161022986905,0.12497630000000001,0.2950523,0.013364622833485298,2.4199268345289457,0.15384615384615385,14.286945589334811,14.286945589334811,6.667241275022912,0.1120282080530394,0.23204448567841263
real,40/0.8 all_ankles,t27_tracking_lag_b1_diag_20260430_101404.csv,right,pitch,touchdown,1777515245.0688696,15,9.99913816174855,0.2946297833333333,0.76,0.19565927521630763,0.12151999999999996,2.2683728,0.15565304523990026,25.23324064127708,0.6363636363636364,50.004309562671835,50.004309562671835,6.667241275022912,0.17773873333333334,0.079348,0.03196506081430508,0.072685,0.09271300000000005,0.0033027703010699446,0.8428905153136714,0.23076923076923078,21.430418384002216,21.430418384002216,6.667241275022912,0.2098756545287999,0.021218796561156578
real,40/0.8 all_ankles,t27_tracking_lag_b1_diag_20260430_101404.csv,left,roll,swing,1777515245.4290211,32,9.99913816174855,0.3257802156249999,0.5747145,0.16574808956005696,0.38800439999999997,1.0046646,0.02014922165194928,4.167222607103307,0.36666666666666664,35.486929367057435,35.486929367057435,3.1252693476669897,0.159197484375,0.2933992,0.07481815685366017,0.1822882,0.46934619999999994,0.010376526708732247,1.869480173264095,0.1,9.678253463742937,9.678253463742937,3.1252693476669897,0.19452283168471993,0.5149839972964116
real,40/0.8 all_ankles,t27_tracking_lag_b1_diag_20260430_101404.csv,left,pitch,swing,1777515245.4290211,32,9.99913816174855,0.4074065312500001,0.08299099999999998,0.014439822882363321,0.08299099999999998,0.08299099999999998,0.010849946985873188,1.490690835488718,0.0,0.0,0.0,28.127424129002907,0.06599972575000002,0.2358777,0.07644876049350835,0.027171800000000003,0.4445836000000001,0.012159662481787408,2.017844889318395,0.03571428571428571,3.2260844879143122,3.2260844879143122,3.1252693476669897,0.4283416731506352,1.1207116954229814
real,40/0.8 all_ankles,t27_tracking_lag_b1_diag_20260430_101404.csv,right,roll,swing,1777515245.4290211,32,9.99913816174855,0.03191318312500001,0.11503089999999999,0.034352815522313354,0.052822,0.34014197999999995,0.010576771407912302,1.6355923848258331,0.23076923076923078,19.356506927485874,19.356506927485874,3.1252693476669897,0.1129246375,0.470573,0.12477441190275262,0.2971542,1.1539118000000002,0.01810742373701766,4.260595882521712,0.1,9.678253463742937,9.678253463742937,6.250538695333979,0.12929963431285013,1.7119991572732494
real,40/0.8 all_ankles,t27_tracking_lag_b1_diag_20260430_101404.csv,right,pitch,swing,1777515245.4290211,32,9.99913816174855,0.30642978593750003,0.41446115,0.07517880044155174,0.41446115,0.8640131499999999,0.041609598393602405,6.952270635550788,0.38461538461538464,32.26084487914312,32.26084487914312,3.1252693476669897,0.28645378125,0.16281899999999996,0.05775704366933006,0.13122199999999998,0.21525799999999987,0.003745613203275312,0.8715800950866098,0.2413793103448276,22.582591415400188,22.582591415400188,3.1252693476669897,0.07603238272354387,0.09001800901426654
real,40/0.8 all_ankles,t27_tracking_lag_b1_diag_20260430_101404.csv,left,roll,touchdown,1777515245.4290211,16,9.99913816174855,0.0393947625,0.1476148,0.03980685810249912,0.0264724,0.4014788,0.023811696451737585,3.655184784607896,0.46153846153846156,40.00344765013747,40.00344765013747,6.250538695333979,0.072495575,0.22774499999999998,0.07148355513498368,0.05841009999999999,0.39707989999999993,0.015980757598598926,2.9509898336027116,0.07142857142857142,6.667241275022912,6.667241275022912,6.250538695333979,0.10473798726713247,0.6711305778229328
real,40/0.8 all_ankles,t27_tracking_lag_b1_diag_20260430_101404.csv,left,pitch,touchdown,1777515245.4290211,16,9.99913816174855,0.28024768749999995,0.25143099999999996,0.0713650813324685,0.077011,0.5296069999999999,0.04031924376106313,5.607826498654892,0.5,40.00344765013747,40.00344765013747,6.250538695333979,0.08536891250000002,0.149252,0.041336224006158856,0.1043079,0.19842330000000002,0.010017581728683136,1.7082700168980889,0.15384615384615385,13.334482550045824,6.667241275022912,6.250538695333979,0.20491266297707786,0.24845658782809957
real,40/0.8 all_ankles,t27_tracking_lag_b1_diag_20260430_101404.csv,right,roll,touchdown,1777515245.4290211,16,9.99913816174855,0.18032683125,0.3197992,0.09955613019330928,0.1257438,0.9191653999999999,0.058401383051963324,8.33447677916459,0.5714285714285714,53.337930200183294,53.337930200183294,6.250538695333979,0.15097210625000002,0.482752,0.16869048576266912,0.04691980000000001,0.9185841999999999,0.0390282495863264,6.992280823720369,0.14285714285714285,13.334482550045824,13.334482550045824,6.250538695333979,0.3163904582960922,0.6682761185912421
real,40/0.8 all_ankles,t27_tracking_lag_b1_diag_20260430_101404.csv,right,pitch,touchdown,1777515245.4290211,16,9.99913816174855,0.40314525000000007,0.10154599999999997,0.024527899236124962,0.10154599999999997,0.10154599999999997,0.017817154461743076,2.4213166830840773,0.0,0.0,0.0,6.250538695333979,0.16993557499999998,0.4202469,0.15887934588653221,0.3950067,0.4454870999999999,0.01043358407991613,3.439596600548596,0.07142857142857142,6.667241275022912,6.667241275022912,6.250538695333979,0.3165691841985808,0.5855920541250894
sim,2504,t27_tracking_lag_b1_diag_20260506_133905_2504.csv,left,roll,swing,1778045945.938313,33,9.996823841241197,0.05255822909090909,0.3905905,0.08909862769344767,0.3878179,0.4153559,0.018048037816868846,2.824357098638892,0.20833333333333334,15.629964324809002,6.251985729923601,3.031265808447807,0.02786757090909091,0.052645300000000006,0.013471455743703486,0.0484091,0.06099210000000001,0.0020449913462446136,0.37577148888695916,0.15,9.377978594885402,0.0,3.031265808447807,0.082857229959187,0.11330823699478479
sim,2504,t27_tracking_lag_b1_diag_20260506_133905_2504.csv,left,pitch,swing,1778045945.938313,33,9.996823841241197,0.32054203030303036,0.15532399999999996,0.04771347741402292,0.154055,0.304881,0.009522497747584973,1.7031314190741256,0.16,12.503971459847202,12.503971459847202,6.062531616895614,0.28616563636363646,0.10045099999999998,0.028121566710114235,0.001575999999999994,0.278942,0.013480958229730333,1.7904207620779309,0.1,9.377978594885402,6.251985729923601,3.031265808447807,0.06292506514871236,1.4156956070847353
sim,2504,t27_tracking_lag_b1_diag_20260506_133905_2504.csv,right,roll,swing,1778045945.938313,33,9.996823841241197,0.11307998181818184,0.2462008,0.07274095351919363,0.126083,0.4043486,0.010617357497032548,1.8219175363366968,0.25806451612903225,25.007942919694404,25.007942919694404,3.031265808447807,0.018136861963636366,0.030357755200000003,0.007782327300763286,0.030357755200000003,0.0303577552,0.0006145755528873109,0.11588989380635015,0.0,0.0,0.0,3.031265808447807,0.10935950900247579,0.05788404064373636
sim,2504,t27_tracking_lag_b1_diag_20260506_133905_2504.csv,right,pitch,swing,1778045945.938313,33,9.996823841241197,0.37243202727272734,0.4820633,0.11359716453273125,0.19912699999999997,0.7649995999999999,0.05084711073053223,6.54472601748074,0.25,3.1259928649618005,3.1259928649618005,3.031265808447807,0.15343690909090912,0.03347800000000001,0.01048757223939764,0.020117999999999997,0.04683800000000002,0.0009730891573349758,0.17880555371603263,0.037037037037037035,3.1259928649618005,0.0,3.031265808447807,0.24208639842569293,0.019137550656357423
sim,2504,t27_tracking_lag_b1_diag_20260506_133905_2504.csv,left,roll,touchdown,1778045945.938313,14,9.996823841241197,0.4501999285714285,0.376901,0.1009981856318393,0.13116999999999995,0.626962,0.04343284761572232,6.75467460237574,0.3333333333333333,30.779006670393112,30.779006670393112,7.145126548484116,0.012758989285714286,0.038242,0.012579229413518018,0.014222340000000002,0.06582965999999998,0.004483105137651178,0.6562749756814749,0.3333333333333333,30.779006670393112,30.779006670393112,7.145126548484116,0.46924758950714357,0.10321923115233025
sim,2504,t27_tracking_lag_b1_diag_20260506_133905_2504.csv,left,pitch,touchdown,1778045945.938313,14,9.996823841241197,0.4100000000000001,0.0,1.1102230246251565e-16,0.0,0.0,0.0,0.0,0.0,0.0,0.0,28.580506193936465,0.12624022857142855,0.25692990000000004,0.0659022020291478,0.21349400000000002,0.3032838000000001,0.027017496180449414,3.8016217343465626,0.18181818181818182,15.389503335196556,7.694751667598278,7.145126548484116,0.29131204594641413,nan
sim,2504,t27_tracking_lag_b1_diag_20260506_133905_2504.csv,right,roll,touchdown,1778045945.938313,14,9.996823841241197,0.021295822142857142,0.04382358,0.013925233137560637,0.033336199999999996,0.1180296,0.00944556861141139,1.2940687748947568,0.3,23.084255002794833,15.389503335196556,7.145126548484116,0.017691898642857144,0.0531647,0.019519954678289476,0.044008900000000004,0.06232049999999999,0.002436268787934501,0.564293151426888,0.18181818181818182,15.389503335196556,7.694751667598278,7.145126548484116,0.03498553099733762,0.2579271707360416
sim,2504,t27_tracking_lag_b1_diag_20260506_133905_2504.csv,right,pitch,touchdown,1778045945.938313,14,9.996823841241197,0.29435702142857145,0.2759857,0.06967508692807309,0.21262070000000002,0.3669187000000001,0.03766664607319634,4.790545025597008,0.2727272727272727,23.084255002794833,15.389503335196556,7.145126548484116,0.2404038571428571,0.15135800000000002,0.05734366379726602,0.148838,0.15387800000000004,0.004562650047508756,1.440287230079725,0.08333333333333333,7.694751667598278,7.694751667598278,7.145126548484116,0.08526532985145756,0.1211323683728652
sim,2504,t27_tracking_lag_b1_diag_20260506_133905_2504.csv,left,roll,swing,1778045946.6283128,34,9.996823841241197,0.03982993352941177,0.2999944,0.061096647099398514,0.2750907,0.35699529999999996,0.016750595779687533,2.448059790706132,0.2413793103448276,21.21886065913465,12.125063233791227,2.9421109317287533,0.03029694294117647,0.0666369,0.012417730426193206,0.0666369,0.0687349,0.0023862286721736976,0.3503930423006285,0.0,0.0,0.0,2.9421109317287533,0.05663024216047293,0.14245634624335796
sim,2504,t27_tracking_lag_b1_diag_20260506_133905_2504.csv,left,pitch,swing,1778045946.6283128,34,9.996823841241197,0.31375464705882355,0.15602499999999997,0.04681664925309367,0.145783,0.31383899999999987,0.008045919263204688,1.5742834738045361,0.17857142857142858,15.156329042239033,15.156329042239033,5.8842218634575065,0.27889926470588233,0.113433,0.030441742421635876,0.024396,0.28238200000000013,0.012677106808917956,1.7310188799919237,0.09375,9.09379742534342,9.09379742534342,2.9421109317287533,0.06288253453042893,1.575594583317838
sim,2504,t27_tracking_lag_b1_diag_20260506_133905_2504.csv,right,roll,swing,1778045946.6283128,34,9.996823841241197,0.08823817470588236,0.21954579999999999,0.07276083846081509,0.0344392,0.5180594,0.010609468696692518,2.059952976621577,0.1875,18.18759485068684,18.18759485068684,2.9421109317287533,0.012747042647058823,0.01110409,0.00336120695734286,0.0012072699999999999,0.021088110000000007,0.0003072215675276523,0.07772432810855959,0.125,6.062531616895614,0.0,2.9421109317287533,0.09921622252194448,0.028957299965777554
sim,2504,t27_tracking_lag_b1_diag_20260506_133905_2504.csv,right,pitch,swing,1778045946.6283128,34,9.996823841241197,0.36914961764705895,0.5874729999999999,0.15308460984082792,0.16288099999999997,1.0120649999999998,0.06381471481853734,8.183389633551032,0.2,3.031265808447807,3.031265808447807,2.9421109317287533,0.19977220588235298,0.037883,0.009181210418661042,0.022649999999999976,0.061791999999999986,0.0014891068729807452,0.25519578896879597,0.08,6.062531616895614,3.031265808447807,2.9421109317287533,0.21757546257765914,0.023334851173669728
sim,2504,t27_tracking_lag_b1_diag_20260506_133905_2504.csv,left,roll,touchdown,1778045946.6283128,15,9.996823841241197,0.39618173333333323,0.496811,0.13306345814358234,0.327327,0.7054250000000002,0.045523271320577444,7.177324408594296,0.4166666666666667,35.72563274242058,28.580506193936465,6.668784778585175,0.004642556000000001,0.01906961,0.005006123083177507,0.014431010000000001,0.05408683,0.00418927445184498,0.5205488332969235,0.36363636363636365,28.580506193936465,14.290253096968232,6.668784778585175,0.42004335038770274,0.09202489914101016
sim,2504,t27_tracking_lag_b1_diag_20260506_133905_2504.csv,left,pitch,touchdown,1778045946.6283128,15,9.996823841241197,0.4100000000000001,0.0,1.1102230246251565e-16,0.0,0.0,0.0,0.0,0.0,0.0,0.0,46.68149345009623,0.1797892,0.20656600000000003,0.05805237058863316,0.130984,0.28214800000000007,0.022126895604666214,3.35044753482632,0.15384615384615385,14.290253096968232,14.290253096968232,6.668784778585175,0.23741754393388875,nan
sim,2504,t27_tracking_lag_b1_diag_20260506_133905_2504.csv,right,roll,touchdown,1778045946.6283128,15,9.996823841241197,0.013395611733333335,0.05776389999999999,0.01641122694007424,0.01932595,0.16028323,0.01244420525374607,1.749039623071046,0.23076923076923078,21.435379645452347,21.435379645452347,13.33756955717035,0.009532291333333333,0.0281232,0.010192003727022387,0.01162916,0.044617239999999996,0.0021649497840117394,0.39854684245816735,0.18181818181818182,14.290253096968232,7.145126548484116,6.668784778585175,0.022206325438004482,0.17397252294275894
sim,2504,t27_tracking_lag_b1_diag_20260506_133905_2504.csv,right,pitch,touchdown,1778045946.6283128,15,9.996823841241197,0.30104026666666667,0.534551,0.13467373743506522,0.474927,0.649737,0.06525041631175889,8.70161044946001,0.3076923076923077,28.580506193936465,28.580506193936465,6.668784778585175,0.2787077333333333,0.10631299999999999,0.03991353150911216,0.09968900000000003,0.11293699999999995,0.0037616737687965205,1.0013031484756705,0.08333333333333333,7.145126548484116,0.0,6.668784778585175,0.11682401563605548,0.05764980488130039
sim,2504,t27_tracking_lag_b1_diag_20260506_133905_2504.csv,left,roll,swing,1778045946.9583108,32,9.996823841241197,0.4017696500000001,0.5602163,0.1130282323721296,0.29453229999999997,0.9758183000000005,0.03842662558518206,5.1510306102905155,0.32142857142857145,29.041482100290274,22.58781941133688,6.251985729923601,0.0130600121875,0.048715169999999995,0.015125116243522928,0.03845223,0.07333153,0.0014387719882793856,0.27143185304499245,0.2222222222222222,19.360988066860184,9.680494033430092,3.1259928649618005,0.4104783608761823,0.03744205915479083
sim,2504,t27_tracking_lag_b1_diag_20260506_133905_2504.csv,left,pitch,swing,1778045946.9583108,32,9.996823841241197,0.36641808124999997,0.741304,0.2220640839827688,0.678466,0.8041419999999999,0.02478431661086907,5.572329576964741,0.125,3.226831344476697,3.226831344476697,3.1259928649618005,0.20830809375,0.21581500000000003,0.05648135377956571,0.16603800000000002,0.26559200000000005,0.007067925310828711,1.1826174652357093,0.03333333333333333,3.226831344476697,3.226831344476697,3.1259928649618005,0.28563291115467154,0.28517733298036946
sim,2504,t27_tracking_lag_b1_diag_20260506_133905_2504.csv,right,roll,swing,1778045946.9583108,32,9.996823841241197,0.030866754250000003,0.17858459,0.03834216319810021,0.17635801999999998,0.26858534,0.009909694517675403,1.3964402228642034,0.21428571428571427,19.360988066860184,12.907325377906789,3.1259928649618005,0.015310630937500002,0.0605601,0.014318059312870375,0.0581481,0.08598729999999999,0.0020727541464575483,0.36230553180224245,0.11538461538461539,9.680494033430092,3.226831344476697,3.1259928649618005,0.0350139554507545,0.20916428278999777
sim,2504,t27_tracking_lag_b1_diag_20260506_133905_2504.csv,right,pitch,swing,1778045946.9583108,32,9.996823841241197,0.28491340625,0.167061,0.05099337856394897,0.062343999999999955,0.47881999999999997,0.01584741718369279,2.2192610143027034,0.3,29.041482100290274,29.041482100290274,3.1259928649618005,0.27744437499999997,0.09885899999999997,0.033637931624646226,0.008632,0.20634999999999995,0.00419599993140892,0.8338683894728846,0.06896551724137931,6.453662688953394,3.226831344476697,3.1259928649618005,0.05453670522885252,0.2647750029403316
sim,2504,t27_tracking_lag_b1_diag_20260506_133905_2504.csv,left,roll,touchdown,1778045946.9583108,14,9.996823841241197,0.023728995714285717,0.1321889,0.033021292123955784,0.1136405,0.18078509999999998,0.015902082038666485,2.080445280548747,0.25,23.084255002794833,23.084255002794833,7.145126548484116,0.03385730714285714,0.1121209,0.03153075157766621,0.0718638,0.1781872,0.011949584303970459,1.8736849318581859,0.25,23.084255002794833,23.084255002794833,14.290253096968232,0.037363271207899756,0.7514477836873571
sim,2504,t27_tracking_lag_b1_diag_20260506_133905_2504.csv,left,pitch,touchdown,1778045946.9583108,14,9.996823841241197,0.2880655,0.70286,0.23547631857652274,0.675259,0.8380749999999999,0.052525801888839124,9.524642353171535,0.16666666666666666,15.389503335196556,15.389503335196556,7.145126548484116,0.3186627142857143,0.024791000000000007,0.007772766426335435,0.006676000000000015,0.08096799999999993,0.0059042552582676934,0.7723942820176288,0.4166666666666667,38.47375833799139,38.47375833799139,14.290253096968232,0.2726808224071558,0.11240676098125883
sim,2504,t27_tracking_lag_b1_diag_20260506_133905_2504.csv,right,roll,touchdown,1778045946.9583108,14,9.996823841241197,0.12043341428571429,0.35246500000000003,0.12210420466609656,0.283406,0.7209668,0.06010705300107279,8.232160889984204,0.4166666666666667,38.47375833799139,38.47375833799139,7.145126548484116,0.02016783714285714,0.0657818,0.025323879328901875,0.0491716,0.08459664000000003,0.009451574456816518,1.4119128024620367,0.5,23.084255002794833,15.389503335196556,7.145126548484116,0.10624382789085142,0.15724568058007812
sim,2504,t27_tracking_lag_b1_diag_20260506_133905_2504.csv,right,pitch,touchdown,1778045946.9583108,14,9.996823841241197,0.3368924285714286,0.13377799999999995,0.036940058571216385,0.030025999999999997,0.40520199999999984,0.02416950484395417,3.5609658964148267,0.5,46.16851000558967,46.16851000558967,7.145126548484116,0.208985,0.081283,0.02370552443750492,0.0007089999999999874,0.161857,0.015103529727357073,2.1347803542029844,0.16666666666666666,15.389503335196556,15.389503335196556,7.145126548484116,0.14039990479138004,0.6249002544681884
sim,2504,t27_tracking_lag_b1_diag_20260506_133905_2504.csv,left,roll,swing,1778045947.3183627,33,9.996823841241197,0.02242659942424242,0.3667798,0.060932900446586724,0.31829599999999997,0.47326802,0.03574528305131152,4.645204323320777,0.20833333333333334,15.629964324809002,15.629964324809002,9.09379742534342,0.013597535684848484,0.0504504,0.011913234533159942,0.037756899999999996,0.09326672,0.003467581043569473,0.454898855829101,0.1724137931034483,15.629964324809002,12.503971459847202,3.031265808447807,0.06373894700480455,0.09700807344543451
sim,2504,t27_tracking_lag_b1_diag_20260506_133905_2504.csv,left,pitch,swing,1778045947.3183627,33,9.996823841241197,0.307263303030303,0.22124699999999997,0.054510884491906664,0.038714000000000026,0.5958379999999999,0.01984611271787792,2.9058036955491153,0.2962962962962963,25.007942919694404,18.755957189770804,3.031265808447807,0.29716290909090914,0.18315199999999998,0.04612632815028852,0.138791,0.281011,0.00943771812315552,1.5193676413976702,0.16666666666666666,15.629964324809002,12.503971459847202,3.031265808447807,0.07530499103524402,0.4755449219359601
sim,2504,t27_tracking_lag_b1_diag_20260506_133905_2504.csv,right,roll,swing,1778045947.3183627,33,9.996823841241197,0.18939691606060605,0.33398807,0.10711259091828822,0.058257170000000004,0.8137363699999999,0.0193974804585264,3.288921719579317,0.3225806451612903,31.259928649618004,31.259928649618004,3.031265808447807,0.011310591666666666,0.0364795,0.013024562217486753,0.03526148,0.03805712,0.0002480776950160677,0.14013573759401712,0.043478260869565216,3.1259928649618005,0.0,3.031265808447807,0.22002220439834244,0.01278917102385955
sim,2504,t27_tracking_lag_b1_diag_20260506_133905_2504.csv,right,pitch,swing,1778045947.3183627,33,9.996823841241197,0.21587755242424242,0.739729,0.2104249952122633,0.13017800000000002,1.38712,0.05315511724622135,7.840624423882226,0.2,18.755957189770804,15.629964324809002,3.031265808447807,0.27284469696969693,0.18174900000000002,0.052566215760340956,0.18174900000000002,0.18174900000000002,0.0018832606612710927,0.6024182811807177,0.0,0.0,0.0,3.031265808447807,0.2954162343104598,0.035429526992624
sim,2504,t27_tracking_lag_b1_diag_20260506_133905_2504.csv,left,roll,touchdown,1778045947.3183627,15,9.996823841241197,0.33932774,0.4432378,0.1196243443886001,0.4432378,0.5946617999999999,0.059898284342935294,7.4327785956848444,0.3076923076923077,28.580506193936465,28.580506193936465,20.006354335755525,0.017915254,0.0212774,0.00657033567562754,0.01912059,0.023434209999999997,0.0008706720748649764,0.1777168158432414,0.07692307692307693,7.145126548484116,7.145126548484116,6.668784778585175,0.3782657554538306,0.014535843295279087
sim,2504,t27_tracking_lag_b1_diag_20260506_133905_2504.csv,left,pitch,touchdown,1778045947.3183627,15,9.996823841241197,0.22898128000000004,0.3119328,0.09983275393685981,0.3119328,0.5590588,0.03627952337915689,4.924079991161077,0.3333333333333333,28.580506193936465,28.580506193936465,6.668784778585175,0.22567693333333333,0.124923,0.03628072354380798,0.052118,0.19772800000000001,0.014259993033280337,2.1893197179904655,0.07692307692307693,7.145126548484116,7.145126548484116,6.668784778585175,0.13148124744419892,0.3930589959589411
sim,2504,t27_tracking_lag_b1_diag_20260506_133905_2504.csv,right,roll,touchdown,1778045947.3183627,15,9.996823841241197,0.011765859466666667,0.0611869,0.016889001168024994,0.032655500000000004,0.09322567999999998,0.007360112115325281,1.0835078583425741,0.23076923076923078,21.435379645452347,21.435379645452347,6.668784778585175,0.01477365733333333,0.02262006,0.007004086656243355,0.021423460000000002,0.039024039999999996,0.0022919801133008,0.34899143867839694,0.2727272727272727,21.435379645452347,14.290253096968232,13.33756955717035,0.028017335551308777,0.31140559782077526
sim,2504,t27_tracking_lag_b1_diag_20260506_133905_2504.csv,right,pitch,touchdown,1778045947.3183627,15,9.996823841241197,0.32342122000000006,0.4705393,0.11384980982751422,0.39927630000000003,0.5493942999999999,0.05440957314358192,8.597404140034996,0.25,21.435379645452347,14.290253096968232,6.668784778585175,0.3570532,0.03561200000000003,0.01010345524527789,0.01577400000000001,0.09478000000000003,0.006544428943856383,0.8831199185261581,0.23076923076923078,21.435379645452347,21.435379645452347,13.33756955717035,0.1252565086184054,0.12028083599528028
sim,3505,t27_tracking_lag_b1_diag_20260506_133024_3505.csv,left,roll,swing,1778045425.1428285,33,9.99728664611895,0.05099856484848486,0.3794326,0.08520523867453739,0.3749701,0.4096171,0.018976803349444,2.8063515212543715,0.18518518518518517,15.62924076610906,6.251696306443624,3.0311254819120603,0.026252223030303026,0.0494739,0.01272674097510113,0.024882790000000002,0.08157420999999998,0.002253481680789853,0.4034972548953497,0.24,18.755088919330873,3.125848153221812,3.0311254819120603,0.0790283543056417,0.11874927717243157
sim,3505,t27_tracking_lag_b1_diag_20260506_133024_3505.csv,left,pitch,swing,1778045425.1428285,33,9.99728664611895,0.32070633333333337,0.15720699999999999,0.048261746601948693,0.148696,0.30321800000000004,0.009354669327230026,1.6957062157397218,0.16,12.503392612887248,9.377544459665437,6.062250963824121,0.2899465757575758,0.13436499999999998,0.028805958531368598,0.027744999999999992,0.34576700000000005,0.01611674315306059,1.9426416640246782,0.1,9.377544459665437,6.251696306443624,3.0311254819120603,0.06347098839102264,1.7228554627951618
sim,3505,t27_tracking_lag_b1_diag_20260506_133024_3505.csv,right,roll,swing,1778045425.1428285,33,9.99728664611895,0.11758516393939393,0.23642839999999998,0.0726611765366814,0.1194305,0.4337623,0.011761734349253703,2.0154711279390165,0.26666666666666666,25.006785225774497,21.880937072552683,3.0311254819120603,0.02303789878787879,0.026914879999999995,0.007108502083749093,0.026914879999999995,0.026914879999999995,0.0005122741412803318,0.10293765336485325,0.0,0.0,0.0,3.0311254819120603,0.11025878731326424,0.04355430296832339
sim,3505,t27_tracking_lag_b1_diag_20260506_133024_3505.csv,right,pitch,swing,1778045425.1428285,33,9.99728664611895,0.3676251727272728,0.549951,0.14454730631781218,0.16546399999999997,0.9344379999999999,0.06004299849364333,7.775709070416564,0.2,3.125848153221812,3.125848153221812,3.0311254819120603,0.18693403030303038,0.030818999999999985,0.007572961025652474,0.020436999999999983,0.042267,0.000988180654379672,0.18838026508928968,0.05555555555555555,3.125848153221812,0.0,3.0311254819120603,0.22325409812773195,0.01645788316991346
sim,3505,t27_tracking_lag_b1_diag_20260506_133024_3505.csv,left,roll,touchdown,1778045425.1428285,15,9.99728664611895,0.43130799999999997,0.484352,0.12351752124401892,0.22247,0.7529039999999998,0.04687728529369096,7.131460560137683,0.23076923076923078,21.434387336378137,21.434387336378137,6.668476060206532,0.023106211933333332,0.122731,0.034658926753273325,0.09998947,0.17875729,0.01191478071381501,1.7801023117972015,0.36363636363636365,28.57918311517085,28.57918311517085,6.668476060206532,0.4395406125948354,0.2541695970482868
sim,3505,t27_tracking_lag_b1_diag_20260506_133024_3505.csv,left,pitch,touchdown,1778045425.1428285,15,9.99728664611895,0.4100000000000001,0.0,1.1102230246251565e-16,0.0,0.0,0.0,0.0,0.0,0.0,0.0,46.67933242144573,0.1534096933333333,0.26494779999999996,0.07071192508427855,0.20001699999999997,0.3298786,0.022614251758866364,3.478193283477652,0.07692307692307693,7.144795778792712,7.144795778792712,6.668476060206532,0.26615552187474645,nan
sim,3505,t27_tracking_lag_b1_diag_20260506_133024_3505.csv,right,roll,touchdown,1778045425.1428285,15,9.99728664611895,0.020693803333333326,0.0764389,0.02156589958995224,0.06755130000000001,0.14767953999999997,0.014297169905722261,1.8101636621761694,0.38461538461538464,35.72397889396356,35.72397889396356,20.005428180619596,0.017894642266666663,0.0540745,0.02048735123404162,0.0411168,0.06703219999999999,0.003046368304334648,0.622273284762903,0.15384615384615385,14.289591557585425,14.289591557585425,6.668476060206532,0.043364461088896515,0.21307491793291047
sim,3505,t27_tracking_lag_b1_diag_20260506_133024_3505.csv,right,pitch,touchdown,1778045425.1428285,15,9.99728664611895,0.29509684666666663,0.47786900000000004,0.1262471490694249,0.405996,0.6077899999999998,0.05710994156219906,7.440663693573025,0.23076923076923078,21.434387336378137,21.434387336378137,6.668476060206532,0.2750436,0.12852300000000003,0.05198369999631294,0.11741300000000002,0.13963300000000003,0.006257290893037714,1.4429620480927972,0.08333333333333333,7.144795778792712,0.0,6.668476060206532,0.10916244731600393,0.10956570295598761
sim,3505,t27_tracking_lag_b1_diag_20260506_133024_3505.csv,left,roll,swing,1778045425.452839,32,9.99728664611895,0.3738841,0.6017351,0.1282209785173603,0.3019911,0.9909790999999999,0.030805811092243736,4.9172581131201865,0.2413793103448276,22.586773752312446,19.360091787696383,6.251696306443624,0.09289455153125,0.17552600000000002,0.06709403837998504,0.08204900999999999,0.28865901000000005,0.00619311746854382,1.362484550132615,0.23076923076923078,19.360091787696383,12.906727858464254,3.125848153221812,0.3333834429366818,0.20103731240834358
sim,3505,t27_tracking_lag_b1_diag_20260506_133024_3505.csv,left,pitch,swing,1778045425.452839,32,9.99728664611895,0.36658968125,0.4858935,0.13065331184095563,0.4858935,0.4858935,0.021797990088518484,4.145114162054654,0.0,0.0,0.0,3.125848153221812,0.16055001249999998,0.1549488,0.039872735555324564,0.024366,0.2855316,0.013324548512166705,1.6304612438865898,0.03333333333333333,3.2266819646160636,3.2266819646160636,3.125848153221812,0.25465087969422834,0.6112741797779355
sim,3505,t27_tracking_lag_b1_diag_20260506_133024_3505.csv,right,roll,swing,1778045425.452839,32,9.99728664611895,0.041099366875,0.2104925,0.052374951766709206,0.2104925,0.30362056000000004,0.009286748234591892,1.629363260581753,0.3333333333333333,32.266819646160634,32.266819646160634,3.125848153221812,0.022450891062500002,0.1160456,0.022481469003320764,0.1160456,0.14015341999999997,0.004819483288548243,0.6930344662023943,0.07692307692307693,6.453363929232127,3.2266819646160636,6.251696306443624,0.04527496617179417,0.5189634915046274
sim,3505,t27_tracking_lag_b1_diag_20260506_133024_3505.csv,right,pitch,swing,1778045425.452839,32,9.99728664611895,0.29219637500000006,0.20154999999999998,0.056896186390076924,0.16546399999999997,0.5326840000000002,0.01775198500502831,2.572965425523145,0.13333333333333333,12.906727858464254,12.906727858464254,3.125848153221812,0.27193849999999997,0.11869600000000002,0.03960149204654416,0.070832,0.28744200000000003,0.006374388561735233,1.2321881914912165,0.06896551724137931,6.453363929232127,3.2266819646160636,3.125848153221812,0.06553503298618228,0.35908032594268563
sim,3505,t27_tracking_lag_b1_diag_20260506_133024_3505.csv,left,roll,touchdown,1778045425.452839,16,9.99728664611895,0.031266897625,0.1672619,0.04445818351482441,0.1499198,0.21077765999999998,0.01432954330247007,1.9844985332762581,0.21428571428571427,20.005428180619596,20.005428180619596,6.251696306443624,0.036241775,0.1559148,0.050208239079781614,0.15527259999999998,0.20856538,0.009500165312269496,1.7816172232146337,0.21428571428571427,20.005428180619596,20.005428180619596,6.251696306443624,0.027239206551675017,0.6629775361111401
sim,3505,t27_tracking_lag_b1_diag_20260506_133024_3505.csv,left,pitch,touchdown,1778045425.452839,16,9.99728664611895,0.2355499075,0.4182695,0.14492908283312092,0.28889570000000003,0.6342132999999999,0.04183724108260243,6.4172435145453735,0.21428571428571427,20.005428180619596,20.005428180619596,6.251696306443624,0.26852331250000006,0.08164899999999997,0.02794719124911918,0.07413399999999998,0.10187599999999991,0.00440632545660371,0.8123872439645184,0.15384615384615385,13.336952120413065,6.668476060206532,6.251696306443624,0.13240359462893617,0.1053206507547658
sim,3505,t27_tracking_lag_b1_diag_20260506_133024_3505.csv,right,roll,touchdown,1778045425.452839,16,9.99728664611895,0.066422161875,0.2305232,0.086093125488545,0.17561680000000002,0.35237535999999997,0.01989106133220517,3.42591913592649,0.35714285714285715,33.34238030103266,33.34238030103266,6.251696306443624,0.045446526875000004,0.1418305,0.051467403916493494,0.0753093,0.21873949999999998,0.014977786981383221,2.3214687418898308,0.21428571428571427,20.005428180619596,20.005428180619596,6.251696306443624,0.06696399870884588,0.7529908400178236
sim,3505,t27_tracking_lag_b1_diag_20260506_133024_3505.csv,right,pitch,touchdown,1778045425.452839,16,9.99728664611895,0.40429331250000006,0.06264299999999995,0.015464409541422633,0.045813999999999966,0.07947199999999993,0.010777695487257878,1.4157133834092106,0.5,6.668476060206532,0.0,6.251696306443624,0.22545250000000003,0.114121,0.03025073210890936,0.00043799999999999395,0.22868,0.017655224740783366,2.3958312469069143,0.14285714285714285,13.336952120413065,13.336952120413065,6.251696306443624,0.18250883219535566,1.6381261431682281
sim,3505,t27_tracking_lag_b1_diag_20260506_133024_3505.csv,left,roll,swing,1778045425.8128414,33,9.99728664611895,0.015977589181818182,0.0713231,0.014594363002870318,0.02542937,0.14750361000000003,0.005846912849164944,0.7800854501961293,0.25,21.880937072552683,15.62924076610906,3.0311254819120603,0.015025473363636362,0.03624049,0.010790019309261673,0.009024809,0.08595570899999998,0.0024429452930643265,0.3965032432850541,0.14814814814814814,12.503392612887248,12.503392612887248,3.0311254819120603,0.013265339111590968,0.4178179760988276
sim,3505,t27_tracking_lag_b1_diag_20260506_133024_3505.csv,left,pitch,swing,1778045425.8128414,33,9.99728664611895,0.30685309090909096,0.19740599999999997,0.04847376336107683,0.09264599999999995,0.41106000000000004,0.01388036953346696,2.2982854522156013,0.17857142857142858,15.62924076610906,9.377544459665437,3.0311254819120603,0.2956106363636364,0.10733599999999999,0.03233442281027805,0.036385999999999974,0.22049199999999997,0.004570670114417761,0.8229007599096008,0.1724137931034483,15.62924076610906,9.377544459665437,3.0311254819120603,0.05859454175660618,0.3292902327562258
sim,3505,t27_tracking_lag_b1_diag_20260506_133024_3505.csv,right,roll,swing,1778045425.8128414,33,9.99728664611895,0.10307325727272726,0.2890002,0.09740213728060688,0.0219054,0.6765323599999999,0.018218433320294946,3.054658047503502,0.16129032258064516,15.62924076610906,15.62924076610906,3.0311254819120603,0.032806521212121215,0.012496300000000002,0.0027406749513475674,0.010847100000000002,0.028167900000000013,0.0013116472850611045,0.1627969611376124,0.125,6.251696306443624,3.125848153221812,3.0311254819120603,0.11548327704257419,0.07199561356354157
sim,3505,t27_tracking_lag_b1_diag_20260506_133024_3505.csv,right,pitch,swing,1778045425.8128414,33,9.99728664611895,0.2973696363636363,0.76,0.2638064087475247,0.3737163,1.1567897,0.05196438640430896,7.922491989717171,0.14285714285714285,9.377544459665437,6.251696306443624,3.0311254819120603,0.2731748787878788,0.160955,0.044670257543645425,0.160955,0.160955,0.001983844549710443,0.5327261518263867,0.0,0.0,0.0,3.0311254819120603,0.31778448194897274,0.038177003270569554
sim,3505,t27_tracking_lag_b1_diag_20260506_133024_3505.csv,left,roll,touchdown,1778045425.8128414,15,9.99728664611895,0.32155146733333334,0.48881789,0.17646114710861155,0.43769089,0.60399089,0.04251220776300671,7.316762218971463,0.25,21.434387336378137,21.434387336378137,6.668476060206532,0.015585676733333335,0.08514624999999999,0.025037252882080637,0.07951572999999999,0.10663778999999998,0.007458694258856197,1.1384456633203797,0.3,21.434387336378137,21.434387336378137,6.668476060206532,0.3574019619371428,0.17544829241605764
sim,3505,t27_tracking_lag_b1_diag_20260506_133024_3505.csv,left,pitch,touchdown,1778045425.8128414,15,9.99728664611895,0.31561400000000006,0.21520999999999998,0.07596030816858676,0.177679,0.252741,0.012422400684857504,2.3379568539877336,0.1,7.144795778792712,0.0,6.668476060206532,0.20844633333333332,0.10649800000000001,0.03296040131565283,0.01836600000000002,0.20909400000000003,0.01404158921967432,2.088128695545157,0.15384615384615385,14.289591557585425,14.289591557585425,6.668476060206532,0.14535818051168178,1.1303442527651322
sim,3505,t27_tracking_lag_b1_diag_20260506_133024_3505.csv,right,roll,touchdown,1778045425.8128414,15,9.99728664611895,0.01708081266666667,0.077888,0.021652650397449843,0.04143048,0.16216049999999999,0.017512205716461834,2.2643455973593816,0.25,21.434387336378137,14.289591557585425,13.336952120413065,0.0184540134,0.04200579,0.015749330785041243,0.026680779999999998,0.0589116,0.002885496769741353,0.5479769017711962,0.25,21.434387336378137,14.289591557585425,6.668476060206532,0.03249509839282005,0.16477060722447584
sim,3505,t27_tracking_lag_b1_diag_20260506_133024_3505.csv,right,pitch,touchdown,1778045425.8128414,15,9.99728664611895,0.3398913133333333,0.7592829999999999,0.24909886028970962,0.6809000000000001,0.8387520000000002,0.08827825412867518,12.913369357739604,0.25,21.434387336378137,21.434387336378137,6.668476060206532,0.35703240000000014,0.06290700000000005,0.01675551403687754,0.005512000000000017,0.13901800000000003,0.008752048065555651,1.2546194961941133,0.23076923076923078,21.434387336378137,21.434387336378137,6.668476060206532,0.27162656929803336,0.09914160799780415
sim,3505,t27_tracking_lag_b1_diag_20260506_133024_3505.csv,left,roll,swing,1778045426.1128397,32,9.99728664611895,0.35658640656249996,0.48881789,0.13198068865234083,0.22530389,0.83811389,0.031349720796399194,5.177604893495274,0.25,22.586773752312446,16.133409823080317,3.125848153221812,0.10453161409375,0.22377945000000002,0.09329734454766685,0.20980193,0.25361799,0.0029180480738342043,1.1147561126916334,0.15384615384615385,12.906727858464254,9.680045893848192,3.125848153221812,0.29308885129332113,0.09308051235242162
sim,3505,t27_tracking_lag_b1_diag_20260506_133024_3505.csv,left,pitch,swing,1778045426.1128397,32,9.99728664611895,0.2408965778125,0.76,0.25828923351836924,0.722469,0.7975310000000002,0.01006010507388451,3.120233772979293,0.041666666666666664,3.2266819646160636,0.0,3.125848153221812,0.270208375,0.26170099999999996,0.07071966455827103,0.173569,0.364297,0.009762981920730671,1.564132167614416,0.06666666666666667,6.453363929232127,6.453363929232127,3.125848153221812,0.3762331929160976,0.9704652037954202
sim,3505,t27_tracking_lag_b1_diag_20260506_133024_3505.csv,right,roll,swing,1778045426.1128397,32,9.99728664611895,0.011960022343750003,0.077888,0.016277627911873427,0.008730100000000001,0.2392705,0.012553144003337844,1.5934648234389277,0.2413793103448276,22.586773752312446,19.360091787696383,12.503392612887248,0.01119608976875,0.04200579,0.012322197690272384,0.0248209,0.07836602079999999,0.0019472379671343363,0.38215303165726594,0.28,22.586773752312446,9.680045893848192,6.251696306443624,0.023501822062713316,0.15511954348779647
sim,3505,t27_tracking_lag_b1_diag_20260506_133024_3505.csv,right,pitch,swing,1778045426.1128397,32,9.99728664611895,0.26766686562499986,0.7592829999999999,0.19490881469002186,0.28949359999999996,1.2301584000000003,0.06104741673634699,8.921496212202491,0.10344827586206896,9.680045893848192,9.680045893848192,3.125848153221812,0.31459253125,0.267205,0.06379274508760008,0.227744,0.372274,0.009406273553865398,1.5431496018513196,0.1,9.680045893848192,9.680045893848192,3.125848153221812,0.20013487971629831,0.15408143467379515
sim,3505,t27_tracking_lag_b1_diag_20260506_133024_3505.csv,left,roll,touchdown,1778045426.1128397,14,9.99728664611895,0.06611851321428572,0.28363414000000003,0.09014839819945655,0.28152934,0.30480315,0.019305425176482212,3.2878606611250176,0.36363636363636365,30.77758181633784,23.08318636225338,7.144795778792712,0.08980582428571429,0.20647016,0.07564979164666018,0.20647016,0.22181976,0.009540864659032023,2.1832431768491194,0.16666666666666666,15.38879090816892,15.38879090816892,7.144795778792712,0.04398559975704242,0.49420639907245684
sim,3505,t27_tracking_lag_b1_diag_20260506_133024_3505.csv,left,pitch,touchdown,1778045426.1128397,14,9.99728664611895,0.29326756428571427,0.714796,0.29849966908090336,0.6632039999999999,0.8531219999999999,0.06219500757694386,11.131937114913688,0.2,15.38879090816892,15.38879090816892,7.144795778792712,0.34899542857142857,0.145945,0.0531711438211075,0.09834999999999999,0.23992799999999997,0.016023992880970225,2.4718368512973377,0.2727272727272727,23.08318636225338,15.38879090816892,7.144795778792712,0.452877109270212,0.2576411436423787
sim,3505,t27_tracking_lag_b1_diag_20260506_133024_3505.csv,right,roll,touchdown,1778045426.1128397,14,9.99728664611895,0.15385163857142858,0.3847519,0.12005614038154525,0.18313234,0.7480054599999999,0.05171170643638926,7.386461771421227,0.4166666666666667,38.4719772704223,38.4719772704223,7.144795778792712,0.020023787857142854,0.02989725,0.011217000642340803,0.025682450000000002,0.03465955,0.0021922889794103663,0.38707260449949954,0.2857142857142857,15.38879090816892,7.69439545408446,7.144795778792712,0.156647635479249,0.042394442776842185
sim,3505,t27_tracking_lag_b1_diag_20260506_133024_3505.csv,right,pitch,touchdown,1778045426.1128397,14,9.99728664611895,0.22344150714285718,0.33297509999999997,0.10685913214094034,0.2512051,0.7794850999999999,0.059293404755271804,8.150791000697591,0.36363636363636365,30.77758181633784,23.08318636225338,7.144795778792712,0.18059983571428573,0.1701398,0.05530872267483942,0.08682500000000001,0.27216260000000003,0.02077173682960734,2.8626478502527335,0.25,23.08318636225338,23.08318636225338,7.144795778792712,0.4292252829214597,0.35032120208547335
sim,4005,t27_tracking_lag_b1_diag_20260506_134153_4005.csv,left,roll,swing,1778046113.9219964,33,9.998943883439768,0.02276372060606061,0.1519936,0.02479888869778327,0.1287511,0.21595204,0.01363894649245729,1.796926342321377,0.2857142857142857,25.002640570275577,18.751980427706684,3.030623099427343,0.019726080303030302,0.04435833,0.00879297350174763,0.02396673,0.08194428999999998,0.0028713768517973047,0.42545983576095525,0.16666666666666666,12.501320285137789,6.250660142568894,3.030623099427343,0.020283795821715706,0.21052775985192512
sim,4005,t27_tracking_lag_b1_diag_20260506_134153_4005.csv,left,pitch,swing,1778046113.9219964,33,9.998943883439768,0.30726563636363646,0.17451299999999997,0.04473485186838054,0.13220699999999996,0.39366500000000004,0.01234437176187134,2.0689552174510233,0.17857142857142858,15.626650356422235,15.626650356422235,6.061246198854686,0.28854100000000005,0.12017599999999998,0.02956704448906217,0.028835,0.26889099999999994,0.009285710947292898,1.4007907325540112,0.16129032258064516,15.626650356422235,15.626650356422235,3.030623099427343,0.05897211458354317,0.7522222375037443
sim,4005,t27_tracking_lag_b1_diag_20260506_134153_4005.csv,right,roll,swing,1778046113.9219964,33,9.998943883439768,0.18271095666666662,0.30365149999999996,0.07997582587539095,0.1449175,0.7608275,0.02193985907898495,3.534593786716159,0.22580645161290322,21.87731049899113,21.87731049899113,3.030623099427343,0.019156160606060606,0.013162700000000001,0.002782698672799416,0.002389799999999999,0.041176,0.0018926476190437038,0.2927856978991303,0.2857142857142857,12.501320285137789,6.250660142568894,3.030623099427343,0.1775099980957714,0.0862652586887658
sim,4005,t27_tracking_lag_b1_diag_20260506_134153_4005.csv,right,pitch,swing,1778046113.9219964,33,9.998943883439768,0.35556118484848487,0.76,0.2455257522592403,0.548845,0.9711549999999999,0.0370096849884402,6.544981199268554,0.1111111111111111,3.125330071284447,0.0,3.030623099427343,0.2404337575757575,0.154992,0.04055185216337997,0.154992,0.154992,0.0023753866987562123,0.5404932470955496,0.0,0.0,0.0,3.030623099427343,0.2815058979789045,0.06418284023487779
sim,4005,t27_tracking_lag_b1_diag_20260506_134153_4005.csv,left,roll,touchdown,1778046113.9219964,14,9.998943883439768,0.3381573857142858,0.4946626,0.14216363618155892,0.3608726,0.6709486,0.04868011442801206,7.738259964121413,0.25,23.079360526408223,23.079360526408223,7.143611591507309,0.029305527071428573,0.13938679999999998,0.04450857647495759,0.13938679999999998,0.17952733999999998,0.010777648097393051,1.8266241499687321,0.36363636363636365,30.772480701877633,23.079360526408223,7.143611591507309,0.34564342498487277,0.22139734517943646
sim,4005,t27_tracking_lag_b1_diag_20260506_134153_4005.csv,left,pitch,touchdown,1778046113.9219964,14,9.998943883439768,0.4100000000000001,0.0,1.1102230246251565e-16,0.0,0.0,0.0,0.0,0.0,0.0,0.0,28.574446366029235,0.18403507142857142,0.14934599999999998,0.03845713016828754,0.05237800000000001,0.24631399999999998,0.019554242442078682,2.6009639714558004,0.08333333333333333,7.693120175469408,7.693120175469408,7.143611591507309,0.22921409163721024,nan
sim,4005,t27_tracking_lag_b1_diag_20260506_134153_4005.csv,right,roll,touchdown,1778046113.9219964,14,9.998943883439768,0.014565728571428573,0.07094929999999999,0.018667659434460224,0.035341159999999996,0.1489146,0.01674176175209177,2.200596878022333,0.4,30.772480701877633,23.079360526408223,14.287223183014618,0.011851862142857144,0.0312897,0.011689557275683988,0.01788519,0.04522780999999999,0.0025100820205737552,0.4498397748123876,0.2,15.386240350938817,15.386240350938817,7.143611591507309,0.0256502592459117,0.14992938364208516
sim,4005,t27_tracking_lag_b1_diag_20260506_134153_4005.csv,right,pitch,touchdown,1778046113.9219964,14,9.998943883439768,0.3337198571428571,0.745476,0.21496283270431962,0.670946,0.827382,0.09900797981735054,12.694381855589041,0.25,23.079360526408223,23.079360526408223,7.143611591507309,0.3310110714285714,0.10053099999999998,0.030562141778126845,0.028976000000000002,0.18077200000000004,0.012615178868105897,1.8824574167081014,0.2727272727272727,23.079360526408223,15.386240350938817,7.143611591507309,0.22252251953630606,0.12741577892386372
sim,4005,t27_tracking_lag_b1_diag_20260506_134153_4005.csv,left,roll,swing,1778046114.2519724,33,9.998943883439768,0.3500307757575757,0.4775843,0.11312334783147654,0.1390673,0.9777033,0.03841574091131085,5.166840720721964,0.22580645161290322,21.87731049899113,21.87731049899113,6.061246198854686,0.14143984390909087,0.25060486,0.09402481460971046,0.111136419,0.39790866100000005,0.009462388378737313,1.7430031266882382,0.13793103448275862,12.501320285137789,6.250660142568894,3.030623099427343,0.2606954154816814,0.24631539453014367
sim,4005,t27_tracking_lag_b1_diag_20260506_134153_4005.csv,left,pitch,swing,1778046114.2519724,33,9.998943883439768,0.31211534242424244,0.76,0.293072095663954,0.679097,0.840903,0.016080761355720844,4.1354159580202365,0.0625,3.125330071284447,0.0,3.030623099427343,0.25932563636363637,0.261766,0.07945195859813582,0.21824799999999997,0.30528400000000006,0.005288127155163262,1.0964855476799873,0.06451612903225806,6.250660142568894,6.250660142568894,3.030623099427343,0.3824574132254937,0.32884805875699247
sim,4005,t27_tracking_lag_b1_diag_20260506_134153_4005.csv,right,roll,swing,1778046114.2519724,33,9.998943883439768,0.016943310424242422,0.1467558,0.027123682602491647,0.1157152,0.251420048,0.009605848791386627,1.3768140029340608,0.25925925925925924,21.87731049899113,18.751980427706684,3.030623099427343,0.007922563330303034,0.0365544,0.009633965487016257,0.0178296,0.08799995999999997,0.002428226645369125,0.4136217304560999,0.24,18.751980427706684,12.501320285137789,6.061246198854686,0.02689104117512412,0.2527862657536799
sim,4005,t27_tracking_lag_b1_diag_20260506_134153_4005.csv,right,pitch,swing,1778046114.2519724,33,9.998943883439768,0.24465117878787881,0.527379,0.13268576133636412,0.363317,0.6988170000000001,0.02709141254990557,3.920328933348619,0.0967741935483871,9.375990213853342,9.375990213853342,3.030623099427343,0.2744014787878788,0.2931382,0.0811451995462222,0.21515100000000004,0.45423539999999996,0.00967691991509989,1.7216904675660165,0.0967741935483871,9.375990213853342,9.375990213853342,3.030623099427343,0.07699499248921085,0.3571951036984087
sim,4005,t27_tracking_lag_b1_diag_20260506_134153_4005.csv,left,roll,touchdown,1778046114.2519724,15,9.998943883439768,0.017710962200000006,0.08865120000000001,0.023375641295758337,0.07247677000000001,0.11429053000000003,0.009030893625457087,1.336753566487642,0.38461538461538464,35.718057957536544,35.718057957536544,6.667370818740154,0.031248251999999994,0.187525,0.05010504983804852,0.16684161,0.27199059000000003,0.019189511939067375,2.715349675090717,0.25,21.430834774521927,14.287223183014618,13.334741637480308,0.037079293293901375,2.1248740971739797
sim,4005,t27_tracking_lag_b1_diag_20260506_134153_4005.csv,left,pitch,touchdown,1778046114.2519724,15,9.998943883439768,0.29089267999999996,0.746955,0.22578785778581295,0.69012,0.91865,0.06839136330199021,11.029964058852148,0.3076923076923077,28.574446366029235,28.574446366029235,6.667370818740154,0.3207204666666667,0.128872,0.036190532489159224,0.06694299999999997,0.26228699999999994,0.016404001713139545,2.3593405063417565,0.23076923076923078,21.430834774521927,21.430834774521927,13.334741637480308,0.2804472556191437,0.23985487232804123
sim,4005,t27_tracking_lag_b1_diag_20260506_134153_4005.csv,right,roll,touchdown,1778046114.2519724,15,9.998943883439768,0.13384725333333333,0.40613,0.10058378311095462,0.233813,0.8938886,0.06914434226546329,9.278602873877368,0.38461538461538464,35.718057957536544,35.718057957536544,20.002112456220463,0.025373360000000005,0.049651299999999995,0.014357100500768097,0.045380199999999996,0.05994519999999999,0.0050252698346654676,0.70227314838365,0.3,21.430834774521927,14.287223183014618,6.667370818740154,0.1258969901125731,0.07267796134891466
sim,4005,t27_tracking_lag_b1_diag_20260506_134153_4005.csv,right,pitch,touchdown,1778046114.2519724,15,9.998943883439768,0.15759503333333333,0.2631445,0.05810574020136813,0.1818175,0.6949734999999999,0.05646750408167077,7.195268265800296,0.5,42.86166954904385,42.86166954904385,26.669483274960616,0.19469225333333334,0.1550502,0.045387797143488784,0.1550502,0.1550502,0.014461421979515247,2.004598216510848,0.0,0.0,0.0,6.667370818740154,0.364105650205751,0.25610166793629174
sim,4005,t27_tracking_lag_b1_diag_20260506_134153_4005.csv,left,roll,swing,1778046114.6220117,33,9.998943883439768,0.02635238996969697,0.3859137,0.0582131459572431,0.3071028,0.55657528,0.04218551768182875,5.014251648498596,0.34615384615384615,28.127970641560026,21.87731049899113,15.153115497136714,0.008899596666666666,0.0344586,0.010295327928178293,0.014799399999999999,0.1179,0.0038187405790296044,0.54208216930922,0.11538461538461539,9.375990213853342,3.125330071284447,3.030623099427343,0.0574471344600616,0.0905225487057259
sim,4005,t27_tracking_lag_b1_diag_20260506_134153_4005.csv,left,pitch,swing,1778046114.6220117,33,9.998943883439768,0.2994876363636364,0.252584,0.06421423430032362,0.04875499999999999,0.581019,0.02106264043683821,3.3474989077825144,0.27586206896551724,25.002640570275577,21.87731049899113,3.030623099427343,0.2858771818181819,0.19054600000000002,0.055389491843617904,0.12503699999999998,0.350967,0.009566589943296502,1.5986161070979605,0.20689655172413793,18.751980427706684,18.751980427706684,3.030623099427343,0.0863107805382457,0.4541970875866397
sim,4005,t27_tracking_lag_b1_diag_20260506_134153_4005.csv,right,roll,swing,1778046114.6220117,33,9.998943883439768,0.18154768909090907,0.34169514,0.09843856894579,0.17172014000000002,0.86817834,0.02275894480372654,3.495936868647779,0.3,28.127970641560026,28.127970641560026,3.030623099427343,0.03586195524242424,0.08108413,0.021023948966456586,0.0250927,0.16176156,0.0049439392338733274,0.8849402419804393,0.1111111111111111,9.375990213853342,3.125330071284447,6.061246198854686,0.17333568084357273,0.21723059994696278
sim,4005,t27_tracking_lag_b1_diag_20260506_134153_4005.csv,right,pitch,swing,1778046114.6220117,33,9.998943883439768,0.25472915151515146,0.6385289999999999,0.1496607905184088,0.41569999999999996,1.030614,0.04430331311714585,7.095582269354613,0.25925925925925924,21.87731049899113,18.751980427706684,3.030623099427343,0.2825265757575757,0.148689,0.04858338963811715,0.13614,0.16285399999999992,0.001798273435379687,0.5597061928134469,0.0967741935483871,9.375990213853342,9.375990213853342,3.030623099427343,0.5212424196599308,0.04059004414917529
sim,4005,t27_tracking_lag_b1_diag_20260506_134153_4005.csv,left,roll,touchdown,1778046114.6220117,15,9.998943883439768,0.3321524,0.5187997,0.14112395243501585,0.5187997,0.6270376999999997,0.06437706700608019,7.8640855787636355,0.46153846153846156,42.86166954904385,42.86166954904385,6.667370818740154,0.030423424266666665,0.1385661,0.041800056673599366,0.1385661,0.148433382,0.007588520235906203,1.4086634515606102,0.15384615384615385,14.287223183014618,14.287223183014618,6.667370818740154,0.31669915898869244,0.11787614112941017
sim,4005,t27_tracking_lag_b1_diag_20260506_134153_4005.csv,left,pitch,touchdown,1778046114.6220117,15,9.998943883439768,0.2670866,0.242939,0.07676785805860853,0.23649399999999998,0.5647159999999999,0.03621405634050228,4.798891359816627,0.5,42.86166954904385,42.86166954904385,6.667370818740154,0.22085673333333336,0.12960600000000003,0.03701439765364584,0.07261600000000001,0.18659600000000004,0.011432645857621776,1.8770882875113615,0.07692307692307693,7.143611591507309,7.143611591507309,6.667370818740154,0.11846698165649365,0.31569636248771593
sim,4005,t27_tracking_lag_b1_diag_20260506_134153_4005.csv,right,roll,touchdown,1778046114.6220117,15,9.998943883439768,0.012529200066666664,0.079138,0.019242284674313808,0.052824960000000004,0.11246711600000002,0.010996245533073313,1.3585608307197479,0.23076923076923078,21.430834774521927,21.430834774521927,6.667370818740154,0.0071800983333333325,0.0268405,0.008413562201402915,0.005206987,0.058887986999999996,0.003228634981030087,0.5048239317661048,0.16666666666666666,14.287223183014618,7.143611591507309,6.667370818740154,0.02291411275423358,0.29361248539961654
sim,4005,t27_tracking_lag_b1_diag_20260506_134153_4005.csv,right,pitch,touchdown,1778046114.6220117,15,9.998943883439768,0.3329343333333333,0.292502,0.07150149945809217,0.21568199999999998,0.3784499999999999,0.032778243073363175,4.799790865661363,0.25,21.430834774521927,21.430834774521927,6.667370818740154,0.3494077333333333,0.07297900000000002,0.019244923695931403,0.0013949999999999796,0.14896899999999996,0.00992089717738756,1.4292619358616883,0.23076923076923078,21.430834774521927,21.430834774521927,6.667370818740154,0.07875056504220568,0.30266714281125245
sim,4005,t27_tracking_lag_b1_diag_20260506_134153_4005.csv,left,roll,swing,1778046114.9119933,33,9.998943883439768,0.3446805878787879,0.5235277,0.13288563804942827,0.2788214,0.8923939999999999,0.03753573040339682,5.444431679227591,0.3225806451612903,31.25330071284447,31.25330071284447,3.030623099427343,0.12750911254545455,0.2593861,0.10326340533441666,0.22364735000000002,0.3059481320000001,0.004462683372351747,1.26862096793373,0.13793103448275862,12.501320285137789,12.501320285137789,3.030623099427343,0.24738207852267582,0.11889160872563954
sim,4005,t27_tracking_lag_b1_diag_20260506_134153_4005.csv,left,pitch,swing,1778046114.9119933,33,9.998943883439768,0.23677809999999996,0.76,0.2569774556402771,0.76,1.088222,0.025392286432194263,4.246878193453734,0.24,18.751980427706684,18.751980427706684,3.030623099427343,0.2788686060606061,0.26049599999999995,0.07031224845404245,0.21508899999999997,0.329069,0.00789967000492321,1.393602927790251,0.06451612903225806,6.250660142568894,6.250660142568894,3.030623099427343,0.39498001895507395,0.31110510768764055
sim,4005,t27_tracking_lag_b1_diag_20260506_134153_4005.csv,right,roll,swing,1778046114.9119933,33,9.998943883439768,0.012447155818181817,0.1026012,0.017975674253120563,0.0579228,0.288005656,0.00997095278664233,1.4178609599402026,0.22580645161290322,21.87731049899113,21.87731049899113,12.122492397709372,0.006431423757575758,0.0405013,0.008307299161723099,0.017587119999999998,0.12674784,0.004630883921888378,0.6572977979747855,0.2222222222222222,18.751980427706684,9.375990213853342,6.061246198854686,0.021526275196224694,0.46443745356935
sim,4005,t27_tracking_lag_b1_diag_20260506_134153_4005.csv,right,pitch,swing,1778046114.9119933,33,9.998943883439768,0.25676235242424233,0.640603,0.15982605923942975,0.15599570000000001,1.1355818999999996,0.05105988358673724,7.266913080104922,0.13333333333333333,12.501320285137789,12.501320285137789,3.030623099427343,0.30125578787878793,0.317073,0.07842804785694958,0.29527099999999995,0.442845,0.010535773970956251,1.824030058861263,0.12903225806451613,12.501320285137789,12.501320285137789,3.030623099427343,0.13734349618017405,0.20634151962095168
sim,4005,t27_tracking_lag_b1_diag_20260506_134153_4005.csv,left,roll,touchdown,1778046114.9119933,16,9.998943883439768,0.08534939624999999,0.32641655999999997,0.1093585235573116,0.32414559,0.33478403000000007,0.015290639755206531,3.2199289808647733,0.25,20.002112456220463,13.334741637480308,6.250660142568894,0.10162262537499998,0.24891734000000001,0.0931379030983367,0.24810834,0.25702714000000004,0.008129137839509628,2.22810735944904,0.21428571428571427,20.002112456220463,20.002112456220463,6.250660142568894,0.03949909531353528,0.5316414466400349
sim,4005,t27_tracking_lag_b1_diag_20260506_134153_4005.csv,left,pitch,touchdown,1778046114.9119933,16,9.998943883439768,0.30237390625,0.702437,0.31049512582456357,0.671421,0.8111090000000001,0.0653241924152925,11.259010704420552,0.2222222222222222,13.334741637480308,13.334741637480308,6.250660142568894,0.34697231250000005,0.14201699999999995,0.04952176467816794,0.090804,0.25610999999999995,0.01585876304926311,2.3489132316658186,0.23076923076923078,20.002112456220463,13.334741637480308,6.250660142568894,0.4707794862746418,0.24277013557921226
sim,4005,t27_tracking_lag_b1_diag_20260506_134153_4005.csv,right,roll,touchdown,1778046114.9119933,16,9.998943883439768,0.12406391250000001,0.29789730000000003,0.09579116202721613,0.14298049999999998,0.5090980999999999,0.02901275375189178,5.005157629082271,0.38461538461538464,33.33685409370077,26.669483274960616,6.250660142568894,0.0196634243125,0.029619731,0.01012046579004242,0.02460686,0.052623522,0.0033917955776311143,0.5118032072888299,0.2727272727272727,20.002112456220463,13.334741637480308,6.250660142568894,0.1226205899127734,0.11690705427815351
sim,4005,t27_tracking_lag_b1_diag_20260506_134153_4005.csv,right,pitch,touchdown,1778046114.9119933,16,9.998943883439768,0.173918801875,0.35640843,0.10115209154168227,0.20591442999999998,0.89223103,0.05971522318456305,8.115253520090622,0.42857142857142855,40.004224912440925,40.004224912440925,6.250660142568894,0.16174510625000002,0.2030036,0.061962182718811126,0.047517000000000004,0.3584902,0.021497152474784,3.2262620095018604,0.07142857142857142,6.667370818740154,6.667370818740154,6.250660142568894,0.3603170590366,0.3599945094124879
sim,5008,t27_tracking_lag_b1_diag_20260506_134417_5008.csv,left,roll,swing,1778046258.137412,34,9.997598619481481,0.05775547676470588,0.4141504,0.10123071545622218,0.392942,0.46364839999999996,0.014939419046971998,2.8209594736838084,0.18518518518518517,15.155154480787683,9.093092688472609,2.941882928623491,0.023361155,0.045297500000000004,0.011396903488814206,0.024698400000000002,0.09200184000000002,0.002657116199164534,0.4355713544783099,0.28,21.217216273102757,9.093092688472609,2.941882928623491,0.09831732869324179,0.177859406099402
sim,5008,t27_tracking_lag_b1_diag_20260506_134417_5008.csv,left,pitch,swing,1778046258.137412,34,9.997598619481481,0.3202850294117648,0.149341,0.04979270584928331,0.13289499999999999,0.28854100000000005,0.009207493717704992,1.6463701163113473,0.2692307692307692,21.217216273102757,21.217216273102757,5.883765857246982,0.28267041176470586,0.185531,0.03663179751986424,0.07367200000000002,0.3856099999999999,0.015500229262141707,2.085495948415347,0.09375,9.093092688472609,9.093092688472609,2.941882928623491,0.0736031584210815,1.6834363114835995
sim,5008,t27_tracking_lag_b1_diag_20260506_134417_5008.csv,right,roll,swing,1778046258.137412,34,9.997598619481481,0.15517886147058824,0.2813335,0.0822279005500617,0.15205926,0.5062935999999999,0.013672285199344113,2.237819412704615,0.2903225806451613,27.279278065417827,24.248247169260292,2.941882928623491,0.010833775176470588,0.017166353000000002,0.0054397895014023645,0.011697899999999999,0.022634806,0.00033219097681267047,0.08138766388498685,0.1,6.062061792315073,0.0,2.941882928623491,0.15685833147552586,0.024296668184526044
sim,5008,t27_tracking_lag_b1_diag_20260506_134417_5008.csv,right,pitch,swing,1778046258.137412,34,9.997598619481481,0.3645097211764706,0.539892,0.13772729213373378,0.075793,1.0039909999999999,0.05571452762442267,7.421976074156839,0.16666666666666666,3.0310308961575365,3.0310308961575365,2.941882928623491,0.18581838235294115,0.035762000000000016,0.010181576501686199,0.032612,0.05208399999999999,0.000999014631309407,0.2018195664917633,0.13636363636363635,9.093092688472609,3.0310308961575365,2.941882928623491,0.22270520379265676,0.01793095398822847
sim,5008,t27_tracking_lag_b1_diag_20260506_134417_5008.csv,left,roll,touchdown,1778046258.137412,16,9.997598619481481,0.39672887500000004,0.435935,0.10513719315368074,0.19812000000000002,0.7309680000000003,0.039612907234900956,6.007501709719569,0.2857142857142857,26.67307188618632,26.67307188618632,6.251501223324919,0.075725883125,0.2274216,0.07727626098921665,0.22137578,0.2630896199999999,0.012580028385843753,2.4577914209743867,0.23076923076923078,20.00480391463974,20.00480391463974,6.251501223324919,0.347538746867504,0.317573974342386
sim,5008,t27_tracking_lag_b1_diag_20260506_134417_5008.csv,left,pitch,touchdown,1778046258.137412,16,9.997598619481481,0.4100000000000001,0.0,1.1102230246251565e-16,0.0,0.0,0.0,0.0,0.0,0.0,0.0,25.006004893299675,0.1743919375,0.232933,0.05750853653748801,0.167768,0.298098,0.021078883126016856,3.119572041596009,0.07692307692307693,6.66826797154658,0.0,6.251501223324919,0.24252503147033602,nan
sim,5008,t27_tracking_lag_b1_diag_20260506_134417_5008.csv,right,roll,touchdown,1778046258.137412,16,9.997598619481481,0.014445972500000001,0.06719768,0.01897322781533199,0.04942917,0.13726628999999996,0.01250085764508759,1.7728521252058014,0.42857142857142855,40.00960782927948,40.00960782927948,18.754503669974756,0.0079009108375,0.0209106,0.007032232577075874,0.003972907,0.037848293,0.00188387883840161,0.33303953459510993,0.18181818181818182,13.33653594309316,6.66826797154658,6.251501223324919,0.023538265598495756,0.15069996730519605
sim,5008,t27_tracking_lag_b1_diag_20260506_134417_5008.csv,right,pitch,touchdown,1778046258.137412,16,9.997598619481481,0.28864988874999997,0.492325,0.13417915730998203,0.41451,0.615354,0.053606413278205395,7.17407169573762,0.35714285714285715,33.341339857732905,33.341339857732905,6.251501223324919,0.27810262500000005,0.132648,0.05614189010542284,0.11229200000000003,0.16656799999999997,0.01128658685335918,1.963529349150757,0.23076923076923078,20.00480391463974,13.33653594309316,6.251501223324919,0.11836988665890928,0.21054545833507451
sim,5008,t27_tracking_lag_b1_diag_20260506_134417_5008.csv,left,roll,swing,1778046258.4674115,32,9.997598619481481,0.3482655454687499,0.588001265,0.13184644672760945,0.411595265,0.927387265,0.02998137899645911,4.457903395293302,0.2413793103448276,22.586068935883574,19.359487659328778,6.251501223324919,0.169933259375,0.2027099,0.07609932699517971,0.04609169999999999,0.3989759,0.013386639192933909,2.164516997472663,0.21428571428571427,19.359487659328778,16.13290638277398,3.1257506116624594,0.24854851670298914,0.4464984480705478
sim,5008,t27_tracking_lag_b1_diag_20260506_134417_5008.csv,left,pitch,swing,1778046258.4674115,32,9.997598619481481,0.36136096875000007,0.7212989999999999,0.2152568326245867,0.4870755,0.9555224999999999,0.04110795297643212,6.765476691225669,0.14285714285714285,3.2265812765547963,3.2265812765547963,3.1257506116624594,0.19772818749999999,0.164607,0.04741741818772764,0.149964,0.17925000000000002,0.002975386642735255,0.6596315995395569,0.034482758620689655,3.2265812765547963,3.2265812765547963,3.1257506116624594,0.2746199743335381,0.07237982986993038
sim,5008,t27_tracking_lag_b1_diag_20260506_134417_5008.csv,right,roll,swing,1778046258.4674115,32,9.997598619481481,0.035215393125,0.21511218,0.05152095728673211,0.1997521,0.28572926000000004,0.009805931075396217,1.6304372449588629,0.23076923076923078,19.359487659328778,16.13290638277398,3.1257506116624594,0.017750373043750003,0.0837456374,0.016818482946250435,0.0837456374,0.12485597740000001,0.005088570367882104,0.6803728246768582,0.14285714285714285,12.906325106219185,6.453162553109593,3.1257506116624594,0.04118969855181974,0.5189278130507863
sim,5008,t27_tracking_lag_b1_diag_20260506_134417_5008.csv,right,pitch,swing,1778046258.4674115,32,9.997598619481481,0.276285875,0.15837800000000002,0.05028213648923318,0.128215,0.3997910000000001,0.013607874148129705,1.800209079215231,0.26666666666666666,25.81265021243837,25.81265021243837,3.1257506116624594,0.270509375,0.132648,0.04347591756489304,0.07442900000000002,0.311901,0.010586755783132246,1.5654025072469957,0.06896551724137931,6.453162553109593,3.2265812765547963,3.1257506116624594,0.0513993150112431,0.7779874848847946
sim,5008,t27_tracking_lag_b1_diag_20260506_134417_5008.csv,left,roll,touchdown,1778046258.4674115,14,9.997598619481481,0.019121389714285713,0.06854389999999999,0.021274764950974037,0.02510012,0.141284208,0.00795633802067112,1.2788501865343123,0.4166666666666667,38.470776758922575,38.470776758922575,7.14457282665705,0.036691051428571424,0.2068294,0.05304295766112918,0.18289060000000001,0.3261916,0.025951682438675273,3.45231406029734,0.25,23.082466055353546,23.082466055353546,14.2891456533141,0.05558494935092312,3.261762178938476
sim,5008,t27_tracking_lag_b1_diag_20260506_134417_5008.csv,left,pitch,touchdown,1778046258.4674115,14,9.997598619481481,0.28513646428571426,0.60097,0.17582466595410817,0.595683,0.725795,0.06390341634908489,8.978831865603532,0.16666666666666666,15.38831070356903,15.38831070356903,14.2891456533141,0.2776212142857143,0.11039300000000002,0.03536487154988402,0.030144000000000004,0.22337800000000002,0.013849641019630758,2.087554944121728,0.25,23.082466055353546,23.082466055353546,7.14457282665705,0.17962847984426278,0.2167277089533741
sim,5008,t27_tracking_lag_b1_diag_20260506_134417_5008.csv,right,roll,touchdown,1778046258.4674115,14,9.997598619481481,0.05815464285714285,0.2591907,0.08413803303746475,0.20303884,0.38466424,0.02574931346998968,4.183994843114984,0.4166666666666667,38.470776758922575,38.470776758922575,7.14457282665705,0.046634922999999995,0.1446837,0.05292065897638455,0.094448,0.20418159999999996,0.018470372607538484,2.702749802399324,0.2727272727272727,23.082466055353546,15.38831070356903,7.14457282665705,0.0609287552415541,0.7173151481908573
sim,5008,t27_tracking_lag_b1_diag_20260506_134417_5008.csv,right,pitch,touchdown,1778046258.4674115,14,9.997598619481481,0.24640492857142854,0.149699,0.045349651116100564,0.10714300000000002,0.414979,0.025190119434777457,4.001442840327882,0.3333333333333333,30.77662140713806,30.77662140713806,7.14457282665705,0.22258735714285718,0.109103,0.02905499467415725,0.005611000000000033,0.21259499999999998,0.01731952003907008,2.4214804804443495,0.16666666666666666,15.38831070356903,15.38831070356903,7.14457282665705,0.07082433956829894,0.6875521207397994
sim,5008,t27_tracking_lag_b1_diag_20260506_134417_5008.csv,left,roll,swing,1778046258.8273966,33,9.997598619481481,0.01696408606060606,0.1180745,0.021098274251995116,0.049530599999999994,0.2524219999999999,0.012942906599288208,1.7948886148173278,0.25925925925925924,21.880254281637214,18.754503669974756,9.093092688472609,0.012533362096969695,0.0477117,0.013007577424545185,0.015373930000000001,0.14289667000000003,0.0048183329918502086,0.6882959542440227,0.14814814814814814,12.503002446649838,9.377251834987378,3.0310308961575365,0.020859939317540464,0.3722759609588152
sim,5008,t27_tracking_lag_b1_diag_20260506_134417_5008.csv,left,pitch,swing,1778046258.8273966,33,9.997598619481481,0.30288421212121214,0.22626299999999996,0.059126746520559714,0.058809,0.5184209999999999,0.014712717206421396,2.5249384444151812,0.10714285714285714,9.377251834987378,3.1257506116624594,3.0310308961575365,0.28811512121212124,0.19588000000000003,0.05079584670134478,0.08746000000000001,0.4047280000000001,0.013294945221457244,1.852886879246819,0.16666666666666666,15.628753058312297,12.503002446649838,3.0310308961575365,0.0774474799715226,0.9036362919865433
sim,5008,t27_tracking_lag_b1_diag_20260506_134417_5008.csv,right,roll,swing,1778046258.8273966,33,9.997598619481481,0.10328317424242425,0.3022863,0.09841554291503796,0.008137199999999997,0.7480648,0.01989413529403742,3.320612903455295,0.1935483870967742,18.754503669974756,18.754503669974756,3.0310308961575365,0.04305042727272727,0.020541499999999997,0.005633684980934568,0.005381700000000003,0.0408381,0.001139758580358656,0.17933984491899163,0.13043478260869565,9.377251834987378,6.251501223324919,3.0310308961575365,0.10822143749527662,0.05729118473926631
sim,5008,t27_tracking_lag_b1_diag_20260506_134417_5008.csv,right,pitch,swing,1778046258.8273966,33,9.997598619481481,0.1780316339393939,0.657778,0.21184077400237117,0.05498600000000001,1.3776136,0.06974202907993005,8.731949152587058,0.14814814814814814,12.503002446649838,9.377251834987378,3.0310308961575365,0.2792524242424242,0.177749,0.04779861437641123,0.177749,0.177749,0.0022519294674150196,0.6106871830506658,0.0,0.0,0.0,3.0310308961575365,0.3800912050073625,0.03228941711509605
sim,5008,t27_tracking_lag_b1_diag_20260506_134417_5008.csv,left,roll,touchdown,1778046258.8273966,15,9.997598619481481,0.35480644666666666,0.4489757,0.12958393851968367,0.4489757,0.6289176999999999,0.06254241612552193,7.827893680801935,0.3076923076923077,28.5782913066282,28.5782913066282,6.66826797154658,0.07020578553333334,0.2248581,0.08387925445860896,0.22346347000000003,0.24168252999999998,0.00809376991264638,2.2324807895778105,0.15384615384615385,14.2891456533141,14.2891456533141,6.66826797154658,0.31238250679608387,0.12941249177841602
sim,5008,t27_tracking_lag_b1_diag_20260506_134417_5008.csv,left,pitch,touchdown,1778046258.8273966,15,9.997598619481481,0.2661753333333333,0.24868699999999996,0.07589450869609883,0.24868699999999996,0.5712569999999999,0.03454538563294428,4.834760572349039,0.3333333333333333,28.5782913066282,28.5782913066282,6.66826797154658,0.22584959999999998,0.13741499999999998,0.04058265460481033,0.07145999999999997,0.20337,0.013077504716240647,2.0790350257580585,0.07692307692307693,7.14457282665705,7.14457282665705,6.66826797154658,0.11806669721305835,0.3785601022143246
sim,5008,t27_tracking_lag_b1_diag_20260506_134417_5008.csv,right,roll,touchdown,1778046258.8273966,15,9.997598619481481,0.011384941866666666,0.0562251,0.016184789522027804,0.03337378,0.08103961999999999,0.00761772327435951,1.0497634361156643,0.23076923076923078,21.433718479971148,21.433718479971148,6.66826797154658,0.018573978133333332,0.05729392,0.022230188256867203,0.043538089999999995,0.07143035,0.003991997341623964,0.7682003303943834,0.16666666666666666,14.2891456533141,14.2891456533141,6.66826797154658,0.026771048615936006,0.5240407399755024
sim,5008,t27_tracking_lag_b1_diag_20260506_134417_5008.csv,right,pitch,touchdown,1778046258.8273966,15,9.997598619481481,0.3263811933333332,0.37643309999999996,0.08511033453318084,0.28043609999999997,0.4851141,0.04987977908047903,7.373200245359073,0.25,21.433718479971148,14.2891456533141,6.66826797154658,0.35841493333333335,0.07327699999999998,0.01846682529101547,0.030445,0.1802589999999999,0.01211932930387024,1.6384094998987029,0.23076923076923078,21.433718479971148,21.433718479971148,13.33653594309316,0.09625554594689076,0.24297078951204226
sim,5008,t27_tracking_lag_b1_diag_20260506_134417_5008.csv,left,roll,swing,1778046259.0973945,33,9.997598619481481,0.3281260393939394,0.4501377,0.15565791181696634,0.3009231,0.7966856999999998,0.03379034709893779,5.277536839907993,0.3225806451612903,31.257506116624594,31.257506116624594,3.0310308961575365,0.15024752796969698,0.2958851,0.12620434126176974,0.2691532,0.3432368000000001,0.004742328301238837,1.5837273255072926,0.1935483870967742,18.754503669974756,18.754503669974756,3.0310308961575365,0.22542064869283196,0.1403456521873939
sim,5008,t27_tracking_lag_b1_diag_20260506_134417_5008.csv,left,pitch,swing,1778046259.0973945,33,9.997598619481481,0.22500003333333327,0.76,0.22996094874482936,0.5337419999999999,1.3088279999999999,0.028207590967321238,4.711461266354287,0.1724137931034483,15.628753058312297,12.503002446649838,3.0310308961575365,0.2711839393939395,0.251895,0.06636710327342468,0.168519,0.347789,0.008936493430872858,1.5158571608995661,0.0967741935483871,9.377251834987378,9.377251834987378,3.0310308961575365,0.3407885358853266,0.31681164978696236
sim,5008,t27_tracking_lag_b1_diag_20260506_134417_5008.csv,right,roll,swing,1778046259.0973945,33,9.997598619481481,0.01527844266666667,0.16802630000000002,0.02730738568256486,0.1468451,0.40091464,0.022692152899399694,2.6679486206658156,0.27586206896551724,25.006004893299675,25.006004893299675,21.217216273102757,0.01554147057575758,0.05893562,0.020704565741199124,0.04794219,0.09968518999999999,0.002864557274350429,0.5292631010921749,0.19230769230769232,15.628753058312297,9.377251834987378,3.0310308961575365,0.03141620362976341,0.12623558844547575
sim,5008,t27_tracking_lag_b1_diag_20260506_134417_5008.csv,right,pitch,swing,1778046259.0973945,33,9.997598619481481,0.2711065636363636,0.76,0.2294210551860223,0.314268,1.2184160000000002,0.04889440031155249,8.587553121263442,0.1111111111111111,9.377251834987378,6.251501223324919,3.0310308961575365,0.31654333333333334,0.271157,0.06271047736956872,0.21199599999999996,0.42967199999999994,0.011328951839591683,1.6932835118935454,0.0967741935483871,9.377251834987378,9.377251834987378,3.0310308961575365,0.2594974854918625,0.23170243969461146
sim,5008,t27_tracking_lag_b1_diag_20260506_134417_5008.csv,left,roll,touchdown,1778046259.0973945,14,9.997598619481481,0.09565200342857143,0.33196238,0.11658284358217164,0.33196238,0.33372738,0.016720593742482293,3.6284137233909224,0.16666666666666666,15.38831070356903,15.38831070356903,7.14457282665705,0.14336605714285713,0.274198,0.09973713901133686,0.274198,0.274198,0.009045730161162252,2.494667852829551,0.0,0.0,0.0,7.14457282665705,0.06714637464543839,0.5409933582788758
sim,5008,t27_tracking_lag_b1_diag_20260506_134417_5008.csv,left,pitch,touchdown,1778046259.0973945,14,9.997598619481481,0.2940123571428571,0.685403,0.30064619391201447,0.649428,0.7614719999999999,0.058220379119845934,10.740733104562942,0.25,15.38831070356903,15.38831070356903,7.14457282665705,0.3520873571428571,0.163205,0.054192921312404344,0.07912799999999998,0.285284,0.01910106367499648,2.8671809827161843,0.25,23.082466055353546,23.082466055353546,7.14457282665705,0.48326832898489963,0.3280820902192543
sim,5008,t27_tracking_lag_b1_diag_20260506_134417_5008.csv,right,roll,touchdown,1778046259.0973945,14,9.997598619481481,0.093538615,0.23545539999999998,0.07906093717645905,0.11562031,0.35654449,0.02457793347072739,4.05902767270895,0.3333333333333333,30.77662140713806,30.77662140713806,7.14457282665705,0.021980974071428572,0.04444382,0.015104426792835359,0.032440210000000004,0.06839547,0.005537220881853414,0.8987007731869887,0.375,23.082466055353546,15.38831070356903,7.14457282665705,0.08670078148863637,0.22529237002160127
sim,5008,t27_tracking_lag_b1_diag_20260506_134417_5008.csv,right,pitch,touchdown,1778046259.0973945,14,9.997598619481481,0.21382879285714282,0.33786819999999995,0.1215107212288368,0.1866872,0.6911592,0.05217873614630593,7.292764500469416,0.3,23.082466055353546,7.694155351784515,7.14457282665705,0.16588358571428571,0.1993418,0.06380066837712885,0.07403499999999999,0.3246486,0.021558267827329232,3.131873884175781,0.08333333333333333,7.694155351784515,7.694155351784515,7.14457282665705,0.4141471389794427,0.4131619395088679
