dataset,case_label,diag_csv,step_index,touchdown_side,window,side,axis,cycle_index,lag_ms,target_amplitude_rad,joint_amplitude_rad,amplitude_gain,segment_duration_sec,equivalent_frequency_hz,segment_tracking_err_rms_rad,segment_target_path_rad,segment_joint_path_rad
real,25/0.4 all_ankles,t27_tracking_lag_b1_diag_20260430_100024.csv,1,left,swing,left,roll,1,49.997568130493164,0.005790699999999999,0.013430069999999999,nan,0.0400846004486084,12.473618157702214,0.02337726660247556,0.009416499999999998,0.01343007
real,25/0.4 all_ankles,t27_tracking_lag_b1_diag_20260430_100024.csv,1,left,swing,left,roll,2,49.997568130493164,0.0254932,0.049751039999999996,1.9515415875606041,0.07003521919250488,7.139265154945209,0.011129735162586418,0.029417000000000006,0.04975104
real,25/0.4 all_ankles,t27_tracking_lag_b1_diag_20260430_100024.csv,1,left,swing,left,roll,3,49.997568130493164,0.5199037,0.037674299999999994,0.07246399669785,0.09001016616821289,5.554928085185283,0.3227174513400802,0.6431357,0.0380239
real,25/0.4 all_ankles,t27_tracking_lag_b1_diag_20260430_100024.csv,1,left,swing,left,roll,4,49.997568130493164,0.026479999999999948,0.0018622999999999973,0.07032854984894263,0.029987096786499023,16.67383820314053,0.4778246789602516,0.15754,0.009474299999999991
real,25/0.4 all_ankles,t27_tracking_lag_b1_diag_20260430_100024.csv,1,left,swing,left,roll,5,49.997568130493164,0.07094500000000004,0.006545200000000001,0.0922573824793854,0.02004098892211914,24.94886863832116,0.5662541691544855,0.07094500000000004,0.006545200000000001
real,25/0.4 all_ankles,t27_tracking_lag_b1_diag_20260430_100024.csv,1,left,swing,left,pitch,1,9.999513626098633,0.0007679999999999909,0.004149999999999987,nan,0.030119657516479492,16.600454361953915,0.009642181871858668,0.004918000000000089,0.004157999999999995
real,25/0.4 all_ankles,t27_tracking_lag_b1_diag_20260430_100024.csv,1,left,swing,left,pitch,2,9.999513626098633,0.15837900000000002,0.037573999999999996,0.2372410483713118,0.10003137588500977,4.998431697818201,0.09739928343985065,0.22461180000000003,0.037582000000000004
real,25/0.4 all_ankles,t27_tracking_lag_b1_diag_20260430_100024.csv,1,left,swing,left,pitch,3,9.999513626098633,0.028876000000000013,0.09061519999999999,3.1380800664912023,0.020013093948364258,24.98364327325145,0.32230534539968464,0.18323599999999995,0.09061519999999999
real,25/0.4 all_ankles,t27_tracking_lag_b1_diag_20260430_100024.csv,1,left,swing,left,pitch,4,9.999513626098633,0.024405999999999983,0.0177721,0.7281856920429407,0.02015233039855957,24.811026323572907,0.20165768161658673,0.040302000000000004,0.0177721
real,25/0.4 all_ankles,t27_tracking_lag_b1_diag_20260430_100024.csv,1,left,swing,left,pitch,5,9.999513626098633,0.04175300000000001,0.025760520000000002,0.6169741096448158,0.019965410232543945,25.043312117123033,0.1104761221375497,0.10930980000000001,0.02576052
real,25/0.4 all_ankles,t27_tracking_lag_b1_diag_20260430_100024.csv,1,left,swing,left,pitch,6,9.999513626098633,0.10342000000000001,0.03205898,0.3099882034422742,0.060012102127075195,8.3316528213135,0.2970954787215917,0.35757999999999995,0.03205898
real,25/0.4 all_ankles,t27_tracking_lag_b1_diag_20260430_100024.csv,1,left,swing,right,roll,1,199.99027252197266,0.003061000000000036,0.0035312,nan,0.030119657516479492,16.600454361953915,0.3375117783969213,0.016909000000000007,0.00847
real,25/0.4 all_ankles,t27_tracking_lag_b1_diag_20260430_100024.csv,1,left,swing,right,roll,2,199.99027252197266,0.0013140000000000374,0.0037503,nan,0.01999640464782715,25.004494998271156,0.3325005421712121,0.007552000000000003,0.0037503
real,25/0.4 all_ankles,t27_tracking_lag_b1_diag_20260430_100024.csv,1,left,swing,right,roll,3,199.99027252197266,0.20101999999999998,0.0059816,0.029756243159884593,0.05998826026916504,8.334964170598031,0.2477383337432836,0.20101999999999998,0.0209884
real,25/0.4 all_ankles,t27_tracking_lag_b1_diag_20260430_100024.csv,1,left,swing,right,pitch,1,119.9941635131836,0.605669,0.010444999999999982,0.017245393110758487,0.14011597633361816,3.568472440355358,0.35013437797141544,0.914331,0.031053000000000053
real,25/0.4 all_ankles,t27_tracking_lag_b1_diag_20260430_100024.csv,1,left,swing,right,pitch,2,119.9941635131836,0.47388399999999997,0.016419000000000017,0.0346477196951153,0.029970884323120117,16.68285775652907,0.2584916960054036,0.5865720000000001,0.016419000000000017
real,25/0.4 all_ankles,t27_tracking_lag_b1_diag_20260430_100024.csv,1,left,swing,right,pitch,3,119.9941635131836,0.05579999999999996,0.014465999999999979,0.2592473118279568,0.019978046417236328,25.02747213404301,0.07173518791360343,0.05579999999999996,0.014465999999999979
real,25/0.4 all_ankles,t27_tracking_lag_b1_diag_20260430_100024.csv,1,left,touchdown,left,roll,1,0.0,0.18352799999999997,0.111066,0.6051719628612529,0.09985566139221191,5.0072273622634755,0.47541621027946956,0.18598200000000004,0.111066
real,25/0.4 all_ankles,t27_tracking_lag_b1_diag_20260430_100024.csv,1,left,touchdown,left,roll,2,0.0,0.074818,0.0450946,0.6027239434360715,0.030048370361328125,16.6398375015869,0.22768495764343438,0.074818,0.0450946
real,25/0.4 all_ankles,t27_tracking_lag_b1_diag_20260430_100024.csv,1,left,touchdown,left,pitch,1,39.99805450439453,0.511841,0.128981,0.2519942716585815,0.06002020835876465,8.33052756183886,0.185547469457006,0.5480589999999999,0.128981
real,25/0.4 all_ankles,t27_tracking_lag_b1_diag_20260430_100024.csv,1,left,touchdown,left,pitch,2,39.99805450439453,0.05485179999999999,0.036176000000000014,0.6595225680834543,0.019814252853393555,25.23436052318096,0.13122321435900738,0.05485179999999999,0.036176000000000014
real,25/0.4 all_ankles,t27_tracking_lag_b1_diag_20260430_100024.csv,1,left,touchdown,right,roll,1,19.999027252197266,0.036095100000000005,0.0846547,2.345323880526719,0.07002854347229004,7.139945730812574,0.03083462386908384,0.039269699999999984,0.0846547
real,25/0.4 all_ankles,t27_tracking_lag_b1_diag_20260430_100024.csv,1,left,touchdown,right,roll,2,19.999027252197266,0.0345276,0.039758699999999994,1.1515048830500816,0.039699554443359375,12.594599788603825,0.01240639420766566,0.0504846,0.039758699999999994
real,25/0.4 all_ankles,t27_tracking_lag_b1_diag_20260430_100024.csv,1,left,touchdown,right,pitch,1,39.99805450439453,0.20153599999999997,0.019098999999999977,0.09476718799618918,0.07002854347229004,7.139945730812574,0.10888611729979629,0.203182,0.036605
real,25/0.4 all_ankles,t27_tracking_lag_b1_diag_20260430_100024.csv,1,left,touchdown,right,pitch,2,39.99805450439453,0.014314999999999994,0.027119000000000004,1.8944463849109336,0.019814252853393555,25.23436052318096,0.14421709800621194,0.067603,0.027119000000000004
real,25/0.4 all_ankles,t27_tracking_lag_b1_diag_20260430_100024.csv,2,right,swing,left,roll,1,129.99367713928223,0.09424900000000003,0.06373960000000001,0.6762894036010991,0.039961814880371094,12.511944252201513,0.4629921342143646,0.278269,0.06373960000000001
real,25/0.4 all_ankles,t27_tracking_lag_b1_diag_20260430_100024.csv,2,right,swing,left,roll,2,129.99367713928223,0.06469199999999997,0.055101300000000006,0.8517482841773331,0.030001401901245117,16.665887869034847,0.4628316241331776,0.0771980000000001,0.055101300000000006
real,25/0.4 all_ankles,t27_tracking_lag_b1_diag_20260430_100024.csv,2,right,swing,left,roll,3,129.99367713928223,0.168622,0.0605632,0.3591654706977737,0.08983945846557617,5.56548323576088,0.3487692905673119,0.17107600000000006,0.07850920000000002
real,25/0.4 all_ankles,t27_tracking_lag_b1_diag_20260430_100024.csv,2,right,swing,left,pitch,1,49.997568130493164,0.10003800000000002,0.0140393,0.14033967092504845,0.029940128326416016,16.69999522209304,0.17109881954447406,0.1675948,0.0140393
real,25/0.4 all_ankles,t27_tracking_lag_b1_diag_20260430_100024.csv,2,right,swing,left,pitch,2,49.997568130493164,0.10342000000000001,0.044567499999999996,0.43093695610133426,0.060012102127075195,8.3316528213135,0.3170435577952432,0.35757999999999995,0.044567499999999996
real,25/0.4 all_ankles,t27_tracking_lag_b1_diag_20260430_100024.csv,2,right,swing,left,pitch,3,49.997568130493164,0.384761,0.1293144,0.33609019625169906,0.050004005432128906,9.999198977743024,0.12951073519602535,0.420979,0.1293144
real,25/0.4 all_ankles,t27_tracking_lag_b1_diag_20260430_100024.csv,2,right,swing,left,pitch,4,49.997568130493164,0.0750371,0.028100999999999987,0.37449474993036763,0.09986352920532227,5.006832864598503,0.23600478905489186,0.28095709999999996,0.10615900000000006
real,25/0.4 all_ankles,t27_tracking_lag_b1_diag_20260430_100024.csv,2,right,swing,right,roll,1,9.999513626098633,0.08073469999999999,0.0188088,0.2329704575603799,0.04996752738952637,10.006498742717543,0.03912296317808847,0.08680469999999998,0.0188088
real,25/0.4 all_ankles,t27_tracking_lag_b1_diag_20260430_100024.csv,2,right,swing,right,roll,2,9.999513626098633,0.004823499999999998,0.0010087999999999972,nan,0.019995689392089844,25.005389421471836,0.04924061619371418,0.008927899999999999,0.0010087999999999972
real,25/0.4 all_ankles,t27_tracking_lag_b1_diag_20260430_100024.csv,2,right,swing,right,roll,3,9.999513626098633,0.015957,0.013252400000000001,0.8305069875289842,0.02013397216796875,24.833649109511178,0.046044432023933865,0.015957,0.013252400000000001
real,25/0.4 all_ankles,t27_tracking_lag_b1_diag_20260430_100024.csv,2,right,swing,right,roll,4,9.999513626098633,0.020138100000000003,0.0663773,3.2961053922664,0.04989457130432129,10.021130293922292,0.03882549659898548,0.02331269999999999,0.0663773
real,25/0.4 all_ankles,t27_tracking_lag_b1_diag_20260430_100024.csv,2,right,swing,right,roll,5,9.999513626098633,0.0345276,0.0436065,1.2629461648072846,0.039699554443359375,12.594599788603825,0.006572349274194123,0.0504846,0.0436065
real,25/0.4 all_ankles,t27_tracking_lag_b1_diag_20260430_100024.csv,2,right,swing,right,roll,6,9.999513626098633,0.032449500000000006,0.011289000000000007,0.34789442056117986,0.0200655460357666,24.918335095828233,0.013937679899466766,0.03571909999999999,0.011289000000000007
real,25/0.4 all_ankles,t27_tracking_lag_b1_diag_20260430_100024.csv,2,right,swing,right,roll,7,9.999513626098633,0.1664148,0.12302807,0.7392856284417011,0.04009842872619629,12.469316526444095,0.08256329551382127,0.3330508,0.14430407
real,25/0.4 all_ankles,t27_tracking_lag_b1_diag_20260430_100024.csv,2,right,swing,right,roll,8,9.999513626098633,0.15607179999999998,0.07234813,0.4635567091556579,0.020094633102416992,24.882265700081867,0.13949535586272266,0.4764762,0.07234813
real,25/0.4 all_ankles,t27_tracking_lag_b1_diag_20260430_100024.csv,2,right,swing,right,roll,9,9.999513626098633,0.1888,0.020442100000000005,0.10827383474576274,0.020010709762573242,24.986619961635153,0.23685684150297762,0.1888,0.020442100000000005
real,25/0.4 all_ankles,t27_tracking_lag_b1_diag_20260430_100024.csv,2,right,swing,right,pitch,1,9.999513626098633,0.04413999999999996,0.057759000000000005,1.3085410058903502,0.10006999969482422,4.996502463523649,0.07712049517004363,0.14209399999999994,0.057759000000000005
real,25/0.4 all_ankles,t27_tracking_lag_b1_diag_20260430_100024.csv,2,right,swing,right,pitch,2,9.999513626098633,0.15255899999999997,0.034356,0.22519812007157888,0.04989457130432129,10.021130293922292,0.11589228245875563,0.154205,0.034356
real,25/0.4 all_ankles,t27_tracking_lag_b1_diag_20260430_100024.csv,2,right,swing,right,pitch,3,9.999513626098633,0.014314999999999994,0.00875300000000001,0.6114565141460017,0.019814252853393555,25.23436052318096,0.17006469226444387,0.067603,0.00875300000000001
real,25/0.4 all_ankles,t27_tracking_lag_b1_diag_20260430_100024.csv,2,right,swing,right,pitch,4,9.999513626098633,0.08516399999999999,0.236526,2.7773002677187546,0.08004927635192871,6.246152654794773,0.1151108755890984,0.47389599999999993,0.236526
real,25/0.4 all_ankles,t27_tracking_lag_b1_diag_20260430_100024.csv,2,right,swing,right,pitch,5,9.999513626098633,0.14103000000000002,0.07581879999999999,0.5376076012195985,0.020094633102416992,24.882265700081867,0.16852912940743114,0.649104,0.07581879999999999
real,25/0.4 all_ankles,t27_tracking_lag_b1_diag_20260430_100024.csv,2,right,swing,right,pitch,6,9.999513626098633,0.08859000000000003,0.008046499999999998,0.09082853595213902,0.019916772842407227,25.104468678549626,0.26217922956133777,0.36558999999999997,0.008081900000000003
real,25/0.4 all_ankles,t27_tracking_lag_b1_diag_20260430_100024.csv,2,right,touchdown,left,roll,1,39.99805450439453,0.01665429,0.04185219,2.512997551982102,0.020019054412841797,24.976204654264823,0.030593155145784923,0.03805049,0.04185219
real,25/0.4 all_ankles,t27_tracking_lag_b1_diag_20260430_100024.csv,2,right,touchdown,left,roll,2,39.99805450439453,0.02838017,0.042402600000000006,1.4940925301011236,0.0299832820892334,16.67595957346989,0.08122287456768724,0.02984607,0.042402600000000006
real,25/0.4 all_ankles,t27_tracking_lag_b1_diag_20260430_100024.csv,2,right,touchdown,left,roll,3,39.99805450439453,0.0062520300000000004,0.002914900000000012,nan,0.03001999855041504,16.655563762280305,0.10278736210657843,0.008161010000000002,0.012850900000000012
real,25/0.4 all_ankles,t27_tracking_lag_b1_diag_20260430_100024.csv,2,right,touchdown,left,pitch,1,39.99805450439453,0.082006,0.030993999999999994,0.37794795502768086,0.020019054412841797,24.976204654264823,0.09403258480796255,0.10807400000000003,0.030993999999999994
real,25/0.4 all_ankles,t27_tracking_lag_b1_diag_20260430_100024.csv,2,right,touchdown,left,pitch,2,39.99805450439453,0.034338000000000035,0.014842000000000022,0.4322325120857361,0.0299832820892334,16.67595957346989,0.16435148647411132,0.06339999999999996,0.014842000000000022
real,25/0.4 all_ankles,t27_tracking_lag_b1_diag_20260430_100024.csv,2,right,touchdown,left,pitch,3,39.99805450439453,0.018697999999999992,0.004042000000000018,0.21617285271152098,0.019989728927612305,25.01284543730544,0.1545652242819624,0.034262000000000015,0.004133999999999999
real,25/0.4 all_ankles,t27_tracking_lag_b1_diag_20260430_100024.csv,2,right,touchdown,right,roll,1,0.0,0.137864,0.020442100000000005,0.1482772877618523,0.020019054412841797,24.976204654264823,0.23002508940207658,0.263714,0.020442100000000005
real,25/0.4 all_ankles,t27_tracking_lag_b1_diag_20260430_100024.csv,2,right,touchdown,right,roll,2,0.0,0.24605,0.015604400000000004,0.06341963015647228,0.020015478134155273,24.980667294016747,0.21906957391287055,0.25959199999999993,0.018373
real,25/0.4 all_ankles,t27_tracking_lag_b1_diag_20260430_100024.csv,2,right,touchdown,right,roll,3,0.0,0.027554999999999996,0.0024924999999999947,0.09045545273090165,0.02999711036682129,16.66827217307677,0.2917220123660666,0.031012999999999957,0.009652499999999994
real,25/0.4 all_ankles,t27_tracking_lag_b1_diag_20260430_100024.csv,2,right,touchdown,right,roll,4,0.0,0.014177999999999968,0.0036680000000000046,0.2587106785160116,0.020034313201904297,24.95718195882423,0.33374600132968885,0.14916999999999997,0.006159999999999999
real,25/0.4 all_ankles,t27_tracking_lag_b1_diag_20260430_100024.csv,2,right,touchdown,right,roll,5,0.0,0.005727999999999955,0.0006114000000000119,nan,0.019996166229248047,25.00479313222845,0.2992451354308816,0.04125800000000002,0.0029891999999999974
real,25/0.4 all_ankles,t27_tracking_lag_b1_diag_20260430_100024.csv,2,right,touchdown,right,roll,6,0.0,0.022694000000000047,0.002646400000000007,0.11661232043712001,0.019999980926513672,25.000023841880648,0.32160591909604214,0.022694000000000047,0.002883999999999984
real,25/0.4 all_ankles,t27_tracking_lag_b1_diag_20260430_100024.csv,2,right,touchdown,right,pitch,1,39.99805450439453,0.08453400000000003,5.6199999999999306e-05,0.0006648212553528673,0.029986858367919922,16.673970772973746,0.13362488067683168,0.2843998,0.012188399999999995
real,25/0.4 all_ankles,t27_tracking_lag_b1_diag_20260430_100024.csv,2,right,touchdown,right,pitch,2,39.99805450439453,0.03961500000000001,0.018247299999999994,0.4606159283099833,0.02001953125,24.975609756097562,0.19451355879884916,0.04449500000000001,0.018247299999999994
real,25/0.4 all_ankles,t27_tracking_lag_b1_diag_20260430_100024.csv,2,right,touchdown,right,pitch,3,39.99805450439453,0.101294,0.0040824,0.04030248583331688,0.0200040340423584,24.994958463940502,0.28127819262203746,0.17508400000000002,0.0040824
real,25/0.4 all_ankles,t27_tracking_lag_b1_diag_20260430_100024.csv,3,left,swing,left,roll,1,199.99027252197266,0.02838017,0.010017899999999996,0.35298942888643714,0.0299832820892334,16.67595957346989,0.09610476163092982,0.02984607,0.013498900000000008
real,25/0.4 all_ankles,t27_tracking_lag_b1_diag_20260430_100024.csv,3,left,swing,left,roll,2,199.99027252197266,0.0062520300000000004,0.0505673,nan,0.03001999855041504,16.655563762280305,0.07513010595460634,0.008161010000000002,0.0505673
real,25/0.4 all_ankles,t27_tracking_lag_b1_diag_20260430_100024.csv,3,left,swing,left,roll,3,199.99027252197266,0.0079329,0.1236071,nan,0.019996166229248047,25.00479313222845,0.04942507147095557,0.0079329,0.1236071
real,25/0.4 all_ankles,t27_tracking_lag_b1_diag_20260430_100024.csv,3,left,swing,left,roll,4,199.99027252197266,0.00500405,0.08836200000000002,nan,0.01997208595275879,25.034941326743784,0.22398982588948282,0.013136449999999997,0.08836200000000002
real,25/0.4 all_ankles,t27_tracking_lag_b1_diag_20260430_100024.csv,3,left,swing,left,pitch,1,199.99027252197266,0.034338000000000035,0.02842800000000001,0.8278874716058006,0.0299832820892334,16.67595957346989,0.03388303191495708,0.06339999999999996,0.02842800000000001
real,25/0.4 all_ankles,t27_tracking_lag_b1_diag_20260430_100024.csv,3,left,swing,left,pitch,2,199.99027252197266,0.018697999999999992,0.0027550000000000074,0.1473419617071349,0.019989728927612305,25.01284543730544,0.014408360975489198,0.034262000000000015,0.014141000000000015
real,25/0.4 all_ankles,t27_tracking_lag_b1_diag_20260430_100024.csv,3,left,swing,left,pitch,3,199.99027252197266,0.003703999999999985,0.08226999999999998,nan,0.02003622055053711,24.954806159118494,0.05092847972402082,0.02100799999999997,0.08226999999999998
real,25/0.4 all_ankles,t27_tracking_lag_b1_diag_20260430_100024.csv,3,left,swing,left,pitch,4,199.99027252197266,0.049398,0.20725348000000002,4.195584436616867,0.03998851776123047,12.503589229925353,0.16327474999588296,0.05705200000000005,0.20725348
real,25/0.4 all_ankles,t27_tracking_lag_b1_diag_20260430_100024.csv,3,left,swing,right,roll,1,49.997568130493164,0.014419999999999988,0.004183800000000001,0.29013869625520144,0.03996896743774414,12.509705205139523,0.30248913681455736,0.07298799999999994,0.008021999999999987
real,25/0.4 all_ankles,t27_tracking_lag_b1_diag_20260430_100024.csv,3,left,swing,right,roll,2,49.997568130493164,0.014177999999999968,0.006749999999999992,0.47608971646212495,0.020034313201904297,24.95718195882423,0.33912525175564556,0.14916999999999997,0.006749999999999992
real,25/0.4 all_ankles,t27_tracking_lag_b1_diag_20260430_100024.csv,3,left,swing,right,roll,3,49.997568130493164,0.005727999999999955,0.007283399999999995,nan,0.019996166229248047,25.00479313222845,0.3090029028184417,0.04125800000000002,0.007283399999999995
real,25/0.4 all_ankles,t27_tracking_lag_b1_diag_20260430_100024.csv,3,left,swing,right,roll,4,49.997568130493164,0.01626700000000003,0.00644320000000001,0.3960902440523758,0.029998302459716797,16.66760979796856,0.3386372954798061,0.029121000000000064,0.00644320000000001
real,25/0.4 all_ankles,t27_tracking_lag_b1_diag_20260430_100024.csv,3,left,swing,right,roll,5,49.997568130493164,0.005642000000000036,0.014323200000000001,nan,0.029999732971191406,16.666815017325238,0.3696428972022085,0.052566,0.014323200000000001
real,25/0.4 all_ankles,t27_tracking_lag_b1_diag_20260430_100024.csv,3,left,swing,right,roll,6,49.997568130493164,0.15048999999999996,0.011834400000000002,0.07863911223337103,0.07999706268310547,6.25022948630831,0.28641651183059924,0.15659000000000006,0.0340806
real,25/0.4 all_ankles,t27_tracking_lag_b1_diag_20260430_100024.csv,3,left,swing,right,roll,7,49.997568130493164,0.2551752,0.0092881,0.036398913374026946,0.029957294464111328,16.690425785913252,0.12114759927331413,0.2551752,0.036572299999999995
real,25/0.4 all_ankles,t27_tracking_lag_b1_diag_20260430_100024.csv,3,left,swing,right,pitch,1,49.997568130493164,0.0007809999999999762,0.004079400000000011,nan,0.019964933395385742,25.04391024492769,0.18415539946190373,0.084891,0.004079400000000011
real,25/0.4 all_ankles,t27_tracking_lag_b1_diag_20260430_100024.csv,3,left,swing,right,pitch,2,49.997568130493164,0.101294,0.004063299999999992,0.040113925800146034,0.0200040340423584,24.994958463940502,0.2792850598099189,0.17508400000000002,0.004063299999999992
real,25/0.4 all_ankles,t27_tracking_lag_b1_diag_20260430_100024.csv,3,left,swing,right,pitch,3,49.997568130493164,0.011165999999999954,0.0909513,8.145378828586814,0.1700284481048584,2.940684371192076,0.26902630706949354,0.011165999999999954,0.0909573
real,25/0.4 all_ankles,t27_tracking_lag_b1_diag_20260430_100024.csv,3,left,swing,right,pitch,4,49.997568130493164,0.19118300000000002,0.008039999999999992,0.04205394831130378,0.039978742599487305,12.506646469826995,0.13500040466161575,0.24803300000000003,0.008339999999999959
real,25/0.4 all_ankles,t27_tracking_lag_b1_diag_20260430_100024.csv,3,left,touchdown,left,roll,1,39.99805450439453,0.171404,0.06961599999999998,0.4061515483886023,0.020009756088256836,24.987810835607135,0.5659403089466827,0.33728,0.06961599999999998
real,25/0.4 all_ankles,t27_tracking_lag_b1_diag_20260430_100024.csv,3,left,touchdown,left,roll,2,39.99805450439453,0.22232800000000003,0.23219410000000001,1.0443763268684105,0.04002022743225098,12.493682122282657,0.5779660275180604,0.30103399999999997,0.23219410000000001
real,25/0.4 all_ankles,t27_tracking_lag_b1_diag_20260430_100024.csv,3,left,touchdown,left,roll,3,39.99805450439453,0.10767600000000005,0.020101300000000002,0.1866831977413722,0.029877185821533203,16.735177234786217,0.456711953621889,0.10767600000000005,0.0353991
real,25/0.4 all_ankles,t27_tracking_lag_b1_diag_20260430_100024.csv,3,left,touchdown,left,pitch,1,39.99805450439453,0.0,0.055448,nan,0.03002452850341797,16.653050852841215,0.578289836796394,0.002517999999999909,0.055448
real,25/0.4 all_ankles,t27_tracking_lag_b1_diag_20260430_100024.csv,3,left,touchdown,left,pitch,2,39.99805450439453,0.025612000000000024,0.10049319999999999,3.923676401686705,0.03002166748046875,16.654637865311308,0.5141138713705456,0.12331799999999998,0.10049319999999999
real,25/0.4 all_ankles,t27_tracking_lag_b1_diag_20260430_100024.csv,3,left,touchdown,left,pitch,3,39.99805450439453,0.026183999999999985,0.1095365,4.1833371524595195,0.029877185821533203,16.735177234786217,0.43172436759937305,0.026183999999999985,0.1095365
real,25/0.4 all_ankles,t27_tracking_lag_b1_diag_20260430_100024.csv,3,left,touchdown,right,roll,1,39.99805450439453,0.0582399,0.0524766,0.9010420690969593,0.020009756088256836,24.987810835607135,0.0702890405609343,0.2822473,0.0524766
real,25/0.4 all_ankles,t27_tracking_lag_b1_diag_20260430_100024.csv,3,left,touchdown,right,roll,2,39.99805450439453,0.0396379,0.013825500000000004,0.34879496643364066,0.02001333236694336,24.983345643420456,0.0701977173235448,0.12998423999999997,0.013825500000000004
real,25/0.4 all_ankles,t27_tracking_lag_b1_diag_20260430_100024.csv,3,left,touchdown,right,roll,3,39.99805450439453,0.0009471999999999953,0.007402400000000003,nan,0.03002166748046875,16.654637865311308,0.05876529911644286,0.01729019999999999,0.007604200000000005
real,25/0.4 all_ankles,t27_tracking_lag_b1_diag_20260430_100024.csv,3,left,touchdown,right,roll,4,39.99805450439453,0.0025261000000000033,0.0385732,nan,0.029877185821533203,16.735177234786217,0.044470919846428855,0.013119900000000004,0.0385732
real,25/0.4 all_ankles,t27_tracking_lag_b1_diag_20260430_100024.csv,3,left,touchdown,right,pitch,1,0.0,0.684234,0.03522700000000001,0.051483849092561915,0.04999876022338867,10.000247961470603,0.312343572116617,0.6940679999999999,0.03523499999999996
real,25/0.4 all_ankles,t27_tracking_lag_b1_diag_20260430_100024.csv,3,left,touchdown,right,pitch,2,0.0,0.06363600000000003,0.070462,1.1072663272361551,0.04985690116882324,10.028701910432058,0.14266869103041963,0.07616400000000001,0.070462
real,25/0.4 all_ankles,t27_tracking_lag_b1_diag_20260430_100024.csv,3,left,touchdown,right,pitch,3,0.0,0.0018620000000000303,0.041989,nan,0.020104169845581055,24.87046238867213,0.0582591064984694,0.0027599999999999847,0.041989
real,25/0.4 all_ankles,t27_tracking_lag_b1_diag_20260430_100024.csv,4,right,swing,left,roll,1,49.997568130493164,0.136675,0.0206364,0.15098884214377173,0.06001901626586914,8.330693022110289,0.49059490926978355,0.15738300000000005,0.0807524
real,25/0.4 all_ankles,t27_tracking_lag_b1_diag_20260430_100024.csv,4,right,swing,left,roll,2,49.997568130493164,0.01051599999999997,0.0383777,3.6494579688094437,0.02003765106201172,24.953024606158678,0.424263231666792,0.07117200000000001,0.0383777
real,25/0.4 all_ankles,t27_tracking_lag_b1_diag_20260430_100024.csv,4,right,swing,left,roll,3,49.997568130493164,0.4930752,0.32208400000000004,0.6532147631841959,0.18993592262268066,2.6324667450784474,0.25863653141041965,0.49307520000000005,0.49884000000000006
real,25/0.4 all_ankles,t27_tracking_lag_b1_diag_20260430_100024.csv,4,right,swing,left,pitch,1,29.9985408782959,0.04131299999999999,0.049422999999999995,1.1963062474281705,0.020045995712280273,24.942637281604206,0.5174121396214691,0.05639299999999997,0.049422999999999995
real,25/0.4 all_ankles,t27_tracking_lag_b1_diag_20260430_100024.csv,4,right,swing,left,pitch,2,29.9985408782959,0.08225099999999996,0.2107039,2.561718398560505,0.24994659423828125,2.0004273373828636,0.33635990879811284,0.13461899999999993,0.30307209999999984
real,25/0.4 all_ankles,t27_tracking_lag_b1_diag_20260430_100024.csv,4,right,swing,left,pitch,3,29.9985408782959,0.14680500000000002,0.01673240000000001,0.1139770443785975,0.020003318786621094,24.99585220500596,0.1568553314425642,0.14680500000000002,0.01673240000000001
real,25/0.4 all_ankles,t27_tracking_lag_b1_diag_20260430_100024.csv,4,right,swing,right,roll,1,0.0,0.0005736999999999964,0.0275986,nan,0.020045995712280273,24.942637281604206,0.045551358731509506,0.016916699999999993,0.0275986
real,25/0.4 all_ankles,t27_tracking_lag_b1_diag_20260430_100024.csv,4,right,swing,right,roll,2,0.0,0.0025261000000000033,0.0030637000000000025,nan,0.029877185821533203,16.735177234786217,0.06650819760775735,0.013119900000000004,0.004644900000000007
real,25/0.4 all_ankles,t27_tracking_lag_b1_diag_20260430_100024.csv,4,right,swing,right,roll,3,0.0,0.019898199999999998,0.02904480000000001,1.4596697188690442,0.030133485794067383,16.592836401902066,0.036944615370714036,0.06281320000000001,0.02904480000000001
real,25/0.4 all_ankles,t27_tracking_lag_b1_diag_20260430_100024.csv,4,right,swing,right,roll,4,0.0,0.008438600000000004,0.0319312,nan,0.020212411880493164,24.737275440272715,0.030423630266565277,0.01749479999999999,0.0319312
real,25/0.4 all_ankles,t27_tracking_lag_b1_diag_20260430_100024.csv,4,right,swing,right,roll,5,0.0,0.04320070000000001,0.003039410000000001,0.07035557294210512,0.04973125457763672,10.054039542063782,0.0647054047440888,0.055898500000000004,0.027828010000000004
real,25/0.4 all_ankles,t27_tracking_lag_b1_diag_20260430_100024.csv,4,right,swing,right,roll,6,0.0,0.0009510500000000002,0.02330915,nan,0.020094871520996094,24.88197048075554,0.012292746009885938,0.010592770000000001,0.02330915
real,25/0.4 all_ankles,t27_tracking_lag_b1_diag_20260430_100024.csv,4,right,swing,right,roll,7,0.0,0.06812238999999999,0.0290733,0.4267803874761294,0.05996561050415039,8.338112391357937,0.02184891266386401,0.10965219,0.032214099999999996
real,25/0.4 all_ankles,t27_tracking_lag_b1_diag_20260430_100024.csv,4,right,swing,right,roll,8,0.0,0.004956200000000001,0.007987000000000001,nan,0.020165205001831055,24.795185566157084,0.1446219351294494,0.33088720000000005,0.016050799999999997
real,25/0.4 all_ankles,t27_tracking_lag_b1_diag_20260430_100024.csv,4,right,swing,right,pitch,1,199.99027252197266,0.026180000000000037,0.0016420000000000323,0.06271963330786975,0.020045995712280273,24.942637281604206,0.05453087694753007,0.08929400000000004,0.0018460000000000143
real,25/0.4 all_ankles,t27_tracking_lag_b1_diag_20260430_100024.csv,4,right,swing,right,pitch,2,199.99027252197266,0.06363600000000003,0.0023380000000000067,0.03674020994405691,0.04985690116882324,10.028701910432058,0.09836656222856763,0.07616400000000001,0.0023679999999999812
real,25/0.4 all_ankles,t27_tracking_lag_b1_diag_20260430_100024.csv,4,right,swing,right,pitch,3,199.99027252197266,0.01874899999999996,0.169516,9.041335537895373,0.030187606811523438,16.563088393252038,0.07586907880190717,0.023370999999999975,0.169516
real,25/0.4 all_ankles,t27_tracking_lag_b1_diag_20260430_100024.csv,4,right,touchdown,left,roll,1,0.0,0.0097749,0.056156999999999985,nan,0.029816150665283203,16.769434982168274,0.23251939592797372,0.09795182,0.056156999999999985
real,25/0.4 all_ankles,t27_tracking_lag_b1_diag_20260430_100024.csv,4,right,touchdown,left,roll,2,0.0,0.03809486,0.029427999999999982,0.7724926669897194,0.020009517669677734,24.988108571837095,0.2168470775656535,0.08953913999999999,0.029427999999999982
real,25/0.4 all_ankles,t27_tracking_lag_b1_diag_20260430_100024.csv,4,right,touchdown,left,roll,3,0.0,0.0801951,0.2321898,2.8953115589356457,0.04998040199279785,10.00392113837039,0.10529734472957204,0.08432549999999997,0.23218979999999997
real,25/0.4 all_ankles,t27_tracking_lag_b1_diag_20260430_100024.csv,4,right,touchdown,left,roll,4,0.0,0.0191464,0.0900442,4.702931099318932,0.020085573196411133,24.89348922784735,0.1626572459445321,0.0191464,0.0900442
real,25/0.4 all_ankles,t27_tracking_lag_b1_diag_20260430_100024.csv,4,right,touchdown,left,pitch,1,29.9985408782959,0.038606999999999975,0.0285513,0.7395368715517917,0.029816150665283203,16.769434982168274,0.19049426719228324,0.073987,0.0285513
real,25/0.4 all_ankles,t27_tracking_lag_b1_diag_20260430_100024.csv,4,right,touchdown,left,pitch,2,29.9985408782959,0.096051,0.13247199999999998,1.3791839751798523,0.04999399185180664,10.001201774047404,0.09739911193725878,0.096051,0.13247199999999998
real,25/0.4 all_ankles,t27_tracking_lag_b1_diag_20260430_100024.csv,4,right,touchdown,right,roll,1,0.0,0.22638149999999999,0.0243978,0.10777294081009271,0.04982566833496094,10.034988324465031,0.25416256147545724,0.6289134999999999,0.046781328000000004
real,25/0.4 all_ankles,t27_tracking_lag_b1_diag_20260430_100024.csv,4,right,touchdown,right,roll,2,0.0,0.01719799999999999,0.009140699999999998,0.5314978485870452,0.020000219345092773,24.999725821641018,0.23305516535488616,0.26681799999999994,0.009140699999999998
real,25/0.4 all_ankles,t27_tracking_lag_b1_diag_20260430_100024.csv,4,right,touchdown,right,roll,3,0.0,0.037665000000000004,0.01678955,0.445759989380061,0.02003002166748047,24.962529162500594,0.26989114529846564,0.17158500000000004,0.01678955
real,25/0.4 all_ankles,t27_tracking_lag_b1_diag_20260430_100024.csv,4,right,touchdown,right,roll,4,0.0,0.09838599999999999,0.01080802,0.1098532311507735,0.019958972930908203,25.05138925388824,0.14651873785683284,0.10840599999999999,0.01080802
real,25/0.4 all_ankles,t27_tracking_lag_b1_diag_20260430_100024.csv,4,right,touchdown,right,roll,5,0.0,0.015247999999999998,0.00594513,0.38989572402938094,0.020085573196411133,24.89348922784735,0.11610349703107554,0.06100400000000002,0.00594513
real,25/0.4 all_ankles,t27_tracking_lag_b1_diag_20260430_100024.csv,4,right,touchdown,right,pitch,1,0.0,0.0,0.29163700000000004,nan,0.12990045547485352,3.84910120732249,0.4769853500393189,0.0,0.2955304000000001
real,25/0.4 all_ankles,t27_tracking_lag_b1_diag_20260430_100024.csv,5,left,swing,left,roll,1,179.9912452697754,0.0014362300000000001,0.01103599999999999,nan,0.019961118698120117,25.048696296119346,0.23130068497394388,0.03286363,0.01103599999999999
real,25/0.4 all_ankles,t27_tracking_lag_b1_diag_20260430_100024.csv,5,left,swing,left,roll,2,179.9912452697754,0.00277654,0.08554599999999998,nan,0.03998088836669922,12.505975240321542,0.17894994597903024,0.11050325999999999,0.08554599999999998
real,25/0.4 all_ankles,t27_tracking_lag_b1_diag_20260430_100024.csv,5,left,swing,left,roll,3,179.9912452697754,0.03809486,0.07986700000000001,2.096529558055864,0.020009517669677734,24.988108571837095,0.11173891311428263,0.08953913999999999,0.07986700000000001
real,25/0.4 all_ankles,t27_tracking_lag_b1_diag_20260430_100024.csv,5,left,swing,left,roll,4,179.9912452697754,0.0822603,0.1409345,1.7132748117864876,0.03998517990112305,12.504632997436051,0.03193308584794147,0.08226029999999998,0.1409345
real,25/0.4 all_ankles,t27_tracking_lag_b1_diag_20260430_100024.csv,5,left,swing,left,pitch,1,79.99610900878906,0.005584999999999979,0.0311322,nan,0.019961118698120117,25.048696296119346,0.08667899386279622,0.04533099999999998,0.0311322
real,25/0.4 all_ankles,t27_tracking_lag_b1_diag_20260430_100024.csv,5,left,swing,left,pitch,2,79.99610900878906,0.09879799999999997,0.044058,0.4459402012186483,0.020110130310058594,24.863091003936074,0.12618529636609804,0.11362799999999998,0.044058
real,25/0.4 all_ankles,t27_tracking_lag_b1_diag_20260430_100024.csv,5,left,swing,left,pitch,3,79.99610900878906,0.03119199999999997,0.04955599999999999,1.5887407027442946,0.019870758056640625,25.16260318679209,0.08641955288012082,0.06657199999999999,0.04955599999999999
real,25/0.4 all_ankles,t27_tracking_lag_b1_diag_20260430_100024.csv,5,left,swing,left,pitch,4,79.99610900878906,0.08284399999999997,0.14237,1.71853121529622,0.059989213943481445,8.334831666090384,0.04562728710666771,0.10925800000000002,0.14237
real,25/0.4 all_ankles,t27_tracking_lag_b1_diag_20260430_100024.csv,5,left,swing,left,pitch,5,79.99610900878906,0.012487999999999999,0.03200200000000003,2.562620115310701,0.020085573196411133,24.89348922784735,0.09364188026554501,0.032496000000000025,0.03200200000000003
real,25/0.4 all_ankles,t27_tracking_lag_b1_diag_20260430_100024.csv,5,left,swing,left,pitch,6,79.99610900878906,0.014263999999999999,0.011786999999999992,0.8263460459899041,0.040084123611450195,12.47376654275093,0.0938922819650263,0.026015999999999984,0.019757000000000025
real,25/0.4 all_ankles,t27_tracking_lag_b1_diag_20260430_100024.csv,5,left,swing,left,pitch,7,79.99610900878906,0.005973000000000006,0.015606999999999982,nan,0.019783735275268555,25.27328601212355,0.09700810298114278,0.027768999999999933,0.015606999999999982
real,25/0.4 all_ankles,t27_tracking_lag_b1_diag_20260430_100024.csv,5,left,swing,right,roll,1,49.997568130493164,0.1125987,0.0022001999999999994,0.019540190073242404,0.030125856399536133,16.597038549506557,0.10977034381759151,0.4385297,0.024583728
real,25/0.4 all_ankles,t27_tracking_lag_b1_diag_20260430_100024.csv,5,left,swing,right,roll,2,49.997568130493164,0.22209299999999998,0.020283164,0.09132734485103088,0.03988027572631836,12.53752615531775,0.2770887027636749,0.624625,0.021920564
real,25/0.4 all_ankles,t27_tracking_lag_b1_diag_20260430_100024.csv,5,left,swing,right,roll,3,49.997568130493164,0.01719799999999999,0.009690536000000001,0.5634687754390049,0.020000219345092773,24.999725821641018,0.21179085130575037,0.26681799999999994,0.009690536
real,25/0.4 all_ankles,t27_tracking_lag_b1_diag_20260430_100024.csv,5,left,swing,right,roll,4,49.997568130493164,0.037665000000000004,0.001984340000000001,0.05268392406743663,0.02003002166748047,24.962529162500594,0.24627419866640085,0.17158500000000004,0.007484939999999999
real,25/0.4 all_ankles,t27_tracking_lag_b1_diag_20260430_100024.csv,5,left,swing,right,roll,5,49.997568130493164,0.09838599999999999,0.01886716,0.19176671477649262,0.019958972930908203,25.05138925388824,0.145471133940272,0.10840599999999999,0.01886716
real,25/0.4 all_ankles,t27_tracking_lag_b1_diag_20260430_100024.csv,5,left,swing,right,roll,6,49.997568130493164,0.015247999999999998,0.016146,1.0588929695697797,0.020085573196411133,24.89348922784735,0.14611068081837825,0.06100400000000002,0.016146
real,25/0.4 all_ankles,t27_tracking_lag_b1_diag_20260430_100024.csv,5,left,swing,right,roll,7,49.997568130493164,0.03565099999999999,0.0009976000000000013,0.027982384785840555,0.020011425018310547,24.985726880644314,0.15585378408763986,0.090196,0.006745399999999999
real,25/0.4 all_ankles,t27_tracking_lag_b1_diag_20260430_100024.csv,5,left,swing,right,roll,8,49.997568130493164,0.10191500000000003,0.0094563,0.09278614531717605,0.0398564338684082,12.545026021415326,0.23502714575931863,0.11932099999999995,0.0116543
real,25/0.4 all_ankles,t27_tracking_lag_b1_diag_20260430_100024.csv,5,left,swing,right,pitch,1,0.0,0.0,0.531635,nan,0.3100302219390869,1.6127459989956636,0.49743449200792517,0.0,0.5579764000000002
real,25/0.4 all_ankles,t27_tracking_lag_b1_diag_20260430_100024.csv,5,left,touchdown,left,roll,1,0.0,0.10037940000000001,0.0023444000000000034,0.023355389651661628,0.04995441436767578,10.009125446249595,0.15168262463534776,0.16541659999999997,0.1540132
real,25/0.4 all_ankles,t27_tracking_lag_b1_diag_20260430_100024.csv,5,left,touchdown,left,roll,2,0.0,0.373035,0.0525259,0.14080689479539454,0.060002803802490234,8.332943934517424,0.4311960216807565,0.49001300000000003,0.1439731
real,25/0.4 all_ankles,t27_tracking_lag_b1_diag_20260430_100024.csv,5,left,touchdown,left,roll,3,0.0,0.030437999999999965,0.0055739,0.1831230698469021,0.019957780838012695,25.05288559175238,0.5830369329543741,0.11142999999999992,0.005666499999999998
real,25/0.4 all_ankles,t27_tracking_lag_b1_diag_20260430_100024.csv,5,left,touchdown,left,pitch,1,0.0,0.06240300000000004,0.189252,3.0327388106341022,0.04995441436767578,10.009125446249595,0.0552612718185168,0.17926899999999996,0.189252
real,25/0.4 all_ankles,t27_tracking_lag_b1_diag_20260430_100024.csv,5,left,touchdown,left,pitch,2,0.0,0.01937899999999998,0.2271863,11.723324216935872,0.08996272087097168,5.557857689932711,0.395892918096863,0.01937899999999998,0.22718629999999998
real,25/0.4 all_ankles,t27_tracking_lag_b1_diag_20260430_100024.csv,5,left,touchdown,right,roll,1,9.999513626098633,0.2311219,0.012345000000000002,0.05341337190460965,0.0599515438079834,8.340068799586406,0.11054445017676955,0.3752361,0.014166399999999989
real,25/0.4 all_ankles,t27_tracking_lag_b1_diag_20260430_100024.csv,5,left,touchdown,right,roll,2,9.999513626098633,0.03541609999999999,0.011093099999999995,0.31322195272771414,0.020066499710083008,24.917150834669993,0.0641128774360245,0.21273228,0.011093099999999995
real,25/0.4 all_ankles,t27_tracking_lag_b1_diag_20260430_100024.csv,5,left,touchdown,right,roll,3,9.999513626098633,0.08948900000000001,0.005143100000000005,0.05747186805082193,0.020008325576782227,24.98959735942136,0.1738970456596086,0.20904299999999995,0.005143100000000005
real,25/0.4 all_ankles,t27_tracking_lag_b1_diag_20260430_100024.csv,5,left,touchdown,right,roll,4,9.999513626098633,0.1659065,0.047924299999999996,0.28886330553655215,0.03998732566833496,12.503961984032816,0.0821765552664262,0.1982429,0.047924299999999996
real,25/0.4 all_ankles,t27_tracking_lag_b1_diag_20260430_100024.csv,5,left,touchdown,right,pitch,1,0.0,0.087781,0.061849299999999996,0.7045864139164512,0.0800180435180664,6.248590668017401,0.5056492946573248,0.5721718,0.061849299999999996
real,25/0.4 all_ankles,t27_tracking_lag_b1_diag_20260430_100024.csv,5,left,touchdown,right,pitch,2,0.0,0.007787999999999962,0.0522468,nan,0.020008325576782227,24.98959735942136,0.41385774007154924,0.18334999999999996,0.0522468
real,25/0.4 all_ankles,t27_tracking_lag_b1_diag_20260430_100024.csv,5,left,touchdown,right,pitch,3,0.0,0.03159700000000004,0.0816692,2.5847137386460703,0.02993011474609375,16.705582462401225,0.2943543537192036,0.05973900000000004,0.0816692
real,25/0.4 all_ankles,t27_tracking_lag_b1_diag_20260430_100024.csv,5,left,touchdown,right,pitch,4,0.0,0.019359000000000015,0.07720969999999999,3.988310346608809,0.019957780838012695,25.05288559175238,0.20992692991185447,0.019359000000000015,0.07720969999999999
real,25/0.4 all_ankles,t27_tracking_lag_b1_diag_20260430_100024.csv,6,right,swing,left,roll,1,119.9941635131836,0.05974999999999997,0.03992002,0.6681174895397493,0.029959917068481445,16.688964754378844,0.5593444389049292,0.14074199999999992,0.03992002
real,25/0.4 all_ankles,t27_tracking_lag_b1_diag_20260430_100024.csv,6,right,swing,left,roll,2,119.9941635131836,0.266979,0.028561080000000003,0.10697875113772994,0.03001570701599121,16.657945112990983,0.4336142933273758,0.28363900000000003,0.028561080000000003
real,25/0.4 all_ankles,t27_tracking_lag_b1_diag_20260430_100024.csv,6,right,swing,left,roll,3,119.9941635131836,0.01902799999999999,0.0013972999999999972,0.0734338869035105,0.020009756088256836,24.987810835607135,0.3584743387964332,0.09207599999999999,0.0031435000000000005
real,25/0.4 all_ankles,t27_tracking_lag_b1_diag_20260430_100024.csv,6,right,swing,left,roll,4,119.9941635131836,0.007518999999999998,0.002091700000000002,nan,0.030081987380981445,16.62124226260769,0.3693022632120402,0.11827899999999997,0.0066324999999999995
real,25/0.4 all_ankles,t27_tracking_lag_b1_diag_20260430_100024.csv,6,right,swing,left,roll,5,119.9941635131836,0.222497,0.0045166999999999985,0.02030004898942457,0.08990216255187988,5.561601476621486,0.2636699743877088,0.222497,0.023992499999999993
real,25/0.4 all_ankles,t27_tracking_lag_b1_diag_20260430_100024.csv,6,right,swing,left,pitch,1,29.9985408782959,0.18402999999999997,0.08756470000000001,0.4758175297505843,0.29996275901794434,1.6668735866977709,0.46360330999391974,0.18402999999999997,0.1840121
real,25/0.4 all_ankles,t27_tracking_lag_b1_diag_20260430_100024.csv,6,right,swing,right,roll,1,199.99027252197266,0.0038394999999999957,0.01099420000000001,nan,0.02005934715270996,24.926035538123255,0.11930523983716447,0.028496900000000006,0.01099420000000001
real,25/0.4 all_ankles,t27_tracking_lag_b1_diag_20260430_100024.csv,6,right,swing,right,roll,2,199.99027252197266,0.0252198,0.031531,1.2502478211563932,0.03001570701599121,16.657945112990983,0.058482714709198476,0.0732222,0.031531
real,25/0.4 all_ankles,t27_tracking_lag_b1_diag_20260430_100024.csv,6,right,swing,right,roll,3,199.99027252197266,0.0182897,0.01683933,0.9207001755086196,0.030005693435668945,16.66350424701835,0.040728439863386,0.032530300000000005,0.021508529999999998
real,25/0.4 all_ankles,t27_tracking_lag_b1_diag_20260430_100024.csv,6,right,swing,right,roll,4,199.99027252197266,0.010125099999999998,0.03722846,3.676848623717297,0.03002333641052246,16.653712071279394,0.0426360108257433,0.010983300000000001,0.056850540000000005
real,25/0.4 all_ankles,t27_tracking_lag_b1_diag_20260430_100024.csv,6,right,swing,right,pitch,1,199.99027252197266,0.010969000000000007,0.101329,9.237760962713095,0.050045013427734375,9.991005411997866,0.2258179331426832,0.06572100000000003,0.101329
real,25/0.4 all_ankles,t27_tracking_lag_b1_diag_20260430_100024.csv,6,right,swing,right,pitch,2,199.99027252197266,0.03783299999999998,0.09790399999999999,2.5877937250548477,0.029940366744995117,16.69986223811306,0.1593021442769996,0.058468999999999965,0.09790399999999999
real,25/0.4 all_ankles,t27_tracking_lag_b1_diag_20260430_100024.csv,6,right,swing,right,pitch,3,199.99027252197266,0.03142900000000001,0.072129,2.2949823411498924,0.04998946189880371,10.002108064539208,0.059624697719708956,0.03142900000000001,0.11335899999999999
real,25/0.4 all_ankles,t27_tracking_lag_b1_diag_20260430_100024.csv,6,right,touchdown,left,roll,1,19.999027252197266,0.0408384,0.0086369,0.21148967638301208,0.019984006881713867,25.020007396890918,0.071998439896107,0.0439986,0.0086369
real,25/0.4 all_ankles,t27_tracking_lag_b1_diag_20260430_100024.csv,6,right,touchdown,left,roll,2,19.999027252197266,0.008305100000000003,0.0057012,nan,0.01987624168395996,25.155661112910384,0.0604467714678515,0.19412010000000002,0.0057012
real,25/0.4 all_ankles,t27_tracking_lag_b1_diag_20260430_100024.csv,6,right,touchdown,left,roll,3,19.999027252197266,0.0174157,0.02769635,1.5903093186033292,0.02998185157775879,16.67675522651547,0.05260291497199775,0.0217539,0.02769635
real,25/0.4 all_ankles,t27_tracking_lag_b1_diag_20260430_100024.csv,6,right,touchdown,left,roll,4,19.999027252197266,0.05912,0.057509349999999994,0.9727562584573748,0.030004024505615234,16.664431130111407,0.06355471587212275,0.0697052,0.057509349999999994
real,25/0.4 all_ankles,t27_tracking_lag_b1_diag_20260430_100024.csv,6,right,touchdown,left,pitch,1,0.0,0.012300000000000005,0.04133260000000001,3.3603739837398368,0.029828786849975586,16.762331050027576,0.35020014604785643,0.06744799999999998,0.04133260000000001
real,25/0.4 all_ankles,t27_tracking_lag_b1_diag_20260430_100024.csv,6,right,touchdown,left,pitch,2,0.0,0.04657000000000003,0.003611000000000003,0.07753918831866011,0.019947528839111328,25.065761480171158,0.4299458183852938,0.140134,0.007415000000000033
real,25/0.4 all_ankles,t27_tracking_lag_b1_diag_20260430_100024.csv,6,right,touchdown,left,pitch,3,0.0,0.005747999999999975,0.026093999999999992,nan,0.020044565200805664,24.94441735158731,0.3564864131955101,0.04169200000000001,0.026093999999999992
real,25/0.4 all_ankles,t27_tracking_lag_b1_diag_20260430_100024.csv,6,right,touchdown,left,pitch,4,0.0,0.04899999999999999,0.1210017,2.4694224489795924,0.04007720947265625,12.475918522748906,0.23590758461861777,0.04899999999999999,0.1210017
real,25/0.4 all_ankles,t27_tracking_lag_b1_diag_20260430_100024.csv,6,right,touchdown,right,roll,1,39.99805450439453,0.45359119999999997,0.0552662,0.12184142902243254,0.029828786849975586,16.762331050027576,0.2518049068949893,0.59682528,0.0552662
real,25/0.4 all_ankles,t27_tracking_lag_b1_diag_20260430_100024.csv,6,right,touchdown,right,roll,2,39.99805450439453,0.22392,0.0562398,0.25116023579849944,0.020026683807373047,24.966689683087694,0.44432776577599403,0.40035999999999994,0.0562398
real,25/0.4 all_ankles,t27_tracking_lag_b1_diag_20260430_100024.csv,6,right,touchdown,right,roll,3,39.99805450439453,0.004742999999999997,0.018302299999999994,nan,0.019986629486083984,25.016724323034712,0.16505234660988616,0.4035874,0.018302299999999994
real,25/0.4 all_ankles,t27_tracking_lag_b1_diag_20260430_100024.csv,6,right,touchdown,right,roll,4,39.99805450439453,0.08101899999999998,0.009662399999999988,0.11926091410656747,0.02000570297241211,24.99287331664879,0.19844206185614985,0.21827900000000003,0.009662399999999988
real,25/0.4 all_ankles,t27_tracking_lag_b1_diag_20260430_100024.csv,6,right,touchdown,right,pitch,1,39.99805450439453,0.14809099999999997,0.13539199999999998,0.9142486714250022,0.059807777404785156,8.360116722210705,0.15891345371863355,0.5333424,0.13539199999999998
real,25/0.4 all_ankles,t27_tracking_lag_b1_diag_20260430_100024.csv,6,right,touchdown,right,pitch,2,39.99805450439453,0.00689300000000001,0.0385703,nan,0.02000570297241211,24.99287331664879,0.10491195854437506,0.09877299999999997,0.0385703
real,30/0.4 all_ankles,t27_tracking_lag_b1_diag_20260430_100314.csv,1,left,swing,left,roll,1,19.998788833618164,0.017836400000000002,0.0154301,0.8650904891121526,0.049855947494506836,10.02889374542707,0.04807114988528289,0.024803200000000004,0.017202300000000004
real,30/0.4 all_ankles,t27_tracking_lag_b1_diag_20260430_100314.csv,1,left,swing,left,roll,2,19.998788833618164,0.0343436,0.0663388,1.9316204474778416,0.07025575637817383,7.116854557918242,0.029379824298332052,0.06863459999999999,0.0663388
real,30/0.4 all_ankles,t27_tracking_lag_b1_diag_20260430_100314.csv,1,left,swing,left,roll,3,19.998788833618164,0.42413290000000003,0.054777586999999996,0.1291519403469997,0.06984567642211914,7.1586392402902845,0.24728452358865152,0.6383729,0.11778049300000001
real,30/0.4 all_ankles,t27_tracking_lag_b1_diag_20260430_100314.csv,1,left,swing,left,roll,4,19.998788833618164,0.007396999999999987,0.0098876,nan,0.029849529266357422,16.750682918257482,0.45263597549493345,0.299245,0.0135188
real,30/0.4 all_ankles,t27_tracking_lag_b1_diag_20260430_100314.csv,1,left,swing,left,roll,5,19.998788833618164,0.07899500000000004,0.008800000000000002,0.11139945566175072,0.020048856735229492,24.939077903699562,0.3544995459520035,0.083897,0.008800000000000002
real,30/0.4 all_ankles,t27_tracking_lag_b1_diag_20260430_100314.csv,1,left,swing,left,roll,6,19.998788833618164,0.18678,0.0018260000000000012,0.009776207302709077,0.0399782657623291,12.506795641724464,0.484260231528671,0.19811600000000001,0.02466399999999999
real,30/0.4 all_ankles,t27_tracking_lag_b1_diag_20260430_100314.csv,1,left,swing,left,pitch,1,9.999394416809082,0.0002650000000000152,0.012395999999999963,nan,0.020097732543945312,24.878428395178894,0.0133835205881462,0.00982299999999997,0.012395999999999963
real,30/0.4 all_ankles,t27_tracking_lag_b1_diag_20260430_100314.csv,1,left,swing,left,pitch,2,9.999394416809082,0.10109000000000001,0.025204999999999977,0.24933227816796888,0.08986306190490723,5.5640214054702275,0.07157294059419383,0.14385000000000003,0.029509000000000063
real,30/0.4 all_ankles,t27_tracking_lag_b1_diag_20260430_100314.csv,1,left,swing,left,pitch,3,9.999394416809082,0.022798000000000013,0.18376520000000002,8.060584261777345,0.05000877380371094,9.998245547122316,0.08504002790905782,0.16972399999999996,0.18376520000000002
real,30/0.4 all_ankles,t27_tracking_lag_b1_diag_20260430_100314.csv,1,left,swing,left,pitch,4,9.999394416809082,0.24125210000000002,0.0985931,0.4086725048196471,0.020073890686035156,24.90797662596798,0.21890136630264173,0.8594499,0.0985931
real,30/0.4 all_ankles,t27_tracking_lag_b1_diag_20260430_100314.csv,1,left,swing,left,pitch,5,9.999394416809082,0.111594,0.0059468,0.05328960338369447,0.049898386001586914,10.020364185408694,0.08534820550050637,0.1872262,0.0413682
real,30/0.4 all_ankles,t27_tracking_lag_b1_diag_20260430_100314.csv,1,left,swing,left,pitch,6,9.999394416809082,0.00979569999999999,0.00796355,nan,0.020033836364746094,24.957775979435425,0.07740907985762868,0.05481749999999999,0.00796355
real,30/0.4 all_ankles,t27_tracking_lag_b1_diag_20260430_100314.csv,1,left,swing,left,pitch,7,9.999394416809082,0.1743862,0.00798431,0.045785216949506324,0.019977569580078125,25.028069505442048,0.082045267866527,0.1743862,0.00798431
real,30/0.4 all_ankles,t27_tracking_lag_b1_diag_20260430_100314.csv,1,left,swing,right,roll,1,199.98788833618164,0.0011160000000000059,0.002203,nan,0.020097732543945312,24.878428395178894,0.3272323420576324,0.025686000000000098,0.002203
real,30/0.4 all_ankles,t27_tracking_lag_b1_diag_20260430_100314.csv,1,left,swing,right,roll,2,199.98788833618164,0.17494799999999996,0.0002687000000000002,0.0015358849486704635,0.09018659591674805,5.544061120363762,0.26217398421782623,0.17494799999999996,0.042098300000000005
real,30/0.4 all_ankles,t27_tracking_lag_b1_diag_20260430_100314.csv,1,left,swing,right,pitch,1,109.9933385848999,0.23508799999999996,0.006189,0.026326311849179884,0.0600581169128418,8.325269350779271,0.11407300854402723,0.262358,0.006234999999999935
real,30/0.4 all_ankles,t27_tracking_lag_b1_diag_20260430_100314.csv,1,left,swing,right,pitch,2,109.9933385848999,0.323236,0.04766099999999998,0.14744954151146525,0.07016301155090332,7.1262619569464976,0.30900588410245117,0.411878,0.04766099999999998
real,30/0.4 all_ankles,t27_tracking_lag_b1_diag_20260430_100314.csv,1,left,swing,right,pitch,3,109.9933385848999,0.387489,0.04103800000000002,0.10590752253612366,0.03987717628479004,12.538500630765828,0.2334026232166254,0.567355,0.04103800000000002
real,30/0.4 all_ankles,t27_tracking_lag_b1_diag_20260430_100314.csv,1,left,swing,right,pitch,4,109.9933385848999,0.05077100000000001,0.020506999999999997,0.4039116818656318,0.019955873489379883,25.055280104180355,0.04120052029606746,0.09048899999999993,0.020506999999999997
real,30/0.4 all_ankles,t27_tracking_lag_b1_diag_20260430_100314.csv,1,left,touchdown,left,roll,1,39.99757766723633,0.0014499999999999513,0.02435253,nan,0.019946813583374023,25.066660291885302,0.5013878736037284,0.04764199999999996,0.02435253
real,30/0.4 all_ankles,t27_tracking_lag_b1_diag_20260430_100314.csv,1,left,touchdown,left,roll,2,39.99757766723633,0.016521000000000063,0.028485,1.724169239150166,0.020427703857421875,24.4765639589169,0.451104424911317,0.043337000000000014,0.028485
real,30/0.4 all_ankles,t27_tracking_lag_b1_diag_20260430_100314.csv,1,left,touchdown,left,roll,3,39.99757766723633,0.009895000000000043,0.0418013,nan,0.019589900970458984,25.523355159068227,0.4215144464673265,0.022780999999999996,0.0418013
real,30/0.4 all_ankles,t27_tracking_lag_b1_diag_20260430_100314.csv,1,left,touchdown,left,roll,4,39.99757766723633,0.014986000000000055,0.06708660000000001,4.476618176965152,0.03003215789794922,16.64882029786288,0.3569115475085389,0.022646000000000055,0.06708660000000001
real,30/0.4 all_ankles,t27_tracking_lag_b1_diag_20260430_100314.csv,1,left,touchdown,left,pitch,1,39.99757766723633,0.48253729999999995,0.1771119,0.3670429208270532,0.10006380081176758,4.9968119933857205,0.22790892060632467,0.4825373,0.1771119
real,30/0.4 all_ankles,t27_tracking_lag_b1_diag_20260430_100314.csv,1,left,touchdown,right,roll,1,39.99757766723633,0.0012209999999999999,0.0344425,nan,0.019946813583374023,25.066660291885302,0.01496734605610939,0.010763799999999997,0.0344425
real,30/0.4 all_ankles,t27_tracking_lag_b1_diag_20260430_100314.csv,1,left,touchdown,right,roll,2,39.99757766723633,0.012378899999999998,0.03743369999999999,3.0239924387465766,0.030025005340576172,16.652786380167388,0.033437598263519164,0.013537900000000005,0.03743369999999999
real,30/0.4 all_ankles,t27_tracking_lag_b1_diag_20260430_100314.csv,1,left,touchdown,right,roll,3,39.99757766723633,0.0019606,0.007469199999999995,nan,0.020032644271850586,24.959261154683837,0.05477243568827907,0.013093799999999996,0.007469199999999995
real,30/0.4 all_ankles,t27_tracking_lag_b1_diag_20260430_100314.csv,1,left,touchdown,right,roll,4,39.99757766723633,0.022563600000000003,0.016716899999999993,0.7408791150348345,0.02006673812866211,24.91685478696861,0.06448438205625194,0.022563600000000003,0.016716899999999993
real,30/0.4 all_ankles,t27_tracking_lag_b1_diag_20260430_100314.csv,1,left,touchdown,right,pitch,1,0.0,0.185016,0.05848399999999998,0.3161023911445495,0.05996441841125488,8.338278153068082,0.1254063239473991,0.20345400000000002,0.05848399999999998
real,30/0.4 all_ankles,t27_tracking_lag_b1_diag_20260430_100314.csv,1,left,touchdown,right,pitch,2,0.0,0.11569800000000002,0.03188400000000002,0.27557952600736413,0.06017017364501953,8.30976495015295,0.11877028782305543,0.12299399999999999,0.04304600000000003
real,30/0.4 all_ankles,t27_tracking_lag_b1_diag_20260430_100314.csv,1,left,touchdown,right,pitch,3,0.0,0.014963999999999977,0.02782399999999996,1.8593958834536222,0.019919395446777344,25.10116340307368,0.030246755556037164,0.045428000000000024,0.02782399999999996
real,30/0.4 all_ankles,t27_tracking_lag_b1_diag_20260430_100314.csv,2,right,swing,left,roll,1,49.99697208404541,0.007396999999999987,0.013788100000000001,nan,0.029849529266357422,16.750682918257482,0.4613637483130908,0.299245,0.013788100000000001
real,30/0.4 all_ankles,t27_tracking_lag_b1_diag_20260430_100314.csv,2,right,swing,left,roll,2,49.99697208404541,0.07899500000000004,0.0009077000000000009,0.011490600670928545,0.020048856735229492,24.939077903699562,0.3663022089496276,0.083897,0.011954099999999992
real,30/0.4 all_ankles,t27_tracking_lag_b1_diag_20260430_100314.csv,2,right,swing,left,roll,3,49.99697208404541,0.18678,0.03320057,0.17775227540421887,0.0399782657623291,12.506795641724464,0.46931298080484635,0.19811600000000001,0.03320057
real,30/0.4 all_ankles,t27_tracking_lag_b1_diag_20260430_100314.csv,2,right,swing,left,roll,4,49.99697208404541,0.0014499999999999513,0.026207,nan,0.019946813583374023,25.066660291885302,0.48918740805264327,0.04764199999999996,0.026207
real,30/0.4 all_ankles,t27_tracking_lag_b1_diag_20260430_100314.csv,2,right,swing,left,roll,5,49.99697208404541,0.016521000000000063,0.0408457,2.472350341988974,0.020427703857421875,24.4765639589169,0.43365432612235444,0.043337000000000014,0.0408457
real,30/0.4 all_ankles,t27_tracking_lag_b1_diag_20260430_100314.csv,2,right,swing,left,roll,6,49.99697208404541,0.009895000000000043,0.042760000000000006,nan,0.019589900970458984,25.523355159068227,0.39914021433466207,0.022780999999999996,0.042760000000000006
real,30/0.4 all_ankles,t27_tracking_lag_b1_diag_20260430_100314.csv,2,right,swing,left,roll,7,49.99697208404541,0.014986000000000055,0.059181,3.9490858134258495,0.03003215789794922,16.64882029786288,0.3354794856541156,0.022646000000000055,0.059181
real,30/0.4 all_ankles,t27_tracking_lag_b1_diag_20260430_100314.csv,2,right,swing,left,roll,8,49.99697208404541,0.218574,0.033346000000000015,0.1525616038504123,0.06002998352050781,8.329171035490738,0.2163423494375127,0.218574,0.06305200000000002
real,30/0.4 all_ankles,t27_tracking_lag_b1_diag_20260430_100314.csv,2,right,swing,left,pitch,1,69.99576091766357,0.111594,0.01993057,0.17859893901105797,0.049898386001586914,10.020364185408694,0.05947572880446765,0.1872262,0.019930569999999998
real,30/0.4 all_ankles,t27_tracking_lag_b1_diag_20260430_100314.csv,2,right,swing,left,pitch,2,69.99576091766357,0.00979569999999999,0.022186800000000003,nan,0.020033836364746094,24.957775979435425,0.11223155981128186,0.05481749999999999,0.022186800000000003
real,30/0.4 all_ankles,t27_tracking_lag_b1_diag_20260430_100314.csv,2,right,swing,left,pitch,3,69.99576091766357,0.46923319999999996,0.2149351,0.45805603695561187,0.1301274299621582,3.842387420895063,0.1705382492022307,0.49864519999999996,0.21493510000000002
real,30/0.4 all_ankles,t27_tracking_lag_b1_diag_20260430_100314.csv,2,right,swing,left,pitch,4,69.99576091766357,0.08185299999999995,0.0019979999999999998,0.02440961235385387,0.019919395446777344,25.10116340307368,0.10629757297636984,0.08185299999999995,0.004347999999999963
real,30/0.4 all_ankles,t27_tracking_lag_b1_diag_20260430_100314.csv,2,right,swing,right,roll,1,0.0,0.004336,0.002203,nan,0.019942283630371094,25.072354263306394,0.03827162133513552,0.026341999999999997,0.002203
real,30/0.4 all_ankles,t27_tracking_lag_b1_diag_20260430_100314.csv,2,right,swing,right,roll,2,0.0,0.0651287,0.0091275,0.14014558865753501,0.040001630783081055,12.499490401063303,0.0318693219123608,0.0700715,0.0112471
real,30/0.4 all_ankles,t27_tracking_lag_b1_diag_20260430_100314.csv,2,right,swing,right,roll,3,0.0,0.0018912999999999985,0.010996200000000001,nan,0.02003622055053711,24.954806159118494,0.048924246621826824,0.003595099999999997,0.010996200000000001
real,30/0.4 all_ankles,t27_tracking_lag_b1_diag_20260430_100314.csv,2,right,swing,right,roll,4,0.0,0.002443599999999997,0.008754400000000002,nan,0.029874086380004883,16.736913512262472,0.053561454563566514,0.0070992,0.008754400000000002
real,30/0.4 all_ankles,t27_tracking_lag_b1_diag_20260430_100314.csv,2,right,swing,right,roll,5,0.0,0.012378899999999998,0.0419514,3.388944090347285,0.030025005340576172,16.652786380167388,0.03063379730405624,0.013537900000000005,0.0419514
real,30/0.4 all_ankles,t27_tracking_lag_b1_diag_20260430_100314.csv,2,right,swing,right,roll,6,0.0,0.0019606,0.026870399999999996,nan,0.020032644271850586,24.959261154683837,0.020990854245520035,0.013093799999999996,0.026870399999999996
real,30/0.4 all_ankles,t27_tracking_lag_b1_diag_20260430_100314.csv,2,right,swing,right,roll,7,0.0,0.025910100000000002,0.0231629,0.8939718488157127,0.050020456314086914,9.995910410341228,0.07445823020809833,0.03605016,0.029695299999999994
real,30/0.4 all_ankles,t27_tracking_lag_b1_diag_20260430_100314.csv,2,right,swing,right,roll,8,0.0,0.0178166,0.1268601,7.120331600866608,0.05996227264404297,8.338576540755467,0.07786658296087894,0.2605556,0.1268601
real,30/0.4 all_ankles,t27_tracking_lag_b1_diag_20260430_100314.csv,2,right,swing,right,roll,9,0.0,0.1044345,0.0364027,0.3485696776448396,0.02002692222595215,24.96639245705306,0.16138923607429131,0.6386594999999999,0.0364027
real,30/0.4 all_ankles,t27_tracking_lag_b1_diag_20260430_100314.csv,2,right,swing,right,pitch,1,9.999394416809082,0.08196199999999998,0.022804000000000046,0.2782264952050957,0.029849529266357422,16.750682918257482,0.08568151797645744,0.15756599999999998,0.022804000000000046
real,30/0.4 all_ankles,t27_tracking_lag_b1_diag_20260430_100314.csv,2,right,swing,right,pitch,2,9.999394416809082,0.07982800000000001,0.07602899999999996,0.9524101818910652,0.07001996040344238,7.14082094761394,0.051714687864039155,0.08409599999999995,0.07602899999999996
real,30/0.4 all_ankles,t27_tracking_lag_b1_diag_20260430_100314.csv,2,right,swing,right,pitch,3,9.999394416809082,0.185016,0.05172500000000002,0.2795704155316298,0.05996441841125488,8.338278153068082,0.13055343796370458,0.20345400000000002,0.05172500000000002
real,30/0.4 all_ankles,t27_tracking_lag_b1_diag_20260430_100314.csv,2,right,swing,right,pitch,4,9.999394416809082,0.11569800000000002,0.05131800000000003,0.44355131462946656,0.06017017364501953,8.30976495015295,0.11620319356073776,0.12299399999999999,0.05131800000000003
real,30/0.4 all_ankles,t27_tracking_lag_b1_diag_20260430_100314.csv,2,right,swing,right,pitch,5,9.999394416809082,0.014963999999999977,0.027883999999999964,1.8634055065490516,0.019919395446777344,25.10116340307368,0.02212802592490647,0.045428000000000024,0.027883999999999964
real,30/0.4 all_ankles,t27_tracking_lag_b1_diag_20260430_100314.csv,2,right,swing,right,pitch,6,9.999394416809082,0.3737112,0.24953190000000003,0.6677131967144683,0.06003260612487793,8.32880716455847,0.14097475947634333,0.4866872,0.24953190000000003
real,30/0.4 all_ankles,t27_tracking_lag_b1_diag_20260430_100314.csv,2,right,touchdown,left,roll,1,39.99757766723633,0.15629571,0.0638582,0.4085729544336182,0.02003192901611328,24.960152344679837,0.06065768966987614,0.16982495,0.0638582
real,30/0.4 all_ankles,t27_tracking_lag_b1_diag_20260430_100314.csv,2,right,touchdown,left,roll,2,39.99757766723633,0.03499729,0.0755392,2.158429981292837,0.019945383071899414,25.068458108705787,0.023692995492453038,0.06357651,0.0755392
real,30/0.4 all_ankles,t27_tracking_lag_b1_diag_20260430_100314.csv,2,right,touchdown,left,roll,3,39.99757766723633,0.005405765000000001,0.05997250000000001,nan,0.019942760467529297,25.071754776080148,0.11401828264413379,0.049869135,0.05997250000000001
real,30/0.4 all_ankles,t27_tracking_lag_b1_diag_20260430_100314.csv,2,right,touchdown,left,roll,4,39.99757766723633,0.00025287499999999995,0.02993699999999999,nan,0.020000696182250977,24.999129802477082,0.14799444653199798,0.015116765,0.02993699999999999
real,30/0.4 all_ankles,t27_tracking_lag_b1_diag_20260430_100314.csv,2,right,touchdown,left,pitch,1,0.0,0.37215299999999996,0.031705999999999984,0.08519614244678933,0.039977312088012695,12.507093996195065,0.23711162410392284,0.678545,0.031705999999999984
real,30/0.4 all_ankles,t27_tracking_lag_b1_diag_20260430_100314.csv,2,right,touchdown,left,pitch,2,0.0,0.02410100000000004,0.038799,1.6098502136840769,0.019942760467529297,25.071754776080148,0.09280924765704478,0.09047700000000003,0.038799
real,30/0.4 all_ankles,t27_tracking_lag_b1_diag_20260430_100314.csv,2,right,touchdown,left,pitch,3,0.0,0.030062000000000033,0.031465999999999994,1.0467034794757488,0.020000696182250977,24.999129802477082,0.0874418177018296,0.12829600000000002,0.031465999999999994
real,30/0.4 all_ankles,t27_tracking_lag_b1_diag_20260430_100314.csv,2,right,touchdown,left,pitch,4,0.0,0.053284,0.025464,0.4778920501463854,0.019991397857666016,25.010757304710793,0.15852879179505533,0.058382000000000045,0.025464
real,30/0.4 all_ankles,t27_tracking_lag_b1_diag_20260430_100314.csv,2,right,touchdown,left,pitch,5,0.0,0.04336099999999998,0.014735999999999999,0.3398445607804249,0.020007610321044922,24.990490717128626,0.1623855010009617,0.05058099999999999,0.014735999999999999
real,30/0.4 all_ankles,t27_tracking_lag_b1_diag_20260430_100314.csv,2,right,touchdown,right,roll,1,39.99757766723633,0.2828083,0.013790400000000001,0.0487623595205657,0.02003192901611328,24.960152344679837,0.17046366068322794,0.46028569999999996,0.013790400000000001
real,30/0.4 all_ankles,t27_tracking_lag_b1_diag_20260430_100314.csv,2,right,touchdown,right,roll,2,39.99757766723633,0.2229773,0.0303601,0.1361578061982094,0.03990793228149414,12.52883753718949,0.20938602428036596,0.7418353000000001,0.0303601
real,30/0.4 all_ankles,t27_tracking_lag_b1_diag_20260430_100314.csv,2,right,touchdown,right,roll,3,39.99757766723633,0.11205900000000002,0.011582999999999996,0.10336519155087939,0.030127525329589844,16.596119147858566,0.3376921372715095,0.4865769999999999,0.015729000000000007
real,30/0.4 all_ankles,t27_tracking_lag_b1_diag_20260430_100314.csv,2,right,touchdown,right,pitch,1,39.99757766723633,0.4301992,0.008764099999999997,0.020372190371344245,0.09992432594299316,5.003786568300196,0.44687638473787133,0.4301992,0.0596773
real,30/0.4 all_ankles,t27_tracking_lag_b1_diag_20260430_100314.csv,3,left,swing,left,roll,1,89.99454975128174,0.13513133000000002,0.10986971000000001,0.8130587481082292,0.029910802841186523,16.716368418955003,0.16950884796539606,0.19098932999999998,0.10986971000000001
real,30/0.4 all_ankles,t27_tracking_lag_b1_diag_20260430_100314.csv,3,left,swing,left,roll,2,89.99454975128174,0.03499729,0.02993699999999999,0.8554090902467018,0.019945383071899414,25.068458108705787,0.14436547793496673,0.06357651,0.02993699999999999
real,30/0.4 all_ankles,t27_tracking_lag_b1_diag_20260430_100314.csv,3,left,swing,left,roll,3,89.99454975128174,0.005405765000000001,0.017303999999999986,nan,0.019942760467529297,25.071754776080148,0.16329095011397368,0.049869135,0.017303999999999986
real,30/0.4 all_ankles,t27_tracking_lag_b1_diag_20260430_100314.csv,3,left,swing,left,roll,4,89.99454975128174,0.00025287499999999995,0.049402600000000005,nan,0.020000696182250977,24.999129802477082,0.12149159633630253,0.015116765,0.049402600000000005
real,30/0.4 all_ankles,t27_tracking_lag_b1_diag_20260430_100314.csv,3,left,swing,left,roll,5,89.99454975128174,0.00486674,0.07548,nan,0.019991397857666016,25.010757304710793,0.07039072239250616,0.02933376,0.07548
real,30/0.4 all_ankles,t27_tracking_lag_b1_diag_20260430_100314.csv,3,left,swing,left,roll,6,89.99454975128174,0.00493391,0.1130701,nan,0.030138492584228516,16.59007989874219,0.06184931000611688,0.01299919,0.1130701
real,30/0.4 all_ankles,t27_tracking_lag_b1_diag_20260430_100314.csv,3,left,swing,left,roll,7,89.99454975128174,0.00505511,0.052764000000000005,nan,0.039995670318603516,12.501353171906482,0.18093770899677275,0.014657909999999998,0.06290199999999999
real,30/0.4 all_ankles,t27_tracking_lag_b1_diag_20260430_100314.csv,3,left,swing,left,roll,8,89.99454975128174,0.002342200000000001,0.035261000000000015,nan,0.019999980926513672,25.000023841880648,0.17868961434343902,0.01539806,0.035261000000000015
real,30/0.4 all_ankles,t27_tracking_lag_b1_diag_20260430_100314.csv,3,left,swing,left,pitch,1,169.9897050857544,0.3071344,0.01677200000000001,0.05460801525325724,0.01999068260192871,25.011652175987216,0.22394908225320623,0.6818316,0.01677200000000001
real,30/0.4 all_ankles,t27_tracking_lag_b1_diag_20260430_100314.csv,3,left,swing,left,pitch,2,169.9897050857544,0.008939000000000002,0.052375000000000005,nan,0.030057191848754883,16.63495387446557,0.06988318569584533,0.29745299999999997,0.052375000000000005
real,30/0.4 all_ankles,t27_tracking_lag_b1_diag_20260430_100314.csv,3,left,swing,left,pitch,3,169.9897050857544,0.02410100000000004,0.04407,1.828554831749717,0.019942760467529297,25.071754776080148,0.055461232709584335,0.09047700000000003,0.04407
real,30/0.4 all_ankles,t27_tracking_lag_b1_diag_20260430_100314.csv,3,left,swing,left,pitch,4,169.9897050857544,0.030062000000000033,0.036748999999999976,1.2224402900671922,0.020000696182250977,24.999129802477082,0.049701954844184285,0.12829600000000002,0.036748999999999976
real,30/0.4 all_ankles,t27_tracking_lag_b1_diag_20260430_100314.csv,3,left,swing,left,pitch,5,169.9897050857544,0.053284,0.036046999999999996,0.676507018992568,0.019991397857666016,25.010757304710793,0.027698336135346942,0.058382000000000045,0.036046999999999996
real,30/0.4 all_ankles,t27_tracking_lag_b1_diag_20260430_100314.csv,3,left,swing,left,pitch,6,169.9897050857544,0.04336099999999998,0.028386000000000022,0.654643573718319,0.020007610321044922,24.990490717128626,0.07550361198865477,0.05058099999999999,0.028386000000000022
real,30/0.4 all_ankles,t27_tracking_lag_b1_diag_20260430_100314.csv,3,left,swing,right,roll,1,9.999394416809082,0.016935000000000006,0.0388142,2.291951579568939,0.029910802841186523,16.716368418955003,0.16678088742147584,0.760029,0.0388142
real,30/0.4 all_ankles,t27_tracking_lag_b1_diag_20260430_100314.csv,3,left,swing,right,roll,2,9.999394416809082,0.2229773,0.0190066,0.0852400670382142,0.03990793228149414,12.52883753718949,0.22647826752902805,0.7418353000000001,0.023159399999999997
real,30/0.4 all_ankles,t27_tracking_lag_b1_diag_20260430_100314.csv,3,left,swing,right,roll,3,9.999394416809082,0.11205900000000002,0.008790300000000001,0.07844349851417556,0.030127525329589844,16.596119147858566,0.3472223537393906,0.4865769999999999,0.010046300000000008
real,30/0.4 all_ankles,t27_tracking_lag_b1_diag_20260430_100314.csv,3,left,swing,right,roll,4,9.999394416809082,0.016346000000000027,0.013656000000000001,0.8354337452587776,0.0199735164642334,25.033148313936138,0.23953048953664893,0.251932,0.013656000000000001
real,30/0.4 all_ankles,t27_tracking_lag_b1_diag_20260430_100314.csv,3,left,swing,right,roll,5,9.999394416809082,0.08045200000000002,0.01007799999999999,0.12526724009347173,0.030092239379882812,16.61557964124992,0.1944145518023278,0.12960599999999994,0.01007799999999999
real,30/0.4 all_ankles,t27_tracking_lag_b1_diag_20260430_100314.csv,3,left,swing,right,roll,6,9.999394416809082,0.030685000000000018,0.002714999999999995,0.08847971321492565,0.03999781608581543,12.500682510446284,0.20728191844683413,0.08316899999999999,0.008616999999999986
real,30/0.4 all_ankles,t27_tracking_lag_b1_diag_20260430_100314.csv,3,left,swing,right,roll,7,9.999394416809082,0.21800000000000003,0.011120500000000005,0.05101146788990828,0.06986403465270996,7.1567581586931075,0.13548190912534228,0.21800000000000003,0.016066100000000028
real,30/0.4 all_ankles,t27_tracking_lag_b1_diag_20260430_100314.csv,3,left,swing,right,pitch,1,29.998183250427246,0.036905999999999994,0.1531843,4.150661139110173,0.029910802841186523,16.716368418955003,0.34030887913722585,0.8234924,0.1531843
real,30/0.4 all_ankles,t27_tracking_lag_b1_diag_20260430_100314.csv,3,left,swing,right,pitch,2,29.998183250427246,0.036905999999999994,0.0567912,1.5388066980978705,0.2598686218261719,1.9240491463969585,0.4563983965338969,0.036905999999999994,0.1252326
real,30/0.4 all_ankles,t27_tracking_lag_b1_diag_20260430_100314.csv,3,left,touchdown,left,roll,1,19.998788833618164,0.01881301,0.312861,16.630034215683718,0.049881935119628906,10.023668865309244,0.12626441873011637,0.08514959,0.312861
real,30/0.4 all_ankles,t27_tracking_lag_b1_diag_20260430_100314.csv,3,left,touchdown,left,roll,2,19.998788833618164,0.5093441,0.024921000000000026,0.048927630652833766,0.06019926071166992,8.305749839600148,0.6185246521188452,0.5093441,0.164317
real,30/0.4 all_ankles,t27_tracking_lag_b1_diag_20260430_100314.csv,3,left,touchdown,left,pitch,1,39.99757766723633,0.00394300000000003,0.11305200000000001,nan,0.020007610321044922,24.990490717128626,0.07349621295912691,0.01113300000000006,0.11305200000000001
real,30/0.4 all_ankles,t27_tracking_lag_b1_diag_20260430_100314.csv,3,left,touchdown,left,pitch,2,39.99757766723633,0.10669000000000001,0.1028331,0.9638494704283437,0.019965648651123047,25.043013063934467,0.1380658424257668,0.14182599999999995,0.1028331
real,30/0.4 all_ankles,t27_tracking_lag_b1_diag_20260430_100314.csv,3,left,touchdown,left,pitch,3,39.99757766723633,0.169422,0.1669833,0.985605765485002,0.05029559135437012,9.941229172098314,0.4201585801440457,0.169422,0.1669833
real,30/0.4 all_ankles,t27_tracking_lag_b1_diag_20260430_100314.csv,3,left,touchdown,right,roll,1,39.99757766723633,0.13427601,0.039665299999999994,0.29540124107053817,0.049881935119628906,10.023668865309244,0.1268401369489452,0.5907619900000001,0.039665299999999994
real,30/0.4 all_ankles,t27_tracking_lag_b1_diag_20260430_100314.csv,3,left,touchdown,right,roll,2,39.99757766723633,0.273876,0.05908016000000001,0.2157186463947188,0.02003192901611328,24.960152344679837,0.37724550348776315,0.313292,0.05908016000000001
real,30/0.4 all_ankles,t27_tracking_lag_b1_diag_20260430_100314.csv,3,left,touchdown,right,pitch,1,39.99757766723633,0.21822599999999998,0.01375884,0.06304858266201095,0.10017752647399902,4.991139406199798,0.38153433670820874,0.21822599999999998,0.07786536
real,30/0.4 all_ankles,t27_tracking_lag_b1_diag_20260430_100314.csv,4,right,swing,left,roll,1,99.99394416809082,0.02732100000000004,0.0238654,0.8735185388528958,0.019923925399780273,25.095456340421457,0.5599537327376344,0.12176700000000007,0.0238654
real,30/0.4 all_ankles,t27_tracking_lag_b1_diag_20260430_100314.csv,4,right,swing,left,roll,2,99.99394416809082,0.153453,0.012762599999999999,0.083169439502649,0.04989004135131836,10.022040199948387,0.41886141776676966,0.34676100000000004,0.020352399999999993
real,30/0.4 all_ankles,t27_tracking_lag_b1_diag_20260430_100314.csv,4,right,swing,left,roll,3,99.99394416809082,0.14073999999999998,0.02548239999999999,0.18106011084268858,0.029892444610595703,16.72663465679784,0.22350540169658092,0.274136,0.02548239999999999
real,30/0.4 all_ankles,t27_tracking_lag_b1_diag_20260430_100314.csv,4,right,swing,left,roll,4,99.99394416809082,0.017403000000000002,0.010419999999999999,0.5987473424122276,0.019978761672973633,25.026576130410398,0.13765689101772804,0.05588099999999996,0.010419999999999999
real,30/0.4 all_ankles,t27_tracking_lag_b1_diag_20260430_100314.csv,4,right,swing,left,roll,5,99.99394416809082,0.010407,0.026957999999999996,2.590371865090804,0.020062923431396484,24.921592394533572,0.15336242890290958,0.02349300000000004,0.026957999999999996
real,30/0.4 all_ankles,t27_tracking_lag_b1_diag_20260430_100314.csv,4,right,swing,left,roll,6,99.99394416809082,0.370152,0.269615,0.7283899587196612,0.0698399543762207,7.159225753593009,0.1455984530291445,0.3701519999999999,0.269615
real,30/0.4 all_ankles,t27_tracking_lag_b1_diag_20260430_100314.csv,4,right,swing,left,pitch,1,49.99697208404541,0.206554,0.10999239999999999,0.5325115950308393,0.2798609733581543,1.7866013756770618,0.45891080617081564,0.34540799999999994,0.25120800000000004
real,30/0.4 all_ankles,t27_tracking_lag_b1_diag_20260430_100314.csv,4,right,swing,right,roll,1,169.9897050857544,0.0356262,0.0345716,0.970398190096053,0.019923925399780273,25.095456340421457,0.15247782910553476,0.03855320000000001,0.0345716
real,30/0.4 all_ankles,t27_tracking_lag_b1_diag_20260430_100314.csv,4,right,swing,right,roll,2,169.9897050857544,0.012508499999999999,0.017974000000000004,1.4369428788423877,0.03009343147277832,16.61492144730275,0.13892350934821113,0.021079099999999996,0.019573800000000016
real,30/0.4 all_ankles,t27_tracking_lag_b1_diag_20260430_100314.csv,4,right,swing,right,roll,3,169.9897050857544,0.039375400000000005,0.030267999999999996,0.7687033020616931,0.020013093948364258,24.98364327325145,0.15376553901196457,0.1290304,0.030267999999999996
real,30/0.4 all_ankles,t27_tracking_lag_b1_diag_20260430_100314.csv,4,right,swing,right,roll,4,169.9897050857544,0.014397900000000005,0.0651191,4.522819300036809,0.04000234603881836,12.499266905865944,0.07050595590435804,0.11619910000000001,0.0651191
real,30/0.4 all_ankles,t27_tracking_lag_b1_diag_20260430_100314.csv,4,right,swing,right,roll,5,169.9897050857544,0.004709099999999994,0.015579048,nan,0.019978761672973633,25.026576130410398,0.06249558256709325,0.030048500000000006,0.015579048
real,30/0.4 all_ankles,t27_tracking_lag_b1_diag_20260430_100314.csv,4,right,swing,right,roll,6,169.9897050857544,0.03180920000000001,0.059106052,1.8581433044527993,0.020062923431396484,24.921592394533572,0.0805419253055432,0.03180920000000001,0.059106052
real,30/0.4 all_ankles,t27_tracking_lag_b1_diag_20260430_100314.csv,4,right,swing,right,pitch,1,199.98788833618164,0.039075000000000026,0.004477999999999982,0.11460012795905257,0.029804229736328125,16.77614232689108,0.06695026274406995,0.12299100000000002,0.007668000000000008
real,30/0.4 all_ankles,t27_tracking_lag_b1_diag_20260430_100314.csv,4,right,swing,right,pitch,2,199.98788833618164,0.19413200000000003,0.12404599999999999,0.6389776028681514,0.09010887145996094,5.548843214867811,0.13073209799635666,0.25426340000000003,0.12404599999999999
real,30/0.4 all_ankles,t27_tracking_lag_b1_diag_20260430_100314.csv,4,right,touchdown,left,roll,1,29.998183250427246,0.02173259,0.008032000000000011,0.3695831927993862,0.03004312515258789,16.642742639473056,0.1824710058830033,0.19224601000000002,0.018626000000000004
real,30/0.4 all_ankles,t27_tracking_lag_b1_diag_20260430_100314.csv,4,right,touchdown,left,roll,2,29.998183250427246,0.006946290000000001,0.046693999999999986,nan,0.0200345516204834,24.956884959122227,0.17062542883835738,0.00984069,0.046693999999999986
real,30/0.4 all_ankles,t27_tracking_lag_b1_diag_20260430_100314.csv,4,right,touchdown,left,pitch,1,39.99757766723633,0.013180999999999998,0.0170789,1.2957211137243003,0.01997971534729004,25.02538155869262,0.2811872313815476,0.022553000000000045,0.0170789
real,30/0.4 all_ankles,t27_tracking_lag_b1_diag_20260430_100314.csv,4,right,touchdown,left,pitch,2,39.99757766723633,0.049489000000000005,0.0608013,1.2285821091555698,0.019929885864257812,25.087951000095703,0.2591744703340011,0.06694099999999992,0.0608013
real,30/0.4 all_ankles,t27_tracking_lag_b1_diag_20260430_100314.csv,4,right,touchdown,left,pitch,3,39.99757766723633,0.04382200000000003,0.0759732,1.7336771484642408,0.019997358322143555,25.003302533532043,0.21710869516983114,0.13390000000000002,0.0759732
real,30/0.4 all_ankles,t27_tracking_lag_b1_diag_20260430_100314.csv,4,right,touchdown,left,pitch,4,39.99757766723633,0.033495,0.087365,2.608299746230781,0.02004075050354004,24.94916544725603,0.12482711477346044,0.033495,0.087365
real,30/0.4 all_ankles,t27_tracking_lag_b1_diag_20260430_100314.csv,4,right,touchdown,right,roll,1,0.0,0.26509499999999997,0.059106052,0.22296177596710615,0.01997971534729004,25.02538155869262,0.16193552984261475,0.479009,0.059106052
real,30/0.4 all_ankles,t27_tracking_lag_b1_diag_20260430_100314.csv,4,right,touchdown,right,roll,2,0.0,0.117862,0.0345474,0.29311737455668496,0.020070314407348633,24.91241491547974,0.3250984389571206,0.5095240000000001,0.0345474
real,30/0.4 all_ankles,t27_tracking_lag_b1_diag_20260430_100314.csv,4,right,touchdown,right,roll,3,0.0,0.154732,0.018396759999999998,0.1188943463536954,0.019929885864257812,25.087951000095703,0.2357069962924574,0.298098,0.018396759999999998
real,30/0.4 all_ankles,t27_tracking_lag_b1_diag_20260430_100314.csv,4,right,touchdown,right,roll,4,0.0,0.06734699999999999,0.00648016,0.09622047010260294,0.019997358322143555,25.003302533532043,0.3615487313136859,0.27175299999999997,0.015234159999999997
real,30/0.4 all_ankles,t27_tracking_lag_b1_diag_20260430_100314.csv,4,right,touchdown,right,roll,5,0.0,0.079657,0.0262749,0.3298504839499353,0.02004075050354004,24.94916544725603,0.22579227732494758,0.17336900000000002,0.0262749
real,30/0.4 all_ankles,t27_tracking_lag_b1_diag_20260430_100314.csv,4,right,touchdown,right,roll,6,0.0,0.05539600000000003,0.007764010000000001,0.1401547043107805,0.019989728927612305,25.01284543730544,0.2706132008347169,0.13688599999999998,0.007764010000000001
real,30/0.4 all_ankles,t27_tracking_lag_b1_diag_20260430_100314.csv,4,right,touchdown,right,roll,7,0.0,0.03537199999999996,0.00574231,0.16234055184892024,0.02002739906311035,24.965798026213974,0.27219335422692587,0.12252600000000002,0.00574231
real,30/0.4 all_ankles,t27_tracking_lag_b1_diag_20260430_100314.csv,4,right,touchdown,right,pitch,1,0.0,0.23826499999999998,0.070657,0.29654796130359057,0.05007767677307129,9.98448874267405,0.18925147475913717,0.7030407999999999,0.070657
real,30/0.4 all_ankles,t27_tracking_lag_b1_diag_20260430_100314.csv,4,right,touchdown,right,pitch,2,0.0,0.061612799999999995,0.0020469999999999933,0.033223615872026484,0.019989728927612305,25.01284543730544,0.12347293265776917,0.2335286,0.0020630000000000093
real,30/0.4 all_ankles,t27_tracking_lag_b1_diag_20260430_100314.csv,5,left,swing,left,roll,1,39.99757766723633,0.007739300000000001,0.10966020000000001,nan,0.019954442977905273,25.057076288906146,0.056179686769893385,0.012705900000000003,0.10966020000000001
real,30/0.4 all_ankles,t27_tracking_lag_b1_diag_20260430_100314.csv,5,left,swing,left,roll,2,39.99757766723633,0.0519119,0.1600118,3.0823722499080177,0.04997849464416504,10.004302921884317,0.07252436491653455,0.06572929999999999,0.16001180000000004
real,30/0.4 all_ankles,t27_tracking_lag_b1_diag_20260430_100314.csv,5,left,swing,left,roll,3,39.99757766723633,0.1558894,0.061909000000000006,0.39713412201214454,0.06002521514892578,8.329832700465515,0.19061538253938645,0.2794354,0.11638699999999998
real,30/0.4 all_ankles,t27_tracking_lag_b1_diag_20260430_100314.csv,5,left,swing,left,roll,4,39.99757766723633,0.24052,0.0876064,0.36423748544819556,0.029719114303588867,16.8241891360679,0.36025973068324957,0.27941,0.0876064
real,30/0.4 all_ankles,t27_tracking_lag_b1_diag_20260430_100314.csv,5,left,swing,left,roll,5,39.99757766723633,0.050757,0.0196181,0.38651023504147214,0.0200960636138916,24.88049448919788,0.4044413443863275,0.09285700000000002,0.0196181
real,30/0.4 all_ankles,t27_tracking_lag_b1_diag_20260430_100314.csv,5,left,swing,left,roll,6,39.99757766723633,0.06917600000000002,0.013822500000000001,0.1998164103157164,0.020028352737426758,24.96460924944944,0.43635887721733896,0.22195200000000004,0.013822500000000001
real,30/0.4 all_ankles,t27_tracking_lag_b1_diag_20260430_100314.csv,5,left,swing,left,roll,7,39.99757766723633,0.043931,0.036123100000000005,0.8222690127700258,0.020006418228149414,24.991979788590562,0.3314637885686107,0.18252700000000005,0.036123100000000005
real,30/0.4 all_ankles,t27_tracking_lag_b1_diag_20260430_100314.csv,5,left,swing,left,roll,8,39.99757766723633,0.053076999999999985,0.03348999999999999,0.6309701000433333,0.01996755599975586,25.040620895522387,0.3435840299111704,0.1432529999999999,0.03348999999999999
real,30/0.4 all_ankles,t27_tracking_lag_b1_diag_20260430_100314.csv,5,left,swing,left,roll,9,39.99757766723633,0.02963100000000002,0.020928000000000002,0.7062873342107924,0.020051002502441406,24.93640903686088,0.22871555872524285,0.14138500000000004,0.020928000000000002
real,30/0.4 all_ankles,t27_tracking_lag_b1_diag_20260430_100314.csv,5,left,swing,left,pitch,1,49.99697208404541,0.052398,0.047791999999999946,0.9120958815221945,0.03993082046508789,12.521656058561517,0.20858875744248542,0.06497599999999998,0.06175000000000008
real,30/0.4 all_ankles,t27_tracking_lag_b1_diag_20260430_100314.csv,5,left,swing,left,pitch,2,49.99697208404541,0.006176999999999988,0.13726700000000003,nan,0.02000117301940918,24.99853381173189,0.15397161810000354,0.026325000000000043,0.13726700000000003
real,30/0.4 all_ankles,t27_tracking_lag_b1_diag_20260430_100314.csv,5,left,swing,left,pitch,3,49.99697208404541,0.10648700000000003,0.4322825,4.059486134457726,0.05006265640258789,9.987484403127947,0.24107528685589935,0.3614609999999999,0.43228249999999996
real,30/0.4 all_ankles,t27_tracking_lag_b1_diag_20260430_100314.csv,5,left,swing,left,pitch,4,49.99697208404541,0.021019999999999983,0.0681495,3.2421265461465296,0.0201873779296875,24.767951625094483,0.23128981899577133,0.4785564,0.0681495
real,30/0.4 all_ankles,t27_tracking_lag_b1_diag_20260430_100314.csv,5,left,swing,left,pitch,5,49.99697208404541,0.04700599999999999,0.1158643,2.4648832063991835,0.10007333755493164,4.9963358094811525,0.4158766622607231,0.04700599999999999,0.1158643
real,30/0.4 all_ankles,t27_tracking_lag_b1_diag_20260430_100314.csv,5,left,swing,right,roll,1,79.99515533447266,0.5040213,0.0770254,0.15282171606636463,0.1299581527709961,3.8473923285218423,0.3107931503501106,0.6176564999999999,0.10941200000000001
real,30/0.4 all_ankles,t27_tracking_lag_b1_diag_20260430_100314.csv,5,left,swing,right,roll,2,79.99515533447266,0.0914105,0.004808200000000002,0.05260008423539967,0.059854745864868164,8.353556477022414,0.04078930940834095,0.1048475,0.007448599999999996
real,30/0.4 all_ankles,t27_tracking_lag_b1_diag_20260430_100314.csv,5,left,swing,right,roll,3,79.99515533447266,0.0237711,0.001086199999999999,0.04569414120507671,0.029995203018188477,16.669332082760373,0.01620671742685807,0.055339519999999996,0.0082448
real,30/0.4 all_ankles,t27_tracking_lag_b1_diag_20260430_100314.csv,5,left,swing,right,pitch,1,89.99454975128174,0.1143789,0.0386474,0.33788924355803385,0.05994915962219238,8.34040048519557,0.05303028641061042,0.1688733,0.0386474
real,30/0.4 all_ankles,t27_tracking_lag_b1_diag_20260430_100314.csv,5,left,swing,right,pitch,2,89.99454975128174,0.20388520000000002,0.1426224,0.6995230649404665,0.06021523475646973,8.303546469961713,0.19639221774198726,0.7088088000000001,0.1426224
real,30/0.4 all_ankles,t27_tracking_lag_b1_diag_20260430_100314.csv,5,left,swing,right,pitch,3,89.99454975128174,0.05779299999999998,0.21463200000000002,3.7138061702974423,0.059854745864868164,8.353556477022414,0.055399820158295005,0.09545099999999995,0.21463200000000002
real,30/0.4 all_ankles,t27_tracking_lag_b1_diag_20260430_100314.csv,5,left,swing,right,pitch,4,89.99454975128174,0.051655000000000006,0.054232999999999976,1.0499080437518142,0.01994633674621582,25.067259535506388,0.16760220797471614,0.051655000000000006,0.054232999999999976
real,30/0.4 all_ankles,t27_tracking_lag_b1_diag_20260430_100314.csv,5,left,touchdown,left,roll,1,0.0,0.011157000000000028,0.012963000000000002,1.161871470825488,0.019969940185546875,25.037631327602675,0.21504759806610255,0.023867000000000027,0.012963000000000002
real,30/0.4 all_ankles,t27_tracking_lag_b1_diag_20260430_100314.csv,5,left,touchdown,left,roll,2,0.0,0.012398999999999993,0.023082999999999992,1.861682393741431,0.019946813583374023,25.066660291885302,0.21566756546592722,0.016744999999999954,0.023082999999999992
real,30/0.4 all_ankles,t27_tracking_lag_b1_diag_20260430_100314.csv,5,left,touchdown,left,roll,3,0.0,0.017979000000000023,0.004484999999999989,0.24945770065075829,0.019986629486083984,25.016724323034712,0.22428092131298194,0.022116999999999998,0.00772500000000001
real,30/0.4 all_ankles,t27_tracking_lag_b1_diag_20260430_100314.csv,5,left,touchdown,left,roll,4,0.0,0.196996,0.0955097,0.48483065646002965,0.0700376033782959,7.13902212357749,0.1810458010508287,0.196996,0.0955097
real,30/0.4 all_ankles,t27_tracking_lag_b1_diag_20260430_100314.csv,5,left,touchdown,left,pitch,1,0.0,0.0,0.0403018,nan,0.1399078369140625,3.5737812193259897,0.3577068778238284,0.0,0.0441744
real,30/0.4 all_ankles,t27_tracking_lag_b1_diag_20260430_100314.csv,5,left,touchdown,right,roll,1,29.998183250427246,0.003400399999999998,0.016404600000000002,nan,0.029998779296875,16.66734486266531,0.013849726471937992,0.006557999999999994,0.016404600000000002
real,30/0.4 all_ankles,t27_tracking_lag_b1_diag_20260430_100314.csv,5,left,touchdown,right,roll,2,29.998183250427246,0.0602781,0.001525499999999999,0.02530769881598788,0.08000516891479492,6.2495962046214455,0.041593417516898434,0.0602781,0.034919099999999995
real,30/0.4 all_ankles,t27_tracking_lag_b1_diag_20260430_100314.csv,5,left,touchdown,right,pitch,1,29.998183250427246,0.012582000000000038,0.007224000000000008,0.5741535526943241,0.019969940185546875,25.037631327602675,0.26359009914006,0.018164000000000013,0.007224000000000008
real,30/0.4 all_ankles,t27_tracking_lag_b1_diag_20260430_100314.csv,5,left,touchdown,right,pitch,2,29.998183250427246,0.003469,0.09397399999999995,nan,0.05994057655334473,8.341594771865765,0.22607370018488598,0.03691300000000003,0.09397399999999995
real,30/0.4 all_ankles,t27_tracking_lag_b1_diag_20260430_100314.csv,5,left,touchdown,right,pitch,3,29.998183250427246,0.002442999999999973,0.05970700000000001,nan,0.019940614700317383,25.074452694381673,0.1486893306024343,0.010889000000000038,0.05970700000000001
real,30/0.4 all_ankles,t27_tracking_lag_b1_diag_20260430_100314.csv,6,right,swing,left,roll,1,9.999394416809082,0.0026309999999999945,0.0716617,nan,0.030074357986450195,16.62545881196439,0.4602573928630234,0.29375900000000005,0.0716617
real,30/0.4 all_ankles,t27_tracking_lag_b1_diag_20260430_100314.csv,6,right,swing,left,roll,2,9.999394416809082,0.043931,0.010856500000000005,0.24712617513828516,0.020006418228149414,24.991979788590562,0.3601439665208577,0.18252700000000005,0.010856500000000005
real,30/0.4 all_ankles,t27_tracking_lag_b1_diag_20260430_100314.csv,6,right,swing,left,roll,3,9.999394416809082,0.053076999999999985,0.01898799999999999,0.35774440906607374,0.01996755599975586,25.040620895522387,0.39532425112310443,0.1432529999999999,0.01898799999999999
real,30/0.4 all_ankles,t27_tracking_lag_b1_diag_20260430_100314.csv,6,right,swing,left,roll,4,9.999394416809082,0.02963100000000002,0.04533040000000001,1.5298302453511519,0.020051002502441406,24.93640903686088,0.274124249554808,0.14138500000000004,0.04533040000000001
real,30/0.4 all_ankles,t27_tracking_lag_b1_diag_20260430_100314.csv,6,right,swing,left,roll,5,9.999394416809082,0.010894999999999988,0.024980000000000002,2.2927948600275383,0.019838809967041016,25.20312462444418,0.26217634740062523,0.06965500000000002,0.024980000000000002
real,30/0.4 all_ankles,t27_tracking_lag_b1_diag_20260430_100314.csv,6,right,swing,left,roll,6,9.999394416809082,0.01124799999999998,0.024739999999999984,2.1995021337126626,0.030144691467285156,16.586668353949825,0.21624450177634574,0.046272000000000035,0.024739999999999984
real,30/0.4 all_ankles,t27_tracking_lag_b1_diag_20260430_100314.csv,6,right,swing,left,roll,7,9.999394416809082,0.012398999999999993,0.01311000000000001,1.0573433341398515,0.019946813583374023,25.066660291885302,0.2073008996515291,0.016744999999999954,0.01311000000000001
real,30/0.4 all_ankles,t27_tracking_lag_b1_diag_20260430_100314.csv,6,right,swing,left,roll,8,9.999394416809082,0.017979000000000023,0.0069079999999999975,0.38422604149285217,0.019986629486083984,25.016724323034712,0.22615112941349638,0.022116999999999998,0.0069079999999999975
real,30/0.4 all_ankles,t27_tracking_lag_b1_diag_20260430_100314.csv,6,right,swing,left,roll,9,9.999394416809082,0.4239634,0.215822,0.509058093222198,0.11004328727722168,4.5436665186164165,0.1655285012599662,0.42396340000000005,0.21582200000000004
real,30/0.4 all_ankles,t27_tracking_lag_b1_diag_20260430_100314.csv,6,right,swing,left,pitch,1,0.0,0.07649499999999998,0.1767728,2.3109065952023014,0.3100574016571045,1.612604625233088,0.3965630123941683,0.07649499999999998,0.25990599999999997
real,30/0.4 all_ankles,t27_tracking_lag_b1_diag_20260430_100314.csv,6,right,swing,right,roll,1,79.99515533447266,0.016616600000000002,0.0012326999999999998,0.074184851293285,0.020085573196411133,24.89348922784735,0.02814678470956615,0.030053600000000007,0.003323299999999998
real,30/0.4 all_ankles,t27_tracking_lag_b1_diag_20260430_100314.csv,6,right,swing,right,roll,2,79.99515533447266,0.0237711,0.001086199999999999,0.04569414120507671,0.029995203018188477,16.669332082760373,0.01620671742685807,0.055339519999999996,0.0082448
real,30/0.4 all_ankles,t27_tracking_lag_b1_diag_20260430_100314.csv,6,right,swing,right,roll,3,79.99515533447266,0.007531600000000003,0.0056830000000000006,nan,0.01996755599975586,25.040620895522387,0.017666913616135673,0.045343999999999995,0.0056830000000000006
real,30/0.4 all_ankles,t27_tracking_lag_b1_diag_20260430_100314.csv,6,right,swing,right,roll,4,79.99515533447266,0.009827100000000002,0.0081478,nan,0.020051002502441406,24.93640903686088,0.00950516681845546,0.021277100000000004,0.0081478
real,30/0.4 all_ankles,t27_tracking_lag_b1_diag_20260430_100314.csv,6,right,swing,right,roll,5,79.99515533447266,0.013292799999999997,0.011664500000000001,0.8775051155512762,0.019838809967041016,25.20312462444418,0.007275878818168064,0.016009800000000008,0.011664500000000001
real,30/0.4 all_ankles,t27_tracking_lag_b1_diag_20260430_100314.csv,6,right,swing,right,roll,6,79.99515533447266,0.003400399999999998,0.008991199999999998,nan,0.029998779296875,16.66734486266531,0.011005575201346816,0.006557999999999994,0.008991199999999998
real,30/0.4 all_ankles,t27_tracking_lag_b1_diag_20260430_100314.csv,6,right,swing,right,roll,7,79.99515533447266,0.0602781,0.1296632,2.151083063334777,0.08000516891479492,6.2495962046214455,0.026032355390287764,0.0602781,0.12966320000000003
real,30/0.4 all_ankles,t27_tracking_lag_b1_diag_20260430_100314.csv,6,right,swing,right,pitch,1,179.98909950256348,0.006151999999999991,0.020792000000000033,nan,0.020085573196411133,24.89348922784735,0.18443180933342274,0.03150599999999998,0.020792000000000033
real,30/0.4 all_ankles,t27_tracking_lag_b1_diag_20260430_100314.csv,6,right,swing,right,pitch,2,179.98909950256348,0.009409,0.09339199999999998,nan,0.03995180130004883,12.515080264963895,0.17019793004440448,0.14398300000000003,0.09339199999999998
real,30/0.4 all_ankles,t27_tracking_lag_b1_diag_20260430_100314.csv,6,right,swing,right,pitch,3,179.98909950256348,0.004555000000000031,0.070388,nan,0.019905805587768555,25.11830017606688,0.06694086328743204,0.02157900000000007,0.070388
real,30/0.4 all_ankles,t27_tracking_lag_b1_diag_20260430_100314.csv,6,right,swing,right,pitch,4,179.98909950256348,0.02132099999999998,0.07608100000000001,3.5683598330284734,0.020087718963623047,24.89083010895625,0.026959196396282553,0.04050499999999996,0.07608100000000001
real,30/0.4 all_ankles,t27_tracking_lag_b1_diag_20260430_100314.csv,6,right,swing,right,pitch,5,179.98909950256348,0.014237999999999973,0.081228,5.705014749262547,0.02008199691772461,24.8979223554553,0.06664891002359556,0.016178000000000026,0.081228
real,30/0.4 all_ankles,t27_tracking_lag_b1_diag_20260430_100314.csv,6,right,touchdown,left,roll,1,0.0,0.0468262,0.0329344,0.7033327496145321,0.0499422550201416,10.011562349324256,0.05940662181178002,0.39080600000000004,0.0796908
real,30/0.4 all_ankles,t27_tracking_lag_b1_diag_20260430_100314.csv,6,right,touchdown,left,roll,2,0.0,0.00673606,0.01651663,nan,0.020061731338500977,24.923073266385405,0.015798975518567654,0.031029139999999997,0.01651663
real,30/0.4 all_ankles,t27_tracking_lag_b1_diag_20260430_100314.csv,6,right,touchdown,left,roll,3,0.0,0.025488899999999995,0.0025083999999999974,0.09841146538297055,0.02000260353088379,24.99674600998844,0.016252484906827836,0.0308519,0.011895199999999998
real,30/0.4 all_ankles,t27_tracking_lag_b1_diag_20260430_100314.csv,6,right,touchdown,left,pitch,1,9.999394416809082,0.121838,0.06431268,0.5278540356867315,0.0499422550201416,10.011562349324256,0.3088066019617544,0.29359599999999997,0.06431268
real,30/0.4 all_ankles,t27_tracking_lag_b1_diag_20260430_100314.csv,6,right,touchdown,left,pitch,2,9.999394416809082,0.010916000000000037,0.009952215,0.9117089593257574,0.020002126693725586,24.9973419154896,0.30384310632096007,0.03238399999999997,0.009952215
real,30/0.4 all_ankles,t27_tracking_lag_b1_diag_20260430_100314.csv,6,right,touchdown,left,pitch,3,9.999394416809082,0.029334000000000027,0.036127765,1.2316003613554225,0.03008580207824707,16.619134789878675,0.2581661195201281,0.047291999999999945,0.036127765000000006
real,30/0.4 all_ankles,t27_tracking_lag_b1_diag_20260430_100314.csv,6,right,touchdown,left,pitch,4,9.999394416809082,0.010602,0.0406176,3.831126202603282,0.01999044418334961,25.011950480643083,0.22537907973141608,0.040816000000000074,0.0406176
real,30/0.4 all_ankles,t27_tracking_lag_b1_diag_20260430_100314.csv,6,right,touchdown,right,roll,1,19.998788833618164,0.127873,0.035446200000000004,0.2771984703573077,0.0399630069732666,12.51157102203237,0.08993618527536065,0.3061274,0.03955919999999998
real,30/0.4 all_ankles,t27_tracking_lag_b1_diag_20260430_100314.csv,6,right,touchdown,right,roll,2,19.998788833618164,0.042061799999999996,0.018969,0.45097927335492066,0.03002619743347168,16.65212523523293,0.06557687216743587,0.2712072,0.04302974
real,30/0.4 all_ankles,t27_tracking_lag_b1_diag_20260430_100314.csv,6,right,touchdown,right,roll,3,19.998788833618164,0.0814089,0.015944800000000002,0.19586064914278414,0.020061731338500977,24.923073266385405,0.10780500011887205,0.2186249,0.015944800000000002
real,30/0.4 all_ankles,t27_tracking_lag_b1_diag_20260430_100314.csv,6,right,touchdown,right,roll,4,19.998788833618164,0.024553600000000002,0.000962600000000001,0.03920402710804122,0.01999044418334961,25.011950480643083,0.023479166249606623,0.0850712,0.0041736000000000065
real,30/0.4 all_ankles,t27_tracking_lag_b1_diag_20260430_100314.csv,6,right,touchdown,right,pitch,1,29.998183250427246,0.077847,0.2386714,3.0659036314822665,0.0399630069732666,12.51157102203237,0.4054418067278657,0.13628699999999994,0.2386714
real,30/0.4 all_ankles,t27_tracking_lag_b1_diag_20260430_100314.csv,6,right,touchdown,right,pitch,2,29.998183250427246,0.009566999999999992,0.048534999999999995,nan,0.020014286041259766,24.982155195006314,0.5007765192205668,0.350851,0.048534999999999995
real,30/0.4 all_ankles,t27_tracking_lag_b1_diag_20260430_100314.csv,6,right,touchdown,right,pitch,3,29.998183250427246,0.03878699999999996,0.02901100000000001,0.7479567896460164,0.049958229064941406,10.008361172091247,0.6202950616245734,0.03878699999999996,0.02901100000000001
real,35/0.5 all_ankles,t27_tracking_lag_b1_diag_20260430_100705.csv,1,left,swing,left,roll,1,19.999980926513672,0.004731569999999999,0.033055600000000004,nan,0.019887685775756836,25.14118563807469,0.0891641640513551,0.02199045,0.033055600000000004
real,35/0.5 all_ankles,t27_tracking_lag_b1_diag_20260430_100705.csv,1,left,swing,left,roll,2,19.999980926513672,0.01692758,0.0832957,4.920709280357854,0.029977083206176758,16.679407951770816,0.05248179546280882,0.021690779999999996,0.0832957
real,35/0.5 all_ankles,t27_tracking_lag_b1_diag_20260430_100705.csv,1,left,swing,left,roll,3,19.999980926513672,0.004546599999999998,0.0556615,nan,0.019977569580078125,25.028069505442048,0.029435484009949626,0.007604600000000003,0.0556615
real,35/0.5 all_ankles,t27_tracking_lag_b1_diag_20260430_100705.csv,1,left,swing,left,roll,4,19.999980926513672,0.3249325,0.1723155,0.5303116801181784,0.08000612258911133,6.249521709330393,0.1883819538216401,0.3313445,0.2788921
real,35/0.5 all_ankles,t27_tracking_lag_b1_diag_20260430_100705.csv,1,left,swing,left,roll,5,19.999980926513672,0.11790699999999998,0.0002740000000000242,0.002323865419356139,0.03012371063232422,16.59822078703264,0.2606741297434404,0.13151500000000005,0.005752000000000007
real,35/0.5 all_ankles,t27_tracking_lag_b1_diag_20260430_100705.csv,1,left,swing,left,roll,6,19.999980926513672,0.09175299999999997,0.018974999999999992,0.20680522707704377,0.030146121978759766,16.585881273627432,0.25160947427461866,0.11892899999999995,0.02605899999999997
real,35/0.5 all_ankles,t27_tracking_lag_b1_diag_20260430_100705.csv,1,left,swing,left,roll,7,19.999980926513672,0.005498000000000003,0.026727,nan,0.02001047134399414,24.986917669486477,0.27684258340375795,0.018125999999999975,0.026727
real,35/0.5 all_ankles,t27_tracking_lag_b1_diag_20260430_100705.csv,1,left,swing,left,roll,8,19.999980926513672,0.02812300000000001,0.01950199999999999,0.6934537567115878,0.02000117301940918,24.99853381173189,0.3305858569660838,0.03704300000000005,0.01950199999999999
real,35/0.5 all_ankles,t27_tracking_lag_b1_diag_20260430_100705.csv,1,left,swing,left,pitch,1,49.99995231628418,0.011390000000000011,0.01998899999999998,1.7549604916593466,0.019887685775756836,25.14118563807469,0.06368098466051962,0.036568000000000045,0.01998899999999998
real,35/0.5 all_ankles,t27_tracking_lag_b1_diag_20260430_100705.csv,1,left,swing,left,pitch,2,49.99995231628418,0.09016900000000003,0.2501395,2.774118599518681,0.07998371124267578,6.251272818323814,0.05767467848607587,0.129495,0.2501395
real,35/0.5 all_ankles,t27_tracking_lag_b1_diag_20260430_100705.csv,1,left,swing,left,pitch,3,49.99995231628418,0.433201,0.2301235,0.5312164561023636,0.050138235092163086,9.972429206590741,0.34200077200080753,0.829541,0.23012349999999998
real,35/0.5 all_ankles,t27_tracking_lag_b1_diag_20260430_100705.csv,1,left,swing,left,pitch,4,49.99995231628418,0.1694846,0.019976999999999995,0.11786911613208512,0.020021677017211914,24.972933065005893,0.09304478969177514,0.20934259999999996,0.019976999999999995
real,35/0.5 all_ankles,t27_tracking_lag_b1_diag_20260430_100705.csv,1,left,swing,left,pitch,5,49.99995231628418,0.0973687,0.02745700000000001,0.2819900029475592,0.020002365112304688,24.997043959187565,0.2142423003576791,0.32829010000000003,0.02745700000000001
real,35/0.5 all_ankles,t27_tracking_lag_b1_diag_20260430_100705.csv,1,left,swing,left,pitch,6,49.99995231628418,0.143621,0.149814,1.0431204350338739,0.03998756408691406,12.503887431433341,0.3862136975309835,0.16596699999999998,0.149814
real,35/0.5 all_ankles,t27_tracking_lag_b1_diag_20260430_100705.csv,1,left,swing,right,roll,1,189.99981880187988,0.03570000000000001,0.010167550000000001,0.2848053221288515,0.019887685775756836,25.14118563807469,0.38361296882372065,0.059014000000000066,0.010167550000000001
real,35/0.5 all_ankles,t27_tracking_lag_b1_diag_20260430_100705.csv,1,left,swing,right,roll,2,189.99981880187988,0.03809999999999997,0.0396073,1.0395616797900271,0.030159473419189453,16.578538791127134,0.30003717001002145,0.04600199999999993,0.039607300000000005
real,35/0.5 all_ankles,t27_tracking_lag_b1_diag_20260430_100705.csv,1,left,swing,right,roll,3,189.99981880187988,0.3325541,0.0971939,0.2922649277215346,0.06001901626586914,8.330693022110289,0.1626467824702747,0.3325541,0.09719390000000001
real,35/0.5 all_ankles,t27_tracking_lag_b1_diag_20260430_100705.csv,1,left,swing,right,pitch,1,109.9998950958252,0.0889056,0.004072999999999993,0.04581263722420177,0.019887685775756836,25.14118563807469,0.07892680145164041,0.11116960000000001,0.004195000000000004
real,35/0.5 all_ankles,t27_tracking_lag_b1_diag_20260430_100705.csv,1,left,swing,right,pitch,2,109.9998950958252,0.03917700000000002,0.00617100000000001,0.15751588942491787,0.01999807357788086,25.002408259615155,0.030568488486239127,0.104657,0.00617100000000001
real,35/0.5 all_ankles,t27_tracking_lag_b1_diag_20260430_100705.csv,1,left,swing,right,pitch,3,109.9998950958252,0.2807498,0.022326999999999986,0.07952632557529866,0.09013247489929199,5.54739011170687,0.35264463383863504,0.8025301999999999,0.10939899999999997
real,35/0.5 all_ankles,t27_tracking_lag_b1_diag_20260430_100705.csv,1,left,swing,right,pitch,4,109.9998950958252,0.4386468,0.136841,0.3119616967455365,0.04990410804748535,10.019215242244869,0.14766093719398732,0.5595728,0.136841
real,35/0.5 all_ankles,t27_tracking_lag_b1_diag_20260430_100705.csv,1,left,swing,right,pitch,5,109.9998950958252,0.015840999999999994,0.048788,3.0798560696925708,0.019983530044555664,25.020604411992792,0.0507450776233518,0.056427000000000005,0.048788
real,35/0.5 all_ankles,t27_tracking_lag_b1_diag_20260430_100705.csv,1,left,touchdown,left,roll,1,19.999980926513672,0.016160000000000008,0.055758,3.4503712871287116,0.029883861541748047,16.731438783488375,0.3130838054590975,0.024504000000000026,0.055758
real,35/0.5 all_ankles,t27_tracking_lag_b1_diag_20260430_100705.csv,1,left,touchdown,left,roll,2,19.999980926513672,0.005950000000000011,0.06941900000000001,nan,0.020032405853271484,24.959558210944753,0.18281909466099724,0.015191999999999983,0.06941900000000001
real,35/0.5 all_ankles,t27_tracking_lag_b1_diag_20260430_100705.csv,1,left,touchdown,left,roll,3,19.999980926513672,0.19136600000000004,0.06551400000000002,0.3423492156391418,0.05014753341674805,9.970580124944137,0.0967035833867253,0.19136600000000004,0.10382799999999998
real,35/0.5 all_ankles,t27_tracking_lag_b1_diag_20260430_100705.csv,1,left,touchdown,left,pitch,1,0.0,0.0,0.12943500000000002,nan,0.13990473747253418,3.5738603926701122,0.2629973757803171,0.0,0.148135
real,35/0.5 all_ankles,t27_tracking_lag_b1_diag_20260430_100705.csv,1,left,touchdown,right,roll,1,39.999961853027344,0.002172100000000003,0.0862262,nan,0.04985189437866211,10.029709126039007,0.10824299394324943,0.021554100000000014,0.0862262
real,35/0.5 all_ankles,t27_tracking_lag_b1_diag_20260430_100705.csv,1,left,touchdown,right,roll,2,39.999961853027344,0.04269532,0.1526587,3.5755370846266055,0.05021262168884277,9.957655728442074,0.11501518670615025,0.04269532,0.15265869999999998
real,35/0.5 all_ankles,t27_tracking_lag_b1_diag_20260430_100705.csv,1,left,touchdown,right,pitch,1,29.999971389770508,0.03869000000000003,0.02930100000000002,0.7573274747996898,0.040036916732788086,12.488474158414073,0.1853113456715481,0.06948400000000002,0.02930100000000002
real,35/0.5 all_ankles,t27_tracking_lag_b1_diag_20260430_100705.csv,1,left,touchdown,right,pitch,2,29.999971389770508,0.07828500000000002,0.04154800000000003,0.5307274701411512,0.04984736442565918,10.030620590697119,0.13329079008631214,0.10734699999999994,0.04154800000000003
real,35/0.5 all_ankles,t27_tracking_lag_b1_diag_20260430_100705.csv,1,left,touchdown,right,pitch,3,29.999971389770508,0.01753100000000002,0.02934099999999995,1.6736637955621425,0.019975662231445312,25.030459276234126,0.07366473132148563,0.01753100000000002,0.02934099999999995
real,35/0.5 all_ankles,t27_tracking_lag_b1_diag_20260430_100705.csv,2,right,swing,left,roll,1,9.999990463256836,0.156527,0.1214228,0.7757307046068729,0.019991397857666016,25.010757304710793,0.3072753083447481,0.16293899999999997,0.1214228
real,35/0.5 all_ankles,t27_tracking_lag_b1_diag_20260430_100705.csv,2,right,swing,left,roll,2,9.999990463256836,0.11790699999999998,0.0061390000000000056,0.05206645915848937,0.03012371063232422,16.59822078703264,0.26276591855394793,0.13151500000000005,0.012165000000000037
real,35/0.5 all_ankles,t27_tracking_lag_b1_diag_20260430_100705.csv,2,right,swing,left,roll,3,9.999990463256836,0.09175299999999997,0.033976000000000006,0.3702985188495201,0.030146121978759766,16.585881273627432,0.2590496966524956,0.11892899999999995,0.033976000000000006
real,35/0.5 all_ankles,t27_tracking_lag_b1_diag_20260430_100705.csv,2,right,swing,left,roll,4,9.999990463256836,0.005498000000000003,0.009114999999999984,nan,0.02001047134399414,24.986917669486477,0.2664351716984828,0.018125999999999975,0.009114999999999984
real,35/0.5 all_ankles,t27_tracking_lag_b1_diag_20260430_100705.csv,2,right,swing,left,roll,5,9.999990463256836,0.02812300000000001,0.03598600000000002,1.2795932155175482,0.02000117301940918,24.99853381173189,0.31751962233642617,0.03704300000000005,0.03598600000000002
real,35/0.5 all_ankles,t27_tracking_lag_b1_diag_20260430_100705.csv,2,right,swing,left,roll,6,9.999990463256836,0.016160000000000008,0.021581000000000017,1.3354579207920796,0.029883861541748047,16.731438783488375,0.32500528669969353,0.024504000000000026,0.030920999999999976
real,35/0.5 all_ankles,t27_tracking_lag_b1_diag_20260430_100705.csv,2,right,swing,left,roll,7,9.999990463256836,0.005950000000000011,0.07603099999999999,nan,0.020032405853271484,24.959558210944753,0.21881393763119084,0.015191999999999983,0.07603099999999999
real,35/0.5 all_ankles,t27_tracking_lag_b1_diag_20260430_100705.csv,2,right,swing,left,roll,8,9.999990463256836,0.36302100000000004,0.12054799999999999,0.33206894366992534,0.07996726036071777,6.252558831509181,0.0882805337546166,0.36302100000000004,0.22249399999999997
real,35/0.5 all_ankles,t27_tracking_lag_b1_diag_20260430_100705.csv,2,right,swing,left,pitch,1,49.99995231628418,0.4618864,0.09509980000000001,0.20589434977951293,0.04001307487487793,12.49591543672949,0.3201959346594519,0.8407136,0.09509980000000001
real,35/0.5 all_ankles,t27_tracking_lag_b1_diag_20260430_100705.csv,2,right,swing,left,pitch,2,49.99995231628418,0.0973687,0.02745700000000001,0.2819900029475592,0.020002365112304688,24.997043959187565,0.2142423003576791,0.32829010000000003,0.02745700000000001
real,35/0.5 all_ankles,t27_tracking_lag_b1_diag_20260430_100705.csv,2,right,swing,left,pitch,3,49.99995231628418,0.143621,0.149814,1.0431204350338739,0.03998756408691406,12.503887431433341,0.3862136975309835,0.16596699999999998,0.149814
real,35/0.5 all_ankles,t27_tracking_lag_b1_diag_20260430_100705.csv,2,right,swing,left,pitch,4,49.99995231628418,0.0,0.086446,nan,0.1498715877532959,3.3361893838280516,0.25330277673751916,0.0,0.138742
real,35/0.5 all_ankles,t27_tracking_lag_b1_diag_20260430_100705.csv,2,right,swing,right,roll,1,89.99991416931152,0.022808699999999998,0.0226344,0.9923581791158638,0.019991397857666016,25.010757304710793,0.04928815472862961,0.0943241,0.0226344
real,35/0.5 all_ankles,t27_tracking_lag_b1_diag_20260430_100705.csv,2,right,swing,right,roll,2,89.99991416931152,0.0137329,0.0063146000000000035,0.4598154796146483,0.029912710189819336,16.71530251946789,0.01908525610713674,0.044064100000000016,0.022725400000000007
real,35/0.5 all_ankles,t27_tracking_lag_b1_diag_20260430_100705.csv,2,right,swing,right,roll,3,89.99991416931152,0.0755293,0.18838080000000001,2.494142008465589,0.07010984420776367,7.1316661112282445,0.04670468217431537,0.0778659,0.18838080000000001
real,35/0.5 all_ankles,t27_tracking_lag_b1_diag_20260430_100705.csv,2,right,swing,right,roll,4,89.99991416931152,0.0031318000000000006,0.05797900000000002,nan,0.02987384796142578,16.737047086991222,0.13349082665336034,0.0179316,0.05797900000000002
real,35/0.5 all_ankles,t27_tracking_lag_b1_diag_20260430_100705.csv,2,right,swing,right,roll,5,89.99991416931152,0.017702700000000002,0.15209170000000002,8.591440853655092,0.05998969078063965,8.33476541541641,0.1067015701897386,0.03708470000000001,0.15322569999999996
real,35/0.5 all_ankles,t27_tracking_lag_b1_diag_20260430_100705.csv,2,right,swing,right,roll,6,89.99991416931152,0.03060746,0.1121449,3.663972770037109,0.020032405853271484,24.959558210944753,0.06741061191089921,0.03060746,0.11214489999999999
real,35/0.5 all_ankles,t27_tracking_lag_b1_diag_20260430_100705.csv,2,right,swing,right,pitch,1,149.99985694885254,0.4386468,0.11021399999999998,0.25125909957624215,0.04990410804748535,10.019215242244869,0.20714129799456538,0.5595728,0.11021399999999998
real,35/0.5 all_ankles,t27_tracking_lag_b1_diag_20260430_100705.csv,2,right,swing,right,pitch,2,149.99985694885254,0.015840999999999994,0.016120000000000023,1.0176125244618415,0.019983530044555664,25.020604411992792,0.10804157206834784,0.056427000000000005,0.016120000000000023
real,35/0.5 all_ankles,t27_tracking_lag_b1_diag_20260430_100705.csv,2,right,swing,right,pitch,3,149.99985694885254,0.023158999999999985,0.01090000000000002,0.4706593548944267,0.019996166229248047,25.00479313222845,0.1289048137890901,0.032196999999999976,0.01090000000000002
real,35/0.5 all_ankles,t27_tracking_lag_b1_diag_20260430_100705.csv,2,right,swing,right,pitch,4,149.99985694885254,0.054707000000000006,0.06739499999999998,1.2319264445134988,0.03998112678527832,12.505900663712856,0.08159266149722043,0.054707000000000006,0.06739499999999998
real,35/0.5 all_ankles,t27_tracking_lag_b1_diag_20260430_100705.csv,2,right,touchdown,left,roll,1,39.999961853027344,0.21190910000000002,0.2561716,1.2088749374142025,0.06013798713684082,8.314212427201403,0.15793280289783754,0.2972677,0.26959160000000004
real,35/0.5 all_ankles,t27_tracking_lag_b1_diag_20260430_100705.csv,2,right,touchdown,left,roll,2,39.999961853027344,0.0463818,0.1096114,2.363241616323644,0.029828548431396484,16.76246503077292,0.16889284425465942,0.0892182,0.1096114
real,35/0.5 all_ankles,t27_tracking_lag_b1_diag_20260430_100705.csv,2,right,touchdown,left,roll,3,39.999961853027344,0.012801000000000003,0.12391540000000001,9.680134364502772,0.01998114585876465,25.023589914923573,0.07182339550383288,0.0664696,0.12391540000000001
real,35/0.5 all_ankles,t27_tracking_lag_b1_diag_20260430_100705.csv,2,right,touchdown,left,pitch,1,39.999961853027344,0.085399,0.04688389999999999,0.5489982318294124,0.04995107650756836,10.009794281895852,0.22435267383486873,0.4210689999999999,0.05020289999999998
real,35/0.5 all_ankles,t27_tracking_lag_b1_diag_20260430_100705.csv,2,right,touchdown,left,pitch,2,39.999961853027344,0.021538999999999975,0.04459099999999999,2.0702446724546193,0.020007610321044922,24.990490717128626,0.10113990571810251,0.149121,0.04459099999999999
real,35/0.5 all_ankles,t27_tracking_lag_b1_diag_20260430_100705.csv,2,right,touchdown,right,roll,1,49.99995231628418,0.0454899,0.143403,3.1524140523500823,0.029994487762451172,16.66972958364466,0.12115577093479865,0.0651059,0.143403
real,35/0.5 all_ankles,t27_tracking_lag_b1_diag_20260430_100705.csv,2,right,touchdown,right,roll,2,49.99995231628418,0.243386,0.009700300000000002,0.03985562029040291,0.03014349937438965,16.587324311284416,0.18594429485681324,0.489418,0.0626553
real,35/0.5 all_ankles,t27_tracking_lag_b1_diag_20260430_100705.csv,2,right,touchdown,right,roll,3,49.99995231628418,0.19059299999999998,0.0912858,0.4789567297854591,0.029828548431396484,16.76246503077292,0.16339610710062036,0.41269619999999996,0.0912858
real,35/0.5 all_ankles,t27_tracking_lag_b1_diag_20260430_100705.csv,2,right,touchdown,right,pitch,1,0.0,0.0,0.5873360000000001,nan,0.14993810653686523,3.3347093113855295,0.4328943443884929,0.0,0.587336
real,35/0.5 all_ankles,t27_tracking_lag_b1_diag_20260430_100705.csv,3,left,swing,left,roll,1,39.999961853027344,0.0894051,0.12246900000000001,1.3698211846975172,0.03997540473937988,12.507690747842476,0.16629205717024517,0.1747637,0.13588899999999998
real,35/0.5 all_ankles,t27_tracking_lag_b1_diag_20260430_100705.csv,3,left,swing,left,roll,2,39.999961853027344,0.0463818,0.1096114,2.363241616323644,0.029828548431396484,16.76246503077292,0.16889284425465942,0.0892182,0.1096114
real,35/0.5 all_ankles,t27_tracking_lag_b1_diag_20260430_100705.csv,3,left,swing,left,roll,3,39.999961853027344,0.012801000000000003,0.12391540000000001,9.680134364502772,0.01998114585876465,25.023589914923573,0.07182339550383288,0.0664696,0.12391540000000001
real,35/0.5 all_ankles,t27_tracking_lag_b1_diag_20260430_100705.csv,3,left,swing,left,roll,4,39.999961853027344,0.0310157,0.17014100000000001,5.485641143034012,0.04000449180603027,12.498596468225351,0.23458316868748705,0.0413911,0.17014100000000001
real,35/0.5 all_ankles,t27_tracking_lag_b1_diag_20260430_100705.csv,3,left,swing,left,roll,5,39.999961853027344,0.00027029999999999416,0.2243827,nan,0.04009199142456055,12.471318640802103,0.20643928070194878,0.0157449,0.2243827
real,35/0.5 all_ankles,t27_tracking_lag_b1_diag_20260430_100705.csv,3,left,swing,left,roll,6,39.999961853027344,0.0009043999999999996,0.1416343,nan,0.01995110511779785,25.06126838828408,0.05866710773241398,0.00979540000000001,0.1416343
real,35/0.5 all_ankles,t27_tracking_lag_b1_diag_20260430_100705.csv,3,left,swing,left,roll,7,39.999961853027344,0.033910391,0.203759,6.008748173974166,0.049807071685791016,10.038735124888706,0.22322103824715636,0.033910391,0.203759
real,35/0.5 all_ankles,t27_tracking_lag_b1_diag_20260430_100705.csv,3,left,swing,left,pitch,1,39.999961853027344,0.046518000000000004,0.022059900000000007,0.4742228814652394,0.029788494110107422,16.785004241968274,0.19018790816658795,0.38218799999999997,0.025378899999999996
real,35/0.5 all_ankles,t27_tracking_lag_b1_diag_20260430_100705.csv,3,left,swing,left,pitch,2,39.999961853027344,0.021538999999999975,0.04459099999999999,2.0702446724546193,0.020007610321044922,24.990490717128626,0.10113990571810251,0.149121,0.04459099999999999
real,35/0.5 all_ankles,t27_tracking_lag_b1_diag_20260430_100705.csv,3,left,swing,left,pitch,3,39.999961853027344,0.02381899999999998,0.08971700000000002,3.766614887274869,0.029839754104614258,16.75617025016579,0.060407345766057295,0.03306300000000001,0.08971700000000002
real,35/0.5 all_ankles,t27_tracking_lag_b1_diag_20260430_100705.csv,3,left,swing,left,pitch,4,39.999961853027344,0.02604300000000004,0.06048899999999996,2.3226586798755853,0.019986629486083984,25.016724323034712,0.027255584693783374,0.080847,0.06048899999999996
real,35/0.5 all_ankles,t27_tracking_lag_b1_diag_20260430_100705.csv,3,left,swing,left,pitch,5,39.999961853027344,0.007269999999999999,0.08335000000000004,nan,0.030190229415893555,16.561649569207198,0.05338795085737978,0.05837199999999998,0.08335000000000004
real,35/0.5 all_ankles,t27_tracking_lag_b1_diag_20260430_100705.csv,3,left,swing,left,pitch,6,39.999961853027344,0.015240000000000031,0.04436499999999999,2.9110892388451375,0.030267000198364258,16.51964174589796,0.13154734282949235,0.016607999999999956,0.04436499999999999
real,35/0.5 all_ankles,t27_tracking_lag_b1_diag_20260430_100705.csv,3,left,swing,left,pitch,7,39.999961853027344,0.006278000000000006,0.02405999999999997,nan,0.029752492904663086,16.80531448582029,0.1453085823996642,0.017180000000000084,0.02433799999999997
real,35/0.5 all_ankles,t27_tracking_lag_b1_diag_20260430_100705.csv,3,left,swing,left,pitch,8,39.999961853027344,0.025231999999999977,0.044174999999999964,1.750753012048193,0.01997828483581543,25.027173459036934,0.06097270908912171,0.025681999999999927,0.044174999999999964
real,35/0.5 all_ankles,t27_tracking_lag_b1_diag_20260430_100705.csv,3,left,swing,right,roll,1,89.99991416931152,0.25319400000000003,0.0922974,0.3645323348894523,0.03997540473937988,12.507690747842476,0.12419995999991756,0.49922599999999995,0.0922974
real,35/0.5 all_ankles,t27_tracking_lag_b1_diag_20260430_100705.csv,3,left,swing,right,roll,2,89.99991416931152,0.19059299999999998,0.0202284,0.10613401331633376,0.029828548431396484,16.76246503077292,0.15033556290760847,0.41269619999999996,0.0202284
real,35/0.5 all_ankles,t27_tracking_lag_b1_diag_20260430_100705.csv,3,left,swing,right,roll,3,89.99991416931152,0.16754899999999998,0.010469700000000002,0.06248739174808565,0.01998114585876465,25.023589914923573,0.2558838168002945,0.19713099999999997,0.010469700000000002
real,35/0.5 all_ankles,t27_tracking_lag_b1_diag_20260430_100705.csv,3,left,swing,right,roll,4,89.99991416931152,0.061577999999999994,0.007590799999999998,0.12327129819091233,0.030190229415893555,16.561649569207198,0.19194313527644066,0.17199,0.007590799999999998
real,35/0.5 all_ankles,t27_tracking_lag_b1_diag_20260430_100705.csv,3,left,swing,right,roll,5,89.99991416931152,0.0038890000000000036,0.005517000000000001,nan,0.019992351531982422,25.00956424261216,0.18548433368493236,0.023605000000000015,0.005517000000000001
real,35/0.5 all_ankles,t27_tracking_lag_b1_diag_20260430_100705.csv,3,left,swing,right,roll,6,89.99991416931152,0.019233,0.0008986999999999953,0.04672697967035799,0.01995110511779785,25.06126838828408,0.17121852443269683,0.04066500000000001,0.0008986999999999953
real,35/0.5 all_ankles,t27_tracking_lag_b1_diag_20260430_100705.csv,3,left,swing,right,pitch,1,0.0,0.0,0.52889,nan,0.3098018169403076,1.6139350147721685,0.551888948223641,0.0,0.5809039999999999
real,35/0.5 all_ankles,t27_tracking_lag_b1_diag_20260430_100705.csv,3,left,touchdown,left,roll,1,0.0,0.0862697,0.18585199999999996,2.154313739354605,0.03989553451538086,12.53273094529504,0.3345509130797434,0.10965770000000001,0.21088
real,35/0.5 all_ankles,t27_tracking_lag_b1_diag_20260430_100705.csv,3,left,touchdown,left,roll,2,0.0,0.374567,0.14518460000000002,0.38760648962668903,0.039825439453125,12.554789272030652,0.30217068021645316,0.4104550000000001,0.1451846
real,35/0.5 all_ankles,t27_tracking_lag_b1_diag_20260430_100705.csv,3,left,touchdown,left,roll,3,0.0,0.023990999999999985,0.015871999999999997,0.6615814263682217,0.01996135711669922,25.04839711432803,0.35641628965064615,0.14355899999999988,0.015871999999999997
real,35/0.5 all_ankles,t27_tracking_lag_b1_diag_20260430_100705.csv,3,left,touchdown,left,roll,4,0.0,0.03730100000000003,0.017729999999999996,0.4753223774161546,0.02002429962158203,24.969662332714197,0.39084761378530464,0.14641700000000002,0.017729999999999996
real,35/0.5 all_ankles,t27_tracking_lag_b1_diag_20260430_100705.csv,3,left,touchdown,left,pitch,1,0.0,0.0,0.3353762,nan,0.1397855281829834,3.576908185699203,0.2734408619023609,0.0,0.3431604
real,35/0.5 all_ankles,t27_tracking_lag_b1_diag_20260430_100705.csv,3,left,touchdown,right,roll,1,0.0,0.3025301,0.008811200000000002,0.02912503582288176,0.03989553451538086,12.53273094529504,0.19506210871575239,0.4244021,0.008811200000000002
real,35/0.5 all_ankles,t27_tracking_lag_b1_diag_20260430_100705.csv,3,left,touchdown,right,roll,2,0.0,0.001827000000000023,0.0450016,nan,0.029997587203979492,16.668007216716077,0.19105075724224807,0.3237578,0.0450016
real,35/0.5 all_ankles,t27_tracking_lag_b1_diag_20260430_100705.csv,3,left,touchdown,right,roll,3,0.0,0.05357899999999999,0.06309429999999999,1.177593833404879,0.01987290382385254,25.159886266841024,0.26367657177366616,0.46098300000000003,0.06309429999999999
real,35/0.5 all_ankles,t27_tracking_lag_b1_diag_20260430_100705.csv,3,left,touchdown,right,roll,4,0.0,0.1143976,0.13167430000000002,1.1510232732155221,0.030153751373291016,16.581684773154958,0.10831763510405405,0.13302540000000002,0.13167430000000002
real,35/0.5 all_ankles,t27_tracking_lag_b1_diag_20260430_100705.csv,3,left,touchdown,right,roll,5,0.0,0.008661700000000001,0.085314,nan,0.019865751266479492,25.168944949173696,0.19611899789048148,0.009853900000000006,0.085314
real,35/0.5 all_ankles,t27_tracking_lag_b1_diag_20260430_100705.csv,3,left,touchdown,right,pitch,1,9.999990463256836,0.0,0.1340927,nan,0.06989312171936035,7.153779766879411,0.5434927961137215,0.48874599999999996,0.13409870000000002
real,35/0.5 all_ankles,t27_tracking_lag_b1_diag_20260430_100705.csv,3,left,touchdown,right,pitch,2,9.999990463256836,0.04702899999999999,0.0988504,2.1019030810776336,0.01987290382385254,25.159886266841024,0.40919087084936695,0.04702899999999999,0.0988504
real,35/0.5 all_ankles,t27_tracking_lag_b1_diag_20260430_100705.csv,3,left,touchdown,right,pitch,3,9.999990463256836,0.059043999999999985,0.1556939,2.636913149515616,0.030153751373291016,16.581684773154958,0.2078172052464738,0.14968400000000004,0.1556939
real,35/0.5 all_ankles,t27_tracking_lag_b1_diag_20260430_100705.csv,4,right,swing,left,roll,1,139.9998664855957,0.041935000000000056,0.06225,1.4844402050792873,0.02985405921936035,16.748141226830224,0.3342437078562587,0.16150299999999995,0.06225
real,35/0.5 all_ankles,t27_tracking_lag_b1_diag_20260430_100705.csv,4,right,swing,left,roll,2,139.9998664855957,0.03730100000000003,0.06551169999999999,1.7562987587464127,0.02002429962158203,24.969662332714197,0.44466362096686446,0.14641700000000002,0.06551169999999999
real,35/0.5 all_ankles,t27_tracking_lag_b1_diag_20260430_100705.csv,4,right,swing,left,roll,3,139.9998664855957,0.35955499999999996,0.1147224,0.31906773650762754,0.07998323440551758,6.251310086623703,0.29904102125487364,0.43702700000000005,0.1378578
real,35/0.5 all_ankles,t27_tracking_lag_b1_diag_20260430_100705.csv,4,right,swing,left,roll,4,139.9998664855957,0.11423549999999999,0.0041823599999999996,0.03661173628162874,0.0400080680847168,12.497479231970251,0.11784010551422178,0.12186529999999998,0.015391559999999999
real,35/0.5 all_ankles,t27_tracking_lag_b1_diag_20260430_100705.csv,4,right,swing,left,pitch,1,9.999990463256836,0.24410699999999996,0.0876052,0.3588803270696867,0.3098561763763428,1.6136518750322206,0.3698469178682782,0.313199,0.1234668
real,35/0.5 all_ankles,t27_tracking_lag_b1_diag_20260430_100705.csv,4,right,swing,right,roll,1,109.9998950958252,0.3716786,0.323489,0.8703460462883793,0.04004645347595215,12.485500128001334,0.11151195754415756,0.39030639999999994,0.323489
real,35/0.5 all_ankles,t27_tracking_lag_b1_diag_20260430_100705.csv,4,right,swing,right,roll,2,109.9998950958252,0.008661700000000001,0.0,nan,0.019865751266479492,25.168944949173696,0.0668019687466869,0.009853900000000006,0.0
real,35/0.5 all_ankles,t27_tracking_lag_b1_diag_20260430_100705.csv,4,right,swing,right,roll,3,109.9998950958252,0.0337702,0.0,0.0,0.029980897903442383,16.677285704061266,0.03779719529138373,0.0674332,0.0
real,35/0.5 all_ankles,t27_tracking_lag_b1_diag_20260430_100705.csv,4,right,swing,right,roll,4,109.9998950958252,0.020745700000000002,0.0,0.0,0.019980192184448242,25.024784315597294,0.04954786903298668,0.0575809,0.0
real,35/0.5 all_ankles,t27_tracking_lag_b1_diag_20260430_100705.csv,4,right,swing,right,roll,5,109.9998950958252,0.022533700000000004,0.0,0.0,0.020045757293701172,24.94293394229168,0.05510097325026725,0.028866699999999995,0.0
real,35/0.5 all_ankles,t27_tracking_lag_b1_diag_20260430_100705.csv,4,right,swing,right,roll,6,109.9998950958252,0.062406199999999995,0.0,0.0,0.06012845039367676,8.315531112582624,0.02578575512698657,0.0624062,0.0
real,35/0.5 all_ankles,t27_tracking_lag_b1_diag_20260430_100705.csv,4,right,swing,right,pitch,1,99.99990463256836,0.10607299999999997,0.457158,4.30984322117787,0.04004645347595215,12.485500128001334,0.23592324050249902,0.19671300000000003,0.5848880000000001
real,35/0.5 all_ankles,t27_tracking_lag_b1_diag_20260430_100705.csv,4,right,swing,right,pitch,2,99.99990463256836,0.09271499999999999,0.0,0.0,0.05999493598937988,8.334036727508275,0.24056937194170952,0.16008099999999997,0.0
real,35/0.5 all_ankles,t27_tracking_lag_b1_diag_20260430_100705.csv,4,right,swing,right,pitch,3,99.99990463256836,0.009738999999999998,0.0,nan,0.0200042724609375,24.994660564454616,0.2050807409623504,0.036631000000000025,0.0
real,35/0.5 all_ankles,t27_tracking_lag_b1_diag_20260430_100705.csv,4,right,swing,right,pitch,4,99.99990463256836,0.0028900000000000037,0.0,nan,0.020005226135253906,24.99346903751728,0.20600048856252745,0.00759399999999999,0.0
real,35/0.5 all_ankles,t27_tracking_lag_b1_diag_20260430_100705.csv,4,right,swing,right,pitch,5,99.99990463256836,0.135499,0.0,0.0,0.01996445655822754,25.044508401304082,0.2792510148385021,0.135499,0.0
real,35/0.5 all_ankles,t27_tracking_lag_b1_diag_20260430_100705.csv,4,right,touchdown,left,roll,1,39.999961853027344,0.18030380000000001,0.02523506,0.13995855883237068,0.04000282287597656,12.499117913507844,0.1106356548647858,0.381609,0.025235060000000004
real,35/0.5 all_ankles,t27_tracking_lag_b1_diag_20260430_100705.csv,4,right,touchdown,left,roll,2,39.999961853027344,0.027106864,0.041370599999999993,1.5262038426872246,0.03005528450012207,16.636009550931693,0.02365502185893989,0.129043264,0.041370599999999993
real,35/0.5 all_ankles,t27_tracking_lag_b1_diag_20260430_100705.csv,4,right,touchdown,left,roll,3,39.999961853027344,0.0439908,0.03156670000000001,0.7175750384171239,0.020132064819335938,24.83600189483657,0.07944516162389417,0.043990800000000004,0.03156670000000001
real,35/0.5 all_ankles,t27_tracking_lag_b1_diag_20260430_100705.csv,4,right,touchdown,left,pitch,1,29.999971389770508,0.054224999999999995,0.009855099999999999,0.18174458275703087,0.029918909072875977,16.71183928471818,0.19791711435845433,0.076713,0.013796700000000002
real,35/0.5 all_ankles,t27_tracking_lag_b1_diag_20260430_100705.csv,4,right,touchdown,left,pitch,2,29.999971389770508,0.05462800000000001,0.0855494,1.5660357325913448,0.029958486557006836,16.689761648959454,0.19440263428699342,0.09012200000000004,0.0855494
real,35/0.5 all_ankles,t27_tracking_lag_b1_diag_20260430_100705.csv,4,right,touchdown,left,pitch,3,29.999971389770508,0.010434999999999972,0.07180599999999998,6.881264973646399,0.020170211791992188,24.78903073286052,0.130757807254481,0.03854499999999994,0.07180599999999998
real,35/0.5 all_ankles,t27_tracking_lag_b1_diag_20260430_100705.csv,4,right,touchdown,right,roll,1,0.0,0.23454789999999998,0.0,0.0,0.04000282287597656,12.499117913507844,0.13536575669657824,0.4189639,0.0
real,35/0.5 all_ankles,t27_tracking_lag_b1_diag_20260430_100705.csv,4,right,touchdown,right,roll,2,0.0,0.06295699999999999,0.0,0.0,0.03005528450012207,16.636009550931693,0.19908678916304315,0.21286299999999997,0.0
real,35/0.5 all_ankles,t27_tracking_lag_b1_diag_20260430_100705.csv,4,right,touchdown,right,roll,3,0.0,0.1370907,0.0,0.0,0.030071735382080078,16.62690874494569,0.10563849776427496,0.21434235999999998,0.0
real,35/0.5 all_ankles,t27_tracking_lag_b1_diag_20260430_100705.csv,4,right,touchdown,right,roll,4,0.0,0.12774470000000002,0.0,0.0,0.020165205001831055,24.795185566157084,0.12892542478385197,0.12774470000000002,0.0
real,35/0.5 all_ankles,t27_tracking_lag_b1_diag_20260430_100705.csv,4,right,touchdown,right,pitch,1,0.0,0.050809999999999966,0.0,0.0,0.06992030143737793,7.1509989190737455,0.33219719024695255,0.7123447999999999,0.0
real,35/0.5 all_ankles,t27_tracking_lag_b1_diag_20260430_100705.csv,4,right,touchdown,right,pitch,2,0.0,0.057227,0.0,0.0,0.020132064819335938,24.83600189483657,0.1365386218959798,0.2332742,0.0
real,35/0.5 all_ankles,t27_tracking_lag_b1_diag_20260430_100705.csv,5,left,swing,left,roll,1,0.0,0.01936015,0.046688200000000006,2.411561893890285,0.0300443172454834,16.64208229179066,0.07335035192375103,0.03772835,0.046688200000000006
real,35/0.5 all_ankles,t27_tracking_lag_b1_diag_20260430_100705.csv,5,left,swing,left,roll,2,0.0,0.005481699999999999,0.027275000000000008,nan,0.0300295352935791,16.650274308670696,0.11007937305864234,0.01866576,0.027275000000000008
real,35/0.5 all_ankles,t27_tracking_lag_b1_diag_20260430_100705.csv,5,left,swing,left,roll,3,0.0,0.0122016,0.03954730000000001,3.241156897456072,0.0400390625,12.487804878048781,0.09412126540404141,0.014719200000000002,0.03954730000000001
real,35/0.5 all_ankles,t27_tracking_lag_b1_diag_20260430_100705.csv,5,left,swing,left,roll,4,0.0,0.03103804,0.09764146,3.145864236272651,0.0498504638671875,10.029996939087848,0.04433004395188489,0.03543400000000001,0.09764146
real,35/0.5 all_ankles,t27_tracking_lag_b1_diag_20260430_100705.csv,5,left,swing,left,roll,5,0.0,0.01925074,0.053582740000000004,2.783411962345344,0.040169715881347656,12.447187863536003,0.050741104403966814,0.022152340000000003,0.05358274
real,35/0.5 all_ankles,t27_tracking_lag_b1_diag_20260430_100705.csv,5,left,swing,left,roll,6,0.0,0.0468963,0.07460507999999999,1.590852156779959,0.060038089752197266,8.328046446242922,0.10821267277367311,0.07973949999999999,0.07460507999999999
real,35/0.5 all_ankles,t27_tracking_lag_b1_diag_20260430_100705.csv,5,left,swing,left,roll,7,0.0,0.39459,0.0298287,0.07559416102790238,0.03987836837768555,12.538125814590284,0.46504597173185797,0.39459,0.0298287
real,35/0.5 all_ankles,t27_tracking_lag_b1_diag_20260430_100705.csv,5,left,swing,left,pitch,1,0.0,0.031562000000000034,0.07180599999999998,2.275077624992076,0.020165205001831055,24.795185566157084,0.15890960343016822,0.03327600000000003,0.07180599999999998
real,35/0.5 all_ankles,t27_tracking_lag_b1_diag_20260430_100705.csv,5,left,swing,left,pitch,2,0.0,0.014346999999999999,0.07381000000000001,5.144629539276505,0.01994180679321289,25.072953779201836,0.10921679858733578,0.02454299999999998,0.07381000000000001
real,35/0.5 all_ankles,t27_tracking_lag_b1_diag_20260430_100705.csv,5,left,swing,left,pitch,3,0.0,0.052931000000000006,0.11388100000000001,2.1514991214977988,0.040015220642089844,12.495245358564313,0.02408073407934236,0.06174700000000005,0.11388100000000001
real,35/0.5 all_ankles,t27_tracking_lag_b1_diag_20260430_100705.csv,5,left,swing,left,pitch,4,0.0,0.05466199999999999,0.037638000000000005,0.6885587794079985,0.08996391296386719,5.5577840439290185,0.11465061734155643,0.06341200000000002,0.08170799999999995
real,35/0.5 all_ankles,t27_tracking_lag_b1_diag_20260430_100705.csv,5,left,swing,left,pitch,5,0.0,0.005230999999999986,0.030225000000000002,nan,0.02002120018005371,24.973527835665376,0.07436430658364715,0.013681000000000054,0.030225000000000002
real,35/0.5 all_ankles,t27_tracking_lag_b1_diag_20260430_100705.csv,5,left,swing,left,pitch,6,0.0,0.6355,0.10966599999999999,0.17256648308418568,0.07000470161437988,7.142377418508894,0.35347405314464037,0.7264700000000001,0.10966599999999999
real,35/0.5 all_ankles,t27_tracking_lag_b1_diag_20260430_100705.csv,5,left,swing,right,roll,1,0.0,0.11708170000000001,0.0,0.0,0.0300443172454834,16.64208229179066,0.13710386595214047,0.13840770000000002,0.0
real,35/0.5 all_ankles,t27_tracking_lag_b1_diag_20260430_100705.csv,5,left,swing,right,roll,2,0.0,0.15405599999999997,0.0,0.0,0.029950857162475586,16.694013039013555,0.35616273391948233,0.225136,0.0
real,35/0.5 all_ankles,t27_tracking_lag_b1_diag_20260430_100705.csv,5,left,swing,right,roll,3,0.0,0.009743999999999975,0.0,nan,0.029973745346069336,16.68126536163985,0.4211585141802312,0.08730199999999999,0.0
real,35/0.5 all_ankles,t27_tracking_lag_b1_diag_20260430_100705.csv,5,left,swing,right,roll,4,0.0,0.05281400000000003,0.0,0.0,0.05993151664733887,8.342855778908467,0.34949451041264074,0.106344,0.0
real,35/0.5 all_ankles,t27_tracking_lag_b1_diag_20260430_100705.csv,5,left,swing,right,roll,5,0.0,0.0018799999999999928,0.0,nan,0.019997835159301758,25.002706343812964,0.32543971120265375,0.05210400000000004,0.0
real,35/0.5 all_ankles,t27_tracking_lag_b1_diag_20260430_100705.csv,5,left,swing,right,roll,6,0.0,0.2585517,0.0,0.0,0.05005168914794922,9.989672846445515,0.21138109811408162,0.6926863,0.0
real,35/0.5 all_ankles,t27_tracking_lag_b1_diag_20260430_100705.csv,5,left,swing,right,roll,7,0.0,0.03982047,0.0,0.0,0.029987812042236328,16.67344050628886,0.0798651669392998,0.21064787000000001,0.0
real,35/0.5 all_ankles,t27_tracking_lag_b1_diag_20260430_100705.csv,5,left,swing,right,pitch,1,0.0,0.566432,0.0,0.0,0.30016040802001953,1.6657759872403024,0.3298962865047758,0.5918179999999998,0.0
real,35/0.5 all_ankles,t27_tracking_lag_b1_diag_20260430_100705.csv,5,left,touchdown,left,roll,1,49.99995231628418,0.12463199999999997,0.1578662,1.2666586430451252,0.09982132911682129,5.008949534371037,0.4404202095694365,0.12463199999999997,0.1666142
real,35/0.5 all_ankles,t27_tracking_lag_b1_diag_20260430_100705.csv,5,left,touchdown,left,pitch,1,9.999990463256836,0.04694699999999996,0.10502699999999998,2.237139753338873,0.13981032371520996,3.5762738166495285,0.6678194503831106,0.04694699999999996,0.13026700000000002
real,35/0.5 all_ankles,t27_tracking_lag_b1_diag_20260430_100705.csv,5,left,touchdown,right,roll,1,0.0,0.05459847,0.0,0.0,0.029996633529663086,16.668537137861147,0.06416869790357076,0.10792507000000001,0.0
real,35/0.5 all_ankles,t27_tracking_lag_b1_diag_20260430_100705.csv,5,left,touchdown,right,roll,2,0.0,0.013057199999999998,0.0,0.0,0.039995431900024414,12.501427694288626,0.04984410817896134,0.0161098,0.0
real,35/0.5 all_ankles,t27_tracking_lag_b1_diag_20260430_100705.csv,5,left,touchdown,right,roll,3,0.0,0.006927799999999998,0.0,nan,0.04983162879943848,10.03378801869776,0.0519535558369845,0.014906199999999994,0.0
real,35/0.5 all_ankles,t27_tracking_lag_b1_diag_20260430_100705.csv,5,left,touchdown,right,pitch,1,0.0,0.709186,0.0,0.0,0.12989544868469238,3.8492495700422706,0.38277372046616703,0.8108139999999999,0.0
real,35/0.5 all_ankles,t27_tracking_lag_b1_diag_20260430_100705.csv,5,left,touchdown,right,pitch,2,0.0,0.192331,0.0,0.0,0.019928693771362305,25.08945170899781,0.28184378818889494,0.192331,0.0
real,35/0.5 all_ankles,t27_tracking_lag_b1_diag_20260430_100705.csv,6,right,swing,left,roll,1,79.99992370605469,0.0323059,0.029575299999999992,0.9154767395429316,0.040016889572143555,12.494724236339913,0.013839688547218102,0.06514909999999999,0.029575299999999992
real,35/0.5 all_ankles,t27_tracking_lag_b1_diag_20260430_100705.csv,6,right,swing,left,roll,2,79.99992370605469,0.35204199999999997,0.0775259,0.22021775810840752,0.16981077194213867,2.944453960614289,0.39427134972831773,0.437138,0.21341190000000002
real,35/0.5 all_ankles,t27_tracking_lag_b1_diag_20260430_100705.csv,6,right,swing,left,roll,3,79.99992370605469,0.20640999999999998,0.057235999999999995,0.27729276682331283,0.020050048828125,24.93759512937595,0.3508765004437696,0.20640999999999998,0.057235999999999995
real,35/0.5 all_ankles,t27_tracking_lag_b1_diag_20260430_100705.csv,6,right,swing,left,pitch,1,0.0,0.6355,0.10966599999999999,0.17256648308418568,0.07000470161437988,7.142377418508894,0.35347405314464037,0.7264700000000001,0.10966599999999999
real,35/0.5 all_ankles,t27_tracking_lag_b1_diag_20260430_100705.csv,6,right,swing,left,pitch,2,0.0,0.07965,0.10502699999999998,1.3186064030131825,0.13982677459716797,3.575853061335843,0.6651498143033643,0.07965,0.13026700000000002
real,35/0.5 all_ankles,t27_tracking_lag_b1_diag_20260430_100705.csv,6,right,swing,left,pitch,3,0.0,0.5455829999999999,0.03929300000000002,0.07202020590817534,0.10013222694396973,4.993397383239878,0.3184956416137618,0.5455829999999999,0.03929300000000002
real,35/0.5 all_ankles,t27_tracking_lag_b1_diag_20260430_100705.csv,6,right,swing,right,roll,1,0.0,0.22781069999999998,0.0,0.0,0.040016889572143555,12.494724236339913,0.18870729052344,0.6619453,0.0
real,35/0.5 all_ankles,t27_tracking_lag_b1_diag_20260430_100705.csv,6,right,swing,right,roll,2,0.0,0.03982047,0.0,0.0,0.029987812042236328,16.67344050628886,0.0798651669392998,0.21064787000000001,0.0
real,35/0.5 all_ankles,t27_tracking_lag_b1_diag_20260430_100705.csv,6,right,swing,right,roll,3,0.0,0.0238149,0.0,0.0,0.019999265670776367,25.00091794523324,0.07408917622813291,0.029511700000000002,0.0
real,35/0.5 all_ankles,t27_tracking_lag_b1_diag_20260430_100705.csv,6,right,swing,right,roll,4,0.0,0.013057199999999998,0.0,0.0,0.039995431900024414,12.501427694288626,0.04984410817896134,0.0161098,0.0
real,35/0.5 all_ankles,t27_tracking_lag_b1_diag_20260430_100705.csv,6,right,swing,right,roll,5,0.0,0.006927799999999998,0.0,nan,0.04983162879943848,10.03378801869776,0.0519535558369845,0.014906199999999994,0.0
real,35/0.5 all_ankles,t27_tracking_lag_b1_diag_20260430_100705.csv,6,right,swing,right,roll,6,0.0,0.4493768,0.0,0.0,0.11014604568481445,4.539427601702216,0.23094417953513818,0.44937679999999997,0.0
real,35/0.5 all_ankles,t27_tracking_lag_b1_diag_20260430_100705.csv,6,right,swing,right,pitch,1,0.0,0.709186,0.0,0.0,0.19990015029907227,2.5012487446955185,0.3721699621405175,0.8108139999999999,0.0
real,35/0.5 all_ankles,t27_tracking_lag_b1_diag_20260430_100705.csv,6,right,swing,right,pitch,2,0.0,0.709186,0.0,0.0,0.12006092071533203,4.1645524373873055,0.31137363631057213,0.7091860000000001,0.0
real,35/0.5 all_ankles,t27_tracking_lag_b1_diag_20260430_100705.csv,6,right,touchdown,left,roll,1,9.999990463256836,0.2755009,0.0944286,0.34275241932059025,0.030042171478271484,16.643270955351333,0.15138488488193763,0.2882169,0.0944286
real,35/0.5 all_ankles,t27_tracking_lag_b1_diag_20260430_100705.csv,6,right,touchdown,left,roll,2,9.999990463256836,0.08228339999999998,0.0556918,0.6768291052630301,0.01990962028503418,25.113487492066533,0.08820162366846392,0.1374164,0.05569180000000001
real,35/0.5 all_ankles,t27_tracking_lag_b1_diag_20260430_100705.csv,6,right,touchdown,left,roll,3,9.999990463256836,0.016378499999999997,0.013320999999999996,0.8133223433159323,0.04009294509887695,12.471021990699445,0.07356634217209661,0.0418403,0.022389000000000003
real,35/0.5 all_ankles,t27_tracking_lag_b1_diag_20260430_100705.csv,6,right,touchdown,left,pitch,1,0.0,0.2156982,0.03195300000000001,0.14813753661365744,0.030042171478271484,16.643270955351333,0.17872079972266797,0.3076762,0.03195300000000001
real,35/0.5 all_ankles,t27_tracking_lag_b1_diag_20260430_100705.csv,6,right,touchdown,left,pitch,2,0.0,0.3429432,0.031760999999999984,0.09261300413596182,0.019896268844604492,25.130339959976514,0.25824377942849513,0.37196749799999995,0.031760999999999984
real,35/0.5 all_ankles,t27_tracking_lag_b1_diag_20260430_100705.csv,6,right,touchdown,left,pitch,3,0.0,0.035802,0.05185600000000001,1.4484107033126645,0.0199735164642334,25.033148313936138,0.09245480168529198,0.113344,0.05185600000000001
real,35/0.5 all_ankles,t27_tracking_lag_b1_diag_20260430_100705.csv,6,right,touchdown,left,pitch,4,0.0,0.08732000000000001,0.081005,0.9276797984425101,0.04009294509887695,12.471021990699445,0.053425632400562195,0.135538,0.081005
real,35/0.5 all_ankles,t27_tracking_lag_b1_diag_20260430_100705.csv,6,right,touchdown,left,pitch,5,0.0,0.077625,0.014429999999999998,0.18589371980676325,0.02998185157775879,16.67675522651547,0.1302841550045515,0.077625,0.014429999999999998
real,35/0.5 all_ankles,t27_tracking_lag_b1_diag_20260430_100705.csv,6,right,touchdown,right,roll,1,0.0,0.5962339999999999,0.0,0.0,0.030042171478271484,16.643270955351333,0.34424642032343633,0.724604,0.0
real,35/0.5 all_ankles,t27_tracking_lag_b1_diag_20260430_100705.csv,6,right,touchdown,right,roll,2,0.0,0.08967999999999998,0.0,0.0,0.019896268844604492,25.130339959976514,0.27058690032101207,0.250892,0.0
real,35/0.5 all_ankles,t27_tracking_lag_b1_diag_20260430_100705.csv,6,right,touchdown,right,roll,3,0.0,0.16779,0.0,0.0,0.020125150680541992,24.844534480103302,0.38099550067815763,0.18262199999999995,0.0
real,35/0.5 all_ankles,t27_tracking_lag_b1_diag_20260430_100705.csv,6,right,touchdown,right,roll,4,0.0,0.06478699999999998,0.0,0.0,0.02997112274169922,16.682725045343176,0.36617819846967953,0.17538900000000007,0.0
real,35/0.5 all_ankles,t27_tracking_lag_b1_diag_20260430_100705.csv,6,right,touchdown,right,roll,5,0.0,0.08607599999999999,0.0,0.0,0.02998185157775879,16.67675522651547,0.3954542314781826,0.08607599999999999,0.0
real,40/0.8 all_ankles,t27_tracking_lag_b1_diag_20260430_101404.csv,1,left,swing,left,roll,1,9.99903678894043,0.010917300000000001,0.003090199999999998,0.28305533419435186,0.0301358699798584,16.59152366711762,0.06170881135662475,0.0245915,0.0064232000000000004
real,40/0.8 all_ankles,t27_tracking_lag_b1_diag_20260430_101404.csv,1,left,swing,left,roll,2,9.99903678894043,0.0043027,0.02447406,nan,0.019858837127685547,25.177707878118472,0.04480346168627004,0.007120500000000009,0.02447406
real,40/0.8 all_ankles,t27_tracking_lag_b1_diag_20260430_101404.csv,1,left,swing,left,roll,3,9.99903678894043,0.006600900000000003,0.058973540000000005,nan,0.05018901824951172,9.962338723468942,0.021553469668399102,0.023357299999999994,0.058973540000000005
real,40/0.8 all_ankles,t27_tracking_lag_b1_diag_20260430_101404.csv,1,left,swing,left,roll,4,9.99903678894043,0.43561,0.10804470000000001,0.2480308073735681,0.08993291854858398,5.559699474557669,0.22853557728551097,0.494258,0.1366347
real,40/0.8 all_ankles,t27_tracking_lag_b1_diag_20260430_101404.csv,1,left,swing,left,roll,5,9.99903678894043,0.06359399999999998,0.0008065999999999976,0.012683586501871211,0.01991891860961914,25.101764297512748,0.39815715976506894,0.13236200000000004,0.0008065999999999976
real,40/0.8 all_ankles,t27_tracking_lag_b1_diag_20260430_101404.csv,1,left,swing,left,roll,6,9.99903678894043,0.049082000000000015,0.013802099999999998,0.2812049223748012,0.02004098892211914,24.94886863832116,0.35336021779295795,0.05490999999999996,0.013802099999999998
real,40/0.8 all_ankles,t27_tracking_lag_b1_diag_20260430_101404.csv,1,left,swing,left,roll,7,9.99903678894043,0.01637299999999997,0.017057600000000006,1.04181274048739,0.020058393478393555,24.927220643995675,0.38470494865141347,0.04784699999999997,0.017057600000000006
real,40/0.8 all_ankles,t27_tracking_lag_b1_diag_20260430_101404.csv,1,left,swing,left,roll,8,9.99903678894043,0.019641999999999993,0.01587250000000001,0.8080898075552396,0.019969463348388672,25.038229184077938,0.40232037494874234,0.045670000000000044,0.01587250000000001
real,40/0.8 all_ankles,t27_tracking_lag_b1_diag_20260430_101404.csv,1,left,swing,left,roll,9,9.99903678894043,0.03284799999999999,0.0169498,0.516007062834876,0.020075559616088867,24.905905965345653,0.35391844182986565,0.03284799999999999,0.0169498
real,40/0.8 all_ankles,t27_tracking_lag_b1_diag_20260430_101404.csv,1,left,swing,left,pitch,1,199.9807357788086,0.004620000000000013,0.00823800000000001,nan,0.020128965377807617,24.839826121975197,0.13416423177210832,0.014102000000000003,0.00823800000000001
real,40/0.8 all_ankles,t27_tracking_lag_b1_diag_20260430_101404.csv,1,left,swing,left,pitch,2,199.9807357788086,0.15207699999999996,0.013635000000000008,0.0896585282455599,0.09005379676818848,5.5522367511841,0.22692680744856916,0.15207699999999996,0.030459000000000014
real,40/0.8 all_ankles,t27_tracking_lag_b1_diag_20260430_101404.csv,1,left,swing,right,roll,1,0.0,0.3166516,0.06541445,0.20658177631188349,0.14019274711608887,3.566518313432912,0.15352623865387469,0.34666419999999987,0.06676185
real,40/0.8 all_ankles,t27_tracking_lag_b1_diag_20260430_101404.csv,1,left,swing,right,roll,2,0.0,0.02169758,0.0018474999999999998,0.08514774458718437,0.030079364776611328,16.62269146018611,0.03331024065183971,0.15815362,0.00892742
real,40/0.8 all_ankles,t27_tracking_lag_b1_diag_20260430_101404.csv,1,left,swing,right,roll,3,0.0,0.006084180000000001,0.00811272,nan,0.02001166343688965,24.98542920116757,0.00765880120868795,0.011508980000000002,0.00811272
real,40/0.8 all_ankles,t27_tracking_lag_b1_diag_20260430_101404.csv,1,left,swing,right,roll,4,0.0,0.02381383,0.002321612,0.09749007194558791,0.030045747756958008,16.641289943739537,0.01733523307216553,0.049942429999999996,0.005320808
real,40/0.8 all_ankles,t27_tracking_lag_b1_diag_20260430_101404.csv,1,left,swing,right,roll,5,0.0,0.0070645,0.003323905,nan,0.019843578338623047,25.197068364772317,0.016071310494643606,0.0130653,0.003636165
real,40/0.8 all_ankles,t27_tracking_lag_b1_diag_20260430_101404.csv,1,left,swing,right,roll,6,0.0,0.008870299999999998,0.01904252,nan,0.0300905704498291,16.61650120038983,0.012280659030757472,0.008870299999999998,0.01904252
real,40/0.8 all_ankles,t27_tracking_lag_b1_diag_20260430_101404.csv,1,left,swing,right,pitch,1,129.9874782562256,0.3293911,0.024943999999999994,0.07572760769796147,0.1301255226135254,3.842443741686302,0.1689212105683086,0.45040589999999997,0.029099999999999987
real,40/0.8 all_ankles,t27_tracking_lag_b1_diag_20260430_101404.csv,1,left,swing,right,pitch,2,129.9874782562256,0.013857900000000006,0.033197000000000004,2.3955289040908068,0.04006624221801758,12.479333531686997,0.11850777362084733,0.29588229999999993,0.033197000000000004
real,40/0.8 all_ankles,t27_tracking_lag_b1_diag_20260430_101404.csv,1,left,touchdown,left,roll,1,0.0,0.015954000000000024,0.0169498,1.0624169487275903,0.020008563995361328,24.9892995877124,0.3443476156561564,0.02593000000000001,0.0169498
real,40/0.8 all_ankles,t27_tracking_lag_b1_diag_20260430_101404.csv,1,left,touchdown,left,roll,2,0.0,0.0009979999999999989,0.03742099999999998,nan,0.029966354370117188,16.685379670294697,0.3165648465456959,0.0042620000000000435,0.03742099999999998
real,40/0.8 all_ankles,t27_tracking_lag_b1_diag_20260430_101404.csv,1,left,touchdown,left,roll,3,0.0,0.013314000000000048,0.030352000000000018,2.2797055730809603,0.019991636276245117,25.010459028514866,0.2781846027688568,0.018364000000000047,0.030352000000000018
real,40/0.8 all_ankles,t27_tracking_lag_b1_diag_20260430_101404.csv,1,left,touchdown,left,roll,4,0.0,0.162563,0.029781000000000002,0.18319666836857096,0.05994153022766113,8.341462056456905,0.19993809845263896,0.162563,0.04086099999999998
real,40/0.8 all_ankles,t27_tracking_lag_b1_diag_20260430_101404.csv,1,left,touchdown,left,pitch,1,39.99614715576172,0.176744,0.04530799999999999,0.25634816457701526,0.04004240036010742,12.486763917832688,0.15785668350944157,0.197044,0.04530799999999999
real,40/0.8 all_ankles,t27_tracking_lag_b1_diag_20260430_101404.csv,1,left,touchdown,left,pitch,2,39.99614715576172,0.005405000000000049,0.027239000000000013,nan,0.02004265785217285,24.9467911734967,0.16820500634047728,0.0065609999999999835,0.027239000000000013
real,40/0.8 all_ankles,t27_tracking_lag_b1_diag_20260430_101404.csv,1,left,touchdown,left,pitch,3,39.99614715576172,0.006195999999999979,0.02989900000000001,nan,0.019991636276245117,25.010459028514866,0.14173746793984995,0.03949400000000003,0.02989900000000001
real,40/0.8 all_ankles,t27_tracking_lag_b1_diag_20260430_101404.csv,1,left,touchdown,left,pitch,4,39.99614715576172,0.07860600000000001,0.022042000000000006,0.28041116454214693,0.019907712936401367,25.11589360351621,0.08590537521598982,0.07860600000000001,0.022042000000000006
real,40/0.8 all_ankles,t27_tracking_lag_b1_diag_20260430_101404.csv,1,left,touchdown,right,roll,1,19.99807357788086,0.0243739,0.0198229,0.8132838815290127,0.06008505821228027,8.321536416483147,0.0044430232979036114,0.026865499999999997,0.025478700000000003
real,40/0.8 all_ankles,t27_tracking_lag_b1_diag_20260430_101404.csv,1,left,touchdown,right,roll,2,19.99807357788086,0.0344992,0.006216100000000002,0.18018098970410915,0.05999612808227539,8.33387113438933,0.021683296204221353,0.0344992,0.013003500000000001
real,40/0.8 all_ankles,t27_tracking_lag_b1_diag_20260430_101404.csv,1,left,touchdown,right,pitch,1,39.99614715576172,0.11571099999999998,0.00634800000000002,0.054860817035545635,0.07002592086791992,7.140213135405673,0.10330139649769988,0.144483,0.05508400000000002
real,40/0.8 all_ankles,t27_tracking_lag_b1_diag_20260430_101404.csv,1,left,touchdown,right,pitch,2,39.99614715576172,0.052919999999999995,0.04540899999999998,0.8580687830687828,0.029958486557006836,16.689761648959454,0.07626007111359129,0.052919999999999995,0.04540899999999998
real,40/0.8 all_ankles,t27_tracking_lag_b1_diag_20260430_101404.csv,2,right,swing,left,roll,1,9.99903678894043,0.008471000000000006,0.0103134,nan,0.01992487907409668,25.09425518421462,0.36901514563319304,0.05017700000000003,0.010927999999999993
real,40/0.8 all_ankles,t27_tracking_lag_b1_diag_20260430_101404.csv,2,right,swing,left,roll,2,9.99903678894043,0.06359399999999998,0.0008065999999999976,0.012683586501871211,0.01991891860961914,25.101764297512748,0.39815715976506894,0.13236200000000004,0.0008065999999999976
real,40/0.8 all_ankles,t27_tracking_lag_b1_diag_20260430_101404.csv,2,right,swing,left,roll,3,9.99903678894043,0.049082000000000015,0.013802099999999998,0.2812049223748012,0.02004098892211914,24.94886863832116,0.35336021779295795,0.05490999999999996,0.013802099999999998
real,40/0.8 all_ankles,t27_tracking_lag_b1_diag_20260430_101404.csv,2,right,swing,left,roll,4,9.99903678894043,0.01637299999999997,0.017057600000000006,1.04181274048739,0.020058393478393555,24.927220643995675,0.38470494865141347,0.04784699999999997,0.017057600000000006
real,40/0.8 all_ankles,t27_tracking_lag_b1_diag_20260430_101404.csv,2,right,swing,left,roll,5,9.99903678894043,0.019641999999999993,0.01587250000000001,0.8080898075552396,0.019969463348388672,25.038229184077938,0.40232037494874234,0.045670000000000044,0.01587250000000001
real,40/0.8 all_ankles,t27_tracking_lag_b1_diag_20260430_101404.csv,2,right,swing,left,roll,6,9.99903678894043,0.027859999999999996,0.026631799999999997,0.9559152907394114,0.0300905704498291,16.61650120038983,0.346199934466285,0.03783599999999998,0.026631799999999997
real,40/0.8 all_ankles,t27_tracking_lag_b1_diag_20260430_101404.csv,2,right,swing,left,roll,7,9.99903678894043,0.0009979999999999989,0.04164499999999999,nan,0.029966354370117188,16.685379670294697,0.30384253034549,0.0042620000000000435,0.04164499999999999
real,40/0.8 all_ankles,t27_tracking_lag_b1_diag_20260430_101404.csv,2,right,swing,left,roll,8,9.99903678894043,0.013314000000000048,0.022008,1.6529968454258614,0.019991636276245117,25.010459028514866,0.264558326981027,0.018364000000000047,0.022008
real,40/0.8 all_ankles,t27_tracking_lag_b1_diag_20260430_101404.csv,2,right,swing,left,roll,9,9.99903678894043,0.4326532,0.09379299999999999,0.2167856380121538,0.09995126724243164,5.002437825898203,0.15878675403109327,0.4326532,0.143651
real,40/0.8 all_ankles,t27_tracking_lag_b1_diag_20260430_101404.csv,2,right,swing,left,pitch,1,49.99518394470215,0.0,0.006205000000000002,nan,0.01992487907409668,25.09425518421462,0.283421352972331,0.012929999999999997,0.006242999999999985
real,40/0.8 all_ankles,t27_tracking_lag_b1_diag_20260430_101404.csv,2,right,swing,left,pitch,2,49.99518394470215,0.038661999999999974,0.008014000000000007,0.20728363768041003,0.029970169067382812,16.68325590275568,0.2403689232539223,0.21314599999999995,0.008158000000000012
real,40/0.8 all_ankles,t27_tracking_lag_b1_diag_20260430_101404.csv,2,right,swing,left,pitch,3,49.99518394470215,0.18618600000000002,0.017667000000000016,0.09488898198575625,0.04990029335021973,10.019981175076566,0.10343359395339119,0.2735486,0.017667000000000016
real,40/0.8 all_ankles,t27_tracking_lag_b1_diag_20260430_101404.csv,2,right,swing,left,pitch,4,49.99518394470215,0.24339300000000003,0.059025999999999995,0.24251313718964798,0.050124406814575195,9.975180391653229,0.1337405077746953,0.263693,0.059025999999999995
real,40/0.8 all_ankles,t27_tracking_lag_b1_diag_20260430_101404.csv,2,right,swing,left,pitch,5,49.99518394470215,0.005405000000000049,0.029422000000000004,nan,0.02004265785217285,24.9467911734967,0.1539497963731467,0.0065609999999999835,0.029422000000000004
real,40/0.8 all_ankles,t27_tracking_lag_b1_diag_20260430_101404.csv,2,right,swing,left,pitch,6,49.99518394470215,0.006195999999999979,0.025861000000000023,nan,0.019991636276245117,25.010459028514866,0.1277475898507156,0.03949400000000003,0.025861000000000023
real,40/0.8 all_ankles,t27_tracking_lag_b1_diag_20260430_101404.csv,2,right,swing,left,pitch,7,49.99518394470215,0.48472,0.00036400000000003097,0.0007509490014854576,0.05994153022766113,8.341462056456905,0.18514415566255776,0.48472000000000004,0.04394599999999993
real,40/0.8 all_ankles,t27_tracking_lag_b1_diag_20260430_101404.csv,2,right,swing,right,roll,1,69.99325752258301,0.0743122,0.00166264,0.022373715217689695,0.030004262924194336,16.664298711927977,0.032327117008140116,0.079737,0.00529743
real,40/0.8 all_ankles,t27_tracking_lag_b1_diag_20260430_101404.csv,2,right,swing,right,roll,2,69.99325752258301,0.02381383,0.01904252,0.7996412168895133,0.030045747756958008,16.641289943739537,0.008790935222270153,0.049942429999999996,0.01904252
real,40/0.8 all_ankles,t27_tracking_lag_b1_diag_20260430_101404.csv,2,right,swing,right,roll,3,69.99325752258301,0.0070645,0.006262899999999998,nan,0.019843578338623047,25.197068364772317,0.01501925411230531,0.0130653,0.006262899999999998
real,40/0.8 all_ankles,t27_tracking_lag_b1_diag_20260430_101404.csv,2,right,swing,right,roll,4,69.99325752258301,0.0279182,0.007009599999999998,0.25107635879103946,0.07016706466674805,7.125850317021291,0.013966950590859124,0.030409799999999997,0.018378600000000002
real,40/0.8 all_ankles,t27_tracking_lag_b1_diag_20260430_101404.csv,2,right,swing,right,roll,5,69.99325752258301,0.0344992,0.05169291,1.4983799624339116,0.05999612808227539,8.33387113438933,0.007475929892892447,0.0344992,0.05169291
real,40/0.8 all_ankles,t27_tracking_lag_b1_diag_20260430_101404.csv,2,right,swing,right,pitch,1,159.98458862304688,0.1635182,0.03271099999999999,0.20004501028020116,0.030004262924194336,16.664298711927977,0.11674133691182399,0.33275419999999994,0.03271099999999999
real,40/0.8 all_ankles,t27_tracking_lag_b1_diag_20260430_101404.csv,2,right,swing,right,pitch,2,159.98458862304688,0.010348999999999997,0.028888999999999998,2.791477437433569,0.019926071166992188,25.092753900641334,0.034739523797350284,0.035032999999999925,0.028888999999999998
real,40/0.8 all_ankles,t27_tracking_lag_b1_diag_20260430_101404.csv,2,right,swing,right,pitch,3,159.98458862304688,0.116152,0.053820000000000034,0.46335835801363756,0.0400850772857666,12.473469776183764,0.07353454650026747,0.116152,0.053820000000000034
real,40/0.8 all_ankles,t27_tracking_lag_b1_diag_20260430_101404.csv,2,right,touchdown,left,roll,1,29.99711036682129,0.09095746,0.1947907,2.1415582625108485,0.030135631561279297,16.59165493124891,0.095314883444929,0.11602554000000001,0.19479070000000004
real,40/0.8 all_ankles,t27_tracking_lag_b1_diag_20260430_101404.csv,2,right,touchdown,left,roll,2,29.99711036682129,0.0008556900000000001,0.06592100000000001,nan,0.030054092407226562,16.636669416767152,0.166089365469071,0.07569517,0.06592100000000001
real,40/0.8 all_ankles,t27_tracking_lag_b1_diag_20260430_101404.csv,2,right,touchdown,left,roll,3,29.99711036682129,0.007386370000000001,0.0978708,nan,0.019977569580078125,25.028069505442048,0.06510960830461943,0.03474837,0.0978708
real,40/0.8 all_ankles,t27_tracking_lag_b1_diag_20260430_101404.csv,2,right,touchdown,left,pitch,1,39.99614715576172,0.723031,0.09256600000000001,0.12802493945626123,0.06006574630737305,8.324211896766613,0.3779531081089973,0.7969689999999998,0.10552999999999998
real,40/0.8 all_ankles,t27_tracking_lag_b1_diag_20260430_101404.csv,2,right,touchdown,left,pitch,2,39.99614715576172,0.10103099999999998,0.077931,0.7713573061733529,0.0399622917175293,12.511794957461786,0.1623814954753158,0.10123899999999997,0.077931
real,40/0.8 all_ankles,t27_tracking_lag_b1_diag_20260430_101404.csv,2,right,touchdown,right,roll,1,0.0,0.0748451,0.03292331,0.4398859778395646,0.030135631561279297,16.59165493124891,0.09933037777333302,0.2627523,0.03292331
real,40/0.8 all_ankles,t27_tracking_lag_b1_diag_20260430_101404.csv,2,right,touchdown,right,roll,2,0.0,0.00438785,0.0056520400000000005,nan,0.01986074447631836,25.175289909005787,0.18759652481874012,0.6628264500000001,0.01517062
real,40/0.8 all_ankles,t27_tracking_lag_b1_diag_20260430_101404.csv,2,right,touchdown,right,roll,3,0.0,0.2617283,0.00096086,0.003671211710770291,0.03998112678527832,12.505900663712856,0.22340585664211124,0.3257723,0.05506199999999999
real,40/0.8 all_ankles,t27_tracking_lag_b1_diag_20260430_101404.csv,2,right,touchdown,right,pitch,1,39.99614715576172,0.109516,0.14214749999999998,1.297961028525512,0.049996376037597656,10.000724845016691,0.3578176341103499,0.5034179999999999,0.1499765
real,40/0.8 all_ankles,t27_tracking_lag_b1_diag_20260430_101404.csv,2,right,touchdown,right,pitch,2,39.99614715576172,0.109516,0.0412448,0.3766098104386573,0.05003166198730469,9.993671609927185,0.42537682181487424,0.109516,0.0412448
real,40/0.8 all_ankles,t27_tracking_lag_b1_diag_20260430_101404.csv,3,left,swing,left,roll,1,39.99614715576172,0.09095746,0.1367571,1.5035281328216508,0.030135631561279297,16.59165493124891,0.1422769451083973,0.11602554000000001,0.13675710000000002
real,40/0.8 all_ankles,t27_tracking_lag_b1_diag_20260430_101404.csv,3,left,swing,left,roll,2,39.99614715576172,0.0008556900000000001,0.10884210000000001,nan,0.030054092407226562,16.636669416767152,0.14142444571760793,0.07569517,0.10884210000000001
real,40/0.8 all_ankles,t27_tracking_lag_b1_diag_20260430_101404.csv,3,left,swing,left,roll,3,39.99614715576172,0.007386370000000001,0.1009391,nan,0.019977569580078125,25.028069505442048,0.044900525928133254,0.03474837,0.10093909999999999
real,40/0.8 all_ankles,t27_tracking_lag_b1_diag_20260430_101404.csv,3,left,swing,left,roll,4,39.99614715576172,0.01911363,0.1598078,8.36093405595902,0.050031423568725586,9.993719233536815,0.15071897923840077,0.021431850000000002,0.1598078
real,40/0.8 all_ankles,t27_tracking_lag_b1_diag_20260430_101404.csv,3,left,swing,left,roll,5,39.99614715576172,0.04818493,0.1972650372,4.093915612204895,0.05001664161682129,9.996672784040804,0.14977687629832748,0.05157813,0.1972650372
real,40/0.8 all_ankles,t27_tracking_lag_b1_diag_20260430_101404.csv,3,left,swing,left,roll,6,39.99614715576172,0.006073100000000005,0.1115589628,nan,0.019942283630371094,25.072354263306394,0.052181852734721305,0.007336699999999995,0.1115589628
real,40/0.8 all_ankles,t27_tracking_lag_b1_diag_20260430_101404.csv,3,left,swing,left,roll,7,39.99614715576172,0.023213150000000002,0.036778000000000005,1.5843605887180328,0.03997159004211426,12.50888442199066,0.18548008574727448,0.02733551,0.06305399999999997
real,40/0.8 all_ankles,t27_tracking_lag_b1_diag_20260430_101404.csv,3,left,swing,left,pitch,1,169.9836254119873,0.723031,0.10788800000000004,0.14921628533216424,0.06006574630737305,8.324211896766613,0.47384272636072583,0.7969689999999998,0.10788800000000004
real,40/0.8 all_ankles,t27_tracking_lag_b1_diag_20260430_101404.csv,3,left,swing,left,pitch,2,169.9836254119873,0.06350800000000001,0.05707500000000004,0.8987056748756068,0.049971580505371094,10.005687131433806,0.07998695484785835,0.13876199999999994,0.06247699999999995
real,40/0.8 all_ankles,t27_tracking_lag_b1_diag_20260430_101404.csv,3,left,swing,left,pitch,3,169.9836254119873,0.018075000000000008,0.03770399999999996,2.0859751037344365,0.02004384994506836,24.945307481860354,0.02256185120950851,0.018075000000000008,0.03770399999999996
real,40/0.8 all_ankles,t27_tracking_lag_b1_diag_20260430_101404.csv,3,left,swing,left,pitch,4,169.9836254119873,0.015422999999999965,0.03098200000000001,2.00881799909227,0.01997828483581543,25.027173459036934,0.027217261863261212,0.08020900000000003,0.03098200000000001
real,40/0.8 all_ankles,t27_tracking_lag_b1_diag_20260430_101404.csv,3,left,swing,right,roll,1,59.99422073364258,0.0748451,0.0416702,0.5567525462588733,0.030135631561279297,16.59165493124891,0.09786666556144756,0.2627523,0.0416702
real,40/0.8 all_ankles,t27_tracking_lag_b1_diag_20260430_101404.csv,3,left,swing,right,roll,2,59.99422073364258,0.00438785,0.003590399999999997,nan,0.01986074447631836,25.175289909005787,0.17879944175826587,0.6628264500000001,0.017622999999999996
real,40/0.8 all_ankles,t27_tracking_lag_b1_diag_20260430_101404.csv,3,left,swing,right,roll,3,59.99422073364258,0.2617283,0.0471429601,0.18012175259610824,0.03998112678527832,12.505900663712856,0.2063555810130266,0.3257723,0.0471429601
real,40/0.8 all_ankles,t27_tracking_lag_b1_diag_20260430_101404.csv,3,left,swing,right,roll,4,59.99422073364258,0.10896499999999998,0.0033834000000000017,0.031050337264259188,0.01997828483581543,25.027173459036934,0.3893428580834935,0.226893,0.0033834000000000017
real,40/0.8 all_ankles,t27_tracking_lag_b1_diag_20260430_101404.csv,3,left,swing,right,roll,5,59.99422073364258,0.200303,0.017895700000000007,0.08934314513512033,0.06995892524719238,7.147050904988941,0.2695593890192034,0.230497,0.01914090000000001
real,40/0.8 all_ankles,t27_tracking_lag_b1_diag_20260430_101404.csv,3,left,swing,right,roll,6,59.99422073364258,0.08135700000000001,0.010761099999999996,0.13227011812136624,0.029986858367919922,16.673970772973746,0.2362261064530866,0.101487,0.010761099999999996
real,40/0.8 all_ankles,t27_tracking_lag_b1_diag_20260430_101404.csv,3,left,swing,right,pitch,1,39.99614715576172,0.109516,0.14214749999999998,1.297961028525512,0.049996376037597656,10.000724845016691,0.3578176341103499,0.5034179999999999,0.1499765
real,40/0.8 all_ankles,t27_tracking_lag_b1_diag_20260430_101404.csv,3,left,swing,right,pitch,2,39.99614715576172,0.109516,0.18915500000000002,1.7271905474999087,0.22998046875,2.1740976645435244,0.36975196884843337,0.109516,0.2212756
real,40/0.8 all_ankles,t27_tracking_lag_b1_diag_20260430_101404.csv,3,left,touchdown,left,roll,1,0.0,0.28093700000000005,0.402718,1.433481527887035,0.08006095886230469,6.245241215008934,0.14277193944612507,0.37719699999999995,0.402718
real,40/0.8 all_ankles,t27_tracking_lag_b1_diag_20260430_101404.csv,3,left,touchdown,left,pitch,1,19.99807357788086,0.06695799999999996,0.275205264,4.110117745452375,0.06002616882324219,8.329700359060723,0.2357713206556695,0.17267999999999994,0.275205264
real,40/0.8 all_ankles,t27_tracking_lag_b1_diag_20260430_101404.csv,3,left,touchdown,left,pitch,2,19.99807357788086,0.0,0.08806330000000001,nan,0.04995584487915039,10.008838829761848,0.5277504120074328,0.0,0.10101529999999997
real,40/0.8 all_ankles,t27_tracking_lag_b1_diag_20260430_101404.csv,3,left,touchdown,right,roll,1,39.99614715576172,0.228919127,0.1599139,0.6985606755349892,0.06002616882324219,8.329700359060723,0.14396398097249197,0.699352873,0.1599139
real,40/0.8 all_ankles,t27_tracking_lag_b1_diag_20260430_101404.csv,3,left,touchdown,right,roll,2,39.99614715576172,0.046641127,0.037906300000000004,0.8127226428297928,0.02999138832092285,16.671452306567137,0.15038859185669978,0.078284927,0.04532029999999998
real,40/0.8 all_ankles,t27_tracking_lag_b1_diag_20260430_101404.csv,3,left,touchdown,right,pitch,1,0.0,0.051734999999999975,0.016962000000000005,0.3278631487387651,0.04999685287475586,10.000629464668911,0.21548790844985558,0.6029798,0.02507000000000001
real,40/0.8 all_ankles,t27_tracking_lag_b1_diag_20260430_101404.csv,3,left,touchdown,right,pitch,2,0.0,0.24481914999999999,0.02599599999999999,0.10618450394913957,0.019941091537475586,25.073853106804243,0.13614659927546544,0.4412951500000001,0.02599599999999999
real,40/0.8 all_ankles,t27_tracking_lag_b1_diag_20260430_101404.csv,3,left,touchdown,right,pitch,3,0.0,0.05162699999999998,0.00037099999999998245,0.007186162279427095,0.03008294105529785,16.6207153443179,0.1002502385121851,0.05448699999999995,0.007073000000000024
real,40/0.8 all_ankles,t27_tracking_lag_b1_diag_20260430_101404.csv,4,right,swing,left,roll,1,19.99807357788086,0.11537999999999998,0.017730000000000024,0.15366614664586606,0.020030736923217773,24.961637802773314,0.09677150402882038,0.13374199999999997,0.017730000000000024
real,40/0.8 all_ankles,t27_tracking_lag_b1_diag_20260430_101404.csv,4,right,swing,left,roll,2,19.99807357788086,0.002006999999999981,0.06462299999999999,nan,0.030131816864013672,16.593755439856942,0.24475948130460645,0.031159000000000048,0.06462299999999999
real,40/0.8 all_ankles,t27_tracking_lag_b1_diag_20260430_101404.csv,4,right,swing,left,roll,3,19.99807357788086,0.07139600000000002,0.082186,1.1511289147851418,0.05996251106262207,8.338543385513377,0.2689339318672365,0.10500199999999993,0.08620200000000001
real,40/0.8 all_ankles,t27_tracking_lag_b1_diag_20260430_101404.csv,4,right,swing,left,roll,4,19.99807357788086,0.036744,0.014950000000000005,0.40686914870455054,0.029979228973388672,16.678214120977874,0.2986998909423972,0.045196000000000014,0.014950000000000005
real,40/0.8 all_ankles,t27_tracking_lag_b1_diag_20260430_101404.csv,4,right,swing,left,roll,5,19.99807357788086,0.4786145,0.2026518,0.4234134151806934,0.10003209114074707,4.998395957718113,0.12065289873309377,0.4786145,0.21226980000000004
real,40/0.8 all_ankles,t27_tracking_lag_b1_diag_20260430_101404.csv,4,right,swing,left,pitch,1,0.0,0.25143099999999996,0.08413796400000001,0.334636397262072,0.31011104583740234,1.61232567079265,0.4241208560380913,0.25143099999999996,0.387617436
real,40/0.8 all_ankles,t27_tracking_lag_b1_diag_20260430_101404.csv,4,right,swing,right,roll,1,159.98458862304688,0.1121258,0.2008499,1.7912906752950704,0.0600275993347168,8.32950185483807,0.15268881725327124,0.11793599999999999,0.2026279
real,40/0.8 all_ankles,t27_tracking_lag_b1_diag_20260430_101404.csv,4,right,swing,right,roll,2,159.98458862304688,0.007100099999999998,0.342918,nan,0.06015419960021973,8.311971621648402,0.12260028680879992,0.0431469,0.34291799999999995
real,40/0.8 all_ankles,t27_tracking_lag_b1_diag_20260430_101404.csv,4,right,swing,right,roll,3,159.98458862304688,0.0071851,0.130918,nan,0.029938220977783203,16.70105917018396,0.2513432757126695,0.0071851,0.130918
real,40/0.8 all_ankles,t27_tracking_lag_b1_diag_20260430_101404.csv,4,right,swing,right,pitch,1,179.98266220092773,0.009539999999999993,0.0011519999999999864,nan,0.020030736923217773,24.961637802773314,0.061444341654324316,0.20601600000000003,0.0011519999999999864
real,40/0.8 all_ankles,t27_tracking_lag_b1_diag_20260430_101404.csv,4,right,swing,right,pitch,2,179.98266220092773,0.05162699999999998,0.001356999999999997,0.02628469599240703,0.03008294105529785,16.6207153443179,0.04041726666908586,0.05448699999999995,0.004752999999999952
real,40/0.8 all_ankles,t27_tracking_lag_b1_diag_20260430_101404.csv,4,right,swing,right,pitch,3,179.98266220092773,0.0034420000000000006,0.014510999999999996,nan,0.019979000091552734,25.02627747678942,0.0501689983588803,0.018162000000000067,0.014510999999999996
real,40/0.8 all_ankles,t27_tracking_lag_b1_diag_20260430_101404.csv,4,right,swing,right,pitch,4,179.98266220092773,0.01712199999999997,0.021772999999999987,1.2716388272398098,0.03002476692199707,16.65291861545425,0.04459838817434996,0.01712199999999997,0.021772999999999987
real,40/0.8 all_ankles,t27_tracking_lag_b1_diag_20260430_101404.csv,4,right,touchdown,left,roll,1,49.99518394470215,0.0458681,0.009936,0.21662113756619525,0.030008792877197266,16.661783166224396,0.0701366527139341,0.1085215,0.018181999999999976
real,40/0.8 all_ankles,t27_tracking_lag_b1_diag_20260430_101404.csv,4,right,touchdown,left,roll,2,49.99518394470215,0.0453282,0.1114146,2.457953327067918,0.0300290584564209,16.650538701558542,0.0708740913288488,0.052691,0.1114146
real,40/0.8 all_ankles,t27_tracking_lag_b1_diag_20260430_101404.csv,4,right,touchdown,left,roll,3,49.99518394470215,0.0818487,0.1037967,1.2681533121479023,0.02980184555053711,16.777484439751035,0.11288431283243036,0.0915995,0.1037967
real,40/0.8 all_ankles,t27_tracking_lag_b1_diag_20260430_101404.csv,4,right,touchdown,left,pitch,1,19.99807357788086,0.22904799999999997,0.038742500000000006,0.16914576857252633,0.030008792877197266,16.661783166224396,0.22591643350853205,0.273814,0.038742500000000006
real,40/0.8 all_ankles,t27_tracking_lag_b1_diag_20260430_101404.csv,4,right,touchdown,left,pitch,2,19.99807357788086,0.03820899999999999,0.004061099999999998,0.10628647700803473,0.029987573623657227,16.673573069798135,0.17230533586163982,0.08792899999999998,0.008121500000000004
real,40/0.8 all_ankles,t27_tracking_lag_b1_diag_20260430_101404.csv,4,right,touchdown,left,pitch,3,19.99807357788086,0.06401699999999999,0.0285968,0.446706343627474,0.020006179809570312,24.99227762417771,0.1747939330302876,0.09645099999999995,0.0285968
real,40/0.8 all_ankles,t27_tracking_lag_b1_diag_20260430_101404.csv,4,right,touchdown,left,pitch,4,19.99807357788086,0.004530000000000034,0.08207990000000001,nan,0.02974534034729004,16.809355487692468,0.17417460578518615,0.022795999999999927,0.08207990000000001
real,40/0.8 all_ankles,t27_tracking_lag_b1_diag_20260430_101404.csv,4,right,touchdown,right,roll,1,49.99518394470215,0.0248369,0.18219370000000001,7.335605490218184,0.020003795623779297,24.99525637052752,0.18165515346832306,0.0524887,0.18219370000000001
real,40/0.8 all_ankles,t27_tracking_lag_b1_diag_20260430_101404.csv,4,right,touchdown,right,roll,2,49.99518394470215,0.009853,0.036328,nan,0.01997852325439453,25.026874791159482,0.44704231428542274,0.05816899999999997,0.036328
real,40/0.8 all_ankles,t27_tracking_lag_b1_diag_20260430_101404.csv,4,right,touchdown,right,roll,3,49.99518394470215,0.0009490000000000054,0.1239804,nan,0.020021915435791016,24.97263569029984,0.3345096274790707,0.11229700000000001,0.1239804
real,40/0.8 all_ankles,t27_tracking_lag_b1_diag_20260430_101404.csv,4,right,touchdown,right,roll,4,49.99518394470215,0.028779,0.14885179999999998,5.172236700371799,0.02980184555053711,16.777484439751035,0.2645629097045729,0.234201,0.1488518
real,40/0.8 all_ankles,t27_tracking_lag_b1_diag_20260430_101404.csv,4,right,touchdown,right,pitch,1,0.0,0.0,0.3661509,nan,0.14987516403198242,3.3361097766225174,0.3358449226239592,0.20309199999999994,0.4631928999999999
real,40/0.8 all_ankles,t27_tracking_lag_b1_diag_20260430_101404.csv,5,left,swing,left,roll,1,129.9874782562256,0.0214104,0.026219999999999993,1.2246384934424388,0.019976377487182617,25.02956305870839,0.16149562576237164,0.0840638,0.026219999999999993
real,40/0.8 all_ankles,t27_tracking_lag_b1_diag_20260430_101404.csv,5,left,swing,left,roll,2,129.9874782562256,0.0453282,0.06033390000000001,1.331045574278264,0.0300290584564209,16.650538701558542,0.1058365281303908,0.052691,0.06033390000000001
real,40/0.8 all_ankles,t27_tracking_lag_b1_diag_20260430_101404.csv,5,left,swing,left,roll,3,129.9874782562256,0.0818487,0.1251051,1.528492205740592,0.02980184555053711,16.777484439751035,0.045080320275537086,0.0915995,0.1251051
real,40/0.8 all_ankles,t27_tracking_lag_b1_diag_20260430_101404.csv,5,left,swing,left,roll,4,129.9874782562256,0.016668699999999998,0.05908279999999999,3.5445355666608673,0.020000696182250977,24.999129802477082,0.03599965569136275,0.024041299999999998,0.05908279999999999
real,40/0.8 all_ankles,t27_tracking_lag_b1_diag_20260430_101404.csv,5,left,swing,left,roll,5,129.9874782562256,0.042561067,0.02132020000000001,0.5009319902623685,0.030063390731811523,16.631523851064674,0.07147558191659494,0.071061667,0.0341882
real,40/0.8 all_ankles,t27_tracking_lag_b1_diag_20260430_101404.csv,5,left,swing,left,roll,6,129.9874782562256,0.0097827,0.055455500000000005,nan,0.01996755599975586,25.040620895522387,0.06250908375385666,0.019797299999999997,0.055455500000000005
real,40/0.8 all_ankles,t27_tracking_lag_b1_diag_20260430_101404.csv,5,left,swing,left,roll,7,129.9874782562256,0.007700499999999999,0.0805704,nan,0.02001643180847168,24.979477100827825,0.03087809619160968,0.015548840000000001,0.0805704
real,40/0.8 all_ankles,t27_tracking_lag_b1_diag_20260430_101404.csv,5,left,swing,left,pitch,1,89.99133110046387,0.06059200000000001,0.1243143,2.0516619355690517,0.039992570877075195,12.502322032180563,0.050543529046733565,0.110312,0.1243143
real,40/0.8 all_ankles,t27_tracking_lag_b1_diag_20260430_101404.csv,5,left,swing,left,pitch,2,89.99133110046387,0.06401699999999999,0.06877399999999997,1.0743083868347467,0.020006179809570312,24.99227762417771,0.032637496891356914,0.09645099999999995,0.06877399999999997
real,40/0.8 all_ankles,t27_tracking_lag_b1_diag_20260430_101404.csv,5,left,swing,left,pitch,3,89.99133110046387,0.004530000000000034,0.09208100000000002,nan,0.02974534034729004,16.809355487692468,0.06202479283923485,0.022795999999999927,0.09208100000000002
real,40/0.8 all_ankles,t27_tracking_lag_b1_diag_20260430_101404.csv,5,left,swing,left,pitch,4,89.99133110046387,0.03946499999999997,0.02821399999999996,0.7149119472950711,0.020079612731933594,24.900878651151746,0.1033032515364352,0.04280099999999998,0.02821399999999996
real,40/0.8 all_ankles,t27_tracking_lag_b1_diag_20260430_101404.csv,5,left,swing,left,pitch,5,89.99133110046387,0.005146999999999957,0.003973000000000004,nan,0.020021438598632812,24.97323044679432,0.09026524662718574,0.05351699999999998,0.003973000000000004
real,40/0.8 all_ankles,t27_tracking_lag_b1_diag_20260430_101404.csv,5,left,swing,left,pitch,6,89.99133110046387,0.015708,0.016988000000000003,1.0814871403106698,0.040107011795043945,12.466648040375459,0.06635391344751265,0.08115199999999995,0.016988000000000003
real,40/0.8 all_ankles,t27_tracking_lag_b1_diag_20260430_101404.csv,5,left,swing,left,pitch,7,89.99133110046387,0.004819999999999991,0.004784999999999984,nan,0.029959917068481445,16.688964754378844,0.0636915296919457,0.03947200000000001,0.006954999999999989
real,40/0.8 all_ankles,t27_tracking_lag_b1_diag_20260430_101404.csv,5,left,swing,right,roll,1,99.9903678894043,0.18925820000000002,0.14885179999999998,0.7865011925507057,0.0299835205078125,16.675826972010178,0.1560116475392142,0.25728019999999996,0.1488518
real,40/0.8 all_ankles,t27_tracking_lag_b1_diag_20260430_101404.csv,5,left,swing,right,roll,2,99.9903678894043,0.0009490000000000054,0.05626339999999999,nan,0.020021915435791016,24.97263569029984,0.145652715104674,0.11229700000000001,0.0562634
real,40/0.8 all_ankles,t27_tracking_lag_b1_diag_20260430_101404.csv,5,left,swing,right,roll,3,99.9903678894043,0.028779,0.053243700000000005,1.8500886062754094,0.02980184555053711,16.777484439751035,0.30325241397887504,0.234201,0.053243700000000005
real,40/0.8 all_ankles,t27_tracking_lag_b1_diag_20260430_101404.csv,5,left,swing,right,roll,4,99.9903678894043,0.05416599999999999,0.03126279,0.577166303585275,0.020000696182250977,24.999129802477082,0.2730072158371778,0.08308399999999999,0.03126279
real,40/0.8 all_ankles,t27_tracking_lag_b1_diag_20260430_101404.csv,5,left,swing,right,roll,5,99.9903678894043,0.24177200000000001,0.12299500000000001,0.5087230944857138,0.020009994506835938,24.987513106472214,0.19033907934087874,0.376262,0.12299500000000001
real,40/0.8 all_ankles,t27_tracking_lag_b1_diag_20260430_101404.csv,5,left,swing,right,roll,6,99.9903678894043,0.01249699999999998,0.07193199999999997,5.755941425942233,0.01996755599975586,25.040620895522387,0.10360024823972834,0.18533100000000002,0.07193199999999997
real,40/0.8 all_ankles,t27_tracking_lag_b1_diag_20260430_101404.csv,5,left,swing,right,roll,7,99.9903678894043,0.007081999999999977,0.017482000000000053,nan,0.030101537704467773,16.610447111005506,0.12910527882991463,0.2286399999999999,0.020732000000000028
real,40/0.8 all_ankles,t27_tracking_lag_b1_diag_20260430_101404.csv,5,left,swing,right,roll,8,99.9903678894043,0.169647,0.05504600000000004,0.32447376021975066,0.03996539115905762,12.510824628490637,0.042750376183140176,0.169647,0.05504600000000004
real,40/0.8 all_ankles,t27_tracking_lag_b1_diag_20260430_101404.csv,5,left,swing,right,pitch,1,99.9903678894043,0.0,0.1132426,nan,0.12987136840820312,3.8499632838889704,0.3952132246023696,0.20309199999999994,0.2724006
real,40/0.8 all_ankles,t27_tracking_lag_b1_diag_20260430_101404.csv,5,left,swing,right,pitch,2,99.9903678894043,0.2575726,0.0943406,0.36626799589707915,0.05006909370422363,9.986200328563605,0.12763470484187153,0.4304494,0.09434060000000001
real,40/0.8 all_ankles,t27_tracking_lag_b1_diag_20260430_101404.csv,5,left,swing,right,pitch,3,99.9903678894043,0.16843560000000002,0.057921799999999996,0.34388098477993956,0.03996539115905762,12.510824628490637,0.19983076056908758,0.2005596,0.057921799999999996
real,40/0.8 all_ankles,t27_tracking_lag_b1_diag_20260430_101404.csv,5,left,touchdown,left,roll,1,49.99518394470215,0.17565020000000003,0.030022300000000002,0.1709209553988552,0.05998826026916504,8.334964170598031,0.1317270183164654,0.18953820000000005,0.16450356
real,40/0.8 all_ankles,t27_tracking_lag_b1_diag_20260430_101404.csv,5,left,touchdown,left,roll,2,49.99518394470215,0.11990199999999995,0.026976000000000014,0.22498373671832017,0.01997518539428711,25.03105679024134,0.17844589028330127,0.293068,0.026976000000000014
real,40/0.8 all_ankles,t27_tracking_lag_b1_diag_20260430_101404.csv,5,left,touchdown,left,roll,3,49.99518394470215,0.23291600000000007,0.060218999999999995,0.25854385271943525,0.020000934600830078,24.99883180355227,0.39064708937223636,0.23420199999999997,0.060218999999999995
real,40/0.8 all_ankles,t27_tracking_lag_b1_diag_20260430_101404.csv,5,left,touchdown,left,pitch,1,29.99711036682129,0.0,0.32956339999999995,nan,0.09996438026428223,5.001781621394721,0.2604534946528825,0.058149999999999924,0.353493
real,40/0.8 all_ankles,t27_tracking_lag_b1_diag_20260430_101404.csv,5,left,touchdown,right,roll,1,39.99614715576172,0.0944507,0.490359,5.191692597302085,0.05998826026916504,8.334964170598031,0.1285094314456707,0.26843649999999997,0.490359
real,40/0.8 all_ankles,t27_tracking_lag_b1_diag_20260430_101404.csv,5,left,touchdown,right,roll,2,39.99614715576172,0.037914729999999994,0.160632,4.236664747447761,0.01997518539428711,25.03105679024134,0.3434488466210298,0.04500045,0.160632
real,40/0.8 all_ankles,t27_tracking_lag_b1_diag_20260430_101404.csv,5,left,touchdown,right,roll,3,39.99614715576172,0.0027139399999999998,0.11885799999999996,nan,0.020000934600830078,24.99883180355227,0.35144546732677784,0.08551619999999999,0.11885799999999996
real,40/0.8 all_ankles,t27_tracking_lag_b1_diag_20260430_101404.csv,5,left,touchdown,right,pitch,1,39.99614715576172,0.021721999999999964,0.1949604,8.975250897707408,0.04997444152832031,10.005114308614175,0.2215507416389039,0.6130876000000001,0.1949604
real,40/0.8 all_ankles,t27_tracking_lag_b1_diag_20260430_101404.csv,5,left,touchdown,right,pitch,2,39.99614715576172,0.08627400000000002,0.04842300000000002,0.5612699075039991,0.020000934600830078,24.99883180355227,0.1236150402534821,0.3188858,0.04842300000000002
real,40/0.8 all_ankles,t27_tracking_lag_b1_diag_20260430_101404.csv,6,right,swing,left,roll,1,199.9807357788086,0.08352300000000001,0.022185999999999997,0.26562743196484795,0.029886722564697266,16.729837101329036,0.34792411977685594,0.15671899999999994,0.024021999999999974
real,40/0.8 all_ankles,t27_tracking_lag_b1_diag_20260430_101404.csv,6,right,swing,left,roll,2,199.9807357788086,0.081129,0.007379999999999998,0.09096623895277887,0.020144939422607422,24.82012923994603,0.29952556386002627,0.10476700000000005,0.007379999999999998
real,40/0.8 all_ankles,t27_tracking_lag_b1_diag_20260430_101404.csv,6,right,swing,left,roll,3,199.9807357788086,0.02015499999999998,0.010196999999999984,0.5059290498635571,0.020020246505737305,24.974717461980923,0.29452638511402224,0.05895100000000003,0.010196999999999984
real,40/0.8 all_ankles,t27_tracking_lag_b1_diag_20260430_101404.csv,6,right,swing,left,roll,4,199.9807357788086,0.07194599999999995,0.008672,0.12053484557862848,0.019811153411865234,25.238308421787373,0.25653345665949046,0.09172000000000002,0.008672
real,40/0.8 all_ankles,t27_tracking_lag_b1_diag_20260430_101404.csv,6,right,swing,left,roll,5,199.9807357788086,0.006884000000000001,0.009252999999999997,nan,0.03017258644104004,16.571333749496258,0.23456013804832654,0.028467999999999938,0.009252999999999997
real,40/0.8 all_ankles,t27_tracking_lag_b1_diag_20260430_101404.csv,6,right,swing,left,pitch,1,0.0,0.18249200000000002,0.0753874,0.41309975231790974,0.31001853942871094,1.6128067725284394,0.272559204882457,0.2782579999999999,0.16370099999999999
real,40/0.8 all_ankles,t27_tracking_lag_b1_diag_20260430_101404.csv,6,right,swing,right,roll,1,49.99518394470215,0.00178341,0.2664182,nan,0.02001667022705078,24.979179570251084,0.12715949960835815,0.018977089999999995,0.2664182
real,40/0.8 all_ankles,t27_tracking_lag_b1_diag_20260430_101404.csv,6,right,swing,right,roll,2,49.99518394470215,0.0020785200000000004,0.243479,nan,0.01997852325439453,25.026874791159482,0.3366365930623135,0.01388526,0.243479
real,40/0.8 all_ankles,t27_tracking_lag_b1_diag_20260430_101404.csv,6,right,swing,right,roll,3,49.99518394470215,0.01406237,0.691668,49.18573469479185,0.05992460250854492,8.343818382920484,0.29086246410396627,0.02034237,0.691668
real,40/0.8 all_ankles,t27_tracking_lag_b1_diag_20260430_101404.csv,6,right,swing,right,roll,4,49.99518394470215,0.0029299999999999986,0.176641,nan,0.03997635841369629,12.50739236490073,0.35660313492650064,0.019322799999999998,0.313159
real,40/0.8 all_ankles,t27_tracking_lag_b1_diag_20260430_101404.csv,6,right,swing,right,roll,5,49.99518394470215,0.0726997,0.6335930000000001,8.7152079031963,0.05998969078063965,8.33476541541641,0.2660868618984423,0.0826285,0.725751
real,40/0.8 all_ankles,t27_tracking_lag_b1_diag_20260430_101404.csv,6,right,swing,right,roll,6,49.99518394470215,0.010204699999999997,0.21491300000000002,21.060197752016236,0.019992589950561523,25.009265994872102,0.17567014505093537,0.02256390000000001,0.21491300000000002
real,40/0.8 all_ankles,t27_tracking_lag_b1_diag_20260430_101404.csv,6,right,swing,right,roll,7,49.99518394470215,0.00019469999999999904,0.286084,nan,0.02003002166748047,24.962529162500594,0.15288588357348976,0.023829499999999997,0.286084
real,40/0.8 all_ankles,t27_tracking_lag_b1_diag_20260430_101404.csv,6,right,swing,right,pitch,1,69.99325752258301,0.003634000000000026,0.005998000000000003,nan,0.029886722564697266,16.729837101329036,0.051610787564229245,0.06630800000000003,0.028064000000000033
real,40/0.8 all_ankles,t27_tracking_lag_b1_diag_20260430_101404.csv,6,right,swing,right,pitch,2,69.99325752258301,0.0044239999999999835,0.05618699999999999,nan,0.020144939422607422,24.82012923994603,0.07521117459970071,0.06737000000000004,0.05618699999999999
real,40/0.8 all_ankles,t27_tracking_lag_b1_diag_20260430_101404.csv,6,right,swing,right,pitch,3,69.99325752258301,0.002477000000000007,0.020214999999999983,nan,0.01983642578125,25.206153846153846,0.11426220235493449,0.022859000000000018,0.020214999999999983
real,40/0.8 all_ankles,t27_tracking_lag_b1_diag_20260430_101404.csv,6,right,swing,right,pitch,4,69.99325752258301,0.037547,0.037293999999999994,0.9932617785708577,0.020101547241210938,24.873707182844672,0.11278019221624572,0.03927499999999995,0.037293999999999994
real,40/0.8 all_ankles,t27_tracking_lag_b1_diag_20260430_101404.csv,6,right,swing,right,pitch,5,69.99325752258301,0.009803000000000006,0.046548000000000034,nan,0.03997635841369629,12.50739236490073,0.17703000729932766,0.056925,0.05570799999999998
real,40/0.8 all_ankles,t27_tracking_lag_b1_diag_20260430_101404.csv,6,right,swing,right,pitch,6,69.99325752258301,0.06161100000000003,0.04292800000000002,0.6967586956874584,0.03999662399291992,12.501055091262414,0.12768099417532744,0.07267499999999999,0.04359400000000008
real,40/0.8 all_ankles,t27_tracking_lag_b1_diag_20260430_101404.csv,6,right,swing,right,pitch,7,69.99325752258301,0.005655999999999994,0.00967499999999999,nan,0.019990921020507812,25.011353878446712,0.06643232357068356,0.007437999999999945,0.00967499999999999
real,40/0.8 all_ankles,t27_tracking_lag_b1_diag_20260430_101404.csv,6,right,touchdown,left,roll,1,0.0,0.008498000000000006,0.007069000000000006,nan,0.01999187469482422,25.010160759433287,0.30958776362608387,0.011452000000000018,0.007069000000000006
real,40/0.8 all_ankles,t27_tracking_lag_b1_diag_20260430_101404.csv,6,right,touchdown,left,roll,2,0.0,0.2020511,0.1332661,0.6595663176295501,0.02993464469909668,16.703054438293975,0.13752853802150483,0.21620050000000002,0.1332661
real,40/0.8 all_ankles,t27_tracking_lag_b1_diag_20260430_101404.csv,6,right,touchdown,left,roll,3,0.0,0.0967679,0.0730934,0.7553475894382331,0.040008544921875,12.497330282227308,0.06147685381362648,0.16038829999999998,0.08306839999999999
real,40/0.8 all_ankles,t27_tracking_lag_b1_diag_20260430_101404.csv,6,right,touchdown,left,roll,4,0.0,0.0029484999999999997,0.0451614,nan,0.019964933395385742,25.04391024492769,0.024734797434720717,0.010449500000000007,0.0451614
real,40/0.8 all_ankles,t27_tracking_lag_b1_diag_20260430_101404.csv,6,right,touchdown,left,pitch,1,39.99614715576172,0.3642295,0.032048999999999994,0.08799122531261196,0.03003549575805664,16.646970105891505,0.145699243958651,0.4234601,0.032048999999999994
real,40/0.8 all_ankles,t27_tracking_lag_b1_diag_20260430_101404.csv,6,right,touchdown,left,pitch,2,39.99614715576172,0.22995350000000003,0.0015539999999999998,0.006757888007792878,0.030035018920898438,16.6472343938528,0.1281598188447241,0.30251149999999993,0.010530000000000012
real,40/0.8 all_ankles,t27_tracking_lag_b1_diag_20260430_101404.csv,6,right,touchdown,left,pitch,3,39.99614715576172,0.06458699999999998,0.033537999999999984,0.519268583461068,0.01994919776916504,25.0636645034838,0.08514664074211421,0.06458699999999998,0.033537999999999984
real,40/0.8 all_ankles,t27_tracking_lag_b1_diag_20260430_101404.csv,6,right,touchdown,right,roll,1,39.99614715576172,0.009282100000000001,0.15191,nan,0.01999187469482422,25.010160759433287,0.3668997646767813,0.027984400000000006,0.15191
real,40/0.8 all_ankles,t27_tracking_lag_b1_diag_20260430_101404.csv,6,right,touchdown,right,roll,2,39.99614715576172,0.3733685,0.428665,1.1481016743512107,0.04007863998413086,12.475473224589832,0.31546552290958835,0.47034450000000005,0.428665
real,40/0.8 all_ankles,t27_tracking_lag_b1_diag_20260430_101404.csv,6,right,touchdown,right,roll,3,39.99614715576172,0.08082899999999998,0.204764,2.533298692301031,0.03990674018859863,12.529211798232774,0.1318244065156373,0.22046100000000002,0.204764
real,40/0.8 all_ankles,t27_tracking_lag_b1_diag_20260430_101404.csv,6,right,touchdown,right,pitch,1,39.99614715576172,0.008834999999999982,0.06470399999999998,nan,0.01999187469482422,25.010160759433287,0.17293283023667502,0.023484999999999923,0.06470399999999998
real,40/0.8 all_ankles,t27_tracking_lag_b1_diag_20260430_101404.csv,6,right,touchdown,right,pitch,2,39.99614715576172,0.0,0.2258405,nan,0.07998538017272949,6.2511423827734935,0.31416877585550806,0.0,0.22584050000000003
sim,2504,t27_tracking_lag_b1_diag_20260506_133905_2504.csv,1,left,swing,left,roll,1,199.99980926513672,0.0035715000000000018,0.0314045,nan,0.05999445915222168,8.334102966598445,0.03188699995703242,0.005765700000000002,0.0350857
sim,2504,t27_tracking_lag_b1_diag_20260506_133905_2504.csv,1,left,swing,left,roll,2,199.99980926513672,0.0023204000000000002,0.003915599999999998,nan,0.04999542236328125,10.000915611170456,0.01312186500457665,0.010171400000000004,0.009646199999999997
sim,2504,t27_tracking_lag_b1_diag_20260506_133905_2504.csv,1,left,swing,left,pitch,1,129.99987602233887,0.067882,0.20132330000000004,2.965783270970214,0.1199955940246582,4.166819657538873,0.09610363013405414,0.07259199999999999,0.3435885
sim,2504,t27_tracking_lag_b1_diag_20260506_133905_2504.csv,1,left,swing,left,pitch,2,129.99987602233887,0.15296899999999997,0.027128299999999994,0.1773450829906713,0.07000017166137695,7.142839626433062,0.25774171461805273,0.15296899999999997,0.0278283
sim,2504,t27_tracking_lag_b1_diag_20260506_133905_2504.csv,1,left,swing,right,roll,1,109.9998950958252,0.008581000000000005,0.0006127000000000007,nan,0.04999876022338867,10.000247961470603,0.11195262098137765,0.014829000000000037,0.0006127000000000007
sim,2504,t27_tracking_lag_b1_diag_20260506_133905_2504.csv,1,left,swing,right,roll,2,109.9998950958252,0.001366000000000006,0.0005010000000000014,nan,0.019990921020507812,25.011353878446712,0.11252397431840913,0.008248000000000005,0.0005010000000000014
sim,2504,t27_tracking_lag_b1_diag_20260506_133905_2504.csv,1,left,swing,right,roll,3,109.9998950958252,0.1880706,0.0473733,0.2518910451713346,0.12000560760498047,4.166471967258712,0.07673030467546908,0.265709,0.0589561
sim,2504,t27_tracking_lag_b1_diag_20260506_133905_2504.csv,1,left,swing,right,pitch,1,19.999980926513672,0.3346327,0.013857000000000008,0.04140958131109126,0.1999964714050293,2.500044108215334,0.24831269476353224,0.6294938999999999,0.037111000000000005
sim,2504,t27_tracking_lag_b1_diag_20260506_133905_2504.csv,1,left,swing,right,pitch,2,19.999980926513672,0.25098770000000004,0.08068999999999998,0.32148985786952894,0.04000449180603027,12.498596468225351,0.08997668199293639,0.2785557000000001,0.08068999999999998
sim,2504,t27_tracking_lag_b1_diag_20260506_133905_2504.csv,1,left,swing,right,pitch,3,19.999980926513672,0.010703000000000018,0.030727000000000004,2.87087732411473,0.030017614364624023,16.656886650834373,0.057598481898397315,0.03896100000000002,0.030727000000000004
sim,2504,t27_tracking_lag_b1_diag_20260506_133905_2504.csv,1,left,swing,right,pitch,4,19.999980926513672,0.020799999999999985,0.00042599999999998195,0.020480769230768376,0.0200192928314209,24.97590720163874,0.01720783567641982,0.020799999999999985,0.0021580000000000488
sim,2504,t27_tracking_lag_b1_diag_20260506_133905_2504.csv,1,left,touchdown,left,roll,1,49.99995231628418,0.028476,0.01384632,0.4862452591656131,0.02998208999633789,16.676622612401992,0.39886193648613877,0.03100199999999992,0.013846319999999999
sim,2504,t27_tracking_lag_b1_diag_20260506_133905_2504.csv,1,left,touchdown,left,roll,2,49.99995231628418,0.051564,0.04108807,0.7968363586998681,0.059987783432006836,8.335030424431753,0.3971272176040796,0.051564,0.04108807
sim,2504,t27_tracking_lag_b1_diag_20260506_133905_2504.csv,1,left,touchdown,left,pitch,1,0.0,0.0,0.010604000000000002,nan,0.1499786376953125,3.3338081188320277,0.3015090267289895,0.0,0.01736199999999999
sim,2504,t27_tracking_lag_b1_diag_20260506_133905_2504.csv,1,left,touchdown,right,roll,1,39.999961853027344,0.00900798,0.0006110999999999998,nan,0.039994001388549805,12.50187484724019,0.004173791054552204,0.011966780000000002,0.0019675000000000005
sim,2504,t27_tracking_lag_b1_diag_20260506_133905_2504.csv,1,left,touchdown,right,roll,2,39.999961853027344,0.00015959999999999933,0.0020047,nan,0.01998424530029297,25.01970890002386,0.0013670105937165717,0.0016006000000000006,0.0020047
sim,2504,t27_tracking_lag_b1_diag_20260506_133905_2504.csv,1,left,touchdown,right,roll,3,39.999961853027344,0.0214419,0.011787599999999999,0.5497460579519539,0.050008296966552734,9.998340882002383,0.007778692914515482,0.023895899999999998,0.011787599999999999
sim,2504,t27_tracking_lag_b1_diag_20260506_133905_2504.csv,1,left,touchdown,right,pitch,1,39.999961853027344,0.07408800000000001,0.045204999999999995,0.61015279127524,0.10998654365539551,4.546010660782065,0.009640909872344353,0.07408800000000001,0.045204999999999995
sim,2504,t27_tracking_lag_b1_diag_20260506_133905_2504.csv,2,left,swing,left,roll,1,119.99988555908203,0.0023375999999999987,0.003464700000000001,nan,0.04000139236450195,12.499564901238541,0.004527192921888794,0.0058952,0.003967100000000001
sim,2504,t27_tracking_lag_b1_diag_20260506_133905_2504.csv,2,left,swing,left,roll,2,119.99988555908203,0.003014900000000001,0.02328025,nan,0.030017852783203125,16.656754352522558,0.017964207543575365,0.0063859,0.02328025
sim,2504,t27_tracking_lag_b1_diag_20260506_133905_2504.csv,2,left,swing,left,roll,3,119.99988555908203,0.002478499999999998,0.00571381,nan,0.029998064041137695,16.66774226877866,0.03189237148071228,0.006688099999999999,0.02220491
sim,2504,t27_tracking_lag_b1_diag_20260506_133905_2504.csv,2,left,swing,left,roll,4,119.99988555908203,0.2930505,0.00932076,0.03180598565776206,0.09999823570251465,5.000088216430668,0.09780782745652764,0.2930505,0.02105786
sim,2504,t27_tracking_lag_b1_diag_20260506_133905_2504.csv,2,left,swing,left,pitch,1,119.99988555908203,0.06433099999999997,0.152846,2.3759307332390307,0.1299912929534912,3.846411468334975,0.07409611558885623,0.07139699999999999,0.2977580000000001
sim,2504,t27_tracking_lag_b1_diag_20260506_133905_2504.csv,2,left,swing,left,pitch,2,119.99988555908203,0.15249199999999996,0.04336300000000001,0.2843624583584714,0.08000063896179199,6.2499500815087,0.205365360448424,0.15249199999999996,0.04336300000000001
sim,2504,t27_tracking_lag_b1_diag_20260506_133905_2504.csv,2,left,swing,right,roll,1,109.9998950958252,0.1010613,0.007942379999999999,0.07858972722496146,0.09999608993530273,5.000195510879466,0.14620494811171023,0.12267129999999997,0.0112662
sim,2504,t27_tracking_lag_b1_diag_20260506_133905_2504.csv,2,left,swing,right,roll,2,109.9998950958252,0.15421400000000002,0.02020622,0.13102714409846056,0.09999585151672363,5.000207432769132,0.11617415331622082,0.2617342,0.036040180000000005
sim,2504,t27_tracking_lag_b1_diag_20260506_133905_2504.csv,2,left,swing,right,pitch,1,149.99985694885254,0.5874729999999999,0.11440900000000001,0.19474767351010178,0.1799910068511963,2.777916567872551,0.19526686653088246,0.5874729999999999,0.12765699999999994
sim,2504,t27_tracking_lag_b1_diag_20260506_133905_2504.csv,2,left,touchdown,left,roll,1,9.999990463256836,0.010894000000000015,0.0108368,0.9947494033412875,0.02999401092529297,16.66999459476646,0.4233745055239471,0.01929400000000009,0.0108368
sim,2504,t27_tracking_lag_b1_diag_20260506_133905_2504.csv,2,left,touchdown,left,roll,2,9.999990463256836,0.0005749999999999922,0.00433428,nan,0.03999972343444824,12.500086427332494,0.42295035747918003,0.0061350000000000016,0.00497606
sim,2504,t27_tracking_lag_b1_diag_20260506_133905_2504.csv,2,left,touchdown,left,roll,3,9.999990463256836,0.0021589999999999665,0.005820489999999999,nan,0.030002832412719727,16.66509325259653,0.41174497348285866,0.014859000000000011,0.005820489999999999
sim,2504,t27_tracking_lag_b1_diag_20260506_133905_2504.csv,2,left,touchdown,left,roll,4,9.999990463256836,0.04058299999999998,0.007218600000000002,0.17787250819308592,0.03000497817993164,16.663901470003974,0.4267202749610159,0.04058299999999998,0.007218600000000002
sim,2504,t27_tracking_lag_b1_diag_20260506_133905_2504.csv,2,left,touchdown,left,pitch,1,49.99995231628418,0.0,0.06053599999999998,nan,0.10002875328063965,4.998562749224766,0.19965757002382398,0.0,0.06053599999999998
sim,2504,t27_tracking_lag_b1_diag_20260506_133905_2504.csv,2,left,touchdown,right,roll,1,39.999961853027344,0.01030846,0.00274588,0.2663715045700328,0.04999876022338867,10.000247961470603,0.003803774354115834,0.015161540000000001,0.0028012999999999996
sim,2504,t27_tracking_lag_b1_diag_20260506_133905_2504.csv,2,left,touchdown,right,roll,2,39.999961853027344,0.0016946699999999997,0.002277770000000001,nan,0.01999497413635254,25.00628390866273,0.000512189911035611,0.0020225300000000007,0.002277770000000001
sim,2504,t27_tracking_lag_b1_diag_20260506_133905_2504.csv,2,left,touchdown,right,roll,3,39.999961853027344,0.02499216,0.013446139999999999,0.5380143212911569,0.040006399154663086,12.498000584032086,0.0061831905862976605,0.02499216,0.013446139999999999
sim,2504,t27_tracking_lag_b1_diag_20260506_133905_2504.csv,2,left,touchdown,right,pitch,1,29.999971389770508,0.012346000000000024,0.004779000000000033,0.38708893568767405,0.02999401092529297,16.66999459476646,0.0036814629904427985,0.013470000000000037,0.004779000000000033
sim,2504,t27_tracking_lag_b1_diag_20260506_133905_2504.csv,2,left,touchdown,right,pitch,2,29.999971389770508,0.07679999999999998,0.05302000000000001,0.6903645833333336,0.07999873161315918,6.250099094293063,0.019238642568769986,0.07679999999999998,0.05302000000000001
sim,2504,t27_tracking_lag_b1_diag_20260506_133905_2504.csv,3,right,swing,left,roll,1,29.999971389770508,0.17447999999999997,0.0008421799999999997,0.004826799633195781,0.03999662399291992,12.501055091262414,0.5043691758879337,0.3568880000000001,0.003881580000000001
sim,2504,t27_tracking_lag_b1_diag_20260506_133905_2504.csv,3,right,swing,left,roll,2,29.999971389770508,0.08110099999999992,0.00725728,0.08948446998187454,0.03000617027282715,16.663239442215247,0.44948467157113886,0.09004299999999993,0.007576599999999999
sim,2504,t27_tracking_lag_b1_diag_20260506_133905_2504.csv,3,right,swing,left,roll,3,29.999971389770508,0.005255999999999983,0.0034738499999999997,nan,0.01999831199645996,25.002110182524827,0.4232271667730341,0.013656000000000057,0.0034738499999999997
sim,2504,t27_tracking_lag_b1_diag_20260506_133905_2504.csv,3,right,swing,left,roll,4,29.999971389770508,0.0005749999999999922,0.00243845,nan,0.03999972343444824,12.500086427332494,0.42343897205384284,0.0061350000000000016,0.004801090000000001
sim,2504,t27_tracking_lag_b1_diag_20260506_133905_2504.csv,3,right,swing,left,roll,5,29.999971389770508,0.0021589999999999665,0.00623196,nan,0.030002832412719727,16.66509325259653,0.40773651704224123,0.014859000000000011,0.00623196
sim,2504,t27_tracking_lag_b1_diag_20260506_133905_2504.csv,3,right,swing,left,roll,6,29.999971389770508,0.039018,0.019710200000000004,0.5051565943923318,0.05000185966491699,9.9996280808495,0.42396476905043656,0.053509999999999946,0.019710200000000004
sim,2504,t27_tracking_lag_b1_diag_20260506_133905_2504.csv,3,right,swing,left,roll,7,29.999971389770508,0.3627829,0.0571662,0.15757688689295996,0.06000113487243652,8.33317571514287,0.3082841746242279,0.36278289999999996,0.0730934
sim,2504,t27_tracking_lag_b1_diag_20260506_133905_2504.csv,3,right,swing,left,pitch,1,59.999942779541016,0.35535839999999996,0.161428,0.4542681416845641,0.26999735832214355,1.8518699705329413,0.1915881775043208,0.35535839999999996,0.167776
sim,2504,t27_tracking_lag_b1_diag_20260506_133905_2504.csv,3,right,swing,right,roll,1,0.0,0.03176292,0.0008820400000000006,0.027769487188205638,0.029997825622558594,16.667874741694483,0.03229747331592829,0.03587292,0.005706039999999999
sim,2504,t27_tracking_lag_b1_diag_20260506_133905_2504.csv,3,right,swing,right,roll,2,0.0,0.030033574,0.02212116,0.736547704911843,0.0599970817565918,8.333738664632062,0.02090540273804213,0.037945406,0.027537159999999995
sim,2504,t27_tracking_lag_b1_diag_20260506_133905_2504.csv,3,right,swing,right,roll,3,0.0,0.006352544,0.008799600000000001,nan,0.040003061294555664,12.499043418660786,0.006648377660224726,0.011205624,0.008799600000000001
sim,2504,t27_tracking_lag_b1_diag_20260506_133905_2504.csv,3,right,swing,right,roll,4,0.0,0.0016946699999999997,0.00200578,nan,0.01999497413635254,25.00628390866273,0.0024199377828503497,0.0020225300000000007,0.00200578
sim,2504,t27_tracking_lag_b1_diag_20260506_133905_2504.csv,3,right,swing,right,roll,5,0.0,0.02709776,0.013277220000000001,0.4899748171066539,0.07001137733459473,7.141696379010315,0.017294535798614976,0.028617959999999998,0.013277220000000001
sim,2504,t27_tracking_lag_b1_diag_20260506_133905_2504.csv,3,right,swing,right,roll,6,0.0,0.004822199999999999,0.007243299999999998,nan,0.029995203018188477,16.669332082760373,0.009910607605616316,0.008614999999999998,0.007243299999999998
sim,2504,t27_tracking_lag_b1_diag_20260506_133905_2504.csv,3,right,swing,right,roll,7,0.0,0.0681107,0.0153604,0.2255211002089246,0.07999706268310547,6.25022948630831,0.07564160701396054,0.2426691,0.0415822
sim,2504,t27_tracking_lag_b1_diag_20260506_133905_2504.csv,3,right,swing,right,pitch,1,19.999980926513672,0.003461999999999965,0.039078,nan,0.020006895065307617,24.99138413871179,0.07514962834904775,0.058172,0.039078
sim,2504,t27_tracking_lag_b1_diag_20260506_133905_2504.csv,3,right,swing,right,pitch,2,19.999980926513672,0.011216000000000004,0.012398999999999993,1.1054743223965753,0.019998550415039062,25.001812112541725,0.04107284598937195,0.024402000000000035,0.012398999999999993
sim,2504,t27_tracking_lag_b1_diag_20260506_133905_2504.csv,3,right,swing,right,pitch,3,19.999980926513672,0.038217,0.00961099999999998,0.2514849412565084,0.059996843338012695,8.333771781676568,0.010540341157395518,0.039341000000000015,0.010536999999999963
sim,2504,t27_tracking_lag_b1_diag_20260506_133905_2504.csv,3,right,swing,right,pitch,4,19.999980926513672,0.08224999999999999,0.07409699999999997,0.9008753799392094,0.11999988555908203,4.166670640313441,0.026633253309465473,0.094632,0.07409699999999997
sim,2504,t27_tracking_lag_b1_diag_20260506_133905_2504.csv,3,right,swing,right,pitch,5,19.999980926513672,0.006858000000000003,0.008538999999999991,nan,0.019997835159301758,25.002706343812964,0.018874936123512227,0.03003599999999998,0.008538999999999991
sim,2504,t27_tracking_lag_b1_diag_20260506_133905_2504.csv,3,right,swing,right,pitch,6,19.999980926513672,0.103208,0.013857000000000008,0.1342628478412527,0.03000497817993164,16.663901470003974,0.07186380126670172,0.15372,0.035470999999999975
sim,2504,t27_tracking_lag_b1_diag_20260506_133905_2504.csv,3,right,touchdown,left,roll,1,19.999980926513672,0.0850916,0.045213699999999996,0.5313532710631836,0.049994468688964844,10.001106384602178,0.0648314509625498,0.11236639999999999,0.12756669999999998
sim,2504,t27_tracking_lag_b1_diag_20260506_133905_2504.csv,3,right,touchdown,left,roll,2,19.999980926513672,0.0186069,0.0109707,0.5896038566338294,0.01999950408935547,25.000619903676505,0.031203114497167322,0.0213799,0.0109707
sim,2504,t27_tracking_lag_b1_diag_20260506_133905_2504.csv,3,right,touchdown,left,roll,3,19.999980926513672,0.023434,0.012904599999999999,0.5506785013228641,0.030009031295776367,16.66165079011973,0.007118090459877565,0.0335468,0.012904599999999999
sim,2504,t27_tracking_lag_b1_diag_20260506_133905_2504.csv,3,right,touchdown,left,roll,4,19.999980926513672,0.0117388,0.004157899999999999,0.3542014515964152,0.020003318786621094,24.99585220500596,0.007273800342095368,0.0117388,0.004157899999999999
sim,2504,t27_tracking_lag_b1_diag_20260506_133905_2504.csv,3,right,touchdown,left,pitch,1,39.999961853027344,0.7018260000000001,0.009160999999999975,0.013053092931866265,0.059989213943481445,8.334831666090384,0.38126179282145306,0.703894,0.04211699999999996
sim,2504,t27_tracking_lag_b1_diag_20260506_133905_2504.csv,3,right,touchdown,left,pitch,2,39.999961853027344,0.061628000000000016,0.017656000000000005,0.2864931524631661,0.040013790130615234,12.495692069355895,0.021690763753266055,0.09911999999999999,0.026756000000000002
sim,2504,t27_tracking_lag_b1_diag_20260506_133905_2504.csv,3,right,touchdown,right,roll,1,0.0,0.039898199999999995,0.0033706999999999973,0.08448250798281622,0.02999424934387207,16.6698620881523,0.10807812394492698,0.1346602,0.0295925
sim,2504,t27_tracking_lag_b1_diag_20260506_133905_2504.csv,3,right,touchdown,right,roll,2,0.0,0.16287190000000001,0.05145288,0.3159101109522268,0.029994964599609375,16.66946458094875,0.11160812289301796,0.36749970000000004,0.05329792
sim,2504,t27_tracking_lag_b1_diag_20260506_133905_2504.csv,3,right,touchdown,right,roll,3,0.0,0.03411879999999999,0.0002820200000000009,0.008265824120426304,0.020046472549438477,24.94204398139889,0.06390021186148082,0.0645922,0.0002820200000000009
sim,2504,t27_tracking_lag_b1_diag_20260506_133905_2504.csv,3,right,touchdown,right,roll,4,0.0,0.010325500000000001,1.319999999999967e-05,0.0012783884557648218,0.019967317581176758,25.040919891580796,0.10046439285380335,0.09001369999999999,0.00037280000000000126
sim,2504,t27_tracking_lag_b1_diag_20260506_133905_2504.csv,3,right,touchdown,right,roll,5,0.0,0.02100160000000001,0.0009227999999999997,0.04393950937071458,0.020003318786621094,24.99585220500596,0.08380666425993022,0.028359999999999996,0.0009227999999999997
sim,2504,t27_tracking_lag_b1_diag_20260506_133905_2504.csv,3,right,touchdown,right,roll,6,0.0,0.054404999999999995,0.0005664999999999993,0.010412645896516852,0.019994020462036133,25.007476657802794,0.13025766833740218,0.054404999999999995,0.0005664999999999993
sim,2504,t27_tracking_lag_b1_diag_20260506_133905_2504.csv,3,right,touchdown,right,pitch,1,19.999980926513672,0.0007269999999999777,0.06649200000000002,nan,0.020043134689331055,24.94619767566346,0.11881268794900093,0.08785899999999996,0.07446
sim,2504,t27_tracking_lag_b1_diag_20260506_133905_2504.csv,3,right,touchdown,right,pitch,2,19.999980926513672,0.02396699999999996,0.029063000000000005,1.212625693662121,0.02995133399963379,16.69374726368159,0.17476154687816767,0.15645699999999996,0.029063000000000005
sim,2504,t27_tracking_lag_b1_diag_20260506_133905_2504.csv,3,right,touchdown,right,pitch,3,19.999980926513672,0.010915000000000008,0.01123300000000002,1.0291342189647286,0.020046472549438477,24.94204398139889,0.16412434263183917,0.041398999999999964,0.01123300000000002
sim,2504,t27_tracking_lag_b1_diag_20260506_133905_2504.csv,3,right,touchdown,right,pitch,4,19.999980926513672,0.058372000000000035,0.010208999999999996,0.17489549784143066,0.029952287673950195,16.693215738404348,0.11484901445484849,0.07404399999999994,0.010208999999999996
sim,2504,t27_tracking_lag_b1_diag_20260506_133905_2504.csv,4,left,swing,left,roll,1,199.99980926513672,0.00947369,0.0157458666,nan,0.07999968528747559,6.2500245870126925,0.008694042423102255,0.012812170000000001,0.020059486599999996
sim,2504,t27_tracking_lag_b1_diag_20260506_133905_2504.csv,4,left,swing,left,roll,2,199.99980926513672,0.002876694,0.003046300000000002,nan,0.019999265670776367,25.00091794523324,0.015299795388645518,0.005436494,0.003046300000000002
sim,2504,t27_tracking_lag_b1_diag_20260506_133905_2504.csv,4,left,swing,left,roll,3,199.99980926513672,0.0018105359999999997,0.002846399999999999,nan,0.01999211311340332,25.009862497465804,0.021700486543816296,0.0026328160000000005,0.002846399999999999
sim,2504,t27_tracking_lag_b1_diag_20260506_133905_2504.csv,4,left,swing,left,pitch,1,59.999942779541016,0.0062610000000000166,0.010341000000000045,nan,0.04999732971191406,10.000534086140465,0.012110866621895122,0.010238999999999943,0.010368999999999962
sim,2504,t27_tracking_lag_b1_diag_20260506_133905_2504.csv,4,left,swing,left,pitch,2,59.999942779541016,0.011823000000000028,0.01716599999999996,1.4519157574219672,0.030002355575561523,16.665358116323237,0.011573191370577083,0.014861000000000013,0.01716599999999996
sim,2504,t27_tracking_lag_b1_diag_20260506_133905_2504.csv,4,left,swing,left,pitch,3,59.999942779541016,0.11251300000000003,0.11310199999999998,1.005234950627927,0.10000014305114746,4.999992847452859,0.01950713140227067,0.145681,0.18131599999999998
sim,2504,t27_tracking_lag_b1_diag_20260506_133905_2504.csv,4,left,swing,left,pitch,4,59.999942779541016,0.126471,0.053557999999999995,0.4234804816914549,0.04999947547912598,10.000104905275304,0.13020028214767176,0.28285499999999997,0.053557999999999995
sim,2504,t27_tracking_lag_b1_diag_20260506_133905_2504.csv,4,left,swing,left,pitch,5,59.999942779541016,0.02262799999999998,0.013184000000000029,0.5826409757822185,0.02005457878112793,24.931962194614517,0.06338687706720796,0.13039599999999996,0.013184000000000029
sim,2504,t27_tracking_lag_b1_diag_20260506_133905_2504.csv,4,left,swing,right,roll,1,199.99980926513672,0.023167999999999994,0.0017995000000000025,0.07767178867403328,0.019995927810668945,25.005091273295257,0.19314646590486714,0.03291599999999997,0.0017995000000000025
sim,2504,t27_tracking_lag_b1_diag_20260506_133905_2504.csv,4,left,swing,right,roll,2,199.99980926513672,0.11472199999999999,0.014069100000000001,0.12263646031275607,0.06000375747680664,8.332811494234605,0.26994528647054283,0.13341000000000003,0.017356079999999996
sim,2504,t27_tracking_lag_b1_diag_20260506_133905_2504.csv,4,left,swing,right,roll,3,199.99980926513672,0.012311000000000016,0.006636699999999999,0.5390869953699935,0.019999265670776367,25.00091794523324,0.31770567648023434,0.020628999999999953,0.006636699999999999
sim,2504,t27_tracking_lag_b1_diag_20260506_133905_2504.csv,4,left,swing,right,roll,4,199.99980926513672,0.02633000000000002,0.0014829999999999982,0.05632358526395735,0.01999211311340332,25.009862497465804,0.34599316420807125,0.02633000000000002,0.0025232000000000032
sim,2504,t27_tracking_lag_b1_diag_20260506_133905_2504.csv,4,left,swing,right,pitch,1,69.99993324279785,0.0070430000000000215,0.010265000000000024,nan,0.019995927810668945,25.005091273295257,0.009857401702950604,0.029210999999999987,0.010265000000000024
sim,2504,t27_tracking_lag_b1_diag_20260506_133905_2504.csv,4,left,swing,right,pitch,2,69.99993324279785,0.603029,0.07745399999999997,0.12844158406975445,0.1800088882446289,2.777640620281532,0.38767976060487175,0.6053809999999998,0.14867800000000003
sim,2504,t27_tracking_lag_b1_diag_20260506_133905_2504.csv,4,left,swing,right,pitch,3,69.99993324279785,0.7588239999999999,0.008642000000000039,0.011388675107798434,0.04000115394592285,12.499639402301865,0.37818919089167263,0.7588239999999999,0.02547199999999994
sim,2504,t27_tracking_lag_b1_diag_20260506_133905_2504.csv,4,left,touchdown,left,roll,1,39.999961853027344,0.0017519999999999758,0.0026902999999999996,nan,0.019994735717773438,25.006582085280932,0.4091900264224149,0.014888000000000012,0.0026902999999999996
sim,2504,t27_tracking_lag_b1_diag_20260506_133905_2504.csv,4,left,touchdown,left,roll,2,39.999961853027344,0.06705900000000004,0.021087599999999998,0.3144633829910972,0.04999709129333496,10.000581775177274,0.44506288951550993,0.07349500000000003,0.021481
sim,2504,t27_tracking_lag_b1_diag_20260506_133905_2504.csv,4,left,touchdown,left,roll,3,39.999961853027344,0.0007800000000000029,0.022549399999999997,nan,0.020003318786621094,24.99585220500596,0.44718080481267775,0.010307999999999984,0.022549399999999997
sim,2504,t27_tracking_lag_b1_diag_20260506_133905_2504.csv,4,left,touchdown,left,pitch,1,0.0,0.022266000000000008,0.013184000000000029,0.5921135363334242,0.019994735717773438,25.006582085280932,0.05687568025673774,0.051570000000000005,0.013184000000000029
sim,2504,t27_tracking_lag_b1_diag_20260506_133905_2504.csv,4,left,touchdown,left,pitch,2,0.0,0.36646100000000004,0.091694,0.2502148932628574,0.12000846862792969,4.166372637835948,0.30946637087663315,0.36646100000000004,0.091694
sim,2504,t27_tracking_lag_b1_diag_20260506_133905_2504.csv,4,left,touchdown,right,roll,1,29.999971389770508,0.00581445,0.00893296,nan,0.029996871948242188,16.668404654415973,0.007227698843813707,0.00932183,0.00893296
sim,2504,t27_tracking_lag_b1_diag_20260506_133905_2504.csv,4,left,touchdown,right,roll,2,29.999971389770508,0.004129020000000001,0.007480303000000001,nan,0.0599970817565918,8.333738664632062,0.006078715594419233,0.015268380000000002,0.007993042999999998
sim,2504,t27_tracking_lag_b1_diag_20260506_133905_2504.csv,4,left,touchdown,right,pitch,1,19.999980926513672,0.06373299999999998,0.037287000000000015,0.58505013101533,0.11998963356018066,4.167026643591053,0.010864445661811818,0.06373299999999998,0.037287000000000015
sim,2504,t27_tracking_lag_b1_diag_20260506_133905_2504.csv,5,right,swing,left,roll,1,39.999961853027344,0.0024379999999999957,0.0324814,nan,0.030000925064086914,16.66615275802055,0.4537186875682945,0.013525999999999982,0.0324814
sim,2504,t27_tracking_lag_b1_diag_20260506_133905_2504.csv,5,right,swing,left,roll,2,39.999961853027344,0.022392999999999996,0.0264591,1.1815790648863487,0.03010272979736328,16.60978932361793,0.3956756103263979,0.02817499999999995,0.0264591
sim,2504,t27_tracking_lag_b1_diag_20260506_133905_2504.csv,5,right,swing,left,roll,3,39.999961853027344,0.005193999999999976,0.022081200000000002,nan,0.019896984100341797,25.129436575838188,0.36853301291863033,0.00845200000000007,0.022081200000000002
sim,2504,t27_tracking_lag_b1_diag_20260506_133905_2504.csv,5,right,swing,left,roll,4,39.999961853027344,0.41622519999999996,0.0582784,0.14001651029298565,0.13117551803588867,3.811686871807921,0.2360431743515943,0.4426278,0.1147174
sim,2504,t27_tracking_lag_b1_diag_20260506_133905_2504.csv,5,right,swing,left,roll,5,39.999961853027344,0.0064201860000000005,0.0028423400000000005,nan,0.02002406120300293,24.96995963661043,0.008160808702157648,0.014100054,0.0028423400000000005
sim,2504,t27_tracking_lag_b1_diag_20260506_133905_2504.csv,5,right,swing,left,roll,6,39.999961853027344,0.0034232560000000004,0.0031336400000000005,nan,0.03000354766845703,16.664695972791712,0.004776871290775375,0.017145795999999998,0.0031336400000000005
sim,2504,t27_tracking_lag_b1_diag_20260506_133905_2504.csv,5,right,swing,left,pitch,1,199.99980926513672,0.4480672,0.12754899999999997,0.28466488955228136,0.12999939918518066,3.84617162182237,0.4628312160501771,0.4480672,0.20176499999999992
sim,2504,t27_tracking_lag_b1_diag_20260506_133905_2504.csv,5,right,swing,right,roll,1,9.999990463256836,0.0028737799999999994,0.007191683,nan,0.04000139236450195,12.499564901238541,0.009142223602034124,0.008265580000000002,0.007191682999999999
sim,2504,t27_tracking_lag_b1_diag_20260506_133905_2504.csv,5,right,swing,right,roll,2,9.999990463256836,0.00447024,0.0007040299999999996,nan,0.040007591247558594,12.49762818526376,0.0027256526954988233,0.00583786,0.0017940100000000004
sim,2504,t27_tracking_lag_b1_diag_20260506_133905_2504.csv,5,right,swing,right,roll,3,9.999990463256836,0.0033470799999999997,4.274000000000031e-05,nan,0.019996166229248047,25.00479313222845,0.002126930024440547,0.006421800000000001,0.0005258400000000005
sim,2504,t27_tracking_lag_b1_diag_20260506_133905_2504.csv,5,right,swing,right,roll,4,9.999990463256836,0.0008900000000000002,0.004278540000000001,nan,0.03000020980834961,16.66655010728761,0.007688251772356964,0.009404400000000002,0.004278540000000001
sim,2504,t27_tracking_lag_b1_diag_20260506_133905_2504.csv,5,right,swing,right,roll,5,9.999990463256836,0.18917620000000002,0.0035664800000000003,0.018852688657452682,0.050003767013549805,9.999246654047328,0.08357887259669057,0.3213178,0.0285112
sim,2504,t27_tracking_lag_b1_diag_20260506_133905_2504.csv,5,right,swing,right,roll,6,9.999990463256836,0.11304900000000001,0.006641279999999999,0.05874691505453387,0.020003557205200195,24.99555428421592,0.3059319287662069,0.278727,0.006641279999999999
sim,2504,t27_tracking_lag_b1_diag_20260506_133905_2504.csv,5,right,swing,right,roll,7,9.999990463256836,0.07472100000000001,0.002486199999999999,0.033273109299929056,0.019971847534179688,25.03524018718365,0.24758719310230218,0.11951300000000001,0.002486199999999999
sim,2504,t27_tracking_lag_b1_diag_20260506_133905_2504.csv,5,right,swing,right,roll,8,9.999990463256836,0.05667199999999997,0.0013976999999999982,0.02466297289666853,0.030041933059692383,16.64340303956192,0.2843399311475702,0.152102,0.0013976999999999982
sim,2504,t27_tracking_lag_b1_diag_20260506_133905_2504.csv,5,right,swing,right,roll,9,9.999990463256836,0.029049999999999965,0.003999600000000001,0.13767986230636853,0.019985675811767578,25.01791806837974,0.2626422141154261,0.052978000000000025,0.003999600000000001
sim,2504,t27_tracking_lag_b1_diag_20260506_133905_2504.csv,5,right,swing,right,roll,10,9.999990463256836,0.03206699999999996,0.00722174,0.22520784607228644,0.02999424934387207,16.6698620881523,0.3060410239722032,0.14638099999999998,0.00722174
sim,2504,t27_tracking_lag_b1_diag_20260506_133905_2504.csv,5,right,swing,right,pitch,1,39.999961853027344,0.614445,0.09957000000000002,0.1620486780753363,0.2100081443786621,2.3808600446393093,0.2237487297069436,0.681941,0.31784199999999996
sim,2504,t27_tracking_lag_b1_diag_20260506_133905_2504.csv,5,right,swing,right,pitch,2,39.999961853027344,0.019185000000000008,0.009273000000000003,0.4833463643471462,0.019971847534179688,25.03524018718365,0.501608979102913,0.050961000000000034,0.009273000000000003
sim,2504,t27_tracking_lag_b1_diag_20260506_133905_2504.csv,5,right,swing,right,pitch,3,39.999961853027344,0.03464400000000001,0.01084400000000002,0.3130123542316135,0.02002406120300293,24.96995963661043,0.5045108558524781,0.06520599999999999,0.01084400000000002
sim,2504,t27_tracking_lag_b1_diag_20260506_133905_2504.csv,5,right,swing,right,pitch,4,39.999961853027344,0.029086,0.0069829999999999615,0.24008113869215297,0.020008087158203125,24.98989513822688,0.46531033430926505,0.031049999999999967,0.0069829999999999615
sim,2504,t27_tracking_lag_b1_diag_20260506_133905_2504.csv,5,right,swing,right,pitch,5,39.999961853027344,0.09415600000000002,0.0071670000000000345,0.07611835676961673,0.019983291625976562,25.020902930228118,0.5091990335778993,0.09415600000000002,0.0071670000000000345
sim,2504,t27_tracking_lag_b1_diag_20260506_133905_2504.csv,5,right,touchdown,left,roll,1,29.999971389770508,0.0018845500000000005,0.0008783899999999997,nan,0.01999807357788086,25.002408259615155,0.005117243312634255,0.0063211299999999995,0.0008783899999999997
sim,2504,t27_tracking_lag_b1_diag_20260506_133905_2504.csv,5,right,touchdown,left,roll,2,29.999971389770508,0.0010272400000000004,0.0013871200000000004,nan,0.0200045108795166,24.994362672069602,0.002152956960275797,0.0010474800000000017,0.0013871200000000004
sim,2504,t27_tracking_lag_b1_diag_20260506_133905_2504.csv,5,right,touchdown,left,roll,3,29.999971389770508,0.011199399999999998,0.01054208,0.9413075700483956,0.06999993324279785,7.142863954823042,0.0030297073923668764,0.0121988,0.01054208
sim,2504,t27_tracking_lag_b1_diag_20260506_133905_2504.csv,5,right,touchdown,left,pitch,1,29.999971389770508,0.023050000000000015,0.011251000000000011,0.48811279826464227,0.029996633529663086,16.668537137861147,0.016070766168730113,0.03093199999999996,0.011251000000000011
sim,2504,t27_tracking_lag_b1_diag_20260506_133905_2504.csv,5,right,touchdown,left,pitch,2,29.999971389770508,0.002240999999999993,0.00422399999999995,nan,0.020000934600830078,24.99883180355227,0.011908397401273889,0.00833900000000004,0.00422399999999995
sim,2504,t27_tracking_lag_b1_diag_20260506_133905_2504.csv,5,right,touchdown,left,pitch,3,29.999971389770508,0.0012480000000000269,0.002935000000000021,nan,0.020006656646728516,24.99168196010201,0.01106621406202985,0.005472000000000032,0.002935000000000021
sim,2504,t27_tracking_lag_b1_diag_20260506_133905_2504.csv,5,right,touchdown,left,pitch,4,29.999971389770508,0.014453999999999967,0.0045459999999999945,0.31451501314515046,0.03999829292297363,12.500533484338211,0.0056054823164469955,0.014453999999999967,0.005725999999999953
sim,2504,t27_tracking_lag_b1_diag_20260506_133905_2504.csv,5,right,touchdown,right,roll,1,19.999980926513672,0.03996299999999997,0.00853172,0.21349047869279097,0.029996633529663086,16.668537137861147,0.3192759191420878,0.09143699999999999,0.00853172
sim,2504,t27_tracking_lag_b1_diag_20260506_133905_2504.csv,5,right,touchdown,right,roll,2,19.999980926513672,0.006072999999999995,0.00653414,nan,0.020000934600830078,24.99883180355227,0.3339970914814968,0.024984999999999924,0.00653414
sim,2504,t27_tracking_lag_b1_diag_20260506_133905_2504.csv,5,right,touchdown,right,roll,3,19.999980926513672,0.039836999999999956,0.0087651,0.2200240982001659,0.029996395111083984,16.668669623412338,0.3795742627047243,0.04877499999999996,0.0087651
sim,2504,t27_tracking_lag_b1_diag_20260506_133905_2504.csv,5,right,touchdown,right,roll,4,19.999980926513672,0.004186000000000023,0.003829599999999999,nan,0.020001649856567383,24.997937849403407,0.39215193199942716,0.013714000000000004,0.003829599999999999
sim,2504,t27_tracking_lag_b1_diag_20260506_133905_2504.csv,5,right,touchdown,right,pitch,1,19.999980926513672,0.009560000000000013,0.00772299999999998,nan,0.01999807357788086,25.002408259615155,0.5442626846324607,0.02039000000000002,0.00772299999999998
sim,2504,t27_tracking_lag_b1_diag_20260506_133905_2504.csv,5,right,touchdown,right,pitch,2,19.999980926513672,0.08074199999999998,0.062273999999999996,0.7712714572341534,0.10001611709594727,4.999194275062098,0.6455375051814644,0.08074199999999998,0.062273999999999996
sim,2504,t27_tracking_lag_b1_diag_20260506_133905_2504.csv,6,left,swing,left,roll,1,19.999980926513672,0.013583560000000001,0.0167529,1.233321750704528,0.12000226974487305,4.166587857571435,0.004593504230006174,0.02263856,0.0167529
sim,2504,t27_tracking_lag_b1_diag_20260506_133905_2504.csv,6,left,swing,left,roll,2,19.999980926513672,0.0014946999999999981,0.000711299999999998,nan,0.02000880241394043,24.989001823099745,0.0006909152287606141,0.0014946999999999981,0.000711299999999998
sim,2504,t27_tracking_lag_b1_diag_20260506_133905_2504.csv,6,left,swing,left,roll,3,19.999980926513672,0.11572479999999999,0.043132500000000004,0.37271613344762755,0.0699927806854248,7.143593883592044,0.0649386125230315,0.3265038,0.06774409999999999
sim,2504,t27_tracking_lag_b1_diag_20260506_133905_2504.csv,6,left,swing,left,roll,4,19.999980926513672,0.097859,0.0034897999999999978,0.03566151299318405,0.030015230178833008,16.658209749549222,0.2531508479392129,0.16985700000000006,0.006130399999999998
sim,2504,t27_tracking_lag_b1_diag_20260506_133905_2504.csv,6,left,swing,left,roll,5,19.999980926513672,0.09026100000000004,0.004170199999999999,0.04620157099965652,0.030016422271728516,16.65754817391857,0.34208702032013,0.09026100000000004,0.004170199999999999
sim,2504,t27_tracking_lag_b1_diag_20260506_133905_2504.csv,6,left,swing,left,pitch,1,49.99995231628418,0.002240999999999993,0.002935000000000021,nan,0.020000934600830078,24.99883180355227,0.008342747549019272,0.00833900000000004,0.002935000000000021
sim,2504,t27_tracking_lag_b1_diag_20260506_133905_2504.csv,6,left,swing,left,pitch,2,49.99995231628418,0.0012480000000000269,0.00022300000000002873,nan,0.020006656646728516,24.99168196010201,0.009298638430795491,0.005472000000000032,0.0009569999999999301
sim,2504,t27_tracking_lag_b1_diag_20260506_133905_2504.csv,6,left,swing,left,pitch,3,49.99995231628418,0.215561,0.12588400000000002,0.5839831880534977,0.14999604225158691,3.3334212856186887,0.03129943292213934,0.24842019999999998,0.209516
sim,2504,t27_tracking_lag_b1_diag_20260506_133905_2504.csv,6,left,swing,left,pitch,4,49.99995231628418,0.185792,0.036378999999999995,0.1958049862211505,0.029998302459716797,16.66760979796856,0.07224455697490295,0.22249400000000003,0.036378999999999995
sim,2504,t27_tracking_lag_b1_diag_20260506_133905_2504.csv,6,left,swing,left,pitch,5,49.99995231628418,0.173197,0.01994700000000002,0.11516943134118963,0.030015230178833008,16.658209749549222,0.13176652014856619,0.278018,0.01994700000000002
sim,2504,t27_tracking_lag_b1_diag_20260506_133905_2504.csv,6,left,swing,right,roll,1,29.999971389770508,0.006072999999999995,0.007034150000000001,nan,0.020000934600830078,24.99883180355227,0.33738383160332014,0.024984999999999924,0.007034150000000001
sim,2504,t27_tracking_lag_b1_diag_20260506_133905_2504.csv,6,left,swing,right,roll,2,29.999971389770508,0.039836999999999956,0.004661499999999999,0.11701433340864031,0.029996395111083984,16.668669623412338,0.3815702820473641,0.04877499999999996,0.0057561
sim,2504,t27_tracking_lag_b1_diag_20260506_133905_2504.csv,6,left,swing,right,roll,3,29.999971389770508,0.004186000000000023,0.006886199999999999,nan,0.020001649856567383,24.997937849403407,0.38967987796544823,0.013714000000000004,0.006886199999999999
sim,2504,t27_tracking_lag_b1_diag_20260506_133905_2504.csv,6,left,swing,right,roll,4,29.999971389770508,0.010674000000000017,0.008898950000000001,0.8337033914183987,0.020004749298095703,24.994064786785213,0.3954186469627528,0.024303999999999937,0.008898950000000001
sim,2504,t27_tracking_lag_b1_diag_20260506_133905_2504.csv,6,left,swing,right,roll,5,29.999971389770508,0.38825145,0.03058735,0.07878232006602937,0.12999272346496582,3.8463691403061833,0.26953135982337945,0.42808615,0.11898201
sim,2504,t27_tracking_lag_b1_diag_20260506_133905_2504.csv,6,left,swing,right,roll,6,29.999971389770508,0.01255775,0.0081193,0.6465569070892476,0.020013809204101562,24.982750405031926,0.027538618981976324,0.01500159,0.0081193
sim,2504,t27_tracking_lag_b1_diag_20260506_133905_2504.csv,6,left,swing,right,pitch,1,199.99980926513672,0.03459599999999996,0.05125000000000002,1.481385131229046,0.11000275611877441,4.545340659102485,0.7267181458387656,0.03459599999999996,0.148714
sim,2504,t27_tracking_lag_b1_diag_20260506_133905_2504.csv,6,left,touchdown,left,roll,1,49.99995231628418,0.10057999999999995,0.04639671,0.4612916086697159,0.08001470565795898,6.248851331621008,0.4254309157479294,0.10739400000000004,0.050304110000000006
sim,2504,t27_tracking_lag_b1_diag_20260506_133905_2504.csv,6,left,touchdown,left,pitch,1,0.0,0.05234247,0.009811999999999987,0.18745771836904118,0.019988298416137695,25.01463554277944,0.22469608442050557,0.08186647,0.009811999999999987
sim,2504,t27_tracking_lag_b1_diag_20260506_133905_2504.csv,6,left,touchdown,left,pitch,2,0.0,0.04431561,0.01335200000000003,0.3012933817226036,0.030000686645507812,16.666285205671052,0.2655278104487467,0.08713539,0.01335200000000003
sim,2504,t27_tracking_lag_b1_diag_20260506_133905_2504.csv,6,left,touchdown,left,pitch,3,0.0,0.2569802,0.06828299999999998,0.26571307828385216,0.089996337890625,5.555781620888437,0.4629323635844701,0.2569802,0.06828299999999998
sim,2504,t27_tracking_lag_b1_diag_20260506_133905_2504.csv,6,left,touchdown,right,roll,1,19.999980926513672,0.023056359999999998,0.031182710000000002,1.3524558950328676,0.08998799324035645,5.55629681244817,0.014253372692582271,0.02697488,0.031182709999999995
sim,2504,t27_tracking_lag_b1_diag_20260506_133905_2504.csv,6,left,touchdown,right,roll,2,19.999980926513672,0.00780962,0.002911510000000001,nan,0.03999829292297363,12.500533484338211,0.00599880149294507,0.009235219999999999,0.002911510000000001
sim,2504,t27_tracking_lag_b1_diag_20260506_133905_2504.csv,6,left,touchdown,right,pitch,1,29.999971389770508,0.02112900000000001,0.003029000000000004,0.14335747077476466,0.02998971939086914,16.672380074094097,0.010160448353788324,0.026354999999999962,0.003884999999999972
sim,2504,t27_tracking_lag_b1_diag_20260506_133905_2504.csv,6,left,touchdown,right,pitch,2,29.999971389770508,0.0024069999999999925,0.00021799999999999597,nan,0.019999265670776367,25.00091794523324,0.004375828378718724,0.008981000000000072,0.0012739999999999418
sim,2504,t27_tracking_lag_b1_diag_20260506_133905_2504.csv,6,left,touchdown,right,pitch,3,29.999971389770508,0.009691000000000005,0.0072630000000000194,nan,0.03999900817871094,12.500309951838252,0.0037857437314218595,0.017766999999999977,0.0072630000000000194
sim,2504,t27_tracking_lag_b1_diag_20260506_133905_2504.csv,6,left,touchdown,right,pitch,4,29.999971389770508,0.027065000000000006,0.010955999999999966,0.40480325143173707,0.020006656646728516,24.99168196010201,0.012513099123185538,0.027065000000000006,0.010955999999999966
sim,3505,t27_tracking_lag_b1_diag_20260506_133024_3505.csv,1,left,swing,left,roll,1,119.99130249023438,0.0034385999999999965,0.03797843,nan,0.05998992919921875,8.334732290474374,0.017498193602248937,0.007783599999999991,0.03797843
sim,3505,t27_tracking_lag_b1_diag_20260506_133024_3505.csv,1,left,swing,left,roll,2,119.99130249023438,0.0012502999999999993,0.00287897,nan,0.03999948501586914,12.500160934612863,0.039861594011737916,0.0048682999999999955,0.02946859
sim,3505,t27_tracking_lag_b1_diag_20260506_133024_3505.csv,1,left,swing,left,roll,3,119.99130249023438,0.41053399999999995,0.11616349999999999,0.28295707541884474,0.10999464988708496,4.545675635253852,0.12135577225692422,0.41053399999999995,0.16834169999999998
sim,3505,t27_tracking_lag_b1_diag_20260506_133024_3505.csv,1,left,swing,left,pitch,1,129.9905776977539,0.06691399999999997,0.168443,2.517305795498701,0.10998368263244629,4.54612891687712,0.09604076572046545,0.071158,0.36395259999999996
sim,3505,t27_tracking_lag_b1_diag_20260506_133024_3505.csv,1,left,swing,left,pitch,2,129.9905776977539,0.15508499999999997,0.047528,0.3064641970532289,0.09000563621520996,5.55520766282307,0.23931423076720698,0.15508499999999997,0.047528
sim,3505,t27_tracking_lag_b1_diag_20260506_133024_3505.csv,1,left,swing,right,roll,1,99.99275207519531,0.011136000000000007,0.0005409000000000004,0.04857219827586207,0.04997897148132324,10.004207473273958,0.11197716113816841,0.016581999999999958,0.0005409000000000004
sim,3505,t27_tracking_lag_b1_diag_20260506_133024_3505.csv,1,left,swing,right,roll,2,99.99275207519531,0.002911999999999998,0.003021999999999997,nan,0.030002355575561523,16.665358116323237,0.12006243782300315,0.013597999999999971,0.003021999999999997
sim,3505,t27_tracking_lag_b1_diag_20260506_133024_3505.csv,1,left,swing,right,roll,3,99.99275207519531,0.2077889,0.0515091,0.2478914898726544,0.09998846054077148,5.000577039548669,0.07156356246166207,0.23978190000000002,0.05663989999999999
sim,3505,t27_tracking_lag_b1_diag_20260506_133024_3505.csv,1,left,swing,right,roll,4,99.99275207519531,0.05481909,0.006379000000000001,0.11636457299820192,0.020003318786621094,24.99585220500596,0.02632350003160737,0.06606571,0.006379000000000001
sim,3505,t27_tracking_lag_b1_diag_20260506_133024_3505.csv,1,left,swing,right,roll,5,99.99275207519531,0.02392949,0.00393745,0.1645438327352568,0.019992589950561523,25.009265994872102,0.013679182222689094,0.02392949,0.00393745
sim,3505,t27_tracking_lag_b1_diag_20260506_133024_3505.csv,1,left,swing,right,pitch,1,49.996376037597656,0.524833,0.05373999999999998,0.10239447595711394,0.1799933910369873,2.7778797716925823,0.23188788555543044,0.5750689999999999,0.054478
sim,3505,t27_tracking_lag_b1_diag_20260506_133024_3505.csv,1,left,swing,right,pitch,2,49.996376037597656,0.448075,0.09540600000000002,0.21292417564023883,0.04998326301574707,10.003348517732357,0.16598796904167984,0.506123,0.09540600000000002
sim,3505,t27_tracking_lag_b1_diag_20260506_133024_3505.csv,1,left,swing,right,pitch,3,49.996376037597656,0.007621999999999962,0.007005000000000039,nan,0.020012855529785156,24.983940910173935,0.030825508473773276,0.021906000000000037,0.007005000000000039
sim,3505,t27_tracking_lag_b1_diag_20260506_133024_3505.csv,1,left,swing,right,pitch,4,49.996376037597656,0.03372599999999998,0.007740999999999998,0.22952618158097618,0.0200040340423584,24.994958463940502,0.021620426275476935,0.03372599999999998,0.007740999999999998
sim,3505,t27_tracking_lag_b1_diag_20260506_133024_3505.csv,1,left,touchdown,left,roll,1,39.997100830078125,0.05289499999999997,0.022086000000000022,0.41754419132243187,0.04010629653930664,12.466870370590543,0.24141314096378433,0.054541000000000006,0.022086000000000022
sim,3505,t27_tracking_lag_b1_diag_20260506_133024_3505.csv,1,left,touchdown,left,roll,2,39.997100830078125,0.0009690000000000532,0.0039939999999999976,nan,0.01990056037902832,25.124920629215637,0.21597207715967973,0.0013949999999999796,0.0039939999999999976
sim,3505,t27_tracking_lag_b1_diag_20260506_133024_3505.csv,1,left,touchdown,left,roll,3,39.997100830078125,0.008960999999999997,0.018249000000000015,nan,0.03999733924865723,12.500831540107653,0.2195457742312523,0.02604699999999993,0.018249000000000015
sim,3505,t27_tracking_lag_b1_diag_20260506_133024_3505.csv,1,left,touchdown,left,pitch,1,0.0,0.0,0.048886999999999986,nan,0.1399998664855957,3.571431977411521,0.2514639205109419,0.0,0.048886999999999986
sim,3505,t27_tracking_lag_b1_diag_20260506_133024_3505.csv,1,left,touchdown,right,roll,1,39.997100830078125,0.0021136799999999997,0.0007348300000000006,nan,0.01999664306640625,25.004196871423122,0.0011333370866898626,0.00432716,0.0007348300000000006
sim,3505,t27_tracking_lag_b1_diag_20260506_133024_3505.csv,1,left,touchdown,right,roll,2,39.997100830078125,0.00022120999999999946,0.00184898,nan,0.02010965347290039,24.8636805539089,0.0012056725860973476,0.0013172099999999992,0.00184898
sim,3505,t27_tracking_lag_b1_diag_20260506_133024_3505.csv,1,left,touchdown,right,roll,3,39.997100830078125,0.023639300000000002,0.017892199999999997,0.7568836640678868,0.05000758171081543,9.99848388773141,0.004301504345574929,0.023639300000000002,0.017892199999999997
sim,3505,t27_tracking_lag_b1_diag_20260506_133024_3505.csv,1,left,touchdown,right,pitch,1,39.997100830078125,0.09320800000000001,0.07550699999999999,0.8100914084627927,0.10000419616699219,4.99979020045393,0.006994350999849163,0.09320800000000001,0.07550699999999999
sim,3505,t27_tracking_lag_b1_diag_20260506_133024_3505.csv,2,right,swing,left,roll,1,39.997100830078125,0.008960999999999997,0.018249000000000015,nan,0.03999733924865723,12.500831540107653,0.2195457742312523,0.02604699999999993,0.018249000000000015
sim,3505,t27_tracking_lag_b1_diag_20260506_133024_3505.csv,2,right,swing,left,roll,2,39.997100830078125,0.013686000000000031,0.015128000000000003,1.1053631448195211,0.05000948905944824,9.998102548211008,0.24733219346120983,0.04998600000000003,0.016474000000000016
sim,3505,t27_tracking_lag_b1_diag_20260506_133024_3505.csv,2,right,swing,left,roll,3,39.997100830078125,0.37055558,0.12382686,0.3341654172364642,0.09998130798339844,5.0009347755584805,0.12886133960138765,0.3967292400000001,0.17583523999999998
sim,3505,t27_tracking_lag_b1_diag_20260506_133024_3505.csv,2,right,swing,left,roll,4,39.997100830078125,0.04492383,0.022027649999999996,0.4903333041728632,0.040003299713134766,12.498968924701703,0.011561717034773858,0.04686362999999999,0.02331205
sim,3505,t27_tracking_lag_b1_diag_20260506_133024_3505.csv,2,right,swing,left,roll,5,39.997100830078125,0.0131193,0.006447899999999996,0.49148201504653416,0.029987335205078125,16.67370563541534,0.005416209692672543,0.0131193,0.006447899999999996
sim,3505,t27_tracking_lag_b1_diag_20260506_133024_3505.csv,2,right,swing,left,pitch,1,129.9905776977539,0.40856428,0.08465699999999998,0.2072060729342271,0.15999555587768555,3.125086801674937,0.2000148814426358,0.56322272,0.11239899999999992
sim,3505,t27_tracking_lag_b1_diag_20260506_133024_3505.csv,2,right,swing,left,pitch,2,129.9905776977539,0.29400328000000003,0.018155000000000032,0.061751011757419955,0.019999027252197266,25.00121599389619,0.20352037239480344,0.29400328,0.018155000000000032
sim,3505,t27_tracking_lag_b1_diag_20260506_133024_3505.csv,2,right,swing,right,roll,1,9.999275207519531,0.0180499,0.015364389999999999,0.8512174582684667,0.04998373985290527,10.003253087332515,0.01403337155750594,0.0212935,0.015364389999999999
sim,3505,t27_tracking_lag_b1_diag_20260506_133024_3505.csv,2,right,swing,right,roll,2,9.999275207519531,2.1799999999995434e-05,0.006239600000000001,nan,0.019997596740722656,25.00300443511851,0.012698740889290298,0.010577399999999994,0.006239600000000001
sim,3505,t27_tracking_lag_b1_diag_20260506_133024_3505.csv,2,right,swing,right,roll,3,9.999275207519531,0.005821600000000003,0.0026469999999999966,nan,0.019999980926513672,25.000023841880648,0.004510498498687996,0.009572199999999996,0.0026469999999999966
sim,3505,t27_tracking_lag_b1_diag_20260506_133024_3505.csv,2,right,swing,right,roll,4,9.999275207519531,0.1682448,0.0561077,0.33348846442802393,0.06000256538391113,8.332977045245938,0.08697572977601281,0.18436680000000003,0.07402830000000002
sim,3505,t27_tracking_lag_b1_diag_20260506_133024_3505.csv,2,right,swing,right,roll,5,9.999275207519531,0.21573029999999999,0.1209228,0.5605276588406913,0.05002450942993164,9.995100515685023,0.06438156295065757,0.2291941,0.1448176
sim,3505,t27_tracking_lag_b1_diag_20260506_133024_3505.csv,2,right,swing,right,roll,6,9.999275207519531,0.00735781,0.0005394999999999983,nan,0.019966840744018555,25.04151790511899,0.022354452666289996,0.01308577,0.0016373000000000013
sim,3505,t27_tracking_lag_b1_diag_20260506_133024_3505.csv,2,right,swing,right,roll,7,9.999275207519531,0.0028392400000000003,0.0021119,nan,0.01999807357788086,25.002408259615155,0.04019079861875933,0.02358178,0.0021119
sim,3505,t27_tracking_lag_b1_diag_20260506_133024_3505.csv,2,right,swing,right,roll,8,9.999275207519531,0.04039659,0.0017191000000000012,0.04255557214111392,0.03999972343444824,12.500086427332494,0.02184095213126479,0.040396589999999996,0.0017191000000000012
sim,3505,t27_tracking_lag_b1_diag_20260506_133024_3505.csv,2,right,swing,right,pitch,1,159.9884033203125,0.041947999999999985,0.04763500000000001,1.1355726137122157,0.09000682830810547,5.555134087032073,0.03290972764548501,0.071054,0.173619
sim,3505,t27_tracking_lag_b1_diag_20260506_133024_3505.csv,2,right,swing,right,pitch,2,159.9884033203125,0.18699699999999997,0.016058000000000017,0.08587303539628989,0.05998373031616211,8.335593624547876,0.10011945455518907,0.18699699999999997,0.016058000000000017
sim,3505,t27_tracking_lag_b1_diag_20260506_133024_3505.csv,2,right,touchdown,left,roll,1,29.997825622558594,0.0018186999999999995,0.0009978,nan,0.039998769760131836,12.500384461783307,0.0012950663535124367,0.004040700000000001,0.0017722000000000016
sim,3505,t27_tracking_lag_b1_diag_20260506_133024_3505.csv,2,right,touchdown,left,roll,2,29.997825622558594,0.01608059,0.01361768,0.8468395749160945,0.06000518798828125,8.332612841703751,0.0018058466986074508,0.01608059,0.01361768
sim,3505,t27_tracking_lag_b1_diag_20260506_133024_3505.csv,2,right,touchdown,left,pitch,1,0.0,0.003500000000000003,0.014460000000000028,nan,0.039998769760131836,12.500384461783307,0.01321597366825463,0.007706000000000046,0.014460000000000028
sim,3505,t27_tracking_lag_b1_diag_20260506_133024_3505.csv,2,right,touchdown,left,pitch,2,0.0,0.08055699999999999,0.03029799999999999,0.3761063594721749,0.0899965763092041,5.555766902533426,0.02682153900133249,0.08055699999999999,0.03332799999999997
sim,3505,t27_tracking_lag_b1_diag_20260506_133024_3505.csv,2,right,touchdown,right,roll,1,29.997825622558594,0.195512,0.001550700000000002,0.007931482466549379,0.10000395774841309,4.999802120410922,0.11875573393136549,0.195512,0.003489900000000004
sim,3505,t27_tracking_lag_b1_diag_20260506_133024_3505.csv,2,right,touchdown,right,pitch,1,29.997825622558594,0.21082299999999998,0.047070999999999974,0.22327260308410363,0.10000395774841309,4.999802120410922,0.08955711545102986,0.21082299999999998,0.047070999999999974
sim,3505,t27_tracking_lag_b1_diag_20260506_133024_3505.csv,3,left,swing,left,roll,1,59.99565124511719,0.0018186999999999995,0.007779499999999998,nan,0.039998769760131836,12.500384461783307,0.0044709294686899265,0.004040700000000001,0.007779499999999998
sim,3505,t27_tracking_lag_b1_diag_20260506_133024_3505.csv,3,left,swing,left,roll,2,59.99565124511719,0.0181993,0.013523870000000002,0.7430983609259697,0.10000061988830566,4.999969005776847,0.004118083945583519,0.01985202,0.015020090000000002
sim,3505,t27_tracking_lag_b1_diag_20260506_133024_3505.csv,3,left,swing,left,roll,3,59.99565124511719,0.00041570699999999997,0.00793051,nan,0.020003318786621094,24.99585220500596,0.004082286132365458,0.008745072999999999,0.00793051
sim,3505,t27_tracking_lag_b1_diag_20260506_133024_3505.csv,3,left,swing,left,roll,4,59.99565124511719,0.003913880000000001,0.01117585,nan,0.02000570297241211,24.99287331664879,0.003701615685751291,0.0097,0.01117585
sim,3505,t27_tracking_lag_b1_diag_20260506_133024_3505.csv,3,left,swing,left,roll,5,59.99565124511719,0.47937789999999997,0.01737138,0.03623734010266222,0.059999704360961914,8.333374394513166,0.21503359963949176,0.4793779,0.019962439999999998
sim,3505,t27_tracking_lag_b1_diag_20260506_133024_3505.csv,3,left,swing,left,pitch,1,79.99420166015625,0.003500000000000003,0.018633999999999984,nan,0.039998769760131836,12.500384461783307,0.019597177062015837,0.007706000000000046,0.018633999999999984
sim,3505,t27_tracking_lag_b1_diag_20260506_133024_3505.csv,3,left,swing,left,pitch,2,79.99420166015625,0.10989499999999999,0.134944,1.2279357568588198,0.14000654220581055,3.571261686221753,0.04271787441419185,0.13594499999999995,0.21189000000000002
sim,3505,t27_tracking_lag_b1_diag_20260506_133024_3505.csv,3,left,swing,left,pitch,3,79.99420166015625,0.184381,0.05454600000000001,0.29583308475385217,0.049983978271484375,10.003205372815385,0.1560847290453703,0.184381,0.05454600000000001
sim,3505,t27_tracking_lag_b1_diag_20260506_133024_3505.csv,3,left,swing,right,roll,1,99.99275207519531,0.200011,0.0063035,0.031515766632835195,0.12999534606933594,3.8462915413395935,0.14806615014685162,0.23305900000000002,0.0076439000000000056
sim,3505,t27_tracking_lag_b1_diag_20260506_133024_3505.csv,3,left,swing,right,roll,2,99.99275207519531,0.2711784,0.03653269,0.1347182887722621,0.08000326156616211,6.249745200531652,0.14297831852710594,0.273774,0.04747889
sim,3505,t27_tracking_lag_b1_diag_20260506_133024_3505.csv,3,left,swing,right,pitch,1,49.996376037597656,0.35917829999999995,0.08864,0.24678551014913766,0.21999597549438477,2.272768848959067,0.3673008154545476,1.1317457,0.154248
sim,3505,t27_tracking_lag_b1_diag_20260506_133024_3505.csv,3,left,swing,right,pitch,2,49.996376037597656,0.3722833,0.020463999999999982,0.054968890627111085,0.040003299713134766,12.498968924701703,0.14512664193874947,0.37371530000000003,0.052766000000000035
sim,3505,t27_tracking_lag_b1_diag_20260506_133024_3505.csv,3,left,touchdown,left,roll,1,39.997100830078125,0.010218000000000005,0.05310519999999999,5.197220591113718,0.029998779296875,16.66734486266531,0.3294886959006674,0.011246000000000034,0.05310519999999999
sim,3505,t27_tracking_lag_b1_diag_20260506_133024_3505.csv,3,left,touchdown,left,roll,2,39.997100830078125,0.00028400000000000647,0.03300900000000001,nan,0.019994735717773438,25.006582085280932,0.2900750790703446,0.0011720000000000064,0.03300900000000001
sim,3505,t27_tracking_lag_b1_diag_20260506_133024_3505.csv,3,left,touchdown,left,roll,3,39.997100830078125,0.003033000000000008,0.027268999999999988,nan,0.019988536834716797,25.01433717407381,0.2624695409484054,0.0069130000000000025,0.027268999999999988
sim,3505,t27_tracking_lag_b1_diag_20260506_133024_3505.csv,3,left,touchdown,left,roll,4,39.997100830078125,0.03010299999999999,0.018553000000000014,0.6163173105670537,0.030016183853149414,16.657680484840782,0.2267278625891622,0.03010299999999999,0.018553000000000014
sim,3505,t27_tracking_lag_b1_diag_20260506_133024_3505.csv,3,left,touchdown,left,pitch,1,39.997100830078125,0.24589591000000002,0.07726899999999998,0.3142345881230801,0.09999823570251465,5.000088216430668,0.17859287022954498,0.24589591,0.07726899999999998
sim,3505,t27_tracking_lag_b1_diag_20260506_133024_3505.csv,3,left,touchdown,right,roll,1,29.997825622558594,0.00581219,0.007150671,nan,0.029998779296875,16.66734486266531,0.0036168885980515423,0.007507929999999998,0.007150671
sim,3505,t27_tracking_lag_b1_diag_20260506_133024_3505.csv,3,left,touchdown,right,roll,2,29.997825622558594,0.00107785,0.0017065600000000002,nan,0.020003080368041992,24.99615013289789,0.002433961698746853,0.005210090000000002,0.0017065600000000002
sim,3505,t27_tracking_lag_b1_diag_20260506_133024_3505.csv,3,left,touchdown,right,roll,3,29.997825622558594,0.007619889999999999,0.00363183,nan,0.029986858367919922,16.673970772973746,0.0016497861107276906,0.007619889999999999,0.00363183
sim,3505,t27_tracking_lag_b1_diag_20260506_133024_3505.csv,3,left,touchdown,right,pitch,1,19.998550415039062,0.10409999999999997,0.072266,0.6941978866474545,0.12000918388366699,4.166347806220262,0.016333856928289963,0.10409999999999997,0.072266
sim,3505,t27_tracking_lag_b1_diag_20260506_133024_3505.csv,4,right,swing,left,roll,1,29.997825622558594,0.035862000000000005,0.04874500000000001,1.3592381908426747,0.06000018119812012,8.333308167003763,0.23099369599468667,0.040574000000000054,0.04874500000000001
sim,3505,t27_tracking_lag_b1_diag_20260506_133024_3505.csv,4,right,swing,left,roll,2,29.997825622558594,0.0032520000000000326,0.0037369999999999903,nan,0.029989242553710938,16.672645169496917,0.19207660482539252,0.008874000000000049,0.003811000000000009
sim,3505,t27_tracking_lag_b1_diag_20260506_133024_3505.csv,4,right,swing,left,roll,3,29.997825622558594,0.38006249999999997,0.1819221,0.4786636408485447,0.12000298500061035,4.1665630233902675,0.1138952341936625,0.39457669999999995,0.1972717
sim,3505,t27_tracking_lag_b1_diag_20260506_133024_3505.csv,4,right,swing,left,roll,4,29.997825622558594,0.01336093,0.01964037,1.4699852480328839,0.030004024505615234,16.664431130111407,0.009983040491675118,0.01814915,0.01964037
sim,3505,t27_tracking_lag_b1_diag_20260506_133024_3505.csv,4,right,swing,left,roll,5,29.997825622558594,0.0002893100000000001,0.002085195,nan,0.019994497299194336,25.00688026901017,0.0022606460745584808,0.0042607,0.002085195
sim,3505,t27_tracking_lag_b1_diag_20260506_133024_3505.csv,4,right,swing,left,roll,6,29.997825622558594,0.00366148,0.0001278518,nan,0.019994497299194336,25.00688026901017,0.001670196749046375,0.00366148,0.0005326542
sim,3505,t27_tracking_lag_b1_diag_20260506_133024_3505.csv,4,right,swing,left,pitch,1,109.99202728271484,0.462201,0.06985799999999998,0.15114203560788483,0.16999340057373047,2.9412906519458515,0.5286036314608532,0.468587,0.28260399999999997
sim,3505,t27_tracking_lag_b1_diag_20260506_133024_3505.csv,4,right,swing,left,pitch,2,109.99202728271484,0.711603,0.02026899999999998,0.02848357862459824,0.03999900817871094,12.500309951838252,0.3962459020656769,0.711603,0.02026899999999998
sim,3505,t27_tracking_lag_b1_diag_20260506_133024_3505.csv,4,right,swing,right,roll,1,29.997825622558594,0.00107785,0.0017065600000000002,nan,0.020003080368041992,24.99615013289789,0.002433961698746853,0.005210090000000002,0.0017065600000000002
sim,3505,t27_tracking_lag_b1_diag_20260506_133024_3505.csv,4,right,swing,right,roll,2,29.997825622558594,0.01435842,0.0080859004,0.5631469479232395,0.05999565124511719,8.333937370847242,0.003808386245057012,0.016495,0.008085900400000002
sim,3505,t27_tracking_lag_b1_diag_20260506_133024_3505.csv,4,right,swing,right,roll,3,29.997825622558594,0.010380750000000001,0.0021175304,0.20398626303494446,0.04999566078186035,10.000867918949723,0.00357756757983869,0.01981277,0.0079878304
sim,3505,t27_tracking_lag_b1_diag_20260506_133024_3505.csv,4,right,swing,right,roll,4,29.997825622558594,0.06775079,0.02302005,0.33977537383696926,0.05000495910644531,9.999008277072129,0.054599237868344676,0.22172241,0.02302005
sim,3505,t27_tracking_lag_b1_diag_20260506_133024_3505.csv,4,right,swing,right,roll,5,29.997825622558594,0.1367523,0.006551999999999995,0.04791144280571512,0.029993057250976562,16.670524642289347,0.19070815450578532,0.3432782999999999,0.007202400000000005
sim,3505,t27_tracking_lag_b1_diag_20260506_133024_3505.csv,4,right,swing,right,roll,6,29.997825622558594,0.003155999999999992,0.0006529999999999973,nan,0.02000904083251953,24.988704065583146,0.16632679383835505,0.08988600000000002,0.0006529999999999973
sim,3505,t27_tracking_lag_b1_diag_20260506_133024_3505.csv,4,right,swing,right,roll,7,29.997825622558594,0.010005999999999987,0.002102099999999999,0.21008394963022206,0.019997358322143555,25.003302533532043,0.19471691710779354,0.04040000000000002,0.002102099999999999
sim,3505,t27_tracking_lag_b1_diag_20260506_133024_3505.csv,4,right,swing,right,roll,8,29.997825622558594,0.04821199999999998,0.0033959000000000003,0.07043682070853734,0.019994497299194336,25.00688026901017,0.16227802771393093,0.06639800000000001,0.0033959000000000003
sim,3505,t27_tracking_lag_b1_diag_20260506_133024_3505.csv,4,right,swing,right,roll,9,29.997825622558594,0.034773,0.003056699999999999,0.08790440859287375,0.019994497299194336,25.00688026901017,0.1732180573599454,0.034773,0.003056699999999999
sim,3505,t27_tracking_lag_b1_diag_20260506_133024_3505.csv,4,right,swing,right,pitch,1,19.998550415039062,0.555588,0.12125699999999998,0.2182498542085142,0.1999988555908203,2.500014305196601,0.22067801262884282,0.789398,0.4182845999999999
sim,3505,t27_tracking_lag_b1_diag_20260506_133024_3505.csv,4,right,swing,right,pitch,2,19.998550415039062,0.10432600000000003,0.01575499999999999,0.1510170043900848,0.019995927810668945,25.005091273295257,0.4873309708678487,0.13541000000000003,0.01575499999999999
sim,3505,t27_tracking_lag_b1_diag_20260506_133024_3505.csv,4,right,swing,right,pitch,3,19.998550415039062,0.06545699999999999,0.017494999999999983,0.26727469942099374,0.03999185562133789,12.502545636647628,0.5108251939344809,0.19046100000000005,0.017494999999999983
sim,3505,t27_tracking_lag_b1_diag_20260506_133024_3505.csv,4,right,swing,right,pitch,4,19.998550415039062,0.01983999999999997,0.008529000000000009,0.4298891129032269,0.030009031295776367,16.66165079011973,0.5547921755563068,0.08599400000000001,0.008529000000000009
sim,3505,t27_tracking_lag_b1_diag_20260506_133024_3505.csv,4,right,touchdown,left,roll,1,19.998550415039062,0.0024553229999999997,0.0003933392,nan,0.029993534088134766,16.670259614314556,0.0015593172504319989,0.0057265169999999995,0.0004676878
sim,3505,t27_tracking_lag_b1_diag_20260506_133024_3505.csv,4,right,touchdown,left,roll,2,19.998550415039062,0.00016639299999999992,0.001311164,nan,0.019997358322143555,25.003302533532043,0.0009306343595028788,0.001993073,0.001311164
sim,3505,t27_tracking_lag_b1_diag_20260506_133024_3505.csv,4,right,touchdown,left,roll,3,19.998550415039062,0.006462000000000001,0.00496446,nan,0.029998302459716797,16.66760979796856,0.002664813717903186,0.00917236,0.00496446
sim,3505,t27_tracking_lag_b1_diag_20260506_133024_3505.csv,4,right,touchdown,left,pitch,1,0.0,0.0032789999999999764,0.011066999999999994,nan,0.01999378204345703,25.007774862866682,0.023993056384434795,0.011570999999999942,0.011066999999999994
sim,3505,t27_tracking_lag_b1_diag_20260506_133024_3505.csv,4,right,touchdown,left,pitch,2,0.0,0.005506999999999984,0.007585000000000008,nan,0.020001649856567383,24.997937849403407,0.015836193703033574,0.006822999999999968,0.007585000000000008
sim,3505,t27_tracking_lag_b1_diag_20260506_133024_3505.csv,4,right,touchdown,left,pitch,3,0.0,1.8000000000018e-05,0.004205000000000014,nan,0.019998550415039062,25.001812112541725,0.014257741499503578,0.0015440000000000453,0.004205000000000014
sim,3505,t27_tracking_lag_b1_diag_20260506_133024_3505.csv,4,right,touchdown,left,pitch,4,0.0,0.047261,0.0028409999999999824,0.06011298956856568,0.0699913501739502,7.143739887248139,0.015886719493023106,0.047261,0.013626999999999945
sim,3505,t27_tracking_lag_b1_diag_20260506_133024_3505.csv,4,right,touchdown,right,roll,1,9.999275207519531,0.018816,0.0036029999999999986,0.19148596938775503,0.01999378204345703,25.007774862866682,0.16526263851057402,0.042348,0.0036029999999999986
sim,3505,t27_tracking_lag_b1_diag_20260506_133024_3505.csv,4,right,touchdown,right,roll,2,9.999275207519531,0.026860999999999996,0.0039854999999999995,0.14837496742489112,0.020001649856567383,24.997937849403407,0.1867445243881062,0.037850999999999996,0.0039854999999999995
sim,3505,t27_tracking_lag_b1_diag_20260506_133024_3505.csv,4,right,touchdown,right,roll,3,9.999275207519531,0.12260500000000002,0.011048400000000002,0.09011378002528445,0.07000088691711426,7.142766642257455,0.27367066487493646,0.12260500000000002,0.023238599999999998
sim,3505,t27_tracking_lag_b1_diag_20260506_133024_3505.csv,4,right,touchdown,right,pitch,1,19.998550415039062,0.061929999999999985,0.061282,0.9895365735507834,0.10997462272644043,4.546503435103747,0.627202023121272,0.061929999999999985,0.061282
sim,3505,t27_tracking_lag_b1_diag_20260506_133024_3505.csv,5,left,swing,left,roll,1,9.999275207519531,0.0018019899999999998,9.87595e-05,nan,0.02999711036682129,16.66827217307677,0.0012082365047080238,0.0036286700000000005,0.0009597865
sim,3505,t27_tracking_lag_b1_diag_20260506_133024_3505.csv,5,left,swing,left,roll,2,9.999275207519531,0.006462000000000001,0.003945142,nan,0.029998302459716797,16.66760979796856,0.004028568197288089,0.00917236,0.0039451420000000004
sim,3505,t27_tracking_lag_b1_diag_20260506_133024_3505.csv,5,left,swing,left,roll,3,9.999275207519531,0.013486200000000002,0.012771600000000001,0.947012501668372,0.04000091552734375,12.49971390425329,0.010591696891177543,0.015938,0.012771600000000001
sim,3505,t27_tracking_lag_b1_diag_20260506_133024_3505.csv,5,left,swing,left,roll,4,9.999275207519531,0.006597500000000003,0.0032335999999999997,nan,0.0299835205078125,16.675826972010178,0.004305955580936711,0.008058100000000002,0.0040772
sim,3505,t27_tracking_lag_b1_diag_20260506_133024_3505.csv,5,left,swing,left,roll,5,9.999275207519531,0.0060263999999999995,0.0011519000000000008,nan,0.0200042724609375,24.994660564454616,0.004308231555986748,0.009166600000000002,0.0011519000000000008
sim,3505,t27_tracking_lag_b1_diag_20260506_133024_3505.csv,5,left,swing,left,roll,6,9.999275207519531,0.1251929,0.021426813,0.17115038472629038,0.06000041961669922,8.333275053643804,0.06951974117599698,0.3173235,0.035432966999999996
sim,3505,t27_tracking_lag_b1_diag_20260506_133024_3505.csv,5,left,swing,left,roll,7,9.999275207519531,0.15797100000000003,0.002283247,0.014453583252622314,0.020002126693725586,24.9973419154896,0.2588717644634615,0.168653,0.002283247
sim,3505,t27_tracking_lag_b1_diag_20260506_133024_3505.csv,5,left,swing,left,roll,8,9.999275207519531,0.0018529999999999935,0.00445993,nan,0.020000934600830078,24.99883180355227,0.2889020793077201,0.08873300000000006,0.00445993
sim,3505,t27_tracking_lag_b1_diag_20260506_133024_3505.csv,5,left,swing,left,roll,9,9.999275207519531,0.07554299999999997,0.0019465300000000001,0.025767178957679743,0.030004501342773438,16.66416629584896,0.36190163059736885,0.084733,0.005598830000000001
sim,3505,t27_tracking_lag_b1_diag_20260506_133024_3505.csv,5,left,swing,left,pitch,1,39.997100830078125,0.005506999999999984,0.004695000000000005,nan,0.020001649856567383,24.997937849403407,0.005741857568185856,0.006822999999999968,0.004695000000000005
sim,3505,t27_tracking_lag_b1_diag_20260506_133024_3505.csv,5,left,swing,left,pitch,2,39.997100830078125,0.156627,0.161084,1.02845614102294,0.16000056266784668,3.1249890104322664,0.01201808991870662,0.253711,0.211648
sim,3505,t27_tracking_lag_b1_diag_20260506_133024_3505.csv,5,left,swing,left,pitch,3,39.997100830078125,0.20761699999999997,0.04358900000000002,0.20994908894743697,0.029993534088134766,16.670259614314556,0.14582874448132643,0.23188100000000003,0.04358900000000002
sim,3505,t27_tracking_lag_b1_diag_20260506_133024_3505.csv,5,left,swing,left,pitch,4,39.997100830078125,0.17230499999999999,0.024748999999999993,0.14363483357998894,0.030014753341674805,16.658474394515892,0.09637355788026089,0.28950699999999996,0.024748999999999993
sim,3505,t27_tracking_lag_b1_diag_20260506_133024_3505.csv,5,left,swing,right,roll,1,29.997825622558594,0.026860999999999996,0.0037191000000000012,0.1384572428427833,0.020001649856567383,24.997937849403407,0.19054628147357447,0.037850999999999996,0.0037191000000000012
sim,3505,t27_tracking_lag_b1_diag_20260506_133024_3505.csv,5,left,swing,right,roll,2,29.997825622558594,0.116647,0.0473603,0.4060138709096676,0.09000897407531738,5.555001655519502,0.27093602938305716,0.14662099999999995,0.0521695
sim,3505,t27_tracking_lag_b1_diag_20260506_133024_3505.csv,5,left,swing,right,roll,3,29.997825622558594,0.2904301,0.06313805,0.2173949945270824,0.09999608993530273,5.000195510879466,0.19014608611403291,0.34793430000000003,0.11227954999999999
sim,3505,t27_tracking_lag_b1_diag_20260506_133024_3505.csv,5,left,swing,right,roll,4,29.997825622558594,0.00932403,0.00578555,nan,0.020000934600830078,24.99883180355227,0.005859276409489485,0.026569429999999998,0.00578555
sim,3505,t27_tracking_lag_b1_diag_20260506_133024_3505.csv,5,left,swing,right,pitch,1,69.99492645263672,0.00041799999999997395,0.030464000000000047,nan,0.2099933624267578,2.3810276392635585,0.7023671491265352,0.006077999999999972,0.25391200000000014
sim,3505,t27_tracking_lag_b1_diag_20260506_133024_3505.csv,5,left,swing,right,pitch,2,69.99492645263672,0.28296659999999996,0.053898,0.19047477688179457,0.020000934600830078,24.99883180355227,0.5125026242843933,0.35976959999999997,0.053898
sim,3505,t27_tracking_lag_b1_diag_20260506_133024_3505.csv,5,left,touchdown,left,roll,1,29.997825622558594,0.050115999999999994,0.1251648,2.4975017958336663,0.06999349594116211,7.1435208840019895,0.3368112986014925,0.05824800000000002,0.1251648
sim,3505,t27_tracking_lag_b1_diag_20260506_133024_3505.csv,5,left,touchdown,left,roll,2,29.997825622558594,0.004809999999999981,0.029358999999999996,nan,0.019994020462036133,25.007476657802794,0.26754003370586116,0.008921999999999985,0.029358999999999996
sim,3505,t27_tracking_lag_b1_diag_20260506_133024_3505.csv,5,left,touchdown,left,pitch,1,29.997825622558594,0.024530200000000002,0.010842999999999992,0.44202656317518774,0.019999980926513672,25.000023841880648,0.1361502690926953,0.0865242,0.010842999999999992
sim,3505,t27_tracking_lag_b1_diag_20260506_133024_3505.csv,5,left,touchdown,left,pitch,2,29.997825622558594,0.0436223,0.010936000000000001,0.25069746437028767,0.019998550415039062,25.001812112541725,0.1793975987854724,0.04960229999999999,0.010936000000000001
sim,3505,t27_tracking_lag_b1_diag_20260506_133024_3505.csv,5,left,touchdown,left,pitch,3,29.997825622558594,0.002669999999999992,0.01141399999999998,nan,0.01999950408935547,25.000619903676505,0.1965151310330242,0.04499459999999998,0.01141399999999998
sim,3505,t27_tracking_lag_b1_diag_20260506_133024_3505.csv,5,left,touchdown,left,pitch,4,29.997825622558594,0.0972747,0.026895999999999975,0.27649532715084163,0.04000496864318848,12.498447491850078,0.2830314784442819,0.0972747,0.026895999999999975
sim,3505,t27_tracking_lag_b1_diag_20260506_133024_3505.csv,5,left,touchdown,right,roll,1,9.999275207519531,0.007458279999999999,0.01127464,nan,0.029992341995239258,16.670922200052466,0.010606044224114486,0.008535300000000001,0.01127464
sim,3505,t27_tracking_lag_b1_diag_20260506_133024_3505.csv,5,left,touchdown,right,roll,2,9.999275207519531,0.002647460000000001,0.00441455,nan,0.020000457763671875,24.99942780850658,0.006386749068674223,0.002647460000000001,0.00441455
sim,3505,t27_tracking_lag_b1_diag_20260506_133024_3505.csv,5,left,touchdown,right,roll,3,9.999275207519531,0.00421495,0.00486769,nan,0.030009984970092773,16.66112130673467,0.006976244835319715,0.005788349999999999,0.00486769
sim,3505,t27_tracking_lag_b1_diag_20260506_133024_3505.csv,5,left,touchdown,right,roll,4,9.999275207519531,0.010876488,0.0010448999999999996,0.09606961364734642,0.03999948501586914,12.500160934612863,0.004233307987966952,0.010876488,0.0034943199999999987
sim,3505,t27_tracking_lag_b1_diag_20260506_133024_3505.csv,5,left,touchdown,right,pitch,1,19.998550415039062,0.022382000000000013,0.012856000000000034,0.5743901349298556,0.029992341995239258,16.670922200052466,0.004879031410023917,0.024208000000000007,0.012856000000000034
sim,3505,t27_tracking_lag_b1_diag_20260506_133024_3505.csv,5,left,touchdown,right,pitch,2,19.998550415039062,0.05476399999999998,0.03223900000000002,0.5886896501351259,0.0699923038482666,7.143642550814289,0.01322394935335128,0.05476399999999998,0.03223900000000002
sim,3505,t27_tracking_lag_b1_diag_20260506_133024_3505.csv,6,right,swing,left,roll,1,19.998550415039062,0.00458900000000001,0.05352599999999999,nan,0.03999948501586914,12.500160934612863,0.256498027648947,0.01593300000000003,0.05352599999999999
sim,3505,t27_tracking_lag_b1_diag_20260506_133024_3505.csv,6,right,swing,left,roll,2,19.998550415039062,0.4339697,0.19199334999999998,0.442411878064298,0.2099928855895996,2.3810330459345983,0.12553063139566104,0.4363295000000001,0.27462315
sim,3505,t27_tracking_lag_b1_diag_20260506_133024_3505.csv,6,right,swing,left,roll,3,19.998550415039062,0.0031721400000000004,0.00535999,nan,0.019997119903564453,25.00360063905382,0.007405770594504891,0.005063,0.00535999
sim,3505,t27_tracking_lag_b1_diag_20260506_133024_3505.csv,6,right,swing,left,roll,4,19.998550415039062,0.0018268799999999995,0.0013134499999999999,nan,0.020003557205200195,24.99555428421592,0.002328617559619154,0.0018268799999999995,0.0013134499999999999
sim,3505,t27_tracking_lag_b1_diag_20260506_133024_3505.csv,6,right,swing,left,pitch,1,119.99130249023438,0.28863708000000005,0.08740300000000001,0.3028127917591184,0.16997981071472168,2.9415258076687327,0.5650221270875037,0.41726307999999995,0.257419
sim,3505,t27_tracking_lag_b1_diag_20260506_133024_3505.csv,6,right,swing,right,roll,1,29.997825622558594,0.01388613,0.007381549999999999,0.5315771924935169,0.06000041961669922,8.333275053643804,0.0029817983085313757,0.01602765,0.007381550000000001
sim,3505,t27_tracking_lag_b1_diag_20260506_133024_3505.csv,6,right,swing,right,roll,2,29.997825622558594,0.01906553,0.01125176,0.5901624554890422,0.06000471115112305,8.332679058161618,0.007663176501226181,0.04768053,0.01666656
sim,3505,t27_tracking_lag_b1_diag_20260506_133024_3505.csv,6,right,swing,right,roll,3,29.997825622558594,0.040885899999999996,0.0022888000000000006,0.05598017898590959,0.05998992919921875,8.334732290474374,0.04627207991789895,0.2465433,0.031071306000000003
sim,3505,t27_tracking_lag_b1_diag_20260506_133024_3505.csv,6,right,swing,right,roll,4,29.997825622558594,0.1660843,0.006555699999999999,0.03947212349391243,0.029998779296875,16.66734486266531,0.18084413698418592,0.32496230000000004,0.006555699999999999
sim,3505,t27_tracking_lag_b1_diag_20260506_133024_3505.csv,6,right,swing,right,roll,5,29.997825622558594,0.045770000000000005,0.00028589999999999866,0.006246449639501827,0.01999354362487793,25.00807307504263,0.16178417839605536,0.13201,0.00028589999999999866
sim,3505,t27_tracking_lag_b1_diag_20260506_133024_3505.csv,6,right,swing,right,roll,6,29.997825622558594,0.020283999999999996,0.0021808999999999995,0.10751824097811082,0.01999068260192871,25.011652175987216,0.10536920423706983,0.03512599999999999,0.0021808999999999995
sim,3505,t27_tracking_lag_b1_diag_20260506_133024_3505.csv,6,right,swing,right,pitch,1,29.997825622558594,0.469434,0.148172,0.3156396852379674,0.1999955177307129,2.500056029621788,0.19027301864739243,0.9010179999999999,0.4808720000000001
sim,3505,t27_tracking_lag_b1_diag_20260506_133024_3505.csv,6,right,swing,right,pitch,2,29.997825622558594,0.028777999999999998,0.01239499999999999,0.43071095976092816,0.02000260353088379,24.99674600998844,0.34233653833861594,0.033276,0.01239499999999999
sim,3505,t27_tracking_lag_b1_diag_20260506_133024_3505.csv,6,right,swing,right,pitch,3,29.997825622558594,0.009010999999999991,0.006667000000000006,nan,0.019992589950561523,25.009265994872102,0.38110564813622655,0.08493699999999998,0.006667000000000006
sim,3505,t27_tracking_lag_b1_diag_20260506_133024_3505.csv,6,right,swing,right,pitch,4,29.997825622558594,0.023946999999999996,0.007511999999999991,0.31369273813003684,0.029998779296875,16.66734486266531,0.35394092419957596,0.026037000000000032,0.007511999999999991
sim,3505,t27_tracking_lag_b1_diag_20260506_133024_3505.csv,6,right,swing,right,pitch,5,29.997825622558594,0.03805999999999998,0.003059000000000006,0.0803730951129797,0.020003557205200195,24.99555428421592,0.37366599135101036,0.03805999999999998,0.003059000000000006
sim,3505,t27_tracking_lag_b1_diag_20260506_133024_3505.csv,6,right,touchdown,left,roll,1,19.998550415039062,0.0012539099999999996,0.0007046199999999996,nan,0.04000711441040039,12.49777714210796,0.0018330374592244424,0.009388230000000001,0.0010375800000000015
sim,3505,t27_tracking_lag_b1_diag_20260506_133024_3505.csv,6,right,touchdown,left,roll,2,19.998550415039062,0.02042468,0.01320381,0.6464634941649025,0.06999611854553223,7.143253231602432,0.0042528558887507725,0.02042468,0.01320381
sim,3505,t27_tracking_lag_b1_diag_20260506_133024_3505.csv,6,right,touchdown,left,pitch,1,0.0,0.006412000000000029,0.018710999999999978,nan,0.029998064041137695,16.66774226877866,0.023967935439874664,0.013724000000000014,0.018710999999999978
sim,3505,t27_tracking_lag_b1_diag_20260506_133024_3505.csv,6,right,touchdown,left,pitch,2,0.0,0.0020850000000000035,0.006381999999999999,nan,0.01999187469482422,25.010160759433287,0.012838087734030616,0.0070430000000000215,0.006381999999999999
sim,3505,t27_tracking_lag_b1_diag_20260506_133024_3505.csv,6,right,touchdown,left,pitch,3,0.0,0.0023419999999999552,0.003608,nan,0.019999265670776367,25.00091794523324,0.011710567008760388,0.0035840000000000316,0.003608
sim,3505,t27_tracking_lag_b1_diag_20260506_133024_3505.csv,6,right,touchdown,left,pitch,4,0.0,0.036626999999999965,0.002016999999999991,0.055068665192344254,0.06001472473144531,8.331288733513428,0.013325374789690314,0.036626999999999965,0.012833000000000039
sim,3505,t27_tracking_lag_b1_diag_20260506_133024_3505.csv,6,right,touchdown,right,roll,1,29.997825622558594,0.016609000000000013,0.0035294000000000002,0.21249924739598997,0.029998064041137695,16.66774226877866,0.15182998167927836,0.03215900000000002,0.0035294000000000002
sim,3505,t27_tracking_lag_b1_diag_20260506_133024_3505.csv,6,right,touchdown,right,roll,2,29.997825622558594,0.150773,0.004021500000000001,0.02667254747202749,0.07003426551818848,7.139362372125483,0.24720351933178772,0.150773,0.01481406
sim,3505,t27_tracking_lag_b1_diag_20260506_133024_3505.csv,6,right,touchdown,right,pitch,1,0.0,0.025455000000000005,0.003059000000000006,0.12017285405617778,0.01999950408935547,25.000619903676505,0.3796879473137557,0.03940900000000003,0.003059000000000006
sim,3505,t27_tracking_lag_b1_diag_20260506_133024_3505.csv,6,right,touchdown,right,pitch,2,0.0,0.03075,0.003589000000000009,0.11671544715447184,0.020007610321044922,24.990490717128626,0.4248245359808368,0.04249799999999998,0.003589000000000009
sim,3505,t27_tracking_lag_b1_diag_20260506_133024_3505.csv,6,right,touchdown,right,pitch,3,0.0,0.029009000000000007,0.003965999999999997,0.13671619152676742,0.0199892520904541,25.01344211066185,0.4454406719033037,0.035109,0.003965999999999997
sim,3505,t27_tracking_lag_b1_diag_20260506_133024_3505.csv,6,right,touchdown,right,pitch,4,0.0,0.009319000000000022,0.005755999999999983,nan,0.020012855529785156,24.983940910173935,0.46920541254373155,0.020921000000000023,0.005755999999999983
sim,3505,t27_tracking_lag_b1_diag_20260506_133024_3505.csv,6,right,touchdown,right,pitch,5,0.0,0.020779999999999993,0.007073999999999997,0.3404234841193455,0.020023107528686523,24.97114892299632,0.4528334990567725,0.025977999999999973,0.007073999999999997
sim,3505,t27_tracking_lag_b1_diag_20260506_133024_3505.csv,6,right,touchdown,right,pitch,6,0.0,0.027129000000000014,0.00996099999999997,0.36717166132183143,0.020000696182250977,24.999129802477082,0.43780773732998374,0.027129000000000014,0.00996099999999997
sim,4005,t27_tracking_lag_b1_diag_20260506_134153_4005.csv,1,left,swing,left,roll,1,79.99801635742188,0.0045305,0.0064636,nan,0.050045013427734375,9.991005411997866,0.007271569172583499,0.0070741,0.006675
sim,4005,t27_tracking_lag_b1_diag_20260506_134153_4005.csv,1,left,swing,left,roll,2,79.99801635742188,0.0074351999999999994,0.0030279,nan,0.040016889572143555,12.494724236339913,0.00461732511049417,0.011174799999999999,0.0030279
sim,4005,t27_tracking_lag_b1_diag_20260506_134153_4005.csv,1,left,swing,left,roll,3,79.99801635742188,8.009999999999962e-05,0.002697100000000001,nan,0.019920825958251953,25.099360892357037,0.005577406450433152,0.002663899999999997,0.002697100000000001
sim,4005,t27_tracking_lag_b1_diag_20260506_134153_4005.csv,1,left,swing,left,roll,4,79.99801635742188,0.0040289,0.00415294,nan,0.04997682571411133,10.004637006363957,0.011746971644190267,0.0062584999999999984,0.040525479999999996
sim,4005,t27_tracking_lag_b1_diag_20260506_134153_4005.csv,1,left,swing,left,roll,5,79.99801635742188,0.5219249,0.13711785999999998,0.26271568955610275,0.0699164867401123,7.15138908307218,0.19625386648743542,0.5219249,0.13711785999999998
sim,4005,t27_tracking_lag_b1_diag_20260506_134153_4005.csv,1,left,swing,left,pitch,1,99.99752044677734,0.090165,0.154454,1.7130150280042147,0.13999438285827637,3.5715718716098497,0.06442886038311299,0.09469699999999998,0.254538
sim,4005,t27_tracking_lag_b1_diag_20260506_134153_4005.csv,1,left,swing,left,pitch,2,99.99752044677734,0.17224699999999998,0.07357999999999998,0.4271772512728813,0.08001065254211426,6.249167880949614,0.1718559936587736,0.17224699999999998,0.07357999999999998
sim,4005,t27_tracking_lag_b1_diag_20260506_134153_4005.csv,1,left,swing,right,roll,1,99.99752044677734,0.07372399999999998,0.0055177,0.07484265639411862,0.09996342658996582,5.001829339553565,0.22157590372218236,0.07803199999999996,0.0075099
sim,4005,t27_tracking_lag_b1_diag_20260506_134153_4005.csv,1,left,swing,right,roll,2,99.99752044677734,0.23054819999999998,0.02200221,0.0954343169888119,0.11002302169799805,4.544503434676144,0.1658299515119293,0.37244679999999997,0.04083138999999999
sim,4005,t27_tracking_lag_b1_diag_20260506_134153_4005.csv,1,left,swing,right,pitch,1,49.99876022338867,0.548845,0.07356100000000002,0.13402873306671284,0.19997739791870117,2.500282557948224,0.3068077377576736,0.9711549999999999,0.15667100000000003
sim,4005,t27_tracking_lag_b1_diag_20260506_134153_4005.csv,1,left,swing,right,pitch,2,49.99876022338867,0.525955,0.063282,0.1203182781796922,0.03000164031982422,16.665755427699544,0.23389530451785476,0.542687,0.06527599999999995
sim,4005,t27_tracking_lag_b1_diag_20260506_134153_4005.csv,1,left,swing,right,pitch,3,49.99876022338867,0.02770800000000001,0.009577000000000002,0.34564024830373896,0.019927024841308594,25.091553003110793,0.020825934808950754,0.02770800000000001,0.009577000000000002
sim,4005,t27_tracking_lag_b1_diag_20260506_134153_4005.csv,1,left,touchdown,left,roll,1,49.99876022338867,0.010609000000000035,0.02767699999999998,2.6088226977094813,0.03005218505859375,16.63772531099264,0.19553238155737784,0.018373000000000028,0.02767699999999998
sim,4005,t27_tracking_lag_b1_diag_20260506_134153_4005.csv,1,left,touchdown,left,roll,2,49.99876022338867,0.013642000000000043,0.02132600000000001,1.563260518985482,0.03992438316345215,12.523675017168792,0.17759969782068888,0.017074000000000034,0.02132600000000001
sim,4005,t27_tracking_lag_b1_diag_20260506_134153_4005.csv,1,left,touchdown,left,roll,3,49.99876022338867,0.0006719999999999504,0.009649999999999992,nan,0.03001260757446289,16.65966540093103,0.1625038383846671,0.018018000000000034,0.009649999999999992
sim,4005,t27_tracking_lag_b1_diag_20260506_134153_4005.csv,1,left,touchdown,left,pitch,1,49.99876022338867,0.20315399999999997,0.08628199999999997,0.42471228723037685,0.09998917579650879,5.000541268762593,0.11146939373168353,0.20315399999999997,0.08628199999999997
sim,4005,t27_tracking_lag_b1_diag_20260506_134153_4005.csv,1,left,touchdown,right,roll,1,29.999256134033203,0.00216709,0.0007219400000000001,nan,0.0199735164642334,25.033148313936138,0.002172065919694888,0.00375935,0.0014189600000000001
sim,4005,t27_tracking_lag_b1_diag_20260506_134153_4005.csv,1,left,touchdown,right,roll,2,29.999256134033203,0.00242824,0.00098617,nan,0.02004408836364746,24.94501076471078,0.001503636648586353,0.006590168,0.00098617
sim,4005,t27_tracking_lag_b1_diag_20260506_134153_4005.csv,1,left,touchdown,right,roll,3,29.999256134033203,0.0023466,0.00014541999999999984,nan,0.019970417022705078,25.03703349967766,0.0014962382431506912,0.004758860000000001,0.0011688400000000004
sim,4005,t27_tracking_lag_b1_diag_20260506_134153_4005.csv,1,left,touchdown,right,roll,4,29.999256134033203,0.0171579,0.0132335,0.7712773707738126,0.06000471115112305,8.332679058161618,0.003977807179643327,0.017157899999999997,0.0132335
sim,4005,t27_tracking_lag_b1_diag_20260506_134153_4005.csv,1,left,touchdown,right,pitch,1,29.999256134033203,0.125946,0.10407899999999998,0.8263779715116,0.11999273300170898,4.1669190082776,0.01042961319070331,0.125946,0.10407899999999998
sim,4005,t27_tracking_lag_b1_diag_20260506_134153_4005.csv,2,right,swing,left,roll,1,29.999256134033203,0.0012530000000000041,0.022527999999999992,nan,0.02995896339416504,16.689496008976818,0.18942164139757106,0.004684999999999995,0.022527999999999992
sim,4005,t27_tracking_lag_b1_diag_20260506_134153_4005.csv,2,right,swing,left,roll,2,29.999256134033203,0.0006719999999999504,0.01033500000000001,nan,0.03001260757446289,16.65966540093103,0.16906181413982874,0.018018000000000034,0.01033500000000001
sim,4005,t27_tracking_lag_b1_diag_20260506_134153_4005.csv,2,right,swing,left,roll,3,29.999256134033203,0.02174200000000004,0.015925999999999996,0.7324993100910665,0.049983978271484375,10.003205372815385,0.1790021210623867,0.04019400000000006,0.015925999999999996
sim,4005,t27_tracking_lag_b1_diag_20260506_134153_4005.csv,2,right,swing,left,roll,4,29.999256134033203,0.3958541,0.223684,0.5650667758651483,0.10999917984008789,4.545488436612697,0.09786610256015295,0.3990317,0.319496
sim,4005,t27_tracking_lag_b1_diag_20260506_134153_4005.csv,2,right,swing,left,roll,5,29.999256134033203,0.020446656,0.01670671,0.8170876450408321,0.020003557205200195,24.99555428421592,0.005346573634335546,0.024566456,0.01670671
sim,4005,t27_tracking_lag_b1_diag_20260506_134153_4005.csv,2,right,swing,left,roll,6,29.999256134033203,0.010900894,0.01494229,1.3707398677576355,0.029999494552612305,16.666947475502077,0.003282728038717036,0.021368194,0.015426490000000001
sim,4005,t27_tracking_lag_b1_diag_20260506_134153_4005.csv,2,right,swing,left,pitch,1,99.99752044677734,0.634379,0.015581000000000012,0.024561027398447947,0.18997979164123535,2.6318588713067856,0.42506840685465497,0.7961849999999999,0.31094700000000003
sim,4005,t27_tracking_lag_b1_diag_20260506_134153_4005.csv,2,right,swing,left,pitch,2,99.99752044677734,0.625949,0.026660000000000017,0.04259132932555211,0.039978981018066406,12.506571885212661,0.30359315663843284,0.706155,0.031225999999999976
sim,4005,t27_tracking_lag_b1_diag_20260506_134153_4005.csv,2,right,swing,right,roll,1,19.99950408935547,0.0023466,0.00159281,nan,0.019970417022705078,25.03703349967766,0.00219602876093795,0.004758860000000001,0.00159281
sim,4005,t27_tracking_lag_b1_diag_20260506_134153_4005.csv,2,right,swing,right,roll,2,19.99950408935547,0.014300899999999998,0.01374521,0.9611430049857004,0.06998467445373535,7.144421316563159,0.005622843950453231,0.020014899999999995,0.013745209999999999
sim,4005,t27_tracking_lag_b1_diag_20260506_134153_4005.csv,2,right,swing,right,roll,3,19.99950408935547,0.00261867,0.0006231599999999993,nan,0.040010929107666016,12.496585586766615,0.0024276871558460743,0.011503149999999998,0.001579559999999999
sim,4005,t27_tracking_lag_b1_diag_20260506_134153_4005.csv,2,right,swing,right,roll,4,19.99950408935547,0.07002057,0.02178114,0.31106773338177623,0.060013771057128906,8.331421125395286,0.06478105669479764,0.13210177,0.041762259999999995
sim,4005,t27_tracking_lag_b1_diag_20260506_134153_4005.csv,2,right,swing,right,roll,5,19.99950408935547,0.3052194,0.020817000000000002,0.06820339729388107,0.029974937438964844,16.68060195348541,0.17016724685092896,0.4449594,0.020817
sim,4005,t27_tracking_lag_b1_diag_20260506_134153_4005.csv,2,right,swing,right,roll,6,19.99950408935547,0.08109599999999997,0.0007641000000000037,0.009422166321396912,0.020003557205200195,24.99555428421592,0.13309649786659802,0.18429399999999999,0.0007641000000000037
sim,4005,t27_tracking_lag_b1_diag_20260506_134153_4005.csv,2,right,swing,right,roll,7,19.99950408935547,0.05282650000000001,0.0008491999999999944,0.016075265255127525,0.029999494552612305,16.666947475502077,0.11634428743598672,0.11652449999999999,0.0009971999999999898
sim,4005,t27_tracking_lag_b1_diag_20260506_134153_4005.csv,2,right,swing,right,roll,8,19.99950408935547,0.0329035,0.001796900000000004,0.054611211573237006,0.020017623901367188,24.977989518818486,0.06908553023115623,0.0718281,0.001796900000000004
sim,4005,t27_tracking_lag_b1_diag_20260506_134153_4005.csv,2,right,swing,right,roll,9,19.99950408935547,0.021906999999999996,0.001939699999999999,0.08854247500798829,0.019997835159301758,25.002706343812964,0.10653546994264398,0.021906999999999996,0.001939699999999999
sim,4005,t27_tracking_lag_b1_diag_20260506_134153_4005.csv,2,right,swing,right,pitch,1,189.99528884887695,0.23689290000000002,0.13846199999999997,0.5844919792868422,0.13996672630310059,3.572277592013123,0.1044841452780341,0.23689290000000002,0.138462
sim,4005,t27_tracking_lag_b1_diag_20260506_134153_4005.csv,2,right,touchdown,left,roll,1,19.99950408935547,0.0012337910000000001,0.00270366,nan,0.019994735717773438,25.006582085280932,0.004248908980569835,0.004247969000000001,0.00270366
sim,4005,t27_tracking_lag_b1_diag_20260506_134153_4005.csv,2,right,touchdown,left,roll,2,19.99950408935547,0.00062023,0.00167967,nan,0.03998517990112305,12.504632997436051,0.000699539038967805,0.00240883,0.00167967
sim,4005,t27_tracking_lag_b1_diag_20260506_134153_4005.csv,2,right,touchdown,left,roll,3,19.99950408935547,0.023080419999999997,0.01319253,0.5715896851097164,0.06012296676635742,8.316289546107052,0.004589688667970846,0.023921039999999998,0.013192530000000001
sim,4005,t27_tracking_lag_b1_diag_20260506_134153_4005.csv,2,right,touchdown,left,pitch,1,0.0,0.0018920000000000048,0.01993499999999998,nan,0.019994735717773438,25.006582085280932,0.022112175967100106,0.010139999999999927,0.01993499999999998
sim,4005,t27_tracking_lag_b1_diag_20260506_134153_4005.csv,2,right,touchdown,left,pitch,2,0.0,0.0008909999999999751,0.005427999999999988,nan,0.020026206970214844,24.9672841563884,0.007571200917511927,0.004889000000000032,0.005427999999999988
sim,4005,t27_tracking_lag_b1_diag_20260506_134153_4005.csv,2,right,touchdown,left,pitch,3,0.0,0.001817000000000013,7.499999999999174e-05,nan,0.019958972930908203,25.05138925388824,0.0064205601520947175,0.005783000000000038,0.0003349999999999187
sim,4005,t27_tracking_lag_b1_diag_20260506_134153_4005.csv,2,right,touchdown,left,pitch,4,0.0,0.064525,0.022258,0.34495156915924063,0.0800015926361084,6.249875577781022,0.022767775966142243,0.064525,0.02599000000000007
sim,4005,t27_tracking_lag_b1_diag_20260506_134153_4005.csv,2,right,touchdown,right,roll,1,19.99950408935547,0.0027860000000000107,0.002220299999999998,nan,0.019994735717773438,25.006582085280932,0.11152215751011098,0.04388399999999998,0.002220299999999998
sim,4005,t27_tracking_lag_b1_diag_20260506_134153_4005.csv,2,right,touchdown,right,roll,2,19.99950408935547,0.03458700000000001,0.001568400000000001,0.04534651747766504,0.020026206970214844,24.9672841563884,0.1442355234289274,0.04206699999999999,0.001568400000000001
sim,4005,t27_tracking_lag_b1_diag_20260506_134153_4005.csv,2,right,touchdown,right,roll,3,19.99950408935547,0.025604000000000016,0.0021841000000000013,0.08530307764411811,0.019958972930908203,25.05138925388824,0.16409986280149658,0.027135999999999993,0.0021841000000000013
sim,4005,t27_tracking_lag_b1_diag_20260506_134153_4005.csv,2,right,touchdown,right,roll,4,19.99950408935547,0.12484700000000001,0.024705300000000003,0.1978846107635746,0.06012296676635742,8.316289546107052,0.24532073462863146,0.1253090000000001,0.0268465
sim,4005,t27_tracking_lag_b1_diag_20260506_134153_4005.csv,2,right,touchdown,right,pitch,1,29.999256134033203,0.111039,0.03402100000000002,0.3063878457118672,0.07999920845031738,6.250061840430827,0.5226893074100308,0.12229499999999993,0.03402100000000002
sim,4005,t27_tracking_lag_b1_diag_20260506_134153_4005.csv,2,right,touchdown,right,pitch,2,29.999256134033203,0.036743000000000026,0.02101299999999995,0.5718912445908046,0.030014514923095703,16.658606720152513,0.5678649058169557,0.036743000000000026,0.02101299999999995
sim,4005,t27_tracking_lag_b1_diag_20260506_134153_4005.csv,3,left,swing,left,roll,1,79.99801635742188,0.00062023,0.009334499999999999,nan,0.03998517990112305,12.504632997436051,0.009087370176871855,0.00240883,0.009334499999999999
sim,4005,t27_tracking_lag_b1_diag_20260506_134153_4005.csv,3,left,swing,left,roll,2,79.99801635742188,0.02233742,0.005675759999999999,0.2540920124168323,0.0800015926361084,6.249875577781022,0.011946474796587486,0.030495439999999995,0.02106596
sim,4005,t27_tracking_lag_b1_diag_20260506_134153_4005.csv,3,left,swing,left,roll,3,79.99801635742188,0.005924500000000001,0.00479117,nan,0.0300142765045166,16.658739047891398,0.02093708410127232,0.007071900000000001,0.037384310000000004
sim,4005,t27_tracking_lag_b1_diag_20260506_134153_4005.csv,3,left,swing,left,roll,4,79.99801635742188,0.00963805,0.00234819,nan,0.01998758316040039,25.015530691604837,0.010356215846710934,0.00996305,0.0037760699999999994
sim,4005,t27_tracking_lag_b1_diag_20260506_134153_4005.csv,3,left,swing,left,roll,5,79.99801635742188,0.05339995,0.01275814,0.23891670310552723,0.05999922752380371,8.333440623075242,0.05614706462149765,0.24938205,0.021197542
sim,4005,t27_tracking_lag_b1_diag_20260506_134153_4005.csv,3,left,swing,left,pitch,1,59.998512268066406,0.0008909999999999751,0.003086000000000033,nan,0.020026206970214844,24.9672841563884,0.0047595650361491396,0.004889000000000032,0.003086000000000033
sim,4005,t27_tracking_lag_b1_diag_20260506_134153_4005.csv,3,left,swing,left,pitch,2,59.998512268066406,0.001817000000000013,0.007981999999999989,nan,0.019958972930908203,25.05138925388824,0.011546201482161416,0.005783000000000038,0.007981999999999989
sim,4005,t27_tracking_lag_b1_diag_20260506_134153_4005.csv,3,left,swing,left,pitch,3,59.998512268066406,0.15226199999999998,0.138954,0.9125980218307918,0.15000271797180176,3.3332729350543664,0.02585548295453984,0.20304599999999998,0.24316800000000002
sim,4005,t27_tracking_lag_b1_diag_20260506_134153_4005.csv,3,left,swing,left,pitch,4,59.998512268066406,0.152689,0.05315800000000001,0.3481455769570828,0.049997806549072266,10.000438709431299,0.14839975680685372,0.30169499999999994,0.05315800000000001
sim,4005,t27_tracking_lag_b1_diag_20260506_134153_4005.csv,3,left,swing,left,pitch,5,59.998512268066406,0.007294000000000023,0.012271999999999977,nan,0.020040273666381836,24.949759086312532,0.08421301151247354,0.09588799999999997,0.012271999999999977
sim,4005,t27_tracking_lag_b1_diag_20260506_134153_4005.csv,3,left,swing,right,roll,1,19.99950408935547,0.03458700000000001,0.001568400000000001,0.04534651747766504,0.020026206970214844,24.9672841563884,0.1442355234289274,0.04206699999999999,0.001568400000000001
sim,4005,t27_tracking_lag_b1_diag_20260506_134153_4005.csv,3,left,swing,right,roll,2,19.99950408935547,0.025604000000000016,0.0021841000000000013,0.08530307764411811,0.019958972930908203,25.05138925388824,0.16409986280149658,0.027135999999999993,0.0021841000000000013
sim,4005,t27_tracking_lag_b1_diag_20260506_134153_4005.csv,3,left,swing,right,roll,3,19.99950408935547,0.11054499999999998,0.0436324,0.3947026097969154,0.0800015926361084,6.249875577781022,0.24945379298342116,0.14971700000000007,0.0457736
sim,4005,t27_tracking_lag_b1_diag_20260506_134153_4005.csv,3,left,swing,right,roll,4,19.99950408935547,0.2985197,0.065578093,0.21967760586654753,0.09001708030700684,5.5545014156727825,0.16522430333214477,0.30125149999999995,0.096590167
sim,4005,t27_tracking_lag_b1_diag_20260506_134153_4005.csv,3,left,swing,right,roll,5,19.99950408935547,0.0123377,0.011754893,0.9527621031472642,0.019984006881713867,25.020007396890918,0.03314309960467915,0.07701910000000001,0.011754893000000002
sim,4005,t27_tracking_lag_b1_diag_20260506_134153_4005.csv,3,left,swing,right,roll,6,19.99950408935547,0.0437608,0.01694345,0.3871832781850423,0.030038118362426758,16.64551667209042,0.01816125395605298,0.0498338,0.017859649999999998
sim,4005,t27_tracking_lag_b1_diag_20260506_134153_4005.csv,3,left,swing,right,roll,7,19.99950408935547,0.011021910000000001,0.00537635,0.48778750688401556,0.03997921943664551,12.50649730148791,0.00593524373080331,0.011021910000000001,0.01350155
sim,4005,t27_tracking_lag_b1_diag_20260506_134153_4005.csv,3,left,swing,right,pitch,1,59.998512268066406,0.06659000000000001,0.03783299999999995,0.5681483706262194,0.060004472732543945,8.332712166785205,0.5612026174676767,0.07784599999999994,0.03783299999999995
sim,4005,t27_tracking_lag_b1_diag_20260506_134153_4005.csv,3,left,swing,right,pitch,2,59.998512268066406,0.03242400000000001,0.03378500000000001,1.0419750801875154,0.04010367393493652,12.467685649229818,0.5925274970762117,0.04106200000000004,0.03378500000000001
sim,4005,t27_tracking_lag_b1_diag_20260506_134153_4005.csv,3,left,swing,right,pitch,3,59.998512268066406,0.0041340000000000265,0.018716999999999984,nan,0.029873132705688477,16.737447823970246,0.6150638848585162,0.028270000000000073,0.018716999999999984
sim,4005,t27_tracking_lag_b1_diag_20260506_134153_4005.csv,3,left,swing,right,pitch,4,59.998512268066406,0.04012300000000002,0.03908499999999998,0.9741295516287407,0.07001209259033203,7.141623418195687,0.6577904868022189,0.19867099999999993,0.07244099999999992
sim,4005,t27_tracking_lag_b1_diag_20260506_134153_4005.csv,3,left,swing,right,pitch,5,59.998512268066406,0.636061,0.04314499999999999,0.06783154445878617,0.050022125244140625,9.9955769084115,0.2550978413785581,0.6451449999999999,0.07107300000000005
sim,4005,t27_tracking_lag_b1_diag_20260506_134153_4005.csv,3,left,touchdown,left,roll,1,39.99900817871094,0.03550700000000001,0.0626699,1.7650012673557323,0.030066967010498047,16.629545634763303,0.2839584363575988,0.03703699999999993,0.0626699
sim,4005,t27_tracking_lag_b1_diag_20260506_134153_4005.csv,3,left,touchdown,left,roll,2,39.99900817871094,0.007821999999999996,0.020601000000000008,nan,0.020067691802978516,24.91567066650826,0.21365874339391466,0.017278000000000016,0.020601000000000008
sim,4005,t27_tracking_lag_b1_diag_20260506_134153_4005.csv,3,left,touchdown,left,roll,3,39.99900817871094,0.008163000000000031,0.011147999999999991,nan,0.01992511749267578,25.093954913128798,0.186091396975608,0.008163000000000031,0.011147999999999991
sim,4005,t27_tracking_lag_b1_diag_20260506_134153_4005.csv,3,left,touchdown,left,pitch,1,0.0,0.0027920000000000167,0.012271999999999977,nan,0.01999664306640625,25.004196871423122,0.01886146068928206,0.07105599999999995,0.012271999999999977
sim,4005,t27_tracking_lag_b1_diag_20260506_134153_4005.csv,3,left,touchdown,left,pitch,2,0.0,0.03256200000000001,0.017702000000000023,0.543639825563541,0.03000617027282715,16.663239442215247,0.04652472282023827,0.043595999999999996,0.017702000000000023
sim,4005,t27_tracking_lag_b1_diag_20260506_134153_4005.csv,3,left,touchdown,left,pitch,3,0.0,0.281252,0.04866599999999999,0.17303343620667583,0.07999968528747559,6.2500245870126925,0.2790891893443086,0.28125199999999995,0.04866599999999999
sim,4005,t27_tracking_lag_b1_diag_20260506_134153_4005.csv,3,left,touchdown,right,roll,1,29.999256134033203,0.0064137,0.0074985469999999995,nan,0.030066967010498047,16.629545634763303,0.0022100318162571212,0.01098366,0.0074985469999999995
sim,4005,t27_tracking_lag_b1_diag_20260506_134153_4005.csv,3,left,touchdown,right,roll,2,29.999256134033203,0.00223513,0.0012534430000000001,nan,0.01993584632873535,25.08045014769724,0.0011562568553473169,0.004681246,0.0012534430000000001
sim,4005,t27_tracking_lag_b1_diag_20260506_134153_4005.csv,3,left,touchdown,right,roll,3,29.999256134033203,0.0044608600000000005,0.00394153,nan,0.030060529708862305,16.633106763005323,0.0029745367949901044,0.007451360000000001,0.00394153
sim,4005,t27_tracking_lag_b1_diag_20260506_134153_4005.csv,3,left,touchdown,right,roll,4,29.999256134033203,0.007811579000000001,0.0047662699999999995,nan,0.029931068420410156,16.705050183208538,0.001763309623883523,0.007811579000000001,0.0047662699999999995
sim,4005,t27_tracking_lag_b1_diag_20260506_134153_4005.csv,3,left,touchdown,right,pitch,1,19.99950408935547,0.09783999999999998,0.06751799999999997,0.6900858544562549,0.12000107765197754,4.1666292485312555,0.013423887113305498,0.09783999999999998,0.06751799999999997
sim,4005,t27_tracking_lag_b1_diag_20260506_134153_4005.csv,4,right,swing,left,roll,1,19.99950408935547,0.018220999999999987,0.04281099999999999,2.349541737555569,0.0399935245513916,12.502023905332498,0.20817407307827746,0.023205000000000087,0.04281099999999999
sim,4005,t27_tracking_lag_b1_diag_20260506_134153_4005.csv,4,right,swing,left,roll,2,19.99950408935547,7.199999999996098e-05,0.012162000000000006,nan,0.030000925064086914,16.66615275802055,0.18070442655203553,0.010866000000000042,0.012162000000000006
sim,4005,t27_tracking_lag_b1_diag_20260506_134153_4005.csv,4,right,swing,left,roll,3,19.99950408935547,0.41869931,0.240974306,0.5755306976741853,0.17999696731567383,2.777824579250346,0.0912253262796571,0.42479581000000005,0.25657510600000005
sim,4005,t27_tracking_lag_b1_diag_20260506_134153_4005.csv,4,right,swing,left,roll,4,19.99950408935547,0.0034592499999999997,0.005939074,nan,0.019995450973510742,25.00568757675844,0.003625225542041764,0.0034592499999999997,0.005939074
sim,4005,t27_tracking_lag_b1_diag_20260506_134153_4005.csv,4,right,swing,left,roll,5,19.99950408935547,0.00389517,0.0008653599999999999,nan,0.020034074783325195,24.95747896559521,0.0020566812168312976,0.00389517,0.0008653599999999999
sim,4005,t27_tracking_lag_b1_diag_20260506_134153_4005.csv,4,right,swing,left,pitch,1,119.99702453613281,0.15589150000000002,0.06077199999999999,0.38983523796999825,0.18999600410461426,2.631634293343841,0.527613320488453,0.8131525,0.2886219999999999
sim,4005,t27_tracking_lag_b1_diag_20260506_134153_4005.csv,4,right,swing,right,roll,1,0.0,0.015274590000000001,0.002181229,0.14280114883607348,0.08002328872680664,6.248181097717211,0.007521665302624162,0.02404999,0.012153789000000002
sim,4005,t27_tracking_lag_b1_diag_20260506_134153_4005.csv,4,right,swing,right,roll,2,0.0,0.01842504,0.004843919,0.2628986965564254,0.049979448318481445,10.004112026484885,0.016657551041563808,0.049182840000000005,0.011840961
sim,4005,t27_tracking_lag_b1_diag_20260506_134153_4005.csv,4,right,swing,right,roll,3,0.0,0.0782461,0.00997426,0.12747293475329763,0.04999876022338867,10.000247961470603,0.049389513689741135,0.2201357,0.035078522
sim,4005,t27_tracking_lag_b1_diag_20260506_134153_4005.csv,4,right,swing,right,roll,4,0.0,0.0888754,0.014364299999999998,0.16162290127526852,0.03999066352844238,12.502918328534038,0.15452562515533144,0.20853740000000004,0.014364299999999998
sim,4005,t27_tracking_lag_b1_diag_20260506_134153_4005.csv,4,right,swing,right,roll,5,0.0,0.0041240000000000165,0.0017245000000000003,nan,0.01999688148498535,25.003898751684094,0.15240166173562544,0.004249999999999976,0.0017245000000000003
sim,4005,t27_tracking_lag_b1_diag_20260506_134153_4005.csv,4,right,swing,right,roll,6,0.0,0.02424800000000002,0.0014178999999999997,0.05847492576707351,0.030004024505615234,16.664431130111407,0.12842841172584243,0.07215800000000003,0.0014178999999999997
sim,4005,t27_tracking_lag_b1_diag_20260506_134153_4005.csv,4,right,swing,right,roll,7,0.0,0.008080000000000004,0.0025283000000000007,nan,0.020034074783325195,24.95747896559521,0.13563654337841013,0.01548800000000003,0.0025283000000000007
sim,4005,t27_tracking_lag_b1_diag_20260506_134153_4005.csv,4,right,swing,right,pitch,1,29.999256134033203,0.39804829999999997,0.187683,0.47150810592583864,0.15999603271484375,3.125077487959563,0.06978861773660217,0.3992918999999999,0.42934819999999996
sim,4005,t27_tracking_lag_b1_diag_20260506_134153_4005.csv,4,right,swing,right,pitch,2,29.999256134033203,0.19688070000000002,0.04688400000000001,0.2381340578329923,0.020005464553833008,24.99317117353323,0.33038357441451294,0.19813570000000003,0.04688400000000001
sim,4005,t27_tracking_lag_b1_diag_20260506_134153_4005.csv,4,right,swing,right,pitch,3,29.999256134033203,0.057091999999999976,0.013558999999999988,0.23749386954389395,0.019985437393188477,25.01821652251715,0.5136711791477112,0.09993199999999997,0.013558999999999988
sim,4005,t27_tracking_lag_b1_diag_20260506_134153_4005.csv,4,right,swing,right,pitch,4,29.999256134033203,0.13538999999999998,0.011914000000000008,0.08799763645764096,0.020005226135253906,24.99346903751728,0.4413058444363349,0.20531999999999997,0.011914000000000008
sim,4005,t27_tracking_lag_b1_diag_20260506_134153_4005.csv,4,right,swing,right,pitch,5,29.999256134033203,0.043384000000000006,0.006781000000000009,0.15630186243776525,0.01999688148498535,25.003898751684094,0.46053354540757035,0.15318400000000001,0.006781000000000009
sim,4005,t27_tracking_lag_b1_diag_20260506_134153_4005.csv,4,right,swing,right,pitch,6,29.999256134033203,0.07783500000000002,0.007157999999999998,0.0919637695124301,0.029997825622558594,16.667874741694483,0.4057965655094311,0.11263300000000001,0.007157999999999998
sim,4005,t27_tracking_lag_b1_diag_20260506_134153_4005.csv,4,right,swing,right,pitch,7,29.999256134033203,0.042379,0.0023249999999999937,0.05486207791594879,0.020065784454345703,24.918039019985265,0.41681849108414887,0.042379,0.0023249999999999937
sim,4005,t27_tracking_lag_b1_diag_20260506_134153_4005.csv,4,right,touchdown,left,roll,1,29.999256134033203,4.5120000000000056e-05,0.00184569,nan,0.03000807762145996,16.66218030715937,0.001104822619959874,0.004845100000000001,0.002381850000000001
sim,4005,t27_tracking_lag_b1_diag_20260506_134153_4005.csv,4,right,touchdown,left,roll,2,29.999256134033203,0.0045442239999999995,0.006525319999999999,nan,0.0400545597076416,12.482973315635025,0.001403379393906865,0.008559856000000001,0.00652532
sim,4005,t27_tracking_lag_b1_diag_20260506_134153_4005.csv,4,right,touchdown,left,pitch,1,0.0,0.004838999999999982,0.038827999999999974,nan,0.10000467300415039,4.9997663607104545,0.01691572556152195,0.014738999999999891,0.038827999999999974
sim,4005,t27_tracking_lag_b1_diag_20260506_134153_4005.csv,4,right,touchdown,left,pitch,2,0.0,0.04353000000000001,0.012037999999999993,0.276544911555249,0.04993391036987305,10.013235420506307,0.019538048576218305,0.04353000000000001,0.014349999999999974
sim,4005,t27_tracking_lag_b1_diag_20260506_134153_4005.csv,4,right,touchdown,right,roll,1,29.999256134033203,0.004018999999999995,0.002094800000000001,nan,0.019930601119995117,25.087050660924696,0.14475888237062806,0.01142700000000002,0.002094800000000001
sim,4005,t27_tracking_lag_b1_diag_20260506_134153_4005.csv,4,right,touchdown,right,roll,2,29.999256134033203,0.16784599999999997,0.030567000000000004,0.18211336582343343,0.09998703002929688,5.000648582656137,0.22295944785028632,0.16784599999999997,0.040043800000000004
sim,4005,t27_tracking_lag_b1_diag_20260506_134153_4005.csv,4,right,touchdown,right,pitch,1,0.0,0.016628000000000004,0.003974000000000005,0.23899446716382033,0.029942035675048828,16.69893140955202,0.4106898936658291,0.06271999999999997,0.003974000000000005
sim,4005,t27_tracking_lag_b1_diag_20260506_134153_4005.csv,4,right,touchdown,right,pitch,2,0.0,0.041903000000000024,0.0045550000000000035,0.10870343412166196,0.03000807762145996,16.66218030715937,0.4537861889232637,0.077515,0.0045550000000000035
sim,4005,t27_tracking_lag_b1_diag_20260506_134153_4005.csv,4,right,touchdown,right,pitch,3,0.0,0.014638000000000012,0.005237999999999993,0.35783576991392185,0.020035982131958008,24.955103109344694,0.48351784532975967,0.020171999999999995,0.005237999999999993
sim,4005,t27_tracking_lag_b1_diag_20260506_134153_4005.csv,4,right,touchdown,right,pitch,4,0.0,0.08730900000000003,0.026886999999999994,0.30795221569368547,0.059953927993774414,8.339737140357505,0.4551547570032794,0.08772900000000006,0.026886999999999994
sim,4005,t27_tracking_lag_b1_diag_20260506_134153_4005.csv,5,left,swing,left,roll,1,89.99776840209961,0.0045442239999999995,0.0044480000000000006,nan,0.0400545597076416,12.482973315635025,0.014850034034224515,0.008559856000000001,0.006809200000000001
sim,4005,t27_tracking_lag_b1_diag_20260506_134153_4005.csv,5,left,swing,left,roll,2,89.99776840209961,0.015468180000000002,0.00731684,0.47302526864828304,0.02987980842590332,16.7337083582685,0.009355768705964251,0.019365379999999998,0.00731684
sim,4005,t27_tracking_lag_b1_diag_20260506_134153_4005.csv,5,left,swing,left,roll,3,89.99776840209961,0.004807500000000001,0.03055736,nan,0.030003786087036133,16.6645635503993,0.026176677471967294,0.006072100000000002,0.03055736
sim,4005,t27_tracking_lag_b1_diag_20260506_134153_4005.csv,5,left,swing,left,roll,4,89.99776840209961,0.0037435999999999997,0.042202671399999996,nan,0.09001374244689941,5.554707385874532,0.05603489988107609,0.2085572,0.049651311399999995
sim,4005,t27_tracking_lag_b1_diag_20260506_134153_4005.csv,5,left,swing,left,roll,5,89.99776840209961,0.36427550000000003,0.0506906,0.13915456845162522,0.019994020462036133,25.007476657802794,0.17801021637282505,0.36427550000000003,0.0506906
sim,4005,t27_tracking_lag_b1_diag_20260506_134153_4005.csv,5,left,swing,left,pitch,1,59.998512268066406,0.0014219999999999788,0.018718999999999986,nan,0.0400545597076416,12.482973315635025,0.012327774381452633,0.007519999999999916,0.018718999999999986
sim,4005,t27_tracking_lag_b1_diag_20260506_134153_4005.csv,5,left,swing,left,pitch,2,59.998512268066406,0.157787,0.18496,1.1722131734553545,0.11994123458862305,4.168708132069096,0.030698652309431845,0.16579300000000002,0.23364400000000002
sim,4005,t27_tracking_lag_b1_diag_20260506_134153_4005.csv,5,left,swing,left,pitch,3,59.998512268066406,0.23621199999999998,0.09405000000000002,0.3981592806461993,0.10011458396911621,4.994277358773645,0.19336678938248653,0.23621199999999998,0.09405000000000002
sim,4005,t27_tracking_lag_b1_diag_20260506_134153_4005.csv,5,left,swing,right,roll,1,29.999256134033203,0.11108900000000002,0.05874290000000001,0.5287913294745654,0.07998323440551758,6.251310086623703,0.2534531882248497,0.14581899999999995,0.06023830000000001
sim,4005,t27_tracking_lag_b1_diag_20260506_134153_4005.csv,5,left,swing,right,roll,2,29.999256134033203,0.012197000000000013,0.016079499999999997,1.31831597933918,0.030003786087036133,16.6645635503993,0.23613118778284034,0.024341000000000057,0.016079499999999997
sim,4005,t27_tracking_lag_b1_diag_20260506_134153_4005.csv,5,left,swing,right,roll,3,29.999256134033203,0.26232160000000004,0.09372457,0.35728880122719586,0.08003377914428711,6.247362118169956,0.14284715575132625,0.3340138,0.13248243
sim,4005,t27_tracking_lag_b1_diag_20260506_134153_4005.csv,5,left,swing,right,roll,4,29.999256134033203,0.053364400000000006,0.031828999999999996,0.596446320018589,0.04003024101257324,12.490556822851833,0.01396374723991021,0.0644178,0.031829
sim,4005,t27_tracking_lag_b1_diag_20260506_134153_4005.csv,5,left,swing,right,roll,5,29.999256134033203,0.015939270000000002,0.014577719999999999,0.9145788985317393,0.0399479866027832,12.516275350036405,0.003954104904197661,0.015939270000000002,0.014577719999999999
sim,4005,t27_tracking_lag_b1_diag_20260506_134153_4005.csv,5,left,swing,right,pitch,1,59.998512268066406,0.021012000000000003,0.015095999999999998,0.7184466019417474,0.030034542083740234,16.647498690205914,0.5011811216962886,0.026545999999999986,0.015095999999999998
sim,4005,t27_tracking_lag_b1_diag_20260506_134153_4005.csv,5,left,swing,right,pitch,2,59.998512268066406,0.08216000000000001,0.044269,0.5388145082765335,0.0999603271484375,5.001984429858037,0.48104014717825033,0.11292800000000003,0.052969000000000044
sim,4005,t27_tracking_lag_b1_diag_20260506_134153_4005.csv,5,left,swing,right,pitch,3,59.998512268066406,0.05274999999999999,0.0044299999999999895,0.08398104265402825,0.0600130558013916,8.33152042206799,0.5699780530719708,0.31675999999999993,0.049451999999999996
sim,4005,t27_tracking_lag_b1_diag_20260506_134153_4005.csv,5,left,swing,right,pitch,4,59.998512268066406,0.600231,0.04148600000000002,0.06911672339482637,0.06002163887023926,8.33032901818875,0.22595926091423774,0.6256649999999999,0.07102999999999993
sim,4005,t27_tracking_lag_b1_diag_20260506_134153_4005.csv,5,left,touchdown,left,roll,1,29.999256134033203,0.0046599999999999975,0.035239999999999994,nan,0.019882917404174805,25.14721506085497,0.2759690143041425,0.005846000000000018,0.035239999999999994
sim,4005,t27_tracking_lag_b1_diag_20260506_134153_4005.csv,5,left,touchdown,left,roll,2,29.999256134033203,0.012926999999999966,0.044407,3.435213119826728,0.030020475387573242,16.655299209784378,0.23205039374347117,0.01641700000000007,0.044407
sim,4005,t27_tracking_lag_b1_diag_20260506_134153_4005.csv,5,left,touchdown,left,roll,3,29.999256134033203,0.0014270000000000116,0.012837000000000015,nan,0.019891023635864258,25.136966762157044,0.18967963110905364,0.0014270000000000116,0.012837000000000015
sim,4005,t27_tracking_lag_b1_diag_20260506_134153_4005.csv,5,left,touchdown,left,pitch,1,39.99900817871094,0.140926,0.056091999999999975,0.39802449512510096,0.09989404678344727,5.005303279823192,0.13711095223941813,0.140926,0.056091999999999975
sim,4005,t27_tracking_lag_b1_diag_20260506_134153_4005.csv,5,left,touchdown,right,roll,1,39.99900817871094,0.003919988,0.0011486399999999998,nan,0.040032386779785156,12.489887319246254,0.0024574740558160123,0.010994288,0.00527208
sim,4005,t27_tracking_lag_b1_diag_20260506_134153_4005.csv,5,left,touchdown,right,roll,2,39.99900817871094,0.0036081973,0.0009490900000000001,nan,0.0198519229888916,25.186476911067075,0.002197503324375892,0.0080488027,0.00131139
sim,4005,t27_tracking_lag_b1_diag_20260506_134153_4005.csv,5,left,touchdown,right,roll,3,39.99900817871094,0.0125132573,0.00985979,0.7879475154722504,0.04000973701477051,12.496957923402835,0.0016825418251282366,0.0125132573,0.00985979
sim,4005,t27_tracking_lag_b1_diag_20260506_134153_4005.csv,5,left,touchdown,right,pitch,1,19.99950408935547,0.09619599999999998,0.07056699999999999,0.733575200632043,0.11994528770446777,4.168567265701559,0.014610035873698909,0.09619599999999998,0.07056699999999999
sim,4005,t27_tracking_lag_b1_diag_20260506_134153_4005.csv,6,right,swing,left,roll,1,29.999256134033203,0.00040200000000001346,0.021794000000000008,nan,0.03002452850341797,16.653050852841215,0.19384288286973553,0.0024520000000000097,0.021794000000000008
sim,4005,t27_tracking_lag_b1_diag_20260506_134153_4005.csv,6,right,swing,left,roll,2,29.999256134033203,0.002933000000000019,0.004077999999999998,nan,0.02992844581604004,16.706514032613978,0.18660927852735515,0.0069610000000000505,0.005597999999999964
sim,4005,t27_tracking_lag_b1_diag_20260506_134153_4005.csv,6,right,swing,left,roll,3,29.999256134033203,0.4028014,0.2793672,0.6935606480017199,0.10999894142150879,4.545498288788367,0.11982377584398683,0.4048151999999999,0.3291164
sim,4005,t27_tracking_lag_b1_diag_20260506_134153_4005.csv,6,right,swing,left,roll,4,29.999256134033203,0.02093259,0.01357418,0.6484711160921797,0.019986867904663086,25.016425904498337,0.012021854572858825,0.02383379,0.013574179999999998
sim,4005,t27_tracking_lag_b1_diag_20260506_134153_4005.csv,6,right,swing,left,roll,5,29.999256134033203,0.02457381,0.01848143,0.7520783305478475,0.030048608779907227,16.63970547396317,0.0030437465467085135,0.02738401,0.01848143
sim,4005,t27_tracking_lag_b1_diag_20260506_134153_4005.csv,6,right,swing,left,roll,6,29.999256134033203,0.012737000000000002,0.010303600000000001,0.8089503022689801,0.029952049255371094,16.693348616550452,0.00092843989170005,0.012737000000000002,0.010303600000000001
sim,4005,t27_tracking_lag_b1_diag_20260506_134153_4005.csv,6,right,swing,left,pitch,1,109.99727249145508,0.631811,0.022845999999999977,0.03615954771284447,0.1800096035003662,2.777629583518208,0.4412429982715544,0.828989,0.255438
sim,4005,t27_tracking_lag_b1_diag_20260506_134153_4005.csv,6,right,swing,left,pitch,2,109.99727249145508,0.6514070000000001,0.03837799999999997,0.058915547422732584,0.030013322830200195,16.659268379870518,0.3276429217673741,0.6514070000000001,0.03837799999999997
sim,4005,t27_tracking_lag_b1_diag_20260506_134153_4005.csv,6,right,swing,right,roll,1,0.0,0.01382443,0.004569800000000001,0.3305597409802791,0.06009268760681152,8.320479910492883,0.00864696270624795,0.017601030000000004,0.010663720000000002
sim,4005,t27_tracking_lag_b1_diag_20260506_134153_4005.csv,6,right,swing,right,roll,2,0.0,0.0030296999999999998,0.002290199999999999,nan,0.020112276077270508,24.860438375001483,0.0035918983476707685,0.0034315000000000005,0.002290199999999999
sim,4005,t27_tracking_lag_b1_diag_20260506_134153_4005.csv,6,right,swing,right,roll,3,0.0,0.0027098,0.0010871000000000006,nan,0.019871234893798828,25.161999376094833,0.003518827159040353,0.0038992799999999998,0.0010871000000000006
sim,4005,t27_tracking_lag_b1_diag_20260506_134153_4005.csv,6,right,swing,right,roll,4,0.0,0.008616384000000001,0.0024672999999999987,nan,0.020072460174560547,24.909751751989546,0.01311538237019183,0.019102836,0.0024672999999999987
sim,4005,t27_tracking_lag_b1_diag_20260506_134153_4005.csv,6,right,swing,right,roll,5,0.0,0.096237254,0.019316899999999998,0.20072164569450412,0.039934635162353516,12.520459945790398,0.06229865578953276,0.10392005400000001,0.03021932
sim,4005,t27_tracking_lag_b1_diag_20260506_134153_4005.csv,6,right,swing,right,roll,6,0.0,0.32162199999999996,0.0504076,0.15672932821759705,0.030013322830200195,16.659268379870518,0.15795785188934106,0.36105200000000004,0.0504076
sim,4005,t27_tracking_lag_b1_diag_20260506_134153_4005.csv,6,right,swing,right,roll,7,0.0,0.09953299999999998,0.0038841000000000014,0.03902323852390666,0.019986867904663086,25.016425904498337,0.14026866813204106,0.1543586,0.0038841000000000014
sim,4005,t27_tracking_lag_b1_diag_20260506_134153_4005.csv,6,right,swing,right,roll,8,0.0,0.0004539999999999822,0.0008179999999999993,nan,0.01999521255493164,25.00598573915532,0.10263509016147125,0.002117999999999981,0.0010375999999999996
sim,4005,t27_tracking_lag_b1_diag_20260506_134153_4005.csv,6,right,swing,right,roll,9,0.0,0.034371,0.0005485000000000004,0.015958220592941736,0.03000020980834961,16.66655010728761,0.06316821778635993,0.1291956,0.0005485000000000004
sim,4005,t27_tracking_lag_b1_diag_20260506_134153_4005.csv,6,right,swing,right,roll,10,0.0,0.000905000000000003,0.0004935000000000009,nan,0.019955873489379883,25.055280104180355,0.09779334508559363,0.015558999999999976,0.0004935000000000009
sim,4005,t27_tracking_lag_b1_diag_20260506_134153_4005.csv,6,right,swing,right,pitch,1,29.999256134033203,0.2624746,0.19255699999999998,0.7336214628005909,0.1600046157836914,3.124909850575466,0.029013149196477427,0.3003646,0.3112374
sim,4005,t27_tracking_lag_b1_diag_20260506_134153_4005.csv,6,right,swing,right,pitch,2,29.999256134033203,0.014106500000000001,0.030789999999999984,2.182681742459149,0.020004987716674805,24.993766908601188,0.10145796391762453,0.024454899999999995,0.03482200000000002
sim,4005,t27_tracking_lag_b1_diag_20260506_134153_4005.csv,6,right,swing,right,pitch,3,29.999256134033203,0.0158649,0.01480300000000001,0.9330660766850096,0.01999354362487793,25.00807307504263,0.17481756627983167,0.2647055,0.01480300000000001
sim,4005,t27_tracking_lag_b1_diag_20260506_134153_4005.csv,6,right,swing,right,pitch,4,29.999256134033203,0.022431999999999994,0.019994999999999985,0.8913605563480738,0.03000664710998535,16.662974645828204,0.10307747704838337,0.12366240000000002,0.019994999999999985
sim,4005,t27_tracking_lag_b1_diag_20260506_134153_4005.csv,6,right,swing,right,pitch,5,29.999256134033203,0.003905800000000001,0.004777999999999977,nan,0.020002126693725586,24.9973419154896,0.1122172200239488,0.041709399999999994,0.004777999999999977
sim,4005,t27_tracking_lag_b1_diag_20260506_134153_4005.csv,6,right,swing,right,pitch,6,29.999256134033203,0.013091100000000008,0.004701000000000011,0.35909892980727426,0.020003318786621094,24.99585220500596,0.09356893553241909,0.049907099999999996,0.004701000000000011
sim,4005,t27_tracking_lag_b1_diag_20260506_134153_4005.csv,6,right,touchdown,left,roll,1,29.999256134033203,0.00280091,0.0001560999999999993,nan,0.019955873489379883,25.055280104180355,0.0036558809433659993,0.006247269999999999,0.0007988999999999982
sim,4005,t27_tracking_lag_b1_diag_20260506_134153_4005.csv,6,right,touchdown,left,roll,2,29.999256134033203,0.0014254000000000003,0.0011727000000000005,nan,0.020017385482788086,24.978287021045986,0.0008670718174791903,0.004067999999999999,0.0011727000000000005
sim,4005,t27_tracking_lag_b1_diag_20260506_134153_4005.csv,6,right,touchdown,left,roll,3,29.999256134033203,0.015602439999999999,0.01577751,1.0112206808678645,0.07010078430175781,7.132587815960602,0.001259946259831903,0.015784420000000004,0.01577751
sim,4005,t27_tracking_lag_b1_diag_20260506_134153_4005.csv,6,right,touchdown,left,pitch,1,0.0,0.004043000000000019,0.029168000000000027,nan,0.05031991004943848,9.936424757293054,0.017514646566041053,0.009708999999999968,0.03212799999999999
sim,4005,t27_tracking_lag_b1_diag_20260506_134153_4005.csv,6,right,touchdown,left,pitch,2,0.0,0.06223699999999999,0.025187999999999988,0.4047110239889454,0.07999753952026367,6.2501922308916535,0.02206410779221916,0.06223699999999999,0.02555800000000008
sim,4005,t27_tracking_lag_b1_diag_20260506_134153_4005.csv,6,right,touchdown,right,roll,1,39.99900817871094,0.000905000000000003,0.0007268999999999991,nan,0.019955873489379883,25.055280104180355,0.0995600688993668,0.015558999999999976,0.0007268999999999991
sim,4005,t27_tracking_lag_b1_diag_20260506_134153_4005.csv,6,right,touchdown,right,roll,2,39.99900817871094,0.15062300000000003,0.0143643,0.09536591357229637,0.06991839408874512,7.151193995751196,0.21082389338445193,0.15062300000000003,0.0162513
sim,4005,t27_tracking_lag_b1_diag_20260506_134153_4005.csv,6,right,touchdown,right,pitch,1,19.99950408935547,0.011464000000000002,0.004493999999999998,0.39200976971388674,0.019955873489379883,25.055280104180355,0.09226563773511061,0.038132,0.004493999999999998
sim,4005,t27_tracking_lag_b1_diag_20260506_134153_4005.csv,6,right,touchdown,right,pitch,2,19.99950408935547,0.011632199999999995,0.004791999999999991,0.41195990440329366,0.020017385482788086,24.978287021045986,0.11846731732497644,0.024371199999999996,0.004791999999999991
sim,4005,t27_tracking_lag_b1_diag_20260506_134153_4005.csv,6,right,touchdown,right,pitch,3,19.99950408935547,0.016627699999999995,0.013603000000000004,0.8180927007343173,0.03962135314941406,12.619457950223849,0.1514369757583068,0.041109099999999996,0.013603000000000004
sim,4005,t27_tracking_lag_b1_diag_20260506_134153_4005.csv,6,right,touchdown,right,pitch,4,19.99950408935547,0.014722299999999994,0.013853000000000004,0.9409535194908412,0.030030012130737305,16.65000992417927,0.1588076826894483,0.014722299999999994,0.013853000000000004
sim,5008,t27_tracking_lag_b1_diag_20260506_134417_5008.csv,1,left,swing,left,roll,1,109.98678207397461,0.0032113999999999997,0.02349646,nan,0.04996228218078613,10.007549258674251,0.010098470961417872,0.005636200000000004,0.02349646
sim,5008,t27_tracking_lag_b1_diag_20260506_134417_5008.csv,1,left,swing,left,roll,2,109.98678207397461,0.0018722999999999969,0.00361454,nan,0.030002832412719727,16.66509325259653,0.0296710383744827,0.0047330999999999936,0.01570618
sim,5008,t27_tracking_lag_b1_diag_20260506_134417_5008.csv,1,left,swing,left,roll,3,109.98678207397461,0.4418179,0.2274216,0.514740575246046,0.13000154495239258,3.8461081380463846,0.08463035268940457,0.44187450000000006,0.25704379999999993
sim,5008,t27_tracking_lag_b1_diag_20260506_134417_5008.csv,1,left,swing,left,pitch,1,129.98437881469727,0.04982700000000001,0.14551,2.9203042527143914,0.09997797012329102,5.001101736546652,0.08998118252218576,0.05854699999999996,0.32035600000000003
sim,5008,t27_tracking_lag_b1_diag_20260506_134417_5008.csv,1,left,swing,left,pitch,2,129.98437881469727,0.142702,0.050093,0.3510322209919973,0.08998918533325195,5.556223207804113,0.2105562211175438,0.142702,0.050093
sim,5008,t27_tracking_lag_b1_diag_20260506_134417_5008.csv,1,left,swing,right,roll,1,89.98918533325195,0.020244999999999985,0.010034753,0.49566574462830365,0.07996511459350586,6.252726611369179,0.1935265259443382,0.02573499999999998,0.010034753
sim,5008,t27_tracking_lag_b1_diag_20260506_134417_5008.csv,1,left,swing,right,roll,2,89.98918533325195,0.20839533,0.015801647000000002,0.07582534119166683,0.11000204086303711,4.545370213835824,0.12466322019953734,0.33602167,0.026019553
sim,5008,t27_tracking_lag_b1_diag_20260506_134417_5008.csv,1,left,swing,right,roll,3,89.98918533325195,0.02379804,0.0065165399999999995,0.2738267521190821,0.030016183853149414,16.657680484840782,0.015337055362924136,0.02379804,0.0065165399999999995
sim,5008,t27_tracking_lag_b1_diag_20260506_134417_5008.csv,1,left,swing,right,pitch,1,49.99399185180664,0.40492078,0.088387,0.21828220324973197,0.17998600006103516,2.777993843023595,0.22456749171368903,0.67486322,0.11233100000000001
sim,5008,t27_tracking_lag_b1_diag_20260506_134417_5008.csv,1,left,swing,right,pitch,2,49.99399185180664,0.34158978,0.061406000000000016,0.17976533138667092,0.040000200271606445,12.499937415436333,0.1292154595802595,0.37311778,0.06632999999999994
sim,5008,t27_tracking_lag_b1_diag_20260506_134417_5008.csv,1,left,swing,right,pitch,3,49.99399185180664,0.015595999999999999,0.003047000000000022,0.19537060784816762,0.019983530044555664,25.020604411992792,0.023802721202977332,0.025578000000000045,0.003047000000000022
sim,5008,t27_tracking_lag_b1_diag_20260506_134417_5008.csv,1,left,swing,right,pitch,4,49.99399185180664,0.026556999999999997,0.008592999999999962,0.3235681741160509,0.020005226135253906,24.99346903751728,0.016550367548788754,0.026556999999999997,0.008592999999999962
sim,5008,t27_tracking_lag_b1_diag_20260506_134417_5008.csv,1,left,touchdown,left,roll,1,29.996395111083984,0.007860999999999951,0.005526999999999976,nan,0.019985437393188477,25.01821652251715,0.12596713128299247,0.011057000000000039,0.005526999999999976
sim,5008,t27_tracking_lag_b1_diag_20260506_134417_5008.csv,1,left,touchdown,left,roll,2,29.996395111083984,0.004373999999999989,0.005185999999999996,nan,0.030008316040039062,16.66204792474417,0.12554975775763172,0.007479999999999931,0.00892800000000002
sim,5008,t27_tracking_lag_b1_diag_20260506_134417_5008.csv,1,left,touchdown,left,roll,3,29.996395111083984,0.0024029999999999885,0.008625999999999995,nan,0.01998138427734375,25.023291332569684,0.13245241799856533,0.006151000000000073,0.008625999999999995
sim,5008,t27_tracking_lag_b1_diag_20260506_134417_5008.csv,1,left,touchdown,left,roll,4,29.996395111083984,0.02227699999999999,0.00023500000000001298,0.0105489967230782,0.030019760131835938,16.655696041679903,0.1472350775240058,0.02227699999999999,0.006706999999999991
sim,5008,t27_tracking_lag_b1_diag_20260506_134417_5008.csv,1,left,touchdown,left,pitch,1,0.0,0.0,0.054179000000000005,nan,0.13000774383544922,3.845924752242835,0.21699431346202858,0.0,0.054179000000000005
sim,5008,t27_tracking_lag_b1_diag_20260506_134417_5008.csv,1,left,touchdown,right,roll,1,29.996395111083984,0.0023914899999999996,0.00033228999999999984,nan,0.019985437393188477,25.01821652251715,0.0020991013889519487,0.00484113,0.00116199
sim,5008,t27_tracking_lag_b1_diag_20260506_134417_5008.csv,1,left,touchdown,right,roll,2,29.996395111083984,0.02274957,0.01919753,0.8438634224734798,0.08000946044921875,6.249260989796891,0.0034880206270892387,0.023551210000000006,0.019197529999999997
sim,5008,t27_tracking_lag_b1_diag_20260506_134417_5008.csv,1,left,touchdown,right,pitch,1,29.996395111083984,0.078597,0.074539,0.9483695306436631,0.09999489784240723,5.000255120896309,0.00859780076531202,0.078597,0.074539
sim,5008,t27_tracking_lag_b1_diag_20260506_134417_5008.csv,2,right,swing,left,roll,1,39.99519348144531,0.03933800000000004,0.010109000000000007,0.2569779856627179,0.08008217811584473,6.243586422895659,0.15187843311565558,0.05456999999999995,0.02827699999999997
sim,5008,t27_tracking_lag_b1_diag_20260506_134417_5008.csv,2,right,swing,left,roll,2,39.99519348144531,0.38113851000000004,0.2121201,0.5565433416843656,0.08994626998901367,5.558874204133997,0.11940976733367907,0.39810402,0.3444807
sim,5008,t27_tracking_lag_b1_diag_20260506_134417_5008.csv,2,right,swing,left,roll,3,39.99519348144531,0.011920600000000002,0.025652,2.151905105447712,0.01998162269592285,25.022992757341097,0.02552926378802961,0.022467,0.025652
sim,5008,t27_tracking_lag_b1_diag_20260506_134417_5008.csv,2,right,swing,left,roll,4,39.99519348144531,0.045164499999999996,0.007843300000000001,0.1736607291124667,0.03999781608581543,12.500682510446284,0.015438480788924795,0.057535699999999995,0.018289700000000002
sim,5008,t27_tracking_lag_b1_diag_20260506_134417_5008.csv,2,right,swing,left,roll,5,39.99519348144531,0.010438099999999999,0.005927500000000002,0.5678715475038564,0.020013093948364258,24.98364327325145,0.007285002577441777,0.010438099999999999,0.005927500000000002
sim,5008,t27_tracking_lag_b1_diag_20260506_134417_5008.csv,2,right,swing,left,pitch,1,49.99399185180664,0.659779,0.018504999999999994,0.028047270373867603,0.15000629425048828,3.3331934669692864,0.25546957290745137,0.7828189999999999,0.127413
sim,5008,t27_tracking_lag_b1_diag_20260506_134417_5008.csv,2,right,swing,left,pitch,2,49.99399185180664,0.581548,0.05677399999999999,0.09762564741001602,0.05999183654785156,8.334467300416495,0.23780295091472264,0.620392,0.14468400000000003
sim,5008,t27_tracking_lag_b1_diag_20260506_134417_5008.csv,2,right,swing,left,pitch,3,49.99399185180664,0.036239999999999994,0.03134100000000001,0.8648178807947023,0.030026674270629883,16.65186079195814,0.027036412802921912,0.05502800000000002,0.03134100000000001
sim,5008,t27_tracking_lag_b1_diag_20260506_134417_5008.csv,2,right,swing,left,pitch,4,49.99399185180664,0.03253800000000001,0.016900000000000026,0.5193927100620819,0.019977331161499023,25.02836820183552,0.01872736317976097,0.03253800000000001,0.016900000000000026
sim,5008,t27_tracking_lag_b1_diag_20260506_134417_5008.csv,2,right,swing,right,roll,1,9.998798370361328,0.0164778,0.021261969999999998,1.2903403366954325,0.08008217811584473,6.243586422895659,0.008889736188054801,0.02419060000000001,0.021261969999999998
sim,5008,t27_tracking_lag_b1_diag_20260506_134417_5008.csv,2,right,swing,right,roll,2,9.998798370361328,0.0058131999999999975,0.001857000000000001,nan,0.030022144317626953,16.65437334222773,0.007350940332535695,0.0246698,0.0042236000000000044
sim,5008,t27_tracking_lag_b1_diag_20260506_134417_5008.csv,2,right,swing,right,roll,3,9.998798370361328,0.1359986,0.054213300000000006,0.3986313094399502,0.05992412567138672,8.343884777592105,0.07896117544883326,0.2216606,0.1016123
sim,5008,t27_tracking_lag_b1_diag_20260506_134417_5008.csv,2,right,swing,right,roll,4,9.998798370361328,0.1897808,0.11491760000000001,0.6055280618481954,0.039969682693481445,12.509481344507739,0.05188616257358446,0.24293859999999998,0.1270508
sim,5008,t27_tracking_lag_b1_diag_20260506_134417_5008.csv,2,right,swing,right,roll,5,9.998798370361328,0.0401964,0.0033954,0.08447025106725975,0.029996395111083984,16.668669623412338,0.044817635192727426,0.0428522,0.0033954
sim,5008,t27_tracking_lag_b1_diag_20260506_134417_5008.csv,2,right,swing,right,roll,6,9.998798370361328,0.0528531,0.002913900000000004,0.05513205469499431,0.04001736640930176,12.494575352259526,0.03559248215458568,0.0528531,0.002913900000000004
sim,5008,t27_tracking_lag_b1_diag_20260506_134417_5008.csv,2,right,swing,right,pitch,1,19.997596740722656,0.051504999999999995,0.057193999999999995,1.1104552956023688,0.08008217811584473,6.243586422895659,0.016082942516840632,0.05381700000000003,0.057193999999999995
sim,5008,t27_tracking_lag_b1_diag_20260506_134417_5008.csv,2,right,swing,right,pitch,2,19.997596740722656,0.013273000000000007,0.0025129999999999875,0.18933172606042237,0.030022144317626953,16.65437334222773,0.005730772766390236,0.014383000000000007,0.0064589999999999925
sim,5008,t27_tracking_lag_b1_diag_20260506_134417_5008.csv,2,right,swing,right,pitch,3,19.997596740722656,0.008386000000000005,0.0037490000000000023,nan,0.03011941909790039,16.600585767434495,0.042242582931799985,0.10168999999999995,0.08647500000000002
sim,5008,t27_tracking_lag_b1_diag_20260506_134417_5008.csv,2,right,swing,right,pitch,4,19.997596740722656,0.032366000000000006,0.054854000000000014,1.6948031885311747,0.020022153854370117,24.972338322675906,0.08486478343223415,0.10398800000000002,0.08062599999999998
sim,5008,t27_tracking_lag_b1_diag_20260506_134417_5008.csv,2,right,swing,right,pitch,5,19.997596740722656,0.004059000000000035,0.022845000000000004,nan,0.019988059997558594,25.01493391860299,0.11481131907031933,0.02443899999999999,0.022845000000000004
sim,5008,t27_tracking_lag_b1_diag_20260506_134417_5008.csv,2,right,swing,right,pitch,6,19.997596740722656,0.009442000000000006,0.019574000000000008,nan,0.01998162269592285,25.022992757341097,0.07656975363026838,0.14166,0.019574000000000008
sim,5008,t27_tracking_lag_b1_diag_20260506_134417_5008.csv,2,right,swing,right,pitch,7,19.997596740722656,0.13726499999999997,0.026344000000000006,0.19192073726004452,0.07004022598266602,7.138754808183273,0.06353043997958774,0.13726499999999997,0.026344000000000006
sim,5008,t27_tracking_lag_b1_diag_20260506_134417_5008.csv,2,right,touchdown,left,roll,1,29.996395111083984,0.0009539000000000006,0.0012759999999999994,nan,0.020127058029174805,24.842180077944537,0.00343872022366849,0.0022480999999999994,0.0012759999999999994
sim,5008,t27_tracking_lag_b1_diag_20260506_134417_5008.csv,2,right,touchdown,left,roll,2,29.996395111083984,0.0015276000000000005,0.0016939,nan,0.029851436614990234,16.749612638371964,0.0016152838156187914,0.006120399999999998,0.0022907000000000014
sim,5008,t27_tracking_lag_b1_diag_20260506_134417_5008.csv,2,right,touchdown,left,roll,3,29.996395111083984,0.0250921,0.0213547,0.8510527217729884,0.06996870040893555,7.146052407401097,0.001969076560709887,0.0250921,0.021354700000000004
sim,5008,t27_tracking_lag_b1_diag_20260506_134417_5008.csv,2,right,touchdown,left,pitch,1,0.0,0.134376,0.05050199999999999,0.37582604036435074,0.14995312690734863,3.334375283210562,0.032106098800500506,0.13495799999999997,0.09111200000000003
sim,5008,t27_tracking_lag_b1_diag_20260506_134417_5008.csv,2,right,touchdown,right,roll,1,39.99519348144531,0.23096760000000002,0.010948,0.0474005877880707,0.10996437072753906,4.546927306471476,0.10838872533715549,0.2309676,0.010948
sim,5008,t27_tracking_lag_b1_diag_20260506_134417_5008.csv,2,right,touchdown,right,pitch,1,49.99399185180664,0.04059729999999999,0.012268000000000001,0.30218758390336314,0.029988765716552734,16.672910273330046,0.1759589773763618,0.0476689,0.012268000000000001
sim,5008,t27_tracking_lag_b1_diag_20260506_134417_5008.csv,2,right,touchdown,right,pitch,2,49.99399185180664,0.1249194,0.028633999999999993,0.22921980092763808,0.06000256538391113,8.332977045245938,0.3142224353235219,0.12491939999999999,0.028633999999999993
sim,5008,t27_tracking_lag_b1_diag_20260506_134417_5008.csv,3,left,swing,left,roll,1,79.99038696289062,0.0009539000000000006,0.0036626000000000002,nan,0.020127058029174805,24.842180077944537,0.0013507417974332962,0.0022480999999999994,0.0036626000000000002
sim,5008,t27_tracking_lag_b1_diag_20260506_134417_5008.csv,3,left,swing,left,roll,2,79.99038696289062,0.0015276000000000005,0.0100727792,nan,0.029851436614990234,16.749612638371964,0.009872185746179929,0.006120399999999998,0.0100727792
sim,5008,t27_tracking_lag_b1_diag_20260506_134417_5008.csv,3,left,swing,left,roll,3,79.99038696289062,0.016386869999999998,0.006714779200000001,0.4097658186096553,0.11998677253723145,4.167126004200604,0.014038273515207556,0.037508730000000004,0.043006820800000005
sim,5008,t27_tracking_lag_b1_diag_20260506_134417_5008.csv,3,left,swing,left,roll,4,79.99038696289062,0.01433437,0.005736927,0.4002217746576934,0.029987573623657227,16.673573069798135,0.008755435802312028,0.016851770000000002,0.005736927
sim,5008,t27_tracking_lag_b1_diag_20260506_134417_5008.csv,3,left,swing,left,roll,5,79.99038696289062,0.0903128,0.067181,0.7438701933723681,0.020026206970214844,24.9672841563884,0.035489855900383706,0.09269259999999999,0.067181
sim,5008,t27_tracking_lag_b1_diag_20260506_134417_5008.csv,3,left,swing,left,roll,6,79.99038696289062,0.339158,0.0783972,0.23115244222456788,0.019988059997558594,25.01493391860299,0.19278065925678334,0.339158,0.0783972
sim,5008,t27_tracking_lag_b1_diag_20260506_134417_5008.csv,3,left,swing,left,pitch,1,69.9915885925293,0.139108,0.144655,1.0398754924231532,0.18995189666748047,2.6322453672324895,0.0326553114768486,0.19039199999999995,0.25367700000000004
sim,5008,t27_tracking_lag_b1_diag_20260506_134417_5008.csv,3,left,swing,left,pitch,2,69.9915885925293,0.13998500000000003,0.0562,0.4014715862413829,0.05001378059387207,9.997244640635353,0.13134673120091975,0.26183899999999993,0.0562
sim,5008,t27_tracking_lag_b1_diag_20260506_134417_5008.csv,3,left,swing,left,pitch,3,69.9915885925293,0.01585000000000003,0.01460800000000001,0.9216403785488947,0.01999664306640625,25.004196871423122,0.07032870686521496,0.17492799999999997,0.01460800000000001
sim,5008,t27_tracking_lag_b1_diag_20260506_134417_5008.csv,3,left,swing,right,roll,1,89.98918533325195,0.2393406,0.0001572999999999991,0.0006572223851699173,0.12995338439941406,3.8475335006531344,0.1279026430962182,0.2412646,0.018338900000000005
sim,5008,t27_tracking_lag_b1_diag_20260506_134417_5008.csv,3,left,swing,right,roll,2,89.98918533325195,0.21615449999999997,0.05131172,0.2373844634277797,0.09002137184143066,5.554236619285603,0.1373711151862305,0.38649409999999995,0.06365671999999999
sim,5008,t27_tracking_lag_b1_diag_20260506_134417_5008.csv,3,left,swing,right,pitch,1,49.99399185180664,0.04059729999999999,0.012268000000000001,0.30218758390336314,0.029988765716552734,16.672910273330046,0.1759589773763618,0.0476689,0.012268000000000001
sim,5008,t27_tracking_lag_b1_diag_20260506_134417_5008.csv,3,left,swing,right,pitch,2,49.99399185180664,0.021095500000000003,0.061396000000000006,2.9103837311274914,0.18001317977905273,2.777574401017178,0.5135701474584616,0.7882293,0.16074999999999995
sim,5008,t27_tracking_lag_b1_diag_20260506_134417_5008.csv,3,left,swing,right,pitch,3,49.99399185180664,0.3403231,0.014104000000000005,0.04144296993063358,0.04998970031738281,10.002060360944714,0.1377125231796356,0.41254309999999994,0.08587599999999995
sim,5008,t27_tracking_lag_b1_diag_20260506_134417_5008.csv,3,left,touchdown,left,roll,1,39.99519348144531,0.027179999999999982,0.064078,2.3575423105224442,0.04000234603881836,12.499266905865944,0.19292203812576728,0.05396599999999996,0.064078
sim,5008,t27_tracking_lag_b1_diag_20260506_134417_5008.csv,3,left,touchdown,left,roll,2,39.99519348144531,0.02577299999999999,0.038035999999999986,1.4758080161409226,0.0400090217590332,12.497181336034801,0.1536212090637227,0.03992699999999999,0.038035999999999986
sim,5008,t27_tracking_lag_b1_diag_20260506_134417_5008.csv,3,left,touchdown,left,roll,3,39.99519348144531,0.025027999999999995,0.001686999999999994,0.0674045069522133,0.02997446060180664,16.680867310415042,0.13097752170315333,0.025027999999999995,0.003503000000000034
sim,5008,t27_tracking_lag_b1_diag_20260506_134417_5008.csv,3,left,touchdown,left,pitch,1,0.0,0.0007989999999999942,0.016347999999999974,nan,0.019995927810668945,25.005091273295257,0.01486826267591474,0.05541899999999994,0.016347999999999974
sim,5008,t27_tracking_lag_b1_diag_20260506_134417_5008.csv,3,left,touchdown,left,pitch,2,0.0,0.436565,0.08753500000000003,0.2005085153413582,0.12999868392944336,3.846192783546751,0.28953485211080127,0.4365650000000001,0.08753500000000003
sim,5008,t27_tracking_lag_b1_diag_20260506_134417_5008.csv,3,left,touchdown,right,roll,1,29.996395111083984,0.00773647,0.00464441,nan,0.029994487762451172,16.66972958364466,0.0017543746377146757,0.00969967,0.00464441
sim,5008,t27_tracking_lag_b1_diag_20260506_134417_5008.csv,3,left,touchdown,right,roll,2,29.996395111083984,0.00314116,0.00320653,nan,0.029996156692504883,16.668802111069603,0.0016789667608234536,0.00617042,0.00320653
sim,5008,t27_tracking_lag_b1_diag_20260506_134417_5008.csv,3,left,touchdown,right,roll,3,29.996395111083984,0.00966457,0.00803736,nan,0.050019025802612305,9.99619628685145,0.0016790682117794281,0.009842269999999998,0.00803736
sim,5008,t27_tracking_lag_b1_diag_20260506_134417_5008.csv,3,left,touchdown,right,pitch,1,0.0,0.174639,0.11852599999999996,0.6786914721224925,0.1499946117401123,3.3334530767433397,0.037786614041052956,0.174639,0.11852599999999996
sim,5008,t27_tracking_lag_b1_diag_20260506_134417_5008.csv,4,right,swing,left,roll,1,29.996395111083984,0.005915000000000004,0.019574999999999954,nan,0.020023584365844727,24.970554265642676,0.15959148652001043,0.008238999999999996,0.019574999999999954
sim,5008,t27_tracking_lag_b1_diag_20260506_134417_5008.csv,4,right,swing,left,roll,2,29.996395111083984,0.022685999999999984,0.0027710000000000234,0.12214581680331595,0.04999899864196777,10.000200275617397,0.12735111776632876,0.03244400000000003,0.007961000000000051
sim,5008,t27_tracking_lag_b1_diag_20260506_134417_5008.csv,4,right,swing,left,roll,3,29.996395111083984,0.005078000000000027,0.003296000000000021,nan,0.01998424530029297,25.01970890002386,0.11779678774765746,0.010194000000000036,0.003296000000000021
sim,5008,t27_tracking_lag_b1_diag_20260506_134417_5008.csv,4,right,swing,left,roll,4,29.996395111083984,0.40303853,0.28659908,0.711095983800854,0.15999794006347656,3.1250402336532157,0.05898038987159889,0.40480352999999997,0.28659908000000006
sim,5008,t27_tracking_lag_b1_diag_20260506_134417_5008.csv,4,right,swing,left,roll,5,29.996395111083984,0.0002632600000000004,0.003115179,nan,0.019988536834716797,25.01433717407381,0.0036438736737644545,0.0061331599999999995,0.003115179
sim,5008,t27_tracking_lag_b1_diag_20260506_134417_5008.csv,4,right,swing,left,pitch,1,109.98678207397461,0.35334,0.07483899999999999,0.21180449425482537,0.1800215244293213,2.777445650374471,0.5153294548252516,0.669286,0.342025
sim,5008,t27_tracking_lag_b1_diag_20260506_134417_5008.csv,4,right,swing,left,pitch,2,109.98678207397461,0.5274300000000001,0.022782000000000024,0.04319435754507711,0.029986858367919922,16.673970772973746,0.25948928043466457,0.5274300000000001,0.022782000000000024
sim,5008,t27_tracking_lag_b1_diag_20260506_134417_5008.csv,4,right,swing,right,roll,1,0.0,0.013820760000000001,0.0024117599999999998,0.17450270462695247,0.0800025463104248,6.249801075829596,0.005974901862840083,0.01613678,0.010869980000000001
sim,5008,t27_tracking_lag_b1_diag_20260506_134417_5008.csv,4,right,swing,right,roll,2,0.0,0.00963056,0.002426,nan,0.040000200271606445,12.499937415436333,0.008023467008144299,0.02411752,0.006555399999999999
sim,5008,t27_tracking_lag_b1_diag_20260506_134417_5008.csv,4,right,swing,right,roll,3,0.0,0.02060768,0.019350150000000003,0.9389776044659081,0.05000638961791992,9.998722239704017,0.025253583350779776,0.12985752,0.04260661
sim,5008,t27_tracking_lag_b1_diag_20260506_134417_5008.csv,4,right,swing,right,roll,4,0.0,0.1590248,0.011552799999999998,0.0726477882695026,0.03999924659729004,12.500235442781443,0.10414828887579478,0.1614208,0.0230874
sim,5008,t27_tracking_lag_b1_diag_20260506_134417_5008.csv,4,right,swing,right,roll,5,0.0,0.043098,0.004302899999999998,0.09983989976333005,0.0200045108795166,24.994362672069602,0.12156168381983416,0.044351999999999975,0.004302899999999998
sim,5008,t27_tracking_lag_b1_diag_20260506_134417_5008.csv,4,right,swing,right,roll,6,0.0,0.025300000000000003,0.0011135000000000034,0.04401185770751001,0.0300137996673584,16.65900370967614,0.08889932476603801,0.038652000000000006,0.0011135000000000034
sim,5008,t27_tracking_lag_b1_diag_20260506_134417_5008.csv,4,right,swing,right,roll,7,0.0,0.011160000000000003,0.0017746999999999971,0.15902329749103913,0.019994735717773438,25.006582085280932,0.0900144442274498,0.03279600000000002,0.0017746999999999971
sim,5008,t27_tracking_lag_b1_diag_20260506_134417_5008.csv,4,right,swing,right,roll,8,0.0,0.015862,0.0021993000000000013,0.13865212457445475,0.029995203018188477,16.669332082760373,0.07906043314599598,0.04331620000000001,0.0021993000000000013
sim,5008,t27_tracking_lag_b1_diag_20260506_134417_5008.csv,4,right,swing,right,pitch,1,29.996395111083984,0.562948,0.09845600000000002,0.17489359585610043,0.2000110149383545,2.4998623208532056,0.23095658010622028,0.765058,0.4601916
sim,5008,t27_tracking_lag_b1_diag_20260506_134417_5008.csv,4,right,swing,right,pitch,2,29.996395111083984,0.03536400000000001,0.015947000000000017,0.4509388078271693,0.029994964599609375,16.66946458094875,0.553640257907154,0.13193799999999994,0.015947000000000017
sim,5008,t27_tracking_lag_b1_diag_20260506_134417_5008.csv,4,right,swing,right,pitch,3,29.996395111083984,0.03908699999999998,0.008745000000000003,0.2237316754931309,0.0300137996673584,16.65900370967614,0.49178970454936327,0.16670100000000004,0.008745000000000003
sim,5008,t27_tracking_lag_b1_diag_20260506_134417_5008.csv,4,right,swing,right,pitch,4,29.996395111083984,0.033187999999999995,0.00456899999999999,0.1376702422562369,0.019994735717773438,25.006582085280932,0.5416528021728187,0.04901,0.00456899999999999
sim,5008,t27_tracking_lag_b1_diag_20260506_134417_5008.csv,4,right,touchdown,left,roll,1,29.996395111083984,0.0039811,0.00256436,nan,0.0299985408782959,16.667477329264123,0.0012602681268186538,0.005591999999999998,0.00256436
sim,5008,t27_tracking_lag_b1_diag_20260506_134417_5008.csv,4,right,touchdown,left,roll,2,29.996395111083984,0.0012769900000000004,0.0003751500000000003,nan,0.020043611526489258,24.945604206068825,0.0018112979922972367,0.002338390000000001,0.0003751500000000003
sim,5008,t27_tracking_lag_b1_diag_20260506_134417_5008.csv,4,right,touchdown,left,roll,3,29.996395111083984,0.01920437,0.01398017,0.7279681655789803,0.049991607666015625,10.001678748569248,0.001684564565707362,0.01920437,0.01398017
sim,5008,t27_tracking_lag_b1_diag_20260506_134417_5008.csv,4,right,touchdown,left,pitch,1,0.0,0.0026760000000000117,0.011220000000000008,nan,0.019988536834716797,25.01433717407381,0.017882774449173144,0.007673999999999959,0.011220000000000008
sim,5008,t27_tracking_lag_b1_diag_20260506_134417_5008.csv,4,right,touchdown,left,pitch,2,0.0,0.0068170000000000175,0.00848199999999999,nan,0.029993534088134766,16.670259614314556,0.01444843549489011,0.010693000000000008,0.00848199999999999
sim,5008,t27_tracking_lag_b1_diag_20260506_134417_5008.csv,4,right,touchdown,left,pitch,3,0.0,0.04670800000000003,0.004699999999999982,0.1006251605720643,0.07999491691589355,6.250397141179591,0.016075164201684266,0.04670800000000003,0.019474000000000047
sim,5008,t27_tracking_lag_b1_diag_20260506_134417_5008.csv,4,right,touchdown,right,roll,1,19.997596740722656,0.008316999999999991,0.0023907000000000025,nan,0.019988536834716797,25.01433717407381,0.07677828590717127,0.0357712,0.0023907000000000025
sim,5008,t27_tracking_lag_b1_diag_20260506_134417_5008.csv,4,right,touchdown,right,roll,2,19.997596740722656,0.022035,0.0024772999999999983,0.11242568640798722,0.03005361557006836,16.636933377758737,0.09839498134912673,0.03111899999999998,0.0024772999999999983
sim,5008,t27_tracking_lag_b1_diag_20260506_134417_5008.csv,4,right,touchdown,right,roll,3,19.997596740722656,0.13303,0.0230902,0.1735713748778471,0.06000781059265137,8.332248669996146,0.1890311521579975,0.13303,0.023863600000000002
sim,5008,t27_tracking_lag_b1_diag_20260506_134417_5008.csv,4,right,touchdown,right,pitch,1,0.0,0.07960699999999998,0.009052999999999978,0.11372115517479593,0.04001188278198242,12.496287733431851,0.569687812461176,0.08360899999999993,0.009052999999999978
sim,5008,t27_tracking_lag_b1_diag_20260506_134417_5008.csv,4,right,touchdown,right,pitch,2,0.0,0.003137999999999974,0.03635099999999997,nan,0.06995773315429688,7.147172692076994,0.6300300966390415,0.003137999999999974,0.03635099999999997
sim,5008,t27_tracking_lag_b1_diag_20260506_134417_5008.csv,4,right,touchdown,right,pitch,3,0.0,0.03054499999999999,0.014432,0.47248322147651023,0.019987106323242188,25.016127493081402,0.63884953785405,0.03054499999999999,0.014432
sim,5008,t27_tracking_lag_b1_diag_20260506_134417_5008.csv,5,left,swing,left,roll,1,79.99038696289062,0.00043935999999999975,0.007360134,nan,0.019980192184448242,25.024784315597294,0.013552883553047497,0.0031760200000000016,0.007360133999999999
sim,5008,t27_tracking_lag_b1_diag_20260506_134417_5008.csv,5,left,swing,left,roll,2,79.99038696289062,0.02742347,0.00109728,0.040012441897396646,0.08999466896057129,5.555884651557098,0.012172213460176703,0.03431247,0.01784
sim,5008,t27_tracking_lag_b1_diag_20260506_134417_5008.csv,5,left,swing,left,roll,3,79.99038696289062,0.0007418000000000008,0.0024695199999999994,nan,0.03999948501586914,12.500160934612863,0.020380845624807013,0.004638000000000003,0.05340956
sim,5008,t27_tracking_lag_b1_diag_20260506_134417_5008.csv,5,left,swing,left,roll,4,79.99038696289062,0.07380017999999999,0.03939627,0.5338234947394437,0.050083160400390625,9.98339553659837,0.061564962855176805,0.08216558000000002,0.043295810000000004
sim,5008,t27_tracking_lag_b1_diag_20260506_134417_5008.csv,5,left,swing,left,roll,5,79.99038696289062,0.3913485,0.10762830000000001,0.27501906868175047,0.029937028884887695,16.70172420658623,0.13418569904476593,0.3913485,0.10762830000000001
sim,5008,t27_tracking_lag_b1_diag_20260506_134417_5008.csv,5,left,swing,left,pitch,1,69.9915885925293,0.0019810000000000105,0.00479099999999999,nan,0.019980192184448242,25.024784315597294,0.008749834817488464,0.005857000000000001,0.00479099999999999
sim,5008,t27_tracking_lag_b1_diag_20260506_134417_5008.csv,5,left,swing,left,pitch,2,69.9915885925293,0.175299,0.13659500000000002,0.7792115186053543,0.16000890731811523,3.12482603862762,0.03970548096555288,0.19009700000000004,0.25577900000000003
sim,5008,t27_tracking_lag_b1_diag_20260506_134417_5008.csv,5,left,swing,left,pitch,3,69.9915885925293,0.18353299999999997,0.047401,0.2582696299847984,0.0500485897064209,9.990291493385543,0.13537530462446487,0.31417699999999993,0.047401
sim,5008,t27_tracking_lag_b1_diag_20260506_134417_5008.csv,5,left,swing,left,pitch,4,69.9915885925293,0.05736599999999997,0.011533000000000015,0.20104242931353103,0.019936323165893555,25.079850273263254,0.06742315850902665,0.10961599999999999,0.011533000000000015
sim,5008,t27_tracking_lag_b1_diag_20260506_134417_5008.csv,5,left,swing,right,roll,1,19.997596740722656,0.012940000000000007,0.001616300000000001,0.12490726429675426,0.019980192184448242,25.024784315597294,0.11139778537430624,0.022023999999999988,0.001616300000000001
sim,5008,t27_tracking_lag_b1_diag_20260506_134417_5008.csv,5,left,swing,right,roll,2,19.997596740722656,0.13369899999999998,0.049149700000000004,0.36761456704986584,0.07999491691589355,6.250397141179591,0.19594592791233392,0.155479,0.04992310000000001
sim,5008,t27_tracking_lag_b1_diag_20260506_134417_5008.csv,5,left,swing,right,roll,3,19.997596740722656,0.258258,0.05154380000000001,0.199582587954681,0.11008691787719727,4.541865733381268,0.13633912466554982,0.3403553999999999,0.1172118
sim,5008,t27_tracking_lag_b1_diag_20260506_134417_5008.csv,5,left,swing,right,roll,4,19.997596740722656,0.025789479999999997,0.0138038,0.5352492566736515,0.02001810073852539,24.977394535623258,0.030928483185915644,0.04111232,0.0215874
sim,5008,t27_tracking_lag_b1_diag_20260506_134417_5008.csv,5,left,swing,right,roll,5,19.997596740722656,0.009432120000000002,0.0032993500000000004,nan,0.019999265670776367,25.00091794523324,0.004370856295925701,0.011979540000000004,0.0032993500000000004
sim,5008,t27_tracking_lag_b1_diag_20260506_134417_5008.csv,5,left,swing,right,roll,6,19.997596740722656,0.00411883,0.0021552900000000002,nan,0.019997358322143555,25.003302533532043,0.0013200039872919578,0.00411883,0.0021552900000000002
sim,5008,t27_tracking_lag_b1_diag_20260506_134417_5008.csv,5,left,swing,right,pitch,1,59.99279022216797,0.00044600000000000195,0.05933699999999997,nan,0.07998800277709961,6.250937423620095,0.6652766926085883,0.005829999999999946,0.05933699999999997
sim,5008,t27_tracking_lag_b1_diag_20260506_134417_5008.csv,5,left,swing,right,pitch,2,59.99279022216797,0.01779200000000003,0.033274000000000026,1.8701663669064732,0.04000210762023926,12.499341403377022,0.6905471689886217,0.05749199999999999,0.033274000000000026
sim,5008,t27_tracking_lag_b1_diag_20260506_134417_5008.csv,5,left,swing,right,pitch,3,59.99279022216797,0.008538000000000046,0.0023159999999999847,nan,0.01998281478881836,25.02149998806882,0.7201116103653655,0.027548000000000017,0.005043999999999937
sim,5008,t27_tracking_lag_b1_diag_20260506_134417_5008.csv,5,left,swing,right,pitch,4,59.99279022216797,0.19515999999999997,0.05482500000000001,0.2809233449477353,0.06008768081665039,8.32117321228762,0.6772277283459172,0.19515999999999997,0.15233299999999994
sim,5008,t27_tracking_lag_b1_diag_20260506_134417_5008.csv,5,left,swing,right,pitch,5,59.99279022216797,0.549259,0.037134,0.0676074493089781,0.04991650581359863,10.016726769039716,0.2786812944431745,0.580421,0.10378200000000004
sim,5008,t27_tracking_lag_b1_diag_20260506_134417_5008.csv,5,left,touchdown,left,roll,1,19.997596740722656,0.005023999999999973,0.052504999999999996,nan,0.029998779296875,16.66734486266531,0.1958225525380057,0.011254000000000042,0.052504999999999996
sim,5008,t27_tracking_lag_b1_diag_20260506_134417_5008.csv,5,left,touchdown,left,roll,2,19.997596740722656,0.005166999999999977,0.03167199999999998,nan,0.030102252960205078,16.61005243232112,0.16089459185364186,0.009813000000000016,0.03167199999999998
sim,5008,t27_tracking_lag_b1_diag_20260506_134417_5008.csv,5,left,touchdown,left,roll,3,19.997596740722656,0.008953999999999962,0.015259999999999996,nan,0.020018815994262695,24.97650211397606,0.1454339442519066,0.010952000000000017,0.015259999999999996
sim,5008,t27_tracking_lag_b1_diag_20260506_134417_5008.csv,5,left,touchdown,left,roll,4,19.997596740722656,0.008648999999999962,0.01164900000000002,nan,0.01998281478881836,25.02149998806882,0.1305910195559659,0.008648999999999962,0.01164900000000002
sim,5008,t27_tracking_lag_b1_diag_20260506_134417_5008.csv,5,left,touchdown,left,pitch,1,29.996395111083984,0.034217,0.011907000000000001,0.34798491977671925,0.029998779296875,16.66734486266531,0.06457643041389018,0.08960699999999999,0.011907000000000001
sim,5008,t27_tracking_lag_b1_diag_20260506_134417_5008.csv,5,left,touchdown,left,pitch,2,29.996395111083984,0.19336678,0.039876999999999996,0.2062246679600291,0.0599977970123291,8.333639315077747,0.2057458329077541,0.19336678,0.039876999999999996
sim,5008,t27_tracking_lag_b1_diag_20260506_134417_5008.csv,5,left,touchdown,right,roll,1,29.996395111083984,0.0007684300000000005,0.00238572,nan,0.020025968551635742,24.96758140365498,0.0032637264709377838,0.0027148699999999994,0.00238572
sim,5008,t27_tracking_lag_b1_diag_20260506_134417_5008.csv,5,left,touchdown,right,roll,2,29.996395111083984,0.0020254,0.00222212,nan,0.030102252960205078,16.61005243232112,0.0016531787761990535,0.006839980000000001,0.0031018600000000006
sim,5008,t27_tracking_lag_b1_diag_20260506_134417_5008.csv,5,left,touchdown,right,roll,3,29.996395111083984,0.01243032,0.01038629,0.8355609509650596,0.03990817070007324,12.528762687663917,0.0020889739149979355,0.0138262,0.01038629
sim,5008,t27_tracking_lag_b1_diag_20260506_134417_5008.csv,5,left,touchdown,right,pitch,1,9.998798370361328,0.108937,0.07904299999999997,0.7255845121492236,0.1200094223022461,4.166339529080809,0.02401186944312846,0.108937,0.07904299999999997
sim,5008,t27_tracking_lag_b1_diag_20260506_134417_5008.csv,6,right,swing,left,roll,1,29.996395111083984,0.0026800000000000157,0.013256000000000046,nan,0.019974946975708008,25.03135555794273,0.1437408739526328,0.007326000000000055,0.013256000000000046
sim,5008,t27_tracking_lag_b1_diag_20260506_134417_5008.csv,6,right,swing,left,roll,2,29.996395111083984,0.008953999999999962,0.015551999999999955,nan,0.020018815994262695,24.97650211397606,0.13788898162168964,0.010952000000000017,0.015551999999999955
sim,5008,t27_tracking_lag_b1_diag_20260506_134417_5008.csv,6,right,swing,left,roll,3,29.996395111083984,0.4061861,0.261074,0.6427447911191446,0.17998981475830078,2.7779349663280932,0.08595847869248219,0.42439466,0.29244279999999995
sim,5008,t27_tracking_lag_b1_diag_20260506_134417_5008.csv,6,right,swing,left,roll,4,29.996395111083984,0.02258245,0.0225065,0.9966367688182637,0.03999757766723633,12.500757024832799,0.006496006297232308,0.02449524999999999,0.0225065
sim,5008,t27_tracking_lag_b1_diag_20260506_134417_5008.csv,6,right,swing,left,roll,5,29.996395111083984,0.003454800000000001,0.0005174999999999989,nan,0.020004749298095703,24.994064786785213,0.003729798553094612,0.004250599999999997,0.0005174999999999989
sim,5008,t27_tracking_lag_b1_diag_20260506_134417_5008.csv,6,right,swing,left,pitch,1,109.98678207397461,0.495257,0.054983000000000004,0.11101912744292358,0.16997981071472168,2.9415258076687327,0.5001515359778518,0.5283929999999999,0.3190029999999999
sim,5008,t27_tracking_lag_b1_diag_20260506_134417_5008.csv,6,right,swing,left,pitch,2,109.98678207397461,0.593234,0.04022699999999996,0.06780966701166817,0.04000067710876465,12.499788407092833,0.4228966175532739,0.5932339999999999,0.042268999999999946
sim,5008,t27_tracking_lag_b1_diag_20260506_134417_5008.csv,6,right,swing,right,roll,1,0.0,0.014837610000000001,0.0010168400000000002,0.06853125267479063,0.049985408782958984,10.002919095271256,0.007613411119187301,0.01623349,0.006356080000000001
sim,5008,t27_tracking_lag_b1_diag_20260506_134417_5008.csv,6,right,swing,right,roll,2,0.0,0.01959244,0.0007839099999999999,0.040010840916190116,0.05000185966491699,9.9996280808495,0.009951298899588436,0.02086384,0.006782689999999999
sim,5008,t27_tracking_lag_b1_diag_20260506_134417_5008.csv,6,right,swing,right,roll,3,0.0,0.0156313,0.00980347,0.6271692053763922,0.06999015808105469,7.1438615615206436,0.0544539391096948,0.3104665,0.04188229
sim,5008,t27_tracking_lag_b1_diag_20260506_134417_5008.csv,6,right,swing,right,roll,4,0.0,0.1217611,0.010465970000000002,0.08595495605739437,0.030005931854248047,16.663371843564764,0.13381748988995654,0.2807891,0.01501471
sim,5008,t27_tracking_lag_b1_diag_20260506_134417_5008.csv,6,right,swing,right,roll,5,0.0,0.02587099999999999,0.002540999999999998,0.09821808202234159,0.020087480545043945,24.89112553855649,0.10233165190855337,0.1082336,0.002540999999999998
sim,5008,t27_tracking_lag_b1_diag_20260506_134417_5008.csv,6,right,swing,right,roll,6,0.0,0.0648779,0.0002348999999999997,0.0036206474007327563,0.030002355575561523,16.665358116323237,0.05369355204170236,0.08465210000000001,0.00047789999999999985
sim,5008,t27_tracking_lag_b1_diag_20260506_134417_5008.csv,6,right,swing,right,roll,7,0.0,0.0326403,0.0008015000000000001,0.024555534109674242,0.019994258880615234,25.007178459850707,0.04786698619817908,0.03946909999999999,0.0008015000000000001
sim,5008,t27_tracking_lag_b1_diag_20260506_134417_5008.csv,6,right,swing,right,roll,8,0.0,0.00033350000000000046,0.000534299999999998,nan,0.020073413848876953,24.908568306530157,0.054270754616859096,0.007567100000000007,0.000534299999999998
sim,5008,t27_tracking_lag_b1_diag_20260506_134417_5008.csv,6,right,swing,right,pitch,1,19.997596740722656,0.41990380000000005,0.187616,0.4468071020076503,0.1799774169921875,2.778126324713862,0.08335312871833811,0.42267920000000003,0.45958578000000005
sim,5008,t27_tracking_lag_b1_diag_20260506_134417_5008.csv,6,right,swing,right,pitch,2,19.997596740722656,0.172773,0.007997000000000004,0.046286167398841276,0.02000284194946289,24.996448067891965,0.4020922164251214,0.317563,0.007997000000000004
sim,5008,t27_tracking_lag_b1_diag_20260506_134417_5008.csv,6,right,swing,right,pitch,3,19.997596740722656,0.001960299999999998,0.012306000000000011,nan,0.030002355575561523,16.665358116323237,0.30723327269643586,0.16820590000000002,0.012306000000000011
sim,5008,t27_tracking_lag_b1_diag_20260506_134417_5008.csv,6,right,swing,right,pitch,4,19.997596740722656,0.028988900000000005,0.004810999999999982,0.16596007437329396,0.030002355575561523,16.665358116323237,0.25897009330027376,0.0545897,0.004810999999999982
sim,5008,t27_tracking_lag_b1_diag_20260506_134417_5008.csv,6,right,swing,right,pitch,5,19.997596740722656,0.019465600000000007,0.0014450000000000018,0.07423351964491212,0.019994258880615234,25.007178459850707,0.272221613297524,0.0338916,0.0014450000000000018
sim,5008,t27_tracking_lag_b1_diag_20260506_134417_5008.csv,6,right,touchdown,left,roll,1,19.997596740722656,0.0046055,0.0034239000000000006,nan,0.04999566078186035,10.000867918949723,0.0018105597269905242,0.0095273,0.0034357
sim,5008,t27_tracking_lag_b1_diag_20260506_134417_5008.csv,6,right,touchdown,left,roll,2,19.997596740722656,0.02386712,0.015334546,0.6424967067664636,0.07000327110290527,7.142523372443506,0.0037433138978296356,0.023867120000000002,0.015334546000000001
sim,5008,t27_tracking_lag_b1_diag_20260506_134417_5008.csv,6,right,touchdown,left,pitch,1,0.0,0.007463999999999971,0.03469,nan,0.06009864807128906,8.319654701831222,0.018840001687139764,0.008720000000000006,0.03469
sim,5008,t27_tracking_lag_b1_diag_20260506_134417_5008.csv,6,right,touchdown,left,pitch,2,0.0,0.034480999999999984,0.008997000000000033,0.2609263072416704,0.06001543998718262,8.331189442363232,0.013297755927760353,0.034480999999999984,0.01319899999999996
sim,5008,t27_tracking_lag_b1_diag_20260506_134417_5008.csv,6,right,touchdown,right,roll,1,29.996395111083984,0.00033350000000000046,0.0014595999999999984,nan,0.020073413848876953,24.908568306530157,0.0558636421464802,0.007567100000000007,0.0014595999999999984
sim,5008,t27_tracking_lag_b1_diag_20260506_134417_5008.csv,6,right,touchdown,right,roll,2,29.996395111083984,0.1926661,0.0222793,0.11563684529867993,0.08992481231689453,5.5602006511618045,0.1498269901180959,0.1926661,0.0236975
sim,5008,t27_tracking_lag_b1_diag_20260506_134417_5008.csv,6,right,touchdown,right,pitch,1,0.0,0.025932500000000004,0.0014450000000000018,0.05572158488383309,0.020073413848876953,24.908568306530157,0.2585276884291313,0.0290495,0.0014450000000000018
sim,5008,t27_tracking_lag_b1_diag_20260506_134417_5008.csv,6,right,touchdown,right,pitch,2,0.0,0.046894899999999996,0.0021140000000000048,0.04507952890399606,0.0299222469329834,16.709975060357124,0.2859336491171597,0.0690249,0.0021140000000000048
sim,5008,t27_tracking_lag_b1_diag_20260506_134417_5008.csv,6,right,touchdown,right,pitch,3,0.0,0.012171000000000001,0.0021919999999999995,0.18010023827130056,0.0200042724609375,24.994660564454616,0.3015833823379807,0.033156000000000005,0.0021919999999999995
sim,5008,t27_tracking_lag_b1_diag_20260506_134417_5008.csv,6,right,touchdown,right,pitch,4,0.0,0.018862900000000002,0.003603999999999996,0.19106288004495575,0.019995927810668945,25.005091273295257,0.31086628335883687,0.02556890000000002,0.003603999999999996
sim,5008,t27_tracking_lag_b1_diag_20260506_134417_5008.csv,6,right,touchdown,right,pitch,5,0.0,0.09283936,0.015632000000000007,0.16837686084867462,0.050009727478027344,9.998054882816225,0.25948199689756823,0.09320216,0.015632000000000007
